-- MySQL dump 10.13  Distrib 5.1.69, for redhat-linux-gnu (x86_64)
--
-- Host: 121.199.53.162    Database: aimfive
-- ------------------------------------------------------
-- Server version	5.1.69

/*!40101 SET @OLD_CHARACTER_SET_CLIENT=@@CHARACTER_SET_CLIENT */;
/*!40101 SET @OLD_CHARACTER_SET_RESULTS=@@CHARACTER_SET_RESULTS */;
/*!40101 SET @OLD_COLLATION_CONNECTION=@@COLLATION_CONNECTION */;
/*!40101 SET NAMES utf8 */;
/*!40103 SET @OLD_TIME_ZONE=@@TIME_ZONE */;
/*!40103 SET TIME_ZONE='+00:00' */;
/*!40014 SET @OLD_UNIQUE_CHECKS=@@UNIQUE_CHECKS, UNIQUE_CHECKS=0 */;
/*!40014 SET @OLD_FOREIGN_KEY_CHECKS=@@FOREIGN_KEY_CHECKS, FOREIGN_KEY_CHECKS=0 */;
/*!40101 SET @OLD_SQL_MODE=@@SQL_MODE, SQL_MODE='NO_AUTO_VALUE_ON_ZERO' */;
/*!40111 SET @OLD_SQL_NOTES=@@SQL_NOTES, SQL_NOTES=0 */;

--
-- Table structure for table `aim_acloud_apis`
--

DROP TABLE IF EXISTS `aim_acloud_apis`;
/*!40101 SET @saved_cs_client     = @@character_set_client */;
/*!40101 SET character_set_client = utf8 */;
CREATE TABLE `aim_acloud_apis` (
  `id` int(10) unsigned NOT NULL AUTO_INCREMENT,
  `name` varchar(255) NOT NULL DEFAULT '',
  `template` text,
  `argument` varchar(255) NOT NULL DEFAULT '',
  `argument_type` varchar(255) NOT NULL DEFAULT '',
  `fields` varchar(255) NOT NULL DEFAULT '',
  `status` tinyint(3) NOT NULL DEFAULT '0',
  `category` tinyint(3) NOT NULL DEFAULT '0',
  `created_time` int(10) unsigned NOT NULL DEFAULT '0',
  `modified_time` int(10) unsigned NOT NULL DEFAULT '0',
  PRIMARY KEY (`id`),
  UNIQUE KEY `idx_name` (`name`)
) ENGINE=MyISAM AUTO_INCREMENT=82 DEFAULT CHARSET=utf8 COMMENT='aCloud预定义的系统接口列表';
/*!40101 SET character_set_client = @saved_cs_client */;

--
-- Dumping data for table `aim_acloud_apis`
--

LOCK TABLES `aim_acloud_apis` WRITE;
/*!40000 ALTER TABLE `aim_acloud_apis` DISABLE KEYS */;
INSERT INTO `aim_acloud_apis` VALUES (1,'customized.thread.get','getByTid','tid','','',1,1,1331123657,1331123657),(2,'customized.thread.getByUid','getByUid','uid,offset,limit','','',1,1,1331123657,1331123657),(3,'customized.thread.latest.gets','getLatestThread','fids,offset,limit','','',1,1,1331123657,1331123657),(4,'customized.thread.latest.favoritesForum.gets','getLatestThreadByFavoritesForum','uid,offset,limit','','',1,1,1331123657,1331123657),(5,'customized.thread.latest.followUser.gets','getLatestThreadByFollowUser','uid,offset,limit','','',1,1,1331123657,1331123657),(6,'customized.thread.img.latest.gets','getLatestImgThread','fids,offset,limit','','',1,1,1331123657,1331123657),(7,'customized.thread.img.get','getThreadImgs','tid','','',1,1,1331123657,1331123657),(8,'customized.thread.topped.getByFid','getToppedThreadByFid','fid,offset,limit','','',1,1,1331123657,1331123657),(9,'customized.thread.getByFid','getThreadByFid','fid,offset,limit','','',1,1,1331123657,1331123657),(10,'customized.thread.at.gets','getAtThreadByUid','uid,offset,limit','','',1,1,1331123657,1331123657),(11,'customized.thread.getbyTopic','getThreadByTopic','topic,offset,limit','','',1,1,1331123657,1331123657),(12,'customized.thread.send','postThread','uid,fid,subject,content','','',1,1,1331123657,1331123657),(13,'customized.post.gets','getPost','tid,sort,offset,limit','','',1,1,1331123657,1331123657),(14,'customized.post.getByUid','getPostByUid','uid,offset,limit','','',1,1,1331123657,1331123657),(15,'customized.post.getByTidAndUid','getPostByTidAndUid','tid,uid,offset,limit','','',1,1,1331123657,1331123657),(16,'customized.post.send','sendPost','tid,uid,title,content','','',1,1,1331123657,1331123657),(17,'customized.user.get','getByUid','uid','','',1,1,1331123657,1331123657),(18,'customized.user.icon.update','updateIcon','uid','','',1,1,1331123657,1331123657),(19,'customized.user.favoritesForum.gets','getFavoritesForumByUid','uid','','',1,1,1331123657,1331123657),(20,'customized.user.favoritesforum.add','addFavoritesForumByUid','uid,fid','','',1,1,1331123657,1331123657),(21,'customized.user.favoritesforum.delete','deleteFavoritesForumByUid','uid,fid','','',1,1,1331123657,1331123657),(22,'customized.user.login','userLogin','username,password','','',1,1,1331123657,1331123657),(23,'customized.user.register','userRegister','username,password,email','','',1,1,1331123657,1331123657),(24,'customized.user.updateemail','updateEmail','uid,email','','',1,1,1331123657,1331123657),(25,'customized.forum.all.get','getAllForum','','','',1,1,1331123657,1331123657),(26,'customized.forum.get','getForumByFid','fid','','',1,1,1331123657,1331123657),(27,'customized.forum.child.getByFid','getChildForumByFid','fid','','',1,1,1331123657,1331123657),(28,'customized.message.unread.count','countUnreadMessage','uid','','',1,1,1331123657,1331123657),(29,'customized.message.gets','getMessageByUid','uid,offset,limit','','',1,1,1331123657,1331123657),(30,'customized.message.send','sendMessage','fromuid,touid,content','','',1,1,1331123657,1331123657),(31,'customized.message.reply','replyMessage','messageid,relationid,uid,content','','',1,1,1331123657,1331123657),(32,'customized.message.get','getMessageAndReply','dialogid,offset,limit','','',1,1,1331123657,1331123657),(33,'customized.message.postmythread.gets','getReplyThreadMessage','uid,offset,limit','','',1,1,1331123657,1331123657),(74,'customized.message.getMessageById','getMessageById','messageid','','',1,1,0,0),(35,'customized.friend.all.gets','getAllFriend','uid,offset,limit','','',1,1,1331123657,1331123657),(36,'customized.friend.all.search','searchAllFriend','uid,keyword,offset,limit','','',1,1,1331123657,1331123657),(37,'customized.friend.follow.gets','getFollowByUid','uid,offset,limit','','',1,1,1331123657,1331123657),(38,'customized.friend.follow.add','addFollowByUid','uid,uid2','','',1,1,1331123657,1331123657),(39,'customized.friend.follow.delete','deleteFollowByUid','uid,uid2','','',1,1,1331123657,1331123657),(40,'customized.friend.fan.gets','getFanByUid','uid,offset,limit','','',1,1,1331123657,1331123657),(41,'common.permissions.user.isbanned','isUserBanned','uid','','',1,0,1331123657,1331123657),(42,'common.permissions.user.readforum','readForum','uid,fid','','',1,0,1331123657,1331123657),(43,'common.search.hotwords.gets','getHotwords','','','',1,0,1331123657,1331123657),(44,'customized.user.getByName','getByName','username','','',1,1,1331123657,1331123657),(45,'common.site.partitions.get','getTablePartitions','type','','',1,0,1331123657,1331123657),(46,'common.user.ban','banUser','uid','','',1,0,1331123657,1331123657),(47,'common.thread.shield','shieldThread','tid,fid','','',1,0,1331123657,1331123657),(48,'common.post.shield','shieldPost','pid,tid','','',1,0,1331123657,1331123657),(49,'common.attach.img.gets','getImgAttaches','aids','','',1,0,1331123657,1331123657),(50,'common.user.getIcons','getIconsByUids','uids','','',1,0,1331123657,1331123657),(51,'common.site.field.check','checkTableField','table,field','','',1,0,1331123657,1331123657),(52,'customized.thread.mobile.send','postMobileThread','uid,fid,subject,content,mobiletype','','',1,1,1331123657,1331123657),(53,'customized.post.mobile.send','sendMobilePost','tid,uid,title,content,mobiletype','','',1,1,1331123657,1331123657),(54,'common.ad.getAdType','getAdType','','','',1,0,0,0),(55,'common.forum.getAllForum','getAllForum','','','',1,0,0,0),(56,'common.ad.addAdPosition','addAdPosition','id,identifier,type,width,height,status,schedule','','',1,0,0,0),(57,'common.ad.editAdPosition','editAdPosition','id,identifier,type,width,height,status,schedule,showtype,condition','','',1,0,0,0),(58,'common.ad.changeAdPositionStatus','changeAdPositionStatus','id,status','','',1,0,0,0),(59,'common.forum.getForumOption','getForumOption','fids','','',1,0,0,0),(60,'common.ad.getModes','getModes','','','',1,0,0,0),(61,'common.ad.getDefaultPosition','getDefaultPosition','','','',1,0,0,0),(62,'common.ad.getPages','getPages','','','',1,0,0,0),(63,'common.ad.getPortals','getPortals','','','',1,0,0,0),(64,'common.ad.getInstalledPosition','getInstalledPosition','','','',1,0,0,0),(65,'common.site.getSiteVersion','getSiteVersion','','','',1,0,0,0),(66,'common.application.onlineInstall','onlineInstall','appid','','',1,0,0,0),(67,'common.attach.threadimg.gets','getImgAttachesByTids','tids','','',1,0,0,0),(68,'common.utility.get.thumb','getThumbAttach','attachurl,ifthumb','','',1,0,0,0),(69,'common.utility.get.mini','getMiniUrl','path,ifthumb,where','','',1,0,0,0),(70,'customized.forum.getTopicType','getTopicType','fid','','',1,1,0,0),(71,'customized.post.getLatestPost','getLatestPost','tid,page,offset,limit','','',1,1,0,0),(72,'customized.thread.getByTidAndUid','getByTidAndUid','tid,uid,page,offset,limit','','',1,1,0,0),(73,'common.site.get','get','','','',1,0,0,0),(75,'customized.post.checksensitiveword','checkSensitiveWord','word','word|string','',1,1,1355385750,1355385750),(76,'customized.message.sendnotice','sendNotice','uid,usernames,messageInfo,typeid','uid|int,usernames|array,messageinfo|array','',1,1,1355385785,1355385785),(77,'customized.message.sendfreshstat','sendFreshStat','uid,content,type','uid|int,content|string,type|int','',1,1,1355387623,1355387623),(78,'customized.credit.fetchcredittype','fetchCreditType','','','',1,1,1355387641,1355387641),(79,'customized.credit.setcredit','setCredit','uid,ctype,point,appname','uid|int,ctype|string,point|int,appname|string','',1,1,1355387680,1355387680),(80,'customized.user.checkcookie','checkCookie','cookie','cookie|string','',1,1,1355387680,1355387680),(81,'customized.user.getuserbindinfo','getUserBindInfo','uid,type','uid|int,type|string','',1,1,1355387680,1355387680);
/*!40000 ALTER TABLE `aim_acloud_apis` ENABLE KEYS */;
UNLOCK TABLES;

--
-- Table structure for table `aim_acloud_app_configs`
--

DROP TABLE IF EXISTS `aim_acloud_app_configs`;
/*!40101 SET @saved_cs_client     = @@character_set_client */;
/*!40101 SET character_set_client = utf8 */;
CREATE TABLE `aim_acloud_app_configs` (
  `app_id` char(22) NOT NULL DEFAULT '',
  `app_key` varchar(30) NOT NULL DEFAULT '',
  `app_value` text,
  `app_type` tinyint(3) NOT NULL DEFAULT '1',
  `created_time` int(10) unsigned NOT NULL DEFAULT '0',
  `modified_time` int(10) unsigned NOT NULL DEFAULT '0',
  UNIQUE KEY `app_id` (`app_id`,`app_key`)
) ENGINE=MyISAM DEFAULT CHARSET=utf8 COMMENT='应用自定义设置';
/*!40101 SET character_set_client = @saved_cs_client */;

--
-- Dumping data for table `aim_acloud_app_configs`
--

LOCK TABLES `aim_acloud_app_configs` WRITE;
/*!40000 ALTER TABLE `aim_acloud_app_configs` DISABLE KEYS */;
/*!40000 ALTER TABLE `aim_acloud_app_configs` ENABLE KEYS */;
UNLOCK TABLES;

--
-- Table structure for table `aim_acloud_apps`
--

DROP TABLE IF EXISTS `aim_acloud_apps`;
/*!40101 SET @saved_cs_client     = @@character_set_client */;
/*!40101 SET character_set_client = utf8 */;
CREATE TABLE `aim_acloud_apps` (
  `app_id` char(22) NOT NULL DEFAULT '',
  `app_name` varchar(60) NOT NULL DEFAULT '',
  `app_token` char(128) NOT NULL DEFAULT '',
  `created_time` int(10) unsigned NOT NULL DEFAULT '0',
  `modified_time` int(10) unsigned NOT NULL DEFAULT '0',
  PRIMARY KEY (`app_id`)
) ENGINE=MyISAM DEFAULT CHARSET=utf8 COMMENT='应用调用站点数据所用的token';
/*!40101 SET character_set_client = @saved_cs_client */;

--
-- Dumping data for table `aim_acloud_apps`
--

LOCK TABLES `aim_acloud_apps` WRITE;
/*!40000 ALTER TABLE `aim_acloud_apps` DISABLE KEYS */;
/*!40000 ALTER TABLE `aim_acloud_apps` ENABLE KEYS */;
UNLOCK TABLES;

--
-- Table structure for table `aim_acloud_extras`
--

DROP TABLE IF EXISTS `aim_acloud_extras`;
/*!40101 SET @saved_cs_client     = @@character_set_client */;
/*!40101 SET character_set_client = utf8 */;
CREATE TABLE `aim_acloud_extras` (
  `ekey` varchar(100) NOT NULL DEFAULT '',
  `evalue` text,
  `etype` tinyint(3) NOT NULL DEFAULT '1',
  `created_time` int(10) unsigned NOT NULL DEFAULT '0',
  `modified_time` int(10) unsigned NOT NULL DEFAULT '0',
  PRIMARY KEY (`ekey`)
) ENGINE=MyISAM DEFAULT CHARSET=utf8 COMMENT='站点的云平台开启状态和基本属性';
/*!40101 SET character_set_client = @saved_cs_client */;

--
-- Dumping data for table `aim_acloud_extras`
--

LOCK TABLES `aim_acloud_extras` WRITE;
/*!40000 ALTER TABLE `aim_acloud_extras` DISABLE KEYS */;
INSERT INTO `aim_acloud_extras` VALUES ('ac_isopen','0',1,0,0),('ac_ipcontrol','1',1,0,0),('ac_apply_step','0',1,0,0),('ac_apply_siteurl','aimfive.com',1,1369796101,1369796101),('ac_apply_lasttime','1369796101',1,1369796101,1369796101),('ac_apply_charset','UTF-8',1,1369796101,1369796101);
/*!40000 ALTER TABLE `aim_acloud_extras` ENABLE KEYS */;
UNLOCK TABLES;

--
-- Table structure for table `aim_acloud_keys`
--

DROP TABLE IF EXISTS `aim_acloud_keys`;
/*!40101 SET @saved_cs_client     = @@character_set_client */;
/*!40101 SET character_set_client = utf8 */;
CREATE TABLE `aim_acloud_keys` (
  `id` int(10) unsigned NOT NULL AUTO_INCREMENT,
  `key1` char(128) NOT NULL DEFAULT '',
  `key2` char(128) NOT NULL DEFAULT '',
  `key3` char(128) NOT NULL DEFAULT '',
  `key4` char(128) NOT NULL DEFAULT '',
  `key5` char(128) NOT NULL DEFAULT '',
  `key6` char(128) NOT NULL DEFAULT '',
  `created_time` int(10) unsigned NOT NULL DEFAULT '0',
  `modified_time` int(10) unsigned NOT NULL DEFAULT '0',
  PRIMARY KEY (`id`)
) ENGINE=MyISAM AUTO_INCREMENT=3 DEFAULT CHARSET=utf8 COMMENT='站点和云平台通信使用的密钥';
/*!40101 SET character_set_client = @saved_cs_client */;

--
-- Dumping data for table `aim_acloud_keys`
--

LOCK TABLES `aim_acloud_keys` WRITE;
/*!40000 ALTER TABLE `aim_acloud_keys` DISABLE KEYS */;
INSERT INTO `aim_acloud_keys` VALUES (1,'','','','','','',1330586406,1330586406),(2,'','','','','','Rm4M2XdWzVqRDgGq1U2wEwgSETLcq5c9PBaEnopdJOSXpv4fqjFg051EI0FbPlTzwxPb10SVo3EMh5pRWEpQczLYoIxYUdlbSyLT5mpLA2lw8AHVjCxjMYtqsEgYagP7',1330586406,1330586406);
/*!40000 ALTER TABLE `aim_acloud_keys` ENABLE KEYS */;
UNLOCK TABLES;

--
-- Table structure for table `aim_acloud_sql_log`
--

DROP TABLE IF EXISTS `aim_acloud_sql_log`;
/*!40101 SET @saved_cs_client     = @@character_set_client */;
/*!40101 SET character_set_client = utf8 */;
CREATE TABLE `aim_acloud_sql_log` (
  `id` int(10) unsigned NOT NULL AUTO_INCREMENT,
  `log` text,
  `created_time` int(10) unsigned NOT NULL DEFAULT '0',
  PRIMARY KEY (`id`)
) ENGINE=MyISAM AUTO_INCREMENT=40 DEFAULT CHARSET=utf8 COMMENT='aCloud执行SQL后记录的日志';
/*!40101 SET character_set_client = @saved_cs_client */;

--
-- Dumping data for table `aim_acloud_sql_log`
--

LOCK TABLES `aim_acloud_sql_log` WRITE;
/*!40000 ALTER TABLE `aim_acloud_sql_log` DISABLE KEYS */;
INSERT INTO `aim_acloud_sql_log` VALUES (1,'DELETE FROM aim_bbs_threads WHERE tid IN (\'1\')',1369642737),(2,'DELETE FROM aim_bbs_posts WHERE tid IN (\'1\')',1369642737),(3,'DELETE FROM aim_attachs WHERE aid IN (\'1\', \'2\', \'3\', \'4\', \'5\', \'6\')',1369642737),(4,'DELETE FROM aim_user WHERE uid=3',1369799607),(5,'DELETE FROM aim_bbs_threads WHERE tid IN (\'12\', \'13\', \'14\', \'15\', \'16\', \'17\', \'18\', \'19\', \'20\', \'21\', \'22\', \'23\', \'24\', \'25\', \'26\', \'27\', \'28\', \'29\', \'30\', \'46\')',1369898340),(6,'DELETE FROM aim_bbs_posts WHERE tid IN (\'12\', \'13\', \'14\', \'15\', \'16\', \'17\', \'18\', \'19\', \'20\', \'21\', \'22\', \'23\', \'24\', \'25\', \'26\', \'27\', \'28\', \'29\', \'30\', \'46\')',1369898340),(7,'DELETE FROM aim_bbs_threads WHERE tid IN (\'6\', \'5\', \'7\', \'8\', \'9\', \'10\', \'11\')',1369898363),(8,'DELETE FROM aim_bbs_posts WHERE tid IN (\'6\', \'5\', \'7\', \'8\', \'9\', \'10\', \'11\')',1369898363),(9,'DELETE FROM aim_user WHERE uid=2',1370499623),(10,'DELETE FROM aim_bbs_threads WHERE tid IN (\'60\', \'59\')',1370499630),(11,'DELETE FROM aim_bbs_posts WHERE tid IN (\'60\', \'59\')',1370499630),(12,'DELETE FROM aim_user WHERE uid=4',1370499630),(13,'DELETE FROM aim_user WHERE uid=5',1370499636),(14,'DELETE FROM aim_attachs WHERE aid IN (\'7\')',1370589409),(15,'DELETE FROM aim_bbs_threads WHERE tid IN (\'48\', \'49\', \'50\', \'51\', \'57\', \'58\', \'62\', \'63\')',1370679297),(16,'DELETE FROM aim_bbs_posts WHERE tid IN (\'48\', \'49\', \'50\', \'51\', \'57\', \'58\', \'62\', \'63\')',1370679297),(17,'DELETE FROM aim_attachs WHERE aid IN (\'12\', \'11\', \'9\', \'10\', \'8\')',1370679297),(18,'DELETE FROM aim_user WHERE uid=7',1371998419),(19,'DELETE FROM aim_bbs_threads WHERE tid IN (\'65\', \'64\', \'61\')',1372064441),(20,'DELETE FROM aim_bbs_posts WHERE tid IN (\'65\', \'64\', \'61\')',1372064441),(21,'DELETE FROM aim_bbs_posts WHERE pid IN (\'51\', \'50\')',1372064442),(22,'DELETE FROM aim_user WHERE uid=6',1372064442),(23,'DELETE FROM aim_bbs_threads WHERE tid IN (\'70\')',1372064446),(24,'DELETE FROM aim_bbs_posts WHERE tid IN (\'70\')',1372064446),(25,'DELETE FROM aim_user WHERE uid=8',1372064446),(26,'DELETE FROM aim_bbs_threads WHERE tid IN (\'67\', \'66\', \'68\', \'69\')',1372064463),(27,'DELETE FROM aim_bbs_posts WHERE tid IN (\'67\', \'66\', \'68\', \'69\')',1372064463),(28,'DELETE FROM aim_bbs_threads WHERE tid IN (\'75\', \'76\', \'73\', \'74\')',1372153560),(29,'DELETE FROM aim_bbs_posts WHERE tid IN (\'75\', \'76\', \'73\', \'74\')',1372153560),(30,'DELETE FROM aim_bbs_threads WHERE tid IN (\'77\')',1372154216),(31,'DELETE FROM aim_bbs_posts WHERE tid IN (\'77\')',1372154216),(32,'DELETE FROM aim_bbs_threads WHERE tid IN (\'78\')',1372154413),(33,'DELETE FROM aim_bbs_posts WHERE tid IN (\'78\')',1372154413),(34,'DELETE FROM aim_bbs_threads WHERE tid IN (\'82\', \'81\', \'79\', \'80\', \'71\', \'72\')',1372217273),(35,'DELETE FROM aim_bbs_posts WHERE tid IN (\'82\', \'81\', \'79\', \'80\', \'71\', \'72\')',1372217273),(36,'DELETE FROM aim_user WHERE uid=10',1372217675),(37,'DELETE FROM aim_user WHERE uid=9',1372217680),(38,'DELETE FROM aim_bbs_threads WHERE tid IN (\'83\', \'84\', \'85\', \'86\', \'87\', \'88\', \'89\', \'90\', \'91\', \'92\', \'93\', \'94\', \'95\', \'96\', \'97\')',1372745601),(39,'DELETE FROM aim_bbs_posts WHERE tid IN (\'83\', \'84\', \'85\', \'86\', \'87\', \'88\', \'89\', \'90\', \'91\', \'92\', \'93\', \'94\', \'95\', \'96\', \'97\')',1372745601);
/*!40000 ALTER TABLE `aim_acloud_sql_log` ENABLE KEYS */;
UNLOCK TABLES;

--
-- Table structure for table `aim_acloud_table_settings`
--

DROP TABLE IF EXISTS `aim_acloud_table_settings`;
/*!40101 SET @saved_cs_client     = @@character_set_client */;
/*!40101 SET character_set_client = utf8 */;
CREATE TABLE `aim_acloud_table_settings` (
  `name` varchar(255) NOT NULL DEFAULT '',
  `status` tinyint(3) NOT NULL DEFAULT '0',
  `category` tinyint(3) NOT NULL DEFAULT '0',
  `primary_key` varchar(20) NOT NULL DEFAULT '',
  `created_time` int(10) unsigned NOT NULL DEFAULT '0',
  `modified_time` int(10) unsigned NOT NULL DEFAULT '0',
  PRIMARY KEY (`name`)
) ENGINE=MyISAM DEFAULT CHARSET=utf8 COMMENT='用户抓取数据时的配置';
/*!40101 SET character_set_client = @saved_cs_client */;

--
-- Dumping data for table `aim_acloud_table_settings`
--

LOCK TABLES `aim_acloud_table_settings` WRITE;
/*!40000 ALTER TABLE `aim_acloud_table_settings` DISABLE KEYS */;
INSERT INTO `aim_acloud_table_settings` VALUES ('prefix_bbs_threads',1,1,'tid',1331123657,1331123657),('prefix_bbs_threads_content',1,1,'tid',1331123657,1331123657),('prefix_bbs_forum',1,1,'fid',1331123657,1331123657),('prefix_bbs_forum_statistics',1,1,'fid',1331123657,1331123657),('prefix_bbs_posts',1,1,'pid',1331123657,1331123657),('prefix_attachs',1,1,'aid',1331123657,1331123657),('prefix_attachs_thread',1,1,'aid',1331123657,1331123657),('prefix_user',1,1,'uid',1331123657,1331123657),('prefix_user_data',1,1,'uid',1331123657,1331123657),('prefix_user_info',1,1,'uid',1331123657,1331123657);
/*!40000 ALTER TABLE `aim_acloud_table_settings` ENABLE KEYS */;
UNLOCK TABLES;

--
-- Table structure for table `aim_admin_auth`
--

DROP TABLE IF EXISTS `aim_admin_auth`;
/*!40101 SET @saved_cs_client     = @@character_set_client */;
/*!40101 SET character_set_client = utf8 */;
CREATE TABLE `aim_admin_auth` (
  `id` smallint(6) NOT NULL AUTO_INCREMENT,
  `uid` int(10) NOT NULL DEFAULT '0' COMMENT '用户ID',
  `username` varchar(15) NOT NULL DEFAULT '' COMMENT '用户名',
  `roles` varchar(255) NOT NULL DEFAULT '' COMMENT '角色',
  `created_time` int(10) unsigned NOT NULL DEFAULT '0' COMMENT '创建时间',
  `modified_time` int(10) unsigned NOT NULL DEFAULT '0' COMMENT '最后修改时间',
  PRIMARY KEY (`id`),
  KEY `idx_uid` (`uid`)
) ENGINE=MyISAM DEFAULT CHARSET=utf8 COMMENT='用户权限角色表';
/*!40101 SET character_set_client = @saved_cs_client */;

--
-- Dumping data for table `aim_admin_auth`
--

LOCK TABLES `aim_admin_auth` WRITE;
/*!40000 ALTER TABLE `aim_admin_auth` DISABLE KEYS */;
/*!40000 ALTER TABLE `aim_admin_auth` ENABLE KEYS */;
UNLOCK TABLES;

--
-- Table structure for table `aim_admin_config`
--

DROP TABLE IF EXISTS `aim_admin_config`;
/*!40101 SET @saved_cs_client     = @@character_set_client */;
/*!40101 SET character_set_client = utf8 */;
CREATE TABLE `aim_admin_config` (
  `name` varchar(30) NOT NULL DEFAULT '' COMMENT '配置名称',
  `namespace` varchar(15) NOT NULL DEFAULT 'global' COMMENT '配置命名空间',
  `value` text COMMENT '缓存值',
  `vtype` enum('string','array','object') NOT NULL DEFAULT 'string' COMMENT '配置值类型',
  `description` text COMMENT '配置介绍',
  PRIMARY KEY (`namespace`,`name`)
) ENGINE=MyISAM DEFAULT CHARSET=utf8 COMMENT='网站配置表';
/*!40101 SET character_set_client = @saved_cs_client */;

--
-- Dumping data for table `aim_admin_config`
--

LOCK TABLES `aim_admin_config` WRITE;
/*!40000 ALTER TABLE `aim_admin_config` DISABLE KEYS */;
/*!40000 ALTER TABLE `aim_admin_config` ENABLE KEYS */;
UNLOCK TABLES;

--
-- Table structure for table `aim_admin_custom`
--

DROP TABLE IF EXISTS `aim_admin_custom`;
/*!40101 SET @saved_cs_client     = @@character_set_client */;
/*!40101 SET character_set_client = utf8 */;
CREATE TABLE `aim_admin_custom` (
  `username` varchar(15) NOT NULL,
  `custom` text COMMENT '常用菜单项',
  PRIMARY KEY (`username`)
) ENGINE=MyISAM DEFAULT CHARSET=utf8 COMMENT='后台常用菜单表';
/*!40101 SET character_set_client = @saved_cs_client */;

--
-- Dumping data for table `aim_admin_custom`
--

LOCK TABLES `aim_admin_custom` WRITE;
/*!40000 ALTER TABLE `aim_admin_custom` DISABLE KEYS */;
INSERT INTO `aim_admin_custom` VALUES ('admin','admin_founder,windid_windid,windid_client,windid_notify,config_site,config_nav,config_register,config_email,u_groups,u_manage,bbs_article,bbs_contentcheck_forum,bbs_recycle,bbs_setforum,cache_m');
/*!40000 ALTER TABLE `aim_admin_custom` ENABLE KEYS */;
UNLOCK TABLES;

--
-- Table structure for table `aim_admin_role`
--

DROP TABLE IF EXISTS `aim_admin_role`;
/*!40101 SET @saved_cs_client     = @@character_set_client */;
/*!40101 SET character_set_client = utf8 */;
CREATE TABLE `aim_admin_role` (
  `id` smallint(6) NOT NULL AUTO_INCREMENT,
  `name` varchar(15) NOT NULL DEFAULT '' COMMENT '角色名',
  `auths` text COMMENT '权限点',
  `created_time` int(10) unsigned NOT NULL DEFAULT '0' COMMENT '创建时间',
  `modified_time` int(10) unsigned NOT NULL DEFAULT '0' COMMENT '最后修改时间',
  PRIMARY KEY (`id`),
  KEY `idx_name` (`name`)
) ENGINE=MyISAM AUTO_INCREMENT=2 DEFAULT CHARSET=utf8 COMMENT='后台用户角色表';
/*!40101 SET character_set_client = @saved_cs_client */;

--
-- Dumping data for table `aim_admin_role`
--

LOCK TABLES `aim_admin_role` WRITE;
/*!40000 ALTER TABLE `aim_admin_role` DISABLE KEYS */;
INSERT INTO `aim_admin_role` VALUES (1,'管理员','custom_set,config_site,config_nav,config_register,config_mobile,config_credit,config_editor,config_emotion,config_attachment,config_watermark,config_verifycode,config_seo,config_rewrite,config_domain,config_email,config_pay,config_area,config_school,u_groups,u_upgrade,u_manage,u_forbidden,u_check,bbs_article,contents_tag,contents_message,contents_report,bbs_contentcheck_forum,contentcheck_word,contents_user_tag,bbs_recycle,bbs_configbbs,bbs_setforum,bbs_setbbs,design_page,design_component,design_module,design_push,design_permissions,database_backup,cache_m,data_hook,cron_operations,log_manage,app_album,app_vote,app_medal,app_task,app_punch,app_link,app_message,app_announce,platform_server,platform_appList,platform_server_check,platform_index,platform_siteStyle,platform_upgrade',1340275489,1347092145);
/*!40000 ALTER TABLE `aim_admin_role` ENABLE KEYS */;
UNLOCK TABLES;

--
-- Table structure for table `aim_advertisement`
--

DROP TABLE IF EXISTS `aim_advertisement`;
/*!40101 SET @saved_cs_client     = @@character_set_client */;
/*!40101 SET character_set_client = utf8 */;
CREATE TABLE `aim_advertisement` (
  `pid` int(10) unsigned NOT NULL,
  `identifier` varchar(30) NOT NULL,
  `type_id` tinyint(3) unsigned NOT NULL,
  `width` smallint(6) NOT NULL DEFAULT '0',
  `height` smallint(6) NOT NULL DEFAULT '0',
  `status` tinyint(3) NOT NULL DEFAULT '0',
  `schedule` varchar(100) NOT NULL,
  `show_type` tinyint(3) NOT NULL DEFAULT '0',
  `condition` text,
  UNIQUE KEY `pid` (`pid`)
) ENGINE=MyISAM DEFAULT CHARSET=utf8 COMMENT='广告位数据表';
/*!40101 SET character_set_client = @saved_cs_client */;

--
-- Dumping data for table `aim_advertisement`
--

LOCK TABLES `aim_advertisement` WRITE;
/*!40000 ALTER TABLE `aim_advertisement` DISABLE KEYS */;
/*!40000 ALTER TABLE `aim_advertisement` ENABLE KEYS */;
UNLOCK TABLES;

--
-- Table structure for table `aim_announce`
--

DROP TABLE IF EXISTS `aim_announce`;
/*!40101 SET @saved_cs_client     = @@character_set_client */;
/*!40101 SET character_set_client = utf8 */;
CREATE TABLE `aim_announce` (
  `aid` smallint(6) NOT NULL AUTO_INCREMENT,
  `vieworder` smallint(6) NOT NULL DEFAULT '0',
  `created_userid` int(10) unsigned NOT NULL DEFAULT '0',
  `typeid` tinyint(1) NOT NULL DEFAULT '0',
  `url` varchar(80) DEFAULT '',
  `subject` varchar(100) NOT NULL DEFAULT '',
  `content` mediumtext,
  `start_date` int(10) unsigned NOT NULL DEFAULT '0',
  `end_date` int(10) unsigned NOT NULL DEFAULT '0',
  PRIMARY KEY (`aid`),
  KEY `idx_startdate` (`start_date`),
  KEY `idx_vieworder` (`vieworder`)
) ENGINE=MyISAM AUTO_INCREMENT=2 DEFAULT CHARSET=utf8 COMMENT='公告管理表';
/*!40101 SET character_set_client = @saved_cs_client */;

--
-- Dumping data for table `aim_announce`
--

LOCK TABLES `aim_announce` WRITE;
/*!40000 ALTER TABLE `aim_announce` DISABLE KEYS */;
/*!40000 ALTER TABLE `aim_announce` ENABLE KEYS */;
UNLOCK TABLES;

--
-- Table structure for table `aim_app_poll`
--

DROP TABLE IF EXISTS `aim_app_poll`;
/*!40101 SET @saved_cs_client     = @@character_set_client */;
/*!40101 SET character_set_client = utf8 */;
CREATE TABLE `aim_app_poll` (
  `poll_id` int(10) unsigned NOT NULL AUTO_INCREMENT COMMENT '自增长ID',
  `voter_num` mediumint(8) unsigned NOT NULL DEFAULT '0' COMMENT '投票人数',
  `isafter_view` tinyint(3) unsigned NOT NULL DEFAULT '0' COMMENT '是否投票后查看结果',
  `isinclude_img` tinyint(3) unsigned NOT NULL DEFAULT '0' COMMENT '是否包含图片',
  `option_limit` smallint(5) unsigned NOT NULL DEFAULT '0' COMMENT '投票选项控制',
  `regtime_limit` int(10) unsigned NOT NULL DEFAULT '0' COMMENT '投票注册时间控制',
  `created_userid` int(10) unsigned NOT NULL DEFAULT '0' COMMENT '投票发起人',
  `app_type` smallint(5) unsigned NOT NULL DEFAULT '0' COMMENT '投票类型',
  `expired_time` int(10) unsigned NOT NULL DEFAULT '0' COMMENT '投票有效时间',
  `created_time` int(10) unsigned NOT NULL DEFAULT '0' COMMENT '投票创建时间',
  PRIMARY KEY (`poll_id`),
  KEY `idx_createduserid_createdtime` (`created_userid`,`created_time`),
  KEY `idx_voternum` (`voter_num`)
) ENGINE=MyISAM DEFAULT CHARSET=utf8 COMMENT='投票基本信息表';
/*!40101 SET character_set_client = @saved_cs_client */;

--
-- Dumping data for table `aim_app_poll`
--

LOCK TABLES `aim_app_poll` WRITE;
/*!40000 ALTER TABLE `aim_app_poll` DISABLE KEYS */;
/*!40000 ALTER TABLE `aim_app_poll` ENABLE KEYS */;
UNLOCK TABLES;

--
-- Table structure for table `aim_app_poll_option`
--

DROP TABLE IF EXISTS `aim_app_poll_option`;
/*!40101 SET @saved_cs_client     = @@character_set_client */;
/*!40101 SET character_set_client = utf8 */;
CREATE TABLE `aim_app_poll_option` (
  `option_id` int(10) unsigned NOT NULL AUTO_INCREMENT COMMENT '选项自增长ID',
  `poll_id` int(10) unsigned NOT NULL DEFAULT '0' COMMENT '投票ID',
  `voted_num` mediumint(8) unsigned NOT NULL DEFAULT '0' COMMENT '该选项投票数',
  `content` varchar(255) NOT NULL DEFAULT '' COMMENT '选项内容',
  `image` varchar(255) NOT NULL DEFAULT '' COMMENT '选项图片',
  PRIMARY KEY (`option_id`),
  KEY `idx_pollid` (`poll_id`)
) ENGINE=MyISAM DEFAULT CHARSET=utf8 COMMENT='投票选项表';
/*!40101 SET character_set_client = @saved_cs_client */;

--
-- Dumping data for table `aim_app_poll_option`
--

LOCK TABLES `aim_app_poll_option` WRITE;
/*!40000 ALTER TABLE `aim_app_poll_option` DISABLE KEYS */;
/*!40000 ALTER TABLE `aim_app_poll_option` ENABLE KEYS */;
UNLOCK TABLES;

--
-- Table structure for table `aim_app_poll_thread`
--

DROP TABLE IF EXISTS `aim_app_poll_thread`;
/*!40101 SET @saved_cs_client     = @@character_set_client */;
/*!40101 SET character_set_client = utf8 */;
CREATE TABLE `aim_app_poll_thread` (
  `tid` int(10) unsigned NOT NULL DEFAULT '0' COMMENT '帖子ID',
  `poll_id` int(10) unsigned NOT NULL DEFAULT '0' COMMENT '投票ID',
  `created_userid` int(10) unsigned NOT NULL DEFAULT '0' COMMENT '投票发起人',
  PRIMARY KEY (`tid`),
  KEY `idx_pollid` (`poll_id`)
) ENGINE=MyISAM DEFAULT CHARSET=utf8 COMMENT='帖子投票关系表';
/*!40101 SET character_set_client = @saved_cs_client */;

--
-- Dumping data for table `aim_app_poll_thread`
--

LOCK TABLES `aim_app_poll_thread` WRITE;
/*!40000 ALTER TABLE `aim_app_poll_thread` DISABLE KEYS */;
/*!40000 ALTER TABLE `aim_app_poll_thread` ENABLE KEYS */;
UNLOCK TABLES;

--
-- Table structure for table `aim_app_poll_voter`
--

DROP TABLE IF EXISTS `aim_app_poll_voter`;
/*!40101 SET @saved_cs_client     = @@character_set_client */;
/*!40101 SET character_set_client = utf8 */;
CREATE TABLE `aim_app_poll_voter` (
  `uid` int(10) unsigned NOT NULL DEFAULT '0' COMMENT '投票参与人ID',
  `poll_id` int(10) unsigned NOT NULL DEFAULT '0' COMMENT '投票ID',
  `option_id` int(10) unsigned NOT NULL DEFAULT '0' COMMENT '投票选项ID',
  `created_time` int(10) unsigned NOT NULL DEFAULT '0' COMMENT '参与投票时间',
  KEY `idx_uid_createdtime` (`uid`,`created_time`),
  KEY `idx_pollid` (`poll_id`)
) ENGINE=MyISAM DEFAULT CHARSET=utf8 COMMENT='用户投票记录表';
/*!40101 SET character_set_client = @saved_cs_client */;

--
-- Dumping data for table `aim_app_poll_voter`
--

LOCK TABLES `aim_app_poll_voter` WRITE;
/*!40000 ALTER TABLE `aim_app_poll_voter` DISABLE KEYS */;
/*!40000 ALTER TABLE `aim_app_poll_voter` ENABLE KEYS */;
UNLOCK TABLES;

--
-- Table structure for table `aim_application`
--

DROP TABLE IF EXISTS `aim_application`;
/*!40101 SET @saved_cs_client     = @@character_set_client */;
/*!40101 SET character_set_client = utf8 */;
CREATE TABLE `aim_application` (
  `app_id` char(20) NOT NULL DEFAULT '' COMMENT '应用id',
  `name` varchar(100) NOT NULL DEFAULT '' COMMENT '名称',
  `alias` varchar(100) NOT NULL DEFAULT '' COMMENT '别名',
  `logo` varchar(100) NOT NULL DEFAULT '' COMMENT '应用logo',
  `author_name` varchar(30) NOT NULL DEFAULT '' COMMENT '作者名',
  `author_icon` varchar(100) NOT NULL DEFAULT '' COMMENT '作者头像',
  `author_email` varchar(200) NOT NULL DEFAULT '' COMMENT '作者email',
  `website` varchar(200) NOT NULL DEFAULT '' COMMENT '开发者网站',
  `version` varchar(50) NOT NULL DEFAULT '' COMMENT '应用版本',
  `pwversion` varchar(50) NOT NULL DEFAULT '',
  `created_time` int(10) unsigned NOT NULL DEFAULT '0' COMMENT '创建时间',
  `modified_time` int(10) unsigned NOT NULL DEFAULT '0' COMMENT '修改时间',
  `status` tinyint(1) NOT NULL DEFAULT '0',
  `description` varchar(255) NOT NULL DEFAULT '' COMMENT '描述',
  PRIMARY KEY (`app_id`),
  UNIQUE KEY `alias` (`alias`)
) ENGINE=MyISAM DEFAULT CHARSET=utf8 COMMENT='本地应用信息表';
/*!40101 SET character_set_client = @saved_cs_client */;

--
-- Dumping data for table `aim_application`
--

LOCK TABLES `aim_application` WRITE;
/*!40000 ALTER TABLE `aim_application` DISABLE KEYS */;
/*!40000 ALTER TABLE `aim_application` ENABLE KEYS */;
UNLOCK TABLES;

--
-- Table structure for table `aim_application_log`
--

DROP TABLE IF EXISTS `aim_application_log`;
/*!40101 SET @saved_cs_client     = @@character_set_client */;
/*!40101 SET character_set_client = utf8 */;
CREATE TABLE `aim_application_log` (
  `app_id` char(20) NOT NULL DEFAULT '' COMMENT '应用id',
  `log_type` char(10) NOT NULL DEFAULT '' COMMENT '日志类型',
  `data` text COMMENT '日志内容',
  `created_time` int(10) unsigned NOT NULL DEFAULT '0' COMMENT '创建时间',
  `modified_time` int(10) unsigned NOT NULL DEFAULT '0' COMMENT '修改时间',
  UNIQUE KEY `app_id` (`app_id`,`log_type`)
) ENGINE=MyISAM DEFAULT CHARSET=utf8 COMMENT='应用安装日志表';
/*!40101 SET character_set_client = @saved_cs_client */;

--
-- Dumping data for table `aim_application_log`
--

LOCK TABLES `aim_application_log` WRITE;
/*!40000 ALTER TABLE `aim_application_log` DISABLE KEYS */;
INSERT INTO `aim_application_log` VALUES ('L0001368070337eR6G','appId','s:18:\"L0001368070337eR6G\";',1368070337,1368070337),('L0001368070337eR6G','packs','a:1:{i:0;s:34:\"D:\\WWW\\aimfive\\themes\\site/default\";}',1368070337,1368070337),('L0001368070337eR6G','service','a:1:{i:0;a:3:{s:5:\"class\";s:39:\"APPCENTER:service.srv.do.PwStyleInstall\";s:7:\"message\";s:12:\"风格安装\";s:4:\"step\";a:2:{s:5:\"after\";a:2:{i:0;a:2:{s:6:\"method\";s:18:\"registeApplication\";s:7:\"message\";s:35:\"APPCENTER:install.step.registeStyle\";}i:1;a:2:{s:6:\"method\";s:12:\"afterInstall\";s:7:\"message\";s:31:\"APPCENTER:install.step.movePack\";}}s:6:\"before\";a:1:{i:0;a:2:{s:6:\"method\";s:7:\"install\";s:7:\"message\";s:30:\"APPCENTER:install.step.install\";}}}}}',1368070337,1368070337),('L00013680703374K7L','appId','s:18:\"L00013680703374K7L\";',1368070337,1368070337),('L00013680703374K7L','packs','a:1:{i:0;s:35:\"D:\\WWW\\aimfive\\themes\\space/default\";}',1368070337,1368070337),('L00013680703374K7L','service','a:1:{i:0;a:3:{s:5:\"class\";s:39:\"APPCENTER:service.srv.do.PwStyleInstall\";s:7:\"message\";s:12:\"风格安装\";s:4:\"step\";a:2:{s:5:\"after\";a:2:{i:0;a:2:{s:6:\"method\";s:18:\"registeApplication\";s:7:\"message\";s:35:\"APPCENTER:install.step.registeStyle\";}i:1;a:2:{s:6:\"method\";s:12:\"afterInstall\";s:7:\"message\";s:31:\"APPCENTER:install.step.movePack\";}}s:6:\"before\";a:1:{i:0;a:2:{s:6:\"method\";s:7:\"install\";s:7:\"message\";s:30:\"APPCENTER:install.step.install\";}}}}}',1368070337,1368070337),('L0001368070337cQv1','appId','s:18:\"L0001368070337cQv1\";',1368070337,1368070337),('L0001368070337cQv1','packs','a:1:{i:0;s:35:\"D:\\WWW\\aimfive\\themes\\forum/default\";}',1368070337,1368070337),('L0001368070337cQv1','service','a:1:{i:0;a:3:{s:5:\"class\";s:39:\"APPCENTER:service.srv.do.PwStyleInstall\";s:7:\"message\";s:12:\"风格安装\";s:4:\"step\";a:2:{s:5:\"after\";a:2:{i:0;a:2:{s:6:\"method\";s:18:\"registeApplication\";s:7:\"message\";s:35:\"APPCENTER:install.step.registeStyle\";}i:1;a:2:{s:6:\"method\";s:12:\"afterInstall\";s:7:\"message\";s:31:\"APPCENTER:install.step.movePack\";}}s:6:\"before\";a:1:{i:0;a:2:{s:6:\"method\";s:7:\"install\";s:7:\"message\";s:30:\"APPCENTER:install.step.install\";}}}}}',1368070337,1368070337);
/*!40000 ALTER TABLE `aim_application_log` ENABLE KEYS */;
UNLOCK TABLES;

--
-- Table structure for table `aim_attachs`
--

DROP TABLE IF EXISTS `aim_attachs`;
/*!40101 SET @saved_cs_client     = @@character_set_client */;
/*!40101 SET character_set_client = utf8 */;
CREATE TABLE `aim_attachs` (
  `aid` int(10) unsigned NOT NULL AUTO_INCREMENT COMMENT '附件id',
  `name` varchar(80) NOT NULL DEFAULT '' COMMENT '文件名',
  `type` varchar(15) NOT NULL DEFAULT '' COMMENT '文件类型',
  `size` int(10) unsigned NOT NULL DEFAULT '0' COMMENT '文件大小',
  `path` varchar(80) NOT NULL DEFAULT '' COMMENT '存储路径',
  `ifthumb` tinyint(1) unsigned NOT NULL DEFAULT '0' COMMENT '是否有缩略图',
  `created_userid` int(10) unsigned NOT NULL DEFAULT '0' COMMENT '上传人用户id',
  `created_time` int(10) unsigned NOT NULL DEFAULT '0' COMMENT '上传时间',
  `app` varchar(15) NOT NULL DEFAULT '' COMMENT '来自应用类型',
  `app_id` int(10) unsigned NOT NULL DEFAULT '0' COMMENT '来自应用模块id',
  `descrip` varchar(255) NOT NULL DEFAULT '' COMMENT '文件描述',
  PRIMARY KEY (`aid`),
  KEY `idx_app_appid` (`app`,`app_id`)
) ENGINE=MyISAM AUTO_INCREMENT=17 DEFAULT CHARSET=utf8 COMMENT='附件表';
/*!40101 SET character_set_client = @saved_cs_client */;

--
-- Dumping data for table `aim_attachs`
--

LOCK TABLES `aim_attachs` WRITE;
/*!40000 ALTER TABLE `aim_attachs` DISABLE KEYS */;
/*!40000 ALTER TABLE `aim_attachs` ENABLE KEYS */;
UNLOCK TABLES;

--
-- Table structure for table `aim_attachs_thread`
--

DROP TABLE IF EXISTS `aim_attachs_thread`;
/*!40101 SET @saved_cs_client     = @@character_set_client */;
/*!40101 SET character_set_client = utf8 */;
CREATE TABLE `aim_attachs_thread` (
  `aid` int(10) unsigned NOT NULL DEFAULT '0' COMMENT '附件id',
  `fid` smallint(5) unsigned NOT NULL DEFAULT '0' COMMENT '所属版块id',
  `tid` int(10) unsigned NOT NULL DEFAULT '0' COMMENT '所属帖子id',
  `pid` int(10) unsigned NOT NULL DEFAULT '0' COMMENT '所属回复id',
  `name` varchar(80) NOT NULL DEFAULT '' COMMENT '文件名',
  `type` varchar(15) NOT NULL DEFAULT '' COMMENT '文件类型',
  `size` int(10) unsigned NOT NULL DEFAULT '0' COMMENT '文件大小',
  `hits` int(10) unsigned NOT NULL DEFAULT '0' COMMENT '下载数',
  `width` smallint(5) unsigned NOT NULL DEFAULT '0' COMMENT '图片宽度',
  `height` smallint(5) unsigned NOT NULL DEFAULT '0' COMMENT '图片高度',
  `path` varchar(80) NOT NULL DEFAULT '' COMMENT '存储路径',
  `ifthumb` tinyint(1) unsigned NOT NULL DEFAULT '0' COMMENT '是否有缩略图',
  `special` tinyint(1) unsigned NOT NULL DEFAULT '0' COMMENT '是否售密',
  `cost` int(10) unsigned NOT NULL DEFAULT '0' COMMENT '售密价格',
  `ctype` smallint(5) unsigned NOT NULL DEFAULT '0' COMMENT '积分类型',
  `created_userid` int(10) unsigned NOT NULL DEFAULT '0' COMMENT '上传人用户id',
  `created_time` int(10) unsigned NOT NULL DEFAULT '0' COMMENT '上传时间',
  `descrip` varchar(255) NOT NULL DEFAULT '' COMMENT '文件描述',
  PRIMARY KEY (`aid`),
  KEY `idx_createduserid` (`created_userid`),
  KEY `idx_tid_pid` (`tid`,`pid`)
) ENGINE=MyISAM DEFAULT CHARSET=utf8 COMMENT='帖子附件表';
/*!40101 SET character_set_client = @saved_cs_client */;

--
-- Dumping data for table `aim_attachs_thread`
--

LOCK TABLES `aim_attachs_thread` WRITE;
/*!40000 ALTER TABLE `aim_attachs_thread` DISABLE KEYS */;
/*!40000 ALTER TABLE `aim_attachs_thread` ENABLE KEYS */;
UNLOCK TABLES;

--
-- Table structure for table `aim_attachs_thread_buy`
--

DROP TABLE IF EXISTS `aim_attachs_thread_buy`;
/*!40101 SET @saved_cs_client     = @@character_set_client */;
/*!40101 SET character_set_client = utf8 */;
CREATE TABLE `aim_attachs_thread_buy` (
  `id` int(10) unsigned NOT NULL AUTO_INCREMENT,
  `aid` int(10) unsigned NOT NULL DEFAULT '0',
  `created_userid` int(10) unsigned NOT NULL DEFAULT '0',
  `created_time` int(10) unsigned NOT NULL DEFAULT '0',
  `cost` mediumint(8) unsigned NOT NULL DEFAULT '0',
  `ctype` tinyint(3) unsigned NOT NULL DEFAULT '0',
  PRIMARY KEY (`id`),
  KEY `idx_aid` (`aid`)
) ENGINE=MyISAM DEFAULT CHARSET=utf8 COMMENT='帖子附件购买记录';
/*!40101 SET character_set_client = @saved_cs_client */;

--
-- Dumping data for table `aim_attachs_thread_buy`
--

LOCK TABLES `aim_attachs_thread_buy` WRITE;
/*!40000 ALTER TABLE `aim_attachs_thread_buy` DISABLE KEYS */;
/*!40000 ALTER TABLE `aim_attachs_thread_buy` ENABLE KEYS */;
UNLOCK TABLES;

--
-- Table structure for table `aim_attachs_thread_download`
--

DROP TABLE IF EXISTS `aim_attachs_thread_download`;
/*!40101 SET @saved_cs_client     = @@character_set_client */;
/*!40101 SET character_set_client = utf8 */;
CREATE TABLE `aim_attachs_thread_download` (
  `id` int(10) unsigned NOT NULL AUTO_INCREMENT COMMENT '自增长ID',
  `aid` int(10) unsigned NOT NULL DEFAULT '0' COMMENT '附件aid',
  `created_userid` int(10) unsigned NOT NULL DEFAULT '0' COMMENT '下载人',
  `created_time` int(10) unsigned NOT NULL DEFAULT '0' COMMENT '下载时间',
  `cost` mediumint(8) unsigned NOT NULL DEFAULT '0' COMMENT '花费积分数量',
  `ctype` tinyint(3) unsigned NOT NULL DEFAULT '0' COMMENT '花费积分类型',
  PRIMARY KEY (`id`),
  KEY `idx_aid` (`aid`)
) ENGINE=MyISAM DEFAULT CHARSET=utf8 COMMENT='帖子附件下载记录';
/*!40101 SET character_set_client = @saved_cs_client */;

--
-- Dumping data for table `aim_attachs_thread_download`
--

LOCK TABLES `aim_attachs_thread_download` WRITE;
/*!40000 ALTER TABLE `aim_attachs_thread_download` DISABLE KEYS */;
/*!40000 ALTER TABLE `aim_attachs_thread_download` ENABLE KEYS */;
UNLOCK TABLES;

--
-- Table structure for table `aim_attention`
--

DROP TABLE IF EXISTS `aim_attention`;
/*!40101 SET @saved_cs_client     = @@character_set_client */;
/*!40101 SET character_set_client = utf8 */;
CREATE TABLE `aim_attention` (
  `uid` int(10) unsigned NOT NULL DEFAULT '0',
  `touid` int(10) unsigned NOT NULL DEFAULT '0',
  `created_time` int(10) unsigned NOT NULL DEFAULT '0',
  PRIMARY KEY (`touid`,`uid`),
  KEY `idx_uid_createdtime` (`uid`,`created_time`),
  KEY `idx_touid_createdtime` (`touid`,`created_time`)
) ENGINE=MyISAM DEFAULT CHARSET=utf8 COMMENT='关注主表';
/*!40101 SET character_set_client = @saved_cs_client */;

--
-- Dumping data for table `aim_attention`
--

LOCK TABLES `aim_attention` WRITE;
/*!40000 ALTER TABLE `aim_attention` DISABLE KEYS */;
INSERT INTO `aim_attention` VALUES (11,1,1372302263),(12,11,1372310678),(1,12,1372399369),(12,1,1372399976),(13,12,1372413763),(12,13,1372413984),(18,1,1377240260);
/*!40000 ALTER TABLE `aim_attention` ENABLE KEYS */;
UNLOCK TABLES;

--
-- Table structure for table `aim_attention_fresh`
--

DROP TABLE IF EXISTS `aim_attention_fresh`;
/*!40101 SET @saved_cs_client     = @@character_set_client */;
/*!40101 SET character_set_client = utf8 */;
CREATE TABLE `aim_attention_fresh` (
  `id` int(10) unsigned NOT NULL AUTO_INCREMENT,
  `type` tinyint(3) unsigned NOT NULL DEFAULT '0',
  `src_id` int(10) unsigned NOT NULL DEFAULT '0',
  `created_userid` int(10) unsigned NOT NULL DEFAULT '0',
  `created_time` int(10) unsigned NOT NULL DEFAULT '0',
  PRIMARY KEY (`id`),
  KEY `idx_createduserid_createdtime` (`created_userid`,`created_time`),
  KEY `idx_type_srcid` (`type`,`src_id`)
) ENGINE=MyISAM AUTO_INCREMENT=95 DEFAULT CHARSET=utf8 COMMENT='新鲜事主表';
/*!40101 SET character_set_client = @saved_cs_client */;

--
-- Dumping data for table `aim_attention_fresh`
--

LOCK TABLES `aim_attention_fresh` WRITE;
/*!40000 ALTER TABLE `aim_attention_fresh` DISABLE KEYS */;
INSERT INTO `aim_attention_fresh` VALUES (63,3,1,11,1372321445),(84,1,107,1,1372751322),(65,3,2,1,1372398003),(83,1,106,1,1372751273),(82,1,105,1,1372751231),(81,1,104,1,1372751189),(80,1,103,1,1372751140),(79,1,102,1,1372751074),(78,1,101,12,1372751013),(77,1,100,11,1372750212),(76,1,99,1,1372746189),(75,1,98,1,1372746030),(94,1,117,18,1379315400),(93,1,116,18,1379315363);
/*!40000 ALTER TABLE `aim_attention_fresh` ENABLE KEYS */;
UNLOCK TABLES;

--
-- Table structure for table `aim_attention_fresh_index`
--

DROP TABLE IF EXISTS `aim_attention_fresh_index`;
/*!40101 SET @saved_cs_client     = @@character_set_client */;
/*!40101 SET character_set_client = utf8 */;
CREATE TABLE `aim_attention_fresh_index` (
  `fresh_id` int(10) unsigned NOT NULL DEFAULT '0',
  `tid` int(10) unsigned NOT NULL DEFAULT '0',
  PRIMARY KEY (`fresh_id`),
  KEY `idx_tid` (`tid`)
) ENGINE=MyISAM DEFAULT CHARSET=utf8 COMMENT='新鲜事与帖子关联表';
/*!40101 SET character_set_client = @saved_cs_client */;

--
-- Dumping data for table `aim_attention_fresh_index`
--

LOCK TABLES `aim_attention_fresh_index` WRITE;
/*!40000 ALTER TABLE `aim_attention_fresh_index` DISABLE KEYS */;
/*!40000 ALTER TABLE `aim_attention_fresh_index` ENABLE KEYS */;
UNLOCK TABLES;

--
-- Table structure for table `aim_attention_fresh_relations`
--

DROP TABLE IF EXISTS `aim_attention_fresh_relations`;
/*!40101 SET @saved_cs_client     = @@character_set_client */;
/*!40101 SET character_set_client = utf8 */;
CREATE TABLE `aim_attention_fresh_relations` (
  `uid` int(10) unsigned NOT NULL DEFAULT '0',
  `fresh_id` int(10) unsigned NOT NULL DEFAULT '0',
  `type` tinyint(3) unsigned NOT NULL DEFAULT '0',
  `created_userid` int(10) unsigned NOT NULL DEFAULT '0',
  `created_time` int(10) unsigned NOT NULL DEFAULT '0',
  KEY `idx_uid_createdtime` (`uid`,`created_time`),
  KEY `idx_freshid` (`fresh_id`)
) ENGINE=MyISAM DEFAULT CHARSET=utf8 COMMENT='新鲜事关系表';
/*!40101 SET character_set_client = @saved_cs_client */;

--
-- Dumping data for table `aim_attention_fresh_relations`
--

LOCK TABLES `aim_attention_fresh_relations` WRITE;
/*!40000 ALTER TABLE `aim_attention_fresh_relations` DISABLE KEYS */;
INSERT INTO `aim_attention_fresh_relations` VALUES (11,63,3,11,1372321445),(12,63,3,11,1372321445),(1,65,3,1,1372398003),(11,65,3,1,1372398003),(11,84,1,1,1372751322),(12,65,3,1,1372398003),(12,84,1,1,1372751322),(1,84,1,1,1372751322),(11,83,1,1,1372751273),(12,83,1,1,1372751273),(1,83,1,1,1372751273),(11,82,1,1,1372751231),(12,82,1,1,1372751231),(1,82,1,1,1372751231),(11,81,1,1,1372751189),(12,81,1,1,1372751189),(1,81,1,1,1372751189),(11,80,1,1,1372751140),(12,80,1,1,1372751140),(1,80,1,1,1372751140),(11,79,1,1,1372751074),(12,79,1,1,1372751074),(1,79,1,1,1372751074),(1,78,1,12,1372751013),(13,78,1,12,1372751013),(12,78,1,12,1372751013),(12,77,1,11,1372750212),(11,77,1,11,1372750212),(11,76,1,1,1372746189),(12,76,1,1,1372746189),(1,76,1,1,1372746189),(11,75,1,1,1372746030),(12,75,1,1,1372746030),(1,75,1,1,1372746030),(18,94,1,18,1379315400),(18,93,1,18,1379315363),(18,65,3,1,1372398003),(18,75,1,1,1372746030),(18,76,1,1,1372746189),(18,79,1,1,1372751074),(18,80,1,1,1372751140),(18,81,1,1,1372751189),(18,82,1,1,1372751231),(18,83,1,1,1372751273),(18,84,1,1,1372751322);
/*!40000 ALTER TABLE `aim_attention_fresh_relations` ENABLE KEYS */;
UNLOCK TABLES;

--
-- Table structure for table `aim_attention_recommend_cron`
--

DROP TABLE IF EXISTS `aim_attention_recommend_cron`;
/*!40101 SET @saved_cs_client     = @@character_set_client */;
/*!40101 SET character_set_client = utf8 */;
CREATE TABLE `aim_attention_recommend_cron` (
  `uid` int(10) unsigned NOT NULL DEFAULT '0' COMMENT '用户uid',
  `created_time` int(10) unsigned NOT NULL DEFAULT '0' COMMENT '创建时间',
  PRIMARY KEY (`uid`)
) ENGINE=MyISAM DEFAULT CHARSET=utf8 COMMENT='可能认识的人更新任务表';
/*!40101 SET character_set_client = @saved_cs_client */;

--
-- Dumping data for table `aim_attention_recommend_cron`
--

LOCK TABLES `aim_attention_recommend_cron` WRITE;
/*!40000 ALTER TABLE `aim_attention_recommend_cron` DISABLE KEYS */;
/*!40000 ALTER TABLE `aim_attention_recommend_cron` ENABLE KEYS */;
UNLOCK TABLES;

--
-- Table structure for table `aim_attention_recommend_friends`
--

DROP TABLE IF EXISTS `aim_attention_recommend_friends`;
/*!40101 SET @saved_cs_client     = @@character_set_client */;
/*!40101 SET character_set_client = utf8 */;
CREATE TABLE `aim_attention_recommend_friends` (
  `uid` int(10) unsigned NOT NULL DEFAULT '0' COMMENT '用户uid',
  `recommend_uid` int(10) unsigned NOT NULL DEFAULT '0' COMMENT '推荐好友ID',
  `recommend_username` varchar(15) NOT NULL DEFAULT '' COMMENT '推荐好友用户名',
  `cnt` smallint(5) unsigned NOT NULL DEFAULT '0' COMMENT '好友数量',
  `recommend_user` text COMMENT '推荐好友信息',
  UNIQUE KEY `idx_uid_recommenduid` (`uid`,`recommend_uid`)
) ENGINE=MyISAM DEFAULT CHARSET=utf8 COMMENT='可能认识的人缓存表';
/*!40101 SET character_set_client = @saved_cs_client */;

--
-- Dumping data for table `aim_attention_recommend_friends`
--

LOCK TABLES `aim_attention_recommend_friends` WRITE;
/*!40000 ALTER TABLE `aim_attention_recommend_friends` DISABLE KEYS */;
/*!40000 ALTER TABLE `aim_attention_recommend_friends` ENABLE KEYS */;
UNLOCK TABLES;

--
-- Table structure for table `aim_attention_recommend_record`
--

DROP TABLE IF EXISTS `aim_attention_recommend_record`;
/*!40101 SET @saved_cs_client     = @@character_set_client */;
/*!40101 SET character_set_client = utf8 */;
CREATE TABLE `aim_attention_recommend_record` (
  `uid` int(10) unsigned NOT NULL DEFAULT '0' COMMENT '用户uid',
  `recommend_uid` int(10) unsigned NOT NULL DEFAULT '0' COMMENT '潜在好友',
  `same_uid` int(10) unsigned NOT NULL DEFAULT '0' COMMENT '共同好友',
  UNIQUE KEY `idx_uid_puid_suid` (`uid`,`recommend_uid`,`same_uid`)
) ENGINE=MyISAM DEFAULT CHARSET=utf8 COMMENT='共同关注记录表';
/*!40101 SET character_set_client = @saved_cs_client */;

--
-- Dumping data for table `aim_attention_recommend_record`
--

LOCK TABLES `aim_attention_recommend_record` WRITE;
/*!40000 ALTER TABLE `aim_attention_recommend_record` DISABLE KEYS */;
/*!40000 ALTER TABLE `aim_attention_recommend_record` ENABLE KEYS */;
UNLOCK TABLES;

--
-- Table structure for table `aim_attention_type`
--

DROP TABLE IF EXISTS `aim_attention_type`;
/*!40101 SET @saved_cs_client     = @@character_set_client */;
/*!40101 SET character_set_client = utf8 */;
CREATE TABLE `aim_attention_type` (
  `id` int(10) unsigned NOT NULL AUTO_INCREMENT,
  `uid` int(10) unsigned NOT NULL DEFAULT '0',
  `name` varchar(30) NOT NULL DEFAULT '',
  PRIMARY KEY (`id`),
  KEY `idx_uid` (`uid`)
) ENGINE=MyISAM DEFAULT CHARSET=utf8 COMMENT='关注分类表';
/*!40101 SET character_set_client = @saved_cs_client */;

--
-- Dumping data for table `aim_attention_type`
--

LOCK TABLES `aim_attention_type` WRITE;
/*!40000 ALTER TABLE `aim_attention_type` DISABLE KEYS */;
/*!40000 ALTER TABLE `aim_attention_type` ENABLE KEYS */;
UNLOCK TABLES;

--
-- Table structure for table `aim_attention_type_relations`
--

DROP TABLE IF EXISTS `aim_attention_type_relations`;
/*!40101 SET @saved_cs_client     = @@character_set_client */;
/*!40101 SET character_set_client = utf8 */;
CREATE TABLE `aim_attention_type_relations` (
  `uid` int(10) unsigned NOT NULL DEFAULT '0',
  `touid` int(10) unsigned NOT NULL DEFAULT '0',
  `typeid` int(10) NOT NULL DEFAULT '0',
  PRIMARY KEY (`uid`,`touid`,`typeid`)
) ENGINE=MyISAM DEFAULT CHARSET=utf8 COMMENT='关注分类关系表';
/*!40101 SET character_set_client = @saved_cs_client */;

--
-- Dumping data for table `aim_attention_type_relations`
--

LOCK TABLES `aim_attention_type_relations` WRITE;
/*!40000 ALTER TABLE `aim_attention_type_relations` DISABLE KEYS */;
/*!40000 ALTER TABLE `aim_attention_type_relations` ENABLE KEYS */;
UNLOCK TABLES;

--
-- Table structure for table `aim_bbs_forum`
--

DROP TABLE IF EXISTS `aim_bbs_forum`;
/*!40101 SET @saved_cs_client     = @@character_set_client */;
/*!40101 SET character_set_client = utf8 */;
CREATE TABLE `aim_bbs_forum` (
  `fid` smallint(5) unsigned NOT NULL AUTO_INCREMENT,
  `parentid` smallint(5) unsigned NOT NULL DEFAULT '0',
  `type` enum('category','forum','sub','sub2') NOT NULL DEFAULT 'forum',
  `issub` tinyint(1) unsigned NOT NULL DEFAULT '0',
  `hassub` tinyint(1) unsigned NOT NULL DEFAULT '0',
  `name` varchar(255) NOT NULL DEFAULT '',
  `descrip` text,
  `vieworder` smallint(5) unsigned NOT NULL DEFAULT '0',
  `across` tinyint(3) unsigned NOT NULL DEFAULT '0',
  `manager` varchar(255) NOT NULL DEFAULT '',
  `uppermanager` varchar(255) NOT NULL DEFAULT '',
  `icon` varchar(100) NOT NULL DEFAULT '',
  `logo` varchar(100) NOT NULL DEFAULT '',
  `fup` varchar(30) NOT NULL DEFAULT '',
  `fupname` varchar(255) NOT NULL DEFAULT '',
  `isshow` tinyint(1) unsigned NOT NULL DEFAULT '1',
  `isshowsub` tinyint(1) unsigned NOT NULL DEFAULT '0',
  `newtime` smallint(5) unsigned NOT NULL DEFAULT '0',
  `password` varchar(32) NOT NULL DEFAULT '',
  `allow_visit` varchar(255) NOT NULL DEFAULT '',
  `allow_read` varchar(255) NOT NULL DEFAULT '',
  `allow_post` varchar(255) NOT NULL DEFAULT '',
  `allow_reply` varchar(255) NOT NULL DEFAULT '',
  `allow_upload` varchar(255) NOT NULL DEFAULT '',
  `allow_download` varchar(255) NOT NULL DEFAULT '',
  `created_time` int(10) unsigned NOT NULL DEFAULT '0',
  `created_username` varchar(15) NOT NULL DEFAULT '',
  `created_userid` int(10) unsigned NOT NULL DEFAULT '0',
  `created_ip` int(10) unsigned NOT NULL DEFAULT '0',
  `style` varchar(20) NOT NULL DEFAULT '',
  PRIMARY KEY (`fid`),
  KEY `idx_issub_vieworder` (`issub`,`vieworder`)
) ENGINE=MyISAM AUTO_INCREMENT=3 DEFAULT CHARSET=utf8 COMMENT='版块基本信息表';
/*!40101 SET character_set_client = @saved_cs_client */;

--
-- Dumping data for table `aim_bbs_forum`
--

LOCK TABLES `aim_bbs_forum` WRITE;
/*!40000 ALTER TABLE `aim_bbs_forum` DISABLE KEYS */;
INSERT INTO `aim_bbs_forum` VALUES (1,0,'category',0,1,'Aimfive','',0,2,'','','','','','',1,0,60,'','','','','','','',0,'',0,0,''),(2,1,'forum',0,0,'主题发布','',0,2,'','','','','1','Aimfive',1,0,60,'','','','','','','',0,'',0,0,'');
/*!40000 ALTER TABLE `aim_bbs_forum` ENABLE KEYS */;
UNLOCK TABLES;

--
-- Table structure for table `aim_bbs_forum_extra`
--

DROP TABLE IF EXISTS `aim_bbs_forum_extra`;
/*!40101 SET @saved_cs_client     = @@character_set_client */;
/*!40101 SET character_set_client = utf8 */;
CREATE TABLE `aim_bbs_forum_extra` (
  `fid` smallint(5) unsigned NOT NULL DEFAULT '0',
  `seo_description` varchar(255) NOT NULL DEFAULT '',
  `seo_keywords` varchar(255) NOT NULL DEFAULT '',
  `settings_basic` text,
  `settings_credit` text,
  PRIMARY KEY (`fid`)
) ENGINE=MyISAM DEFAULT CHARSET=utf8 COMMENT='帖子扩展信息表';
/*!40101 SET character_set_client = @saved_cs_client */;

--
-- Dumping data for table `aim_bbs_forum_extra`
--

LOCK TABLES `aim_bbs_forum_extra` WRITE;
/*!40000 ALTER TABLE `aim_bbs_forum_extra` DISABLE KEYS */;
INSERT INTO `aim_bbs_forum_extra` VALUES (1,'','','a:6:{s:7:\"jumpurl\";s:0:\"\";s:16:\"numofthreadtitle\";i:50;s:13:\"threadperpage\";i:20;s:11:\"readperpage\";s:0:\"\";s:9:\"allowtype\";a:0:{}s:13:\"threadorderby\";s:1:\"0\";}','a:0:{}'),(2,'','','a:27:{s:16:\"numofthreadtitle\";i:50;s:13:\"threadperpage\";i:20;s:11:\"readperpage\";i:15;s:18:\"minlengthofcontent\";i:3;s:8:\"locktime\";s:0:\"\";s:8:\"edittime\";s:0:\"\";s:12:\"contentcheck\";i:0;s:7:\"ifthumb\";i:0;s:10:\"thumbwidth\";s:0:\"\";s:11:\"thumbheight\";s:0:\"\";s:8:\"anticopy\";i:0;s:11:\"copycontent\";N;s:5:\"water\";i:0;s:8:\"allowrob\";i:0;s:9:\"allowhide\";i:0;s:9:\"allowsell\";i:0;s:11:\"allowencode\";i:0;s:9:\"anonymous\";i:0;s:9:\"allowtype\";a:1:{i:0;s:7:\"default\";}s:9:\"typeorder\";a:2:{s:7:\"default\";i:0;s:4:\"poll\";i:0;}s:7:\"jumpurl\";s:0:\"\";s:10:\"topic_type\";i:1;s:16:\"force_topic_type\";i:1;s:14:\"thread_visible\";i:0;s:8:\"waterimg\";s:8:\"mark.gif\";s:18:\"topic_type_display\";i:1;s:13:\"threadorderby\";s:1:\"0\";}','a:10:{s:10:\"post_topic\";a:2:{s:5:\"limit\";s:0:\"\";s:6:\"credit\";a:2:{i:2;s:0:\"\";i:3;s:0:\"\";}}s:12:\"delete_topic\";a:2:{s:5:\"limit\";s:0:\"\";s:6:\"credit\";a:2:{i:2;s:0:\"\";i:3;s:0:\"\";}}s:10:\"post_reply\";a:2:{s:5:\"limit\";s:0:\"\";s:6:\"credit\";a:2:{i:2;s:0:\"\";i:3;s:0:\"\";}}s:12:\"delete_reply\";a:2:{s:5:\"limit\";s:0:\"\";s:6:\"credit\";a:2:{i:2;s:0:\"\";i:3;s:0:\"\";}}s:12:\"digest_topic\";a:2:{s:5:\"limit\";s:0:\"\";s:6:\"credit\";a:2:{i:2;s:0:\"\";i:3;s:0:\"\";}}s:13:\"remove_digest\";a:2:{s:5:\"limit\";s:0:\"\";s:6:\"credit\";a:2:{i:2;s:0:\"\";i:3;s:0:\"\";}}s:11:\"push_thread\";a:2:{s:5:\"limit\";s:0:\"\";s:6:\"credit\";a:2:{i:2;s:0:\"\";i:3;s:0:\"\";}}s:10:\"upload_att\";a:2:{s:5:\"limit\";s:0:\"\";s:6:\"credit\";a:2:{i:2;s:0:\"\";i:3;s:0:\"\";}}s:12:\"download_att\";a:2:{s:5:\"limit\";s:0:\"\";s:6:\"credit\";a:2:{i:2;s:0:\"\";i:3;s:0:\"\";}}s:6:\"belike\";a:2:{s:5:\"limit\";s:0:\"\";s:6:\"credit\";a:2:{i:2;s:0:\"\";i:3;s:0:\"\";}}}');
/*!40000 ALTER TABLE `aim_bbs_forum_extra` ENABLE KEYS */;
UNLOCK TABLES;

--
-- Table structure for table `aim_bbs_forum_statistics`
--

DROP TABLE IF EXISTS `aim_bbs_forum_statistics`;
/*!40101 SET @saved_cs_client     = @@character_set_client */;
/*!40101 SET character_set_client = utf8 */;
CREATE TABLE `aim_bbs_forum_statistics` (
  `fid` smallint(5) unsigned NOT NULL DEFAULT '0',
  `todayposts` mediumint(8) unsigned NOT NULL DEFAULT '0',
  `todaythreads` mediumint(8) unsigned NOT NULL DEFAULT '0',
  `article` mediumint(8) unsigned NOT NULL DEFAULT '0',
  `posts` int(10) unsigned NOT NULL DEFAULT '0',
  `threads` mediumint(8) unsigned NOT NULL DEFAULT '0',
  `subposts` mediumint(8) unsigned NOT NULL DEFAULT '0',
  `subthreads` mediumint(8) unsigned NOT NULL DEFAULT '0',
  `lastpost_info` char(35) NOT NULL DEFAULT '',
  `lastpost_time` int(10) unsigned NOT NULL DEFAULT '0',
  `lastpost_username` varchar(15) NOT NULL DEFAULT '',
  `lastpost_tid` int(10) unsigned NOT NULL DEFAULT '0',
  PRIMARY KEY (`fid`)
) ENGINE=MyISAM DEFAULT CHARSET=utf8 COMMENT='版块统计表';
/*!40101 SET character_set_client = @saved_cs_client */;

--
-- Dumping data for table `aim_bbs_forum_statistics`
--

LOCK TABLES `aim_bbs_forum_statistics` WRITE;
/*!40000 ALTER TABLE `aim_bbs_forum_statistics` DISABLE KEYS */;
/*!40000 ALTER TABLE `aim_bbs_forum_statistics` ENABLE KEYS */;
UNLOCK TABLES;

--
-- Table structure for table `aim_bbs_forum_user`
--

DROP TABLE IF EXISTS `aim_bbs_forum_user`;
/*!40101 SET @saved_cs_client     = @@character_set_client */;
/*!40101 SET character_set_client = utf8 */;
CREATE TABLE `aim_bbs_forum_user` (
  `uid` int(10) unsigned NOT NULL DEFAULT '0',
  `fid` smallint(5) unsigned NOT NULL DEFAULT '0',
  `join_time` int(10) unsigned NOT NULL DEFAULT '0',
  PRIMARY KEY (`uid`,`fid`),
  KEY `idx_fid_jointime` (`fid`,`join_time`)
) ENGINE=MyISAM DEFAULT CHARSET=utf8 COMMENT='版块会员';
/*!40101 SET character_set_client = @saved_cs_client */;

--
-- Dumping data for table `aim_bbs_forum_user`
--

LOCK TABLES `aim_bbs_forum_user` WRITE;
/*!40000 ALTER TABLE `aim_bbs_forum_user` DISABLE KEYS */;
/*!40000 ALTER TABLE `aim_bbs_forum_user` ENABLE KEYS */;
UNLOCK TABLES;

--
-- Table structure for table `aim_bbs_posts`
--

DROP TABLE IF EXISTS `aim_bbs_posts`;
/*!40101 SET @saved_cs_client     = @@character_set_client */;
/*!40101 SET character_set_client = utf8 */;
CREATE TABLE `aim_bbs_posts` (
  `pid` int(10) unsigned NOT NULL AUTO_INCREMENT,
  `fid` smallint(5) unsigned NOT NULL DEFAULT '0',
  `tid` int(10) unsigned NOT NULL DEFAULT '0',
  `disabled` tinyint(1) unsigned NOT NULL DEFAULT '0',
  `ischeck` tinyint(3) unsigned NOT NULL DEFAULT '1',
  `ifshield` tinyint(1) unsigned NOT NULL DEFAULT '0',
  `replies` int(10) unsigned NOT NULL DEFAULT '0',
  `useubb` tinyint(1) unsigned NOT NULL DEFAULT '0',
  `usehtml` tinyint(1) unsigned NOT NULL DEFAULT '0',
  `aids` smallint(5) unsigned NOT NULL DEFAULT '0',
  `rpid` int(10) unsigned NOT NULL DEFAULT '0',
  `subject` varchar(100) NOT NULL DEFAULT '',
  `content` text,
  `like_count` mediumint(8) unsigned NOT NULL DEFAULT '0',
  `sell_count` mediumint(8) unsigned NOT NULL DEFAULT '0',
  `created_time` int(10) unsigned NOT NULL DEFAULT '0',
  `created_username` varchar(15) NOT NULL DEFAULT '',
  `created_userid` int(10) unsigned NOT NULL DEFAULT '0',
  `created_ip` varchar(40) NOT NULL DEFAULT '',
  `reply_notice` tinyint(3) unsigned NOT NULL DEFAULT '1',
  `modified_time` int(10) unsigned NOT NULL DEFAULT '0',
  `modified_username` varchar(15) NOT NULL DEFAULT '',
  `modified_userid` int(10) unsigned NOT NULL DEFAULT '0',
  `modified_ip` varchar(40) NOT NULL DEFAULT '',
  `reminds` varchar(255) NOT NULL DEFAULT '',
  `word_version` smallint(5) unsigned NOT NULL DEFAULT '0',
  `ipfrom` varchar(255) NOT NULL DEFAULT '',
  `manage_remind` varchar(150) NOT NULL DEFAULT '',
  `topped` tinyint(3) unsigned NOT NULL DEFAULT '0',
  PRIMARY KEY (`pid`),
  KEY `idx_tid_disabled_createdtime` (`tid`,`disabled`,`created_time`),
  KEY `idx_disabled_createdtime` (`disabled`,`created_time`),
  KEY `idx_createduserid_createdtime` (`created_userid`,`created_time`)
) ENGINE=MyISAM AUTO_INCREMENT=106 DEFAULT CHARSET=utf8 COMMENT='帖子回复表';
/*!40101 SET character_set_client = @saved_cs_client */;

--
-- Dumping data for table `aim_bbs_posts`
--

LOCK TABLES `aim_bbs_posts` WRITE;
/*!40000 ALTER TABLE `aim_bbs_posts` DISABLE KEYS */;
INSERT INTO `aim_bbs_posts` VALUES (81,2,100,0,1,0,1,0,0,0,0,'','三星的只用过2410、2440、2443，更高的只调研过6400，对2450没有碰过，没有经验。\n“调频”这个动作只在xscale的pxa270/pxa3xx上做过，估计要碰到问题的话都差不多。\n\n1. 提升核心频率后，运行时间过长，系统发热，尤其是CPU，而散热措施不够，导致不规律的死机、重启。\n\n2. 提升了核心频率，但没有同步增加CPU核心的供电电压，导致CPU以低频的电压推动高频的运转，相当于“摩托骡拉”，系统会无规律死机。\n\n3. 确保了核心电压，确保了系统散热，还有个关键问题：确保CPU的型号是533MHz的，而不是400MHz的，从订货型号、CPU正面的MASK标志上可以判断出来。datasheet说2450 support 400MHz/533MHz，并不是说每颗2450都支持，而是根据你的需要来提供的。\n产线上按照533MHz的进行流水线生产，但是总是会有次品无法达到533MHz的标准，那么这些货能通过400MHz的测试的话，就会按照400MHz的进行出货，能通过533MHz测试的，就按照高频的出货。两者价格是不同的。\n\n之前做PXA270，最常用的是416MHz，最高的是624MHz，但是624MHz的比416MHz的贵$3-5。一般用416MHz超频跑624MHz，有的能行，有的不稳定，有的直接不启。\n而现在用PXA3xx，可以确保每颗都是624MHz的，这是工艺提升的原因。\n\n其实，400->500，这个就类似PC上的“超频”了，当然是指“内频”超频。\n\nAMD首先推出1GHz的CPU，Intel赶紧跟着推出，但是运行总是死机，分析出来其实是888MHz的CPU超频后的产品，自然不稳定。',0,0,1372750631,'admin',1,'114.249.152.241',1,0,'',0,'','',0,'北京市\r\n','',0),(79,2,99,0,1,0,0,0,0,0,0,'','PADS 可以 AD不是很熟悉~',0,0,1372746945,'筱筱太子妃',11,'114.249.152.241',1,0,'',0,'','',0,'北京市\r\n','',0),(80,2,99,0,1,0,0,0,0,0,0,'','不过，这个应该不能的。这么强大都有？',0,0,1372750093,'筱筱太子妃',11,'114.249.152.241',1,0,'',0,'','',0,'北京市\r\n','',0),(78,2,98,0,1,0,0,0,0,0,0,'','不建议这样做，是否会对通信质量有影响，无法证明，转交生产批量生产后容易引发歧义。不如增加转接芯片，这样大家都放心。',0,0,1372746465,'admin',1,'114.249.152.241',1,0,'',0,'','',0,'北京市\r\n','',0),(77,2,98,0,1,0,0,0,0,0,0,'','我说的这个开漏是双方都是这种属性的话\n\n不会烧',0,0,1372746441,'筱筱太子妃',11,'114.249.152.241',1,0,'',0,'','',0,'北京市\r\n','',0),(76,2,98,0,1,0,0,1,0,0,75,'','[quote=筱筱太子妃,75]如果是开漏的IO，可以直接接口。用5V的上拉[/quote] 不会烧CPLD吗',0,0,1372746423,'admin',1,'114.249.152.241',1,0,'',0,'','',0,'北京市\r\n','',0),(75,2,98,0,1,0,1,0,0,0,0,'','如果是开漏的IO，可以直接接口。用5V的上拉',0,0,1372746376,'筱筱太子妃',11,'114.249.152.241',1,0,'',0,'','',0,'北京市\r\n','',0),(82,2,100,0,1,0,0,1,0,0,81,'','[quote=admin,81]三星的只用过2410、2440、2443，更高的只调研过6400，对2450没有碰过，没有经验。\n“调频”这个动作只在xscale的pxa270/pxa3xx上做过，估计要碰到问题的话都差不多。\n\n1. 提升核心频率后，运行时间过长，系统发...[/quote] 可能是散热不好，内部温度过高；',0,0,1372750702,'筱筱太子妃',11,'114.249.152.241',1,0,'',0,'','',0,'北京市\r\n','',0),(83,2,100,0,1,0,0,0,0,0,0,'','非常感谢shuiyan大侠，以及其他大侠的回答，shuiyan大侠一语到了点子上！\n\n1. 提升核心频率后，运行时间过长，系统发热，尤其是CPU，而散热措施不够，导致不规律的死机、重启。 \n\n我们测试机器没有装壳，散热它再热不至于要用风扇吧，core跑533后其工作电流是一百多个毫安，个人觉得因散热措施不够可能性不大。\n\n2. 提升了核心频率，但没有同步增加CPU核心的供电电压，导致CPU以低频的电压推动高频的运转，相当于“摩托骡拉”，系统会无规律死机。 \n\n2450处理器，三星推荐的是跑400M时，core,mpll,epll,interface都供1.2V电压，\n                           500M时，core供1.275到1.375V电压，mpll,epll,interface供1.2V电压。\n\n这里为了省成本，我们将core,mpll,epll,interface的电源直接连到一起，通过一个1.3V的DC-DC连到一起了。也就是说core在推荐电压范围，\n但是mpll,epll,interface已经超过了规定范围，如果需要调整成推荐范围得改板，这样周期会比较长，个人觉得这里影响应该不会那么大，但是\n也绝不排除不是这里的可能性。不知道这地方您有没经验？\n\n3. 确保了核心电压，确保了系统散热，还有个关键问题：确保CPU的型号是533MHz的，而不是400MHz的，从订货型号、CPU正面的MASK标志上可以判断出来。datasheet说2450 support 400MHz/533MHz，并不是说每颗2450都支持，而是根据你的需要来提供的。 \n产线上按照533MHz的进行流水线生产，但是总是会有次品无法达到533MHz的标准，那么这些货能通过400MHz的测试的话，就会按照400MHz的进行出货，能通过533MHz测试的，就按照高频的出货。两者价格是不同的。 \n\n可以确保型号是533MHZ的，芯片的尾缀是-53.我们也有用270做的，跑的是416M,只是我们这里用533M播放视频会更流畅，反应速度会更快，不跑533M就不怎么体现出2450的优点了，还不如用回2440.\n\n不知道DMA是否对死机有影响，播放电视时用到了一路DMA',0,0,1372750811,'筱筱太子妃',11,'114.249.152.241',1,0,'',0,'','',0,'北京市\r\n','',0),(84,2,100,0,1,0,0,0,0,0,0,'','2部分，我们刚做270板子，买的是416MHz的CPU，eboot部分初始化成了624MHz，而外部供电是按416MHz给的，导致有的板子跑的顺利，有的跑不起来，有的USB下载不稳定，有的跑一段就死，有的正常应用没关系，放视频一会儿就死。总之情况各异。调整了频率后就正常了。\n\n你400MHz时是否用CMMB播放电视了？如果没有可以试着在400MHz放电视看是否会死机，以此可以排除DMA的问题。',0,0,1372750847,'admin',1,'114.249.152.241',1,0,'',0,'','',0,'北京市\r\n','',0),(85,2,101,0,1,0,0,0,0,0,0,'','调试串口打印Unable to handle kernel NULL pointer dereference at virtual address 00000160\npgd = c1320000\n[00000160] *pgd=2131f001, *pmd = 2131f001, *pte = 00000000, *ppte = 00000000\nInternal error: Oops: 7\nCPU: 0\npc : [<c00df474>]    lr : [<c00df6f0>]    Not tainted\nsp : c1325f0c  ip : c1325f30  fp : c1325f2c\nr10: 00000022  r9 : 0007d2c8  r8 : 00000000\nr7 : 00000000  r6 : 00000000  r5 : c01adf64  r4 : 40001a1b\nr3 : c02d62a0  r2 : c1325fb0  r1 : c1325fb0  r0 : c01adf64\nFlags: nzCv  IRQs off  FIQs on  Mode SVC_32  Segment user\nControl: C000317F  Table: 21320000  DAC: 00000015\nProcess pmp_arm_center (pid: 41, stack limit = 0xc1324374)\nStack: (0xc1325f0c to 0xc1326000)\n5f00:                            c01adf64 40001a1b 00000001 00000000 c1325fb0 \n5f20: c1325f50 c1325f30 c00df6f0 c00df458 c16bab00 24000000 00000001 c1325fb0 \n5f40: c1325fb0 c1325f70 c1325f54 c001ee50 c00df6c0 c01883e4 c0178ecc 00000001 \n5f60: c01883a0 c1325f94 c1325f74 c001ef40 c001ee10 c0190280 c1325fb0 00000001 \n5f80: c0003177 c1325fec c1325fac c1325f98 c001f0a8 c001ee8c c0178d60 fefff000 \n5fa0: 00000000 c1325fb0 c001e348 c001f084 00000000 00000061 0007d2d8 00000b06 \n5fc0: 00002c18 0006167c 0007d2c0 00004100 00000000 0007d2c8 00000022 bffff438 \n5fe0: 00000022 bffff40c 0000e880 0000e8c8 60000010 ffffffff 6a714872 afde11af \nBacktrace: \nFunction entered at [<c00df448>] from [<c00df6f0>]\n r8 = C1325FB0  r7 = 00000000  r6 = 00000001  r5 = 40001A1B\n r4 = C01ADF64 \nFunction entered at [<c00df6b0>] from [<c001ee50>]\n r8 = C1325FB0  r7 = C1325FB0  r6 = 00000001  r5 = 24000000\n r4 = C16BAB00 \nFunction entered at [<c001ee00>] from [<c001ef40>]\n r7 = C01883A0  r6 = 00000001  r5 = C0178ECC  r4 = C01883E4\nFunction entered at [<c001ee7c>] from [<c001f0a8>]\n r8 = C1325FEC  r7 = C0003177  r6 = 00000001  r5 = C1325FB0\n r4 = C0190280 \nFunction entered at [<c001f074>] from [<c001e348>]\n r5 = FEFFF000  r4 = C0178D60 \nCode: e5953018 e3140001 e5936000 0a000017 (e5963160) \nKernel panic: Aiee, killing interrupt handler!\nIn interrupt handler - not syncing',0,0,1372751038,'筱筱太子妃',11,'114.249.152.241',1,0,'',0,'','',0,'北京市\r\n','',0),(86,2,101,0,1,0,0,0,0,0,0,'','400M可以播电视而且不会死机，如果频率上升到533M DMA同样能够健壮的播放？今晚开了几台机，有些改了DMA的通道，有些不采用DMA播放在测试，之前通过N种方法尝试硬件的改变，只是mpll,epll,core电压无法分开，一直没有结果，eboot和NK的频率是可以保证都是533的。有两台比较特别，将原来DC-DC的外围电感换成功率电感，能够耐流1A的电感之后， 一台播了近20个小时没死，第二天重测，过半小时死一次，变的就是测试的位置以及电源，另一台播了一晚上没死，第二天测试几个小时后同样死机了，问题相当的怪异',0,0,1372751654,'xiao1437',12,'114.249.152.241',1,0,'',0,'','',0,'北京市\r\n','',0),(87,2,100,0,1,0,0,0,0,0,0,'','400M可以播电视而且不会死机，如果频率上升到533M DMA同样能够健壮的播放？今晚开了几台机，有些改了DMA的通道，有些不采用DMA播放在测试，之前通过N种方法尝试硬件的改变，只是mpll,epll,core电压无法分开，一直没有结果，eboot和NK的频率是可以保证都是533的。有两台比较特别，将原来DC-DC的外围电感换成功率电感，能够耐流1A的电感之后， 一台播了近20个小时没死，第二天重测，过半小时死一次，变的就是测试的位置以及电源，另一台播了一晚上没死，第二天测试几个小时后同样死机了，问题相当的怪异',0,0,1372751710,'admin',1,'114.249.152.241',1,0,'',0,'','',0,'北京市\r\n','',0),(88,2,100,0,1,0,0,0,0,0,0,'','400M下使用DMA和不使用DMA都试过？\n533M下播放同样的源，应该更轻松才对。\n如果你们的测试用例完整，结果无遗漏，而你的描述没偏差，那么从经验判断，软件相关造成死机的可能性不大。可以看看各个clk是否正确，毕竟核心频率上升了，对应的分频系数也应该修改的。\n\nDC-DC的纹波会有50mV-100mV，而且还有输出精度（具体要看DC-DC资料），可能会接近下限值，导致CPU运行在一种临界状态。用示波器测一下最大、最小值，还有峰峰值。\n\n难道原来用的不是电源用功率电感吗？',0,0,1372751733,'admin',1,'114.249.152.241',1,0,'',0,'','',0,'北京市\r\n','',0),(89,2,101,0,1,0,0,0,0,0,0,'','不建议这样做，是否会对通信质量有影响，无法证明，转交生产批量生产后容易引发歧义。不如增加转接芯片，这样大家都放心。',0,0,1372751807,'xiao1437',12,'114.249.152.241',1,0,'',0,'','',0,'北京市\r\n','',0),(90,2,98,0,1,0,0,0,0,0,0,'','不建议这样做，是否会对通信质量有影响，无法证明，转交生产批量生产后容易引发歧义。不如增加转接芯片，这样大家都放心。',0,0,1372751817,'筱筱太子妃',11,'114.249.152.241',1,0,'',0,'','',0,'北京市\r\n','',0),(91,2,99,0,1,0,0,0,0,0,0,'','应该可以，你先在原理图里画一个元件的图。update to 原理图试试。',0,0,1372751867,'xiao1437',12,'114.249.152.241',1,0,'',0,'','',0,'北京市\r\n','',0),(92,2,99,0,1,0,0,0,0,0,0,'','不可以   你pcb都出来了啊    原理图还不容易',0,0,1372751882,'筱筱太子妃',11,'114.249.152.241',1,0,'',0,'','',0,'北京市\r\n','',0),(93,2,109,2,1,0,0,0,0,0,0,'','dsfsdfsdfsdf',0,0,1372756640,'admin',1,'114.249.152.241',1,0,'',0,'','',0,'北京市\r\n','',0),(94,2,115,2,1,0,0,0,0,0,0,'','fasf',0,0,1372774320,'admin',1,'70.79.228.52',1,0,'',0,'','',0,'加拿大\r\n','',0),(95,2,108,2,1,0,1,0,0,0,0,'','真的不错嘛',0,0,1373285870,'test',14,'202.99.113.105',1,0,'',0,'','',0,'天津市\r\n','',0),(96,2,108,2,1,0,0,1,0,0,95,'','[quote=test,95]真的不错嘛[/quote] 什么东西',0,0,1373285907,'test',14,'202.99.113.105',1,0,'',0,'','',0,'天津市\r\n','',0),(97,2,107,0,1,0,1,0,0,0,0,'','test',0,0,1377144785,'天意旋风腿',18,'114.242.178.222',1,0,'',0,'','',0,'北京市\r\n','',0),(98,2,107,0,1,0,0,1,0,0,97,'','[quote=天意旋风腿,97]test[/quote] 哈哈',0,0,1377144849,'天意旋风腿',18,'114.242.178.222',1,0,'',0,'','',0,'北京市\r\n','',0),(99,2,107,0,1,0,0,0,0,0,0,'','test',0,0,1377928664,'天意旋风腿',18,'1.202.64.47',1,0,'',0,'','',0,'北京市\r\n','',0),(100,2,107,0,1,0,0,0,0,0,0,'','回复1',0,0,1379316275,'天意旋风腿',18,'114.242.178.222',1,0,'',0,'','',0,'北京市\r\n','',0),(101,2,99,0,1,0,0,0,0,0,0,'','test',0,0,1379316337,'天意旋风腿',18,'114.242.178.222',1,0,'',0,'','',0,'北京市\r\n','',0),(102,2,99,0,1,0,0,0,0,0,0,'','tesy',0,0,1379316356,'天意旋风腿',18,'114.242.178.222',1,0,'',0,'','',0,'北京市\r\n','',0),(103,2,117,0,1,0,0,0,0,0,0,'','特色\n213',0,0,1379325071,'天意旋风腿',18,'114.242.178.222',1,0,'',0,'','',0,'北京市\r\n','',0),(104,2,116,0,1,0,0,0,0,0,0,'','qweqwe',0,0,1381237373,'天意旋风腿',18,'111.196.79.22',1,0,'',0,'','',0,'北京市\r\n','',0),(105,2,116,0,1,0,0,0,0,0,0,'','qweqweqwe',0,0,1381237421,'天意旋风腿',18,'111.196.79.22',1,0,'',0,'','',0,'北京市\r\n','',0);
/*!40000 ALTER TABLE `aim_bbs_posts` ENABLE KEYS */;
UNLOCK TABLES;

--
-- Table structure for table `aim_bbs_posts_reply`
--

DROP TABLE IF EXISTS `aim_bbs_posts_reply`;
/*!40101 SET @saved_cs_client     = @@character_set_client */;
/*!40101 SET character_set_client = utf8 */;
CREATE TABLE `aim_bbs_posts_reply` (
  `pid` int(10) unsigned NOT NULL DEFAULT '0',
  `rpid` int(10) unsigned NOT NULL DEFAULT '0',
  PRIMARY KEY (`pid`),
  KEY `idx_rpid_pid` (`rpid`,`pid`)
) ENGINE=MyISAM DEFAULT CHARSET=utf8 COMMENT='回复的回复';
/*!40101 SET character_set_client = @saved_cs_client */;

--
-- Dumping data for table `aim_bbs_posts_reply`
--

LOCK TABLES `aim_bbs_posts_reply` WRITE;
/*!40000 ALTER TABLE `aim_bbs_posts_reply` DISABLE KEYS */;
INSERT INTO `aim_bbs_posts_reply` VALUES (63,61),(69,65),(67,66),(68,66),(71,70),(72,70),(76,75),(82,81),(96,95),(98,97);
/*!40000 ALTER TABLE `aim_bbs_posts_reply` ENABLE KEYS */;
UNLOCK TABLES;

--
-- Table structure for table `aim_bbs_posts_topped`
--

DROP TABLE IF EXISTS `aim_bbs_posts_topped`;
/*!40101 SET @saved_cs_client     = @@character_set_client */;
/*!40101 SET character_set_client = utf8 */;
CREATE TABLE `aim_bbs_posts_topped` (
  `pid` int(10) unsigned NOT NULL DEFAULT '0' COMMENT '回帖pid',
  `tid` int(10) unsigned NOT NULL COMMENT '帖子tid',
  `floor` int(10) unsigned NOT NULL DEFAULT '0' COMMENT '回帖楼层号',
  `created_userid` int(10) unsigned NOT NULL DEFAULT '0' COMMENT '贴内置顶操作人',
  `created_time` int(10) unsigned NOT NULL DEFAULT '0' COMMENT '贴内置顶时间',
  PRIMARY KEY (`pid`),
  KEY `idx_tid_createdtime` (`tid`,`created_time`)
) ENGINE=MyISAM DEFAULT CHARSET=utf8 COMMENT='贴内置顶';
/*!40101 SET character_set_client = @saved_cs_client */;

--
-- Dumping data for table `aim_bbs_posts_topped`
--

LOCK TABLES `aim_bbs_posts_topped` WRITE;
/*!40000 ALTER TABLE `aim_bbs_posts_topped` DISABLE KEYS */;
INSERT INTO `aim_bbs_posts_topped` VALUES (59,84,2,1,1372302115);
/*!40000 ALTER TABLE `aim_bbs_posts_topped` ENABLE KEYS */;
UNLOCK TABLES;

--
-- Table structure for table `aim_bbs_select`
--

DROP TABLE IF EXISTS `aim_bbs_select`;
/*!40101 SET @saved_cs_client     = @@character_set_client */;
/*!40101 SET character_set_client = utf8 */;
CREATE TABLE `aim_bbs_select` (
  `id` int(11) NOT NULL AUTO_INCREMENT,
  `uid` tinyint(4) NOT NULL,
  `pid` tinyint(4) DEFAULT NULL,
  PRIMARY KEY (`id`)
) ENGINE=InnoDB DEFAULT CHARSET=utf8;
/*!40101 SET character_set_client = @saved_cs_client */;

--
-- Dumping data for table `aim_bbs_select`
--

LOCK TABLES `aim_bbs_select` WRITE;
/*!40000 ALTER TABLE `aim_bbs_select` DISABLE KEYS */;
/*!40000 ALTER TABLE `aim_bbs_select` ENABLE KEYS */;
UNLOCK TABLES;

--
-- Table structure for table `aim_bbs_specialsort`
--

DROP TABLE IF EXISTS `aim_bbs_specialsort`;
/*!40101 SET @saved_cs_client     = @@character_set_client */;
/*!40101 SET character_set_client = utf8 */;
CREATE TABLE `aim_bbs_specialsort` (
  `sort_type` char(16) NOT NULL DEFAULT '',
  `fid` smallint(5) unsigned NOT NULL DEFAULT '0',
  `tid` int(10) unsigned NOT NULL DEFAULT '0',
  `pid` int(10) unsigned NOT NULL DEFAULT '0',
  `extra` int(10) NOT NULL DEFAULT '0',
  `created_time` int(10) unsigned NOT NULL DEFAULT '0',
  `end_time` int(10) unsigned NOT NULL DEFAULT '0'
) ENGINE=MyISAM DEFAULT CHARSET=utf8 COMMENT='帖子特殊排序表';
/*!40101 SET character_set_client = @saved_cs_client */;

--
-- Dumping data for table `aim_bbs_specialsort`
--

LOCK TABLES `aim_bbs_specialsort` WRITE;
/*!40000 ALTER TABLE `aim_bbs_specialsort` DISABLE KEYS */;
/*!40000 ALTER TABLE `aim_bbs_specialsort` ENABLE KEYS */;
UNLOCK TABLES;

--
-- Table structure for table `aim_bbs_threads`
--

DROP TABLE IF EXISTS `aim_bbs_threads`;
/*!40101 SET @saved_cs_client     = @@character_set_client */;
/*!40101 SET character_set_client = utf8 */;
CREATE TABLE `aim_bbs_threads` (
  `tid` int(10) unsigned NOT NULL AUTO_INCREMENT,
  `fid` smallint(5) unsigned NOT NULL DEFAULT '0',
  `topic_type` int(10) unsigned NOT NULL DEFAULT '0',
  `subject` varchar(100) NOT NULL DEFAULT '',
  `vender` char(100) NOT NULL,
  `v_type` char(50) NOT NULL,
  `overtime` int(10) unsigned NOT NULL DEFAULT '0',
  `highlight` varchar(64) NOT NULL DEFAULT '',
  `inspect` varchar(30) NOT NULL DEFAULT '',
  `ifshield` tinyint(1) unsigned NOT NULL DEFAULT '0',
  `digest` tinyint(3) unsigned NOT NULL DEFAULT '0',
  `topped` tinyint(3) unsigned NOT NULL DEFAULT '0',
  `disabled` tinyint(1) unsigned NOT NULL DEFAULT '0',
  `ischeck` tinyint(3) NOT NULL DEFAULT '1',
  `replies` int(10) unsigned NOT NULL DEFAULT '0',
  `hits` int(10) unsigned NOT NULL DEFAULT '0',
  `like_count` mediumint(8) unsigned NOT NULL DEFAULT '0',
  `special` varchar(20) NOT NULL DEFAULT '0',
  `tpcstatus` int(10) unsigned NOT NULL DEFAULT '0',
  `ifupload` tinyint(3) unsigned NOT NULL DEFAULT '0',
  `created_time` int(10) unsigned NOT NULL DEFAULT '0',
  `created_username` varchar(15) NOT NULL DEFAULT '',
  `created_userid` int(10) unsigned NOT NULL DEFAULT '0',
  `created_ip` varchar(40) NOT NULL DEFAULT '',
  `modified_time` int(10) unsigned NOT NULL DEFAULT '0',
  `modified_username` varchar(15) NOT NULL DEFAULT '',
  `modified_userid` int(10) unsigned NOT NULL DEFAULT '0',
  `modified_ip` varchar(40) NOT NULL DEFAULT '',
  `lastpost_time` int(10) unsigned NOT NULL DEFAULT '0',
  `lastpost_userid` int(10) unsigned NOT NULL DEFAULT '0',
  `lastpost_username` varchar(15) NOT NULL DEFAULT '',
  `special_sort` tinyint(4) NOT NULL DEFAULT '0',
  `reply_notice` tinyint(3) unsigned NOT NULL DEFAULT '1',
  `reply_topped` mediumint(8) unsigned NOT NULL DEFAULT '0',
  `thread_status` int(10) unsigned NOT NULL DEFAULT '0',
  `is_ok` tinyint(4) NOT NULL DEFAULT '0',
  `vtp_is_show` tinyint(4) DEFAULT '0',
  `jf` int(11) DEFAULT NULL,
  `select_id` tinyint(4) DEFAULT NULL,
  `add_content` text,
  `back_lou` tinyint(4) DEFAULT NULL,
  PRIMARY KEY (`tid`),
  KEY `idx_fid_disabled_lastposttime` (`fid`,`disabled`,`lastpost_time`),
  KEY `idx_disabled_createdtime` (`disabled`,`created_time`),
  KEY `idx_createduserid_createdtime` (`created_userid`,`created_time`)
) ENGINE=MyISAM AUTO_INCREMENT=118 DEFAULT CHARSET=utf8 COMMENT='帖子基本信息表';
/*!40101 SET character_set_client = @saved_cs_client */;

--
-- Dumping data for table `aim_bbs_threads`
--

LOCK TABLES `aim_bbs_threads` WRITE;
/*!40000 ALTER TABLE `aim_bbs_threads` DISABLE KEYS */;
INSERT INTO `aim_bbs_threads` VALUES (109,2,1,'调试ov5640的camera出现红绿线条问题','camera','79',0,'','',0,0,0,2,1,1,12,0,'0',0,0,1372751410,'admin',1,'114.249.152.241',0,'',0,'',1372756640,1,'admin',0,1,0,0,1,0,2,93,NULL,1),(108,2,1,'用过SIL9135,9134芯片的进来帮帮','SIL9135','78',0,'','',0,0,0,2,1,2,16,0,'0',0,0,1372751354,'admin',1,'114.249.152.241',0,'',0,'',1373285907,14,'test',0,1,0,0,0,0,2,NULL,NULL,NULL),(107,2,1,'protues里边关于LM044L这个LCD显示器的问题','protues','77',0,'','',0,0,0,0,1,4,27,0,'0',0,0,1372751322,'admin',1,'114.249.152.241',0,'',0,'',1379316275,18,'天意旋风腿',0,1,0,0,0,0,2,NULL,NULL,NULL),(106,2,1,'求教 CY7C68013A 固件程序下载问题','CY7C68013A','76',0,'','',0,0,0,0,1,0,8,0,'0',0,0,1372751273,'admin',1,'114.249.152.241',0,'',0,'',1372751273,1,'admin',0,1,0,0,0,0,2,NULL,NULL,NULL),(105,2,1,'CPLD EPM7128SLC84 IO输出电压问题','CPLD','75',0,'','',0,0,0,0,1,0,3,0,'0',0,0,1372751231,'admin',1,'114.249.152.241',0,'',0,'',1372751231,1,'admin',0,1,0,0,0,0,2,NULL,NULL,NULL),(104,2,1,'VHDL中 定义信号数组 VD(50 DOWNTO 0),可以使用VD(i)<=VD(j)么？','VHDL','74',0,'','',0,0,0,0,1,0,1,0,'0',0,0,1372751189,'admin',1,'114.249.152.241',0,'',0,'',1372751189,1,'admin',0,1,0,0,0,0,2,NULL,NULL,NULL),(103,2,1,'PADS Layout里面不能布线，不知道为什么？','PADS','73',0,'','',0,0,0,0,1,0,2,0,'0',0,0,1372751140,'admin',1,'114.249.152.241',0,'',0,'',1372751140,1,'admin',0,1,0,0,0,0,10,NULL,NULL,NULL),(102,2,1,'PXA3XX的Boot ROM的全部功能与CODE','PXA3XX','72',0,'','',0,0,0,0,1,0,1,0,'0',0,0,1372751074,'admin',1,'114.249.152.241',0,'',0,'',1372751074,1,'admin',0,1,0,0,0,0,2,NULL,NULL,NULL),(101,2,1,'ARM9200 低温工作不正常','ATRM','71',0,'','',0,0,0,0,1,3,24,0,'0',0,0,1372751013,'xiao1437',12,'114.249.152.241',0,'',0,'',1372751807,12,'xiao1437',0,1,0,0,1,0,2,85,NULL,1),(100,2,1,'2450板子跑400M没有问题，跑533M播放CMMB电视会死机？？？','CMMB','70',0,'','',0,0,0,0,1,6,18,0,'0',0,0,1372750212,'筱筱太子妃',11,'114.249.152.241',0,'',0,'',1372751733,1,'admin',0,1,0,0,1,0,20,81,NULL,NULL),(99,2,1,'altium designer 10 能把PCB图转化正原理图吗？','altium','69',0,'','',0,0,0,0,1,6,20,0,'0',0,0,1372746189,'admin',1,'114.249.152.241',0,'',0,'',1379316356,18,'天意旋风腿',0,1,0,0,0,0,5,NULL,NULL,NULL),(98,2,1,'3.3V的CPLD emp570和5V的51单片机可以直接通信吗？','CPLD','68',0,'','',0,0,0,0,1,5,22,0,'0',0,0,1372746030,'admin',1,'114.249.152.241',0,'',0,'',1372751817,11,'筱筱太子妃',0,1,0,0,1,0,10,75,NULL,1),(110,2,1,'在quartus ii 11.0环境下，调用modelsim仿真','quartus ii 11.0','80',0,'','',0,0,0,2,1,0,1,0,'0',0,0,1372751472,'admin',1,'114.249.152.241',0,'',0,'',1372751472,1,'admin',0,1,0,0,0,0,10,NULL,NULL,NULL),(111,2,1,'光耦P785与MAX232数据传输丢失问题','光耦','81',0,'','',0,0,0,2,1,0,1,0,'0',0,0,1372751513,'admin',1,'114.249.152.241',0,'',0,'',1372751513,1,'admin',0,1,0,0,0,0,2,NULL,NULL,NULL),(112,2,1,'求助:AM1808使用GPIO控制LED','AM1808','82',0,'','',0,0,0,2,1,0,1,0,'0',0,0,1372751566,'admin',1,'114.249.152.241',0,'',0,'',1372751566,1,'admin',0,1,0,0,0,0,2,NULL,NULL,NULL),(113,2,1,'基于NRF2401A的RFID标签卡的电路设计','NRF','83',0,'','',0,0,0,2,1,0,1,0,'0',0,0,1372751598,'admin',1,'114.249.152.241',0,'',0,'',1372751598,1,'admin',0,1,0,0,0,0,2,NULL,NULL,NULL),(114,2,1,'test','adk','84',0,'','',0,0,0,2,1,0,2,0,'0',0,0,1372774249,'admin',1,'70.79.228.52',0,'',0,'',1372774249,1,'admin',0,1,0,0,0,0,2,NULL,NULL,NULL),(115,2,1,'test','adk','84',0,'','',0,0,0,2,1,1,5,0,'0',0,0,1372774306,'admin',1,'70.79.228.52',0,'',0,'',1372774320,1,'admin',0,1,0,0,0,0,2,NULL,NULL,NULL),(116,2,2,'test','12','85',0,'','',0,0,0,0,1,2,3,0,'0',0,0,1379315363,'天意旋风腿',18,'114.242.178.222',0,'',0,'',1381237421,18,'天意旋风腿',0,1,0,0,0,0,0,NULL,'qweqweq',NULL),(117,2,1,'123213123213','123123','86',0,'','',0,0,0,0,1,1,5,0,'0',0,0,1379315400,'天意旋风腿',18,'114.242.178.222',0,'',0,'',1379325071,18,'天意旋风腿',0,1,0,0,0,0,2,NULL,NULL,NULL);
/*!40000 ALTER TABLE `aim_bbs_threads` ENABLE KEYS */;
UNLOCK TABLES;

--
-- Table structure for table `aim_bbs_threads_buy`
--

DROP TABLE IF EXISTS `aim_bbs_threads_buy`;
/*!40101 SET @saved_cs_client     = @@character_set_client */;
/*!40101 SET character_set_client = utf8 */;
CREATE TABLE `aim_bbs_threads_buy` (
  `tid` int(10) unsigned NOT NULL DEFAULT '0',
  `pid` int(10) unsigned NOT NULL DEFAULT '0',
  `created_userid` int(10) unsigned NOT NULL DEFAULT '0',
  `created_time` int(10) unsigned NOT NULL DEFAULT '0',
  `ctype` tinyint(3) unsigned NOT NULL DEFAULT '0',
  `cost` mediumint(8) unsigned NOT NULL DEFAULT '0',
  KEY `idx_tid_pid_createdtime` (`tid`,`pid`,`created_time`)
) ENGINE=MyISAM DEFAULT CHARSET=utf8 COMMENT='帖子购买记录贴表';
/*!40101 SET character_set_client = @saved_cs_client */;

--
-- Dumping data for table `aim_bbs_threads_buy`
--

LOCK TABLES `aim_bbs_threads_buy` WRITE;
/*!40000 ALTER TABLE `aim_bbs_threads_buy` DISABLE KEYS */;
/*!40000 ALTER TABLE `aim_bbs_threads_buy` ENABLE KEYS */;
UNLOCK TABLES;

--
-- Table structure for table `aim_bbs_threads_cate_index`
--

DROP TABLE IF EXISTS `aim_bbs_threads_cate_index`;
/*!40101 SET @saved_cs_client     = @@character_set_client */;
/*!40101 SET character_set_client = utf8 */;
CREATE TABLE `aim_bbs_threads_cate_index` (
  `tid` int(10) unsigned NOT NULL DEFAULT '0',
  `cid` smallint(5) unsigned NOT NULL DEFAULT '0',
  `fid` smallint(5) unsigned NOT NULL DEFAULT '0',
  `disabled` tinyint(3) unsigned NOT NULL DEFAULT '0',
  `created_time` int(10) unsigned NOT NULL DEFAULT '0',
  `lastpost_time` int(10) unsigned NOT NULL DEFAULT '0',
  PRIMARY KEY (`tid`),
  KEY `idx_cid_lastposttime` (`cid`,`lastpost_time`)
) ENGINE=MyISAM DEFAULT CHARSET=utf8 COMMENT='帖子索引表-分类索引';
/*!40101 SET character_set_client = @saved_cs_client */;

--
-- Dumping data for table `aim_bbs_threads_cate_index`
--

LOCK TABLES `aim_bbs_threads_cate_index` WRITE;
/*!40000 ALTER TABLE `aim_bbs_threads_cate_index` DISABLE KEYS */;
INSERT INTO `aim_bbs_threads_cate_index` VALUES (112,1,2,2,1372751566,1372751566),(111,1,2,2,1372751513,1372751513),(110,1,2,2,1372751472,1372751472),(109,1,2,2,1372751410,1372756640),(108,1,2,2,1372751354,1373285907),(107,1,2,0,1372751322,1379316275),(106,1,2,0,1372751273,1372751273),(105,1,2,0,1372751231,1372751231),(104,1,2,0,1372751189,1372751189),(103,1,2,0,1372751140,1372751140),(102,1,2,0,1372751074,1372751074),(101,1,2,0,1372751013,1372751807),(100,1,2,0,1372750212,1372751733),(99,1,2,0,1372746189,1379316356),(98,1,2,0,1372746030,1372751817),(113,1,2,2,1372751598,1372751598),(114,1,2,2,1372774249,1372774249),(115,1,2,2,1372774306,1372774320),(116,1,2,0,1379315363,1381237421),(117,1,2,0,1379315400,1379325071);
/*!40000 ALTER TABLE `aim_bbs_threads_cate_index` ENABLE KEYS */;
UNLOCK TABLES;

--
-- Table structure for table `aim_bbs_threads_content`
--

DROP TABLE IF EXISTS `aim_bbs_threads_content`;
/*!40101 SET @saved_cs_client     = @@character_set_client */;
/*!40101 SET character_set_client = utf8 */;
CREATE TABLE `aim_bbs_threads_content` (
  `tid` int(10) unsigned NOT NULL DEFAULT '0',
  `useubb` tinyint(1) unsigned NOT NULL DEFAULT '0',
  `usehtml` tinyint(1) unsigned NOT NULL DEFAULT '0',
  `aids` smallint(5) unsigned NOT NULL DEFAULT '0',
  `content` text,
  `sell_count` mediumint(8) unsigned NOT NULL DEFAULT '0',
  `reminds` varchar(255) NOT NULL DEFAULT '',
  `word_version` smallint(5) unsigned NOT NULL DEFAULT '0',
  `tags` varchar(255) NOT NULL DEFAULT '',
  `ipfrom` varchar(255) NOT NULL DEFAULT '',
  `manage_remind` varchar(150) NOT NULL DEFAULT '',
  PRIMARY KEY (`tid`)
) ENGINE=MyISAM DEFAULT CHARSET=utf8 COMMENT='帖子内容表';
/*!40101 SET character_set_client = @saved_cs_client */;

--
-- Dumping data for table `aim_bbs_threads_content`
--

LOCK TABLES `aim_bbs_threads_content` WRITE;
/*!40000 ALTER TABLE `aim_bbs_threads_content` DISABLE KEYS */;
INSERT INTO `aim_bbs_threads_content` VALUES (101,0,0,0,'各位大侠大家好，我使用ATRM9200QU高低温试验，系统在高温+55时工作正常，但在-40度下，系统出现死机，ARM9200外围电路包括，两片\nSDRAM（256M），FLASH（128M），各芯片均为工业级，但是系统在-40下启动之后过一会就会死机，不知道什么问题啊！请大家指教！\n\n  这个问题从什么地方开始查呢！！1',0,'',0,'','北京市\r\n',''),(102,1,0,0,'公司用MARVELL的PXA系列做了一些项目；\r\n 目前有个PXA3XX的项目，在打板回来后，竟然PXA3XX的标配13MHz的晶振无法启振（以前曾未有过的故障）\r\n \r\n \r\n 解决故障的大体步骤如下：\r\n <一>、\r\n 首先进行多块单板分别测试，结果都是13MHz的晶振无法启振，说明此问题不是个体问题，很可能是共性问题；\r\n 接着检测了焊接，通过更换IC，并检测相关阻抗，得出此故障非焊接的问题；\r\n \r\n <二>、\r\n 后来根据PXA3XX的Power Up Reset Timing，进行测量：\r\n 1、首先系统电源正常；32.768KHz晶振也正常；\r\n 2、VCC_BBATT（RTC功能模块的电源）与PXA3XX的nRESET(复位输入信号)以及nBATT_FAULT等对应的时序都正常；\r\n 3、SYS_EN、VCC_MVT、VCC_SYSEN、PWR_EN、PWR_SCL、PWR_SDA、nRESET_OUT等电源与信号都已按照相关时序，正确给出。\r\n 4、对应的PMU也正常给出VCC_APPS, VCC_SRAM，\r\n 因为之前已研发出几款PXA3XX的产品，所以时序等问题，基本都不可能存在问题。\r\n \r\n <三>、\r\n 当时怀疑由于PCB布局与布线可能存在问题，导致相关信号的信号完整性不好，从而导致13MHz无法启振，主要进行下列排除：\r\n 1、13MHz的参考电源VVC_MVT,通过相关测量该电源已经供上，且13MHz功能电路的PXTAL_OUT已经输出1.8V（参考电源VVC_MVT即为1.8V），又PXTAL_IN为0，这些都正常，从而排除VVC_MVT电源信号完整。\r\n 2、VCTCXO_EN（PXA3XX使能外部晶振的使能管脚）对应的参考电源VCC_IO1，通过相关测量该VCC_IO1的确存在，而且幅度很符合要求；\r\n \r\n <四>、\r\n 但是通过测量其他PXA33XX项目的单板的13MHz启振前，VCTCXO_EN会从低电平变成高电平，之后PXTAL_OUT与PXTAL_IN才会产生\r\n 1.8V的振荡信号，这是一个疑点；暂时MARK。\r\n \r\n <五>、\r\n 为了验证与排除NAND FLASH与代码的影响，我把其他PXA3XX项目的单板的NAND FLASH 直接焊接掉，测量时钟，13MHz还是能正常输出。故可排除 OBM代码的影响。\r\n \r\n <终>\r\n 最后通过仔细排查，发现VCC_SRAM_1P4V存在问题，即PMU采用LDO输出VCC_SRAM，在信号命名上位：VCC_SARM_1P4V；而\r\nPXA3XX上则为VCC_SRAM_1P4V，所以两边信号名不一样，从而导致PMU输出的1.4V并没有供给PXA3XX的VCC_SRAM；\r\n 最后通过飞线，把它们连接到一起，故障得以解决，13MHz启振。\r\n \r\n \r\n [color=#FF00FF]<疑问>\r\n 虽然故障得以解决，但深度问题还是是没有彻底弄清楚，恳请牛人解答,同请大家共同探讨，非常感谢；具体深度问题如下：\r\n 1、PXA3XX的Boot ROM的全部功能与CODE\r\n 2、13MHz晶振的启动是需要软件进行怎样的配置？\r\n 3、软件配置后，VCTCXO_EN即输出高电平，也既是说VCTCXO_EN可当成软件配置13MHz的一个标志？[/color]',0,'',0,'','北京市\r\n',''),(100,0,0,0,'各位软硬件高手，这个问题困惑我好久了，麻烦各位分析下原因，shuiyan也能帮忙分析下吗？\r\n \r\n 问题是这样的：\r\n 我们采用的三星的S3C2450平台，做的CMMB电视，处理器跑400M时没见有问题，跑533M后，播放音视频没问题，\r\n 但是通过电视播放器收看CMMB电视后会死机，死机时间距播放开始的时间不等，有时间播放后半小时死，有时候\r\n 几个小时死，不知道大家有没这方面的经验？',0,'',0,'','北京市\r\n',''),(99,0,0,0,'altium designer 10 能把PCB图转化正原理图吗？条件是PCB图有网络。如果能转化，怎么转化呢？',0,'',0,'','北京市\r\n',''),(98,0,0,0,'请问大家 3.3V的CPLD emp570和5V的51单片机可以直接通信吗？\r\n 需要串接电阻或者加上拉电阻吗？暂不考虑用电平转换芯片，越简单越好\r\n 谢谢啦',0,'',0,'','北京市\r\n',''),(103,0,0,0,'PADS Layout里面不能布线，不知道为什么？\r\n \r\n 老是报下面的错误\r\n \r\n Point to be routed from is not connected to layer (Top).',0,'',0,'','北京市\r\n',''),(104,0,0,0,'工程中信号声明了\r\n type defineVD_TYPE is array(50 downto 0) of std_logic_vector(7 downto 0);\r\n signal VD:VD_TYPE;\r\n signal i,j: INTEGER RANGE 255 DOWNTO 0:=0;\r\n 结构体中有状态机，其中片段如下：\r\n when (STATE=3) => \r\n        i<=1+conv_integer( VD(3) );\r\n        j<=1+conv_integer( VD(5) );\r\n       ...............\r\n when (STATE=4) =>\r\n        VD(i)<=VD(j);\r\n       ..........\r\n        将工程下载到FPGA开发板上，在线调试的时候发现 i 和 j 都是正常运算变化的，但是“VD(i)<=VD(j) ”语句没有执行（ 比如计算出 i=5 , j=10时,VD(10)的值并没有赋给VD(5)）。\r\n        有没有人知道原因？紧急求助！',0,'',0,'','北京市\r\n',''),(105,0,0,0,'EEPM7128SLC84的供电为5V，VCCIO也为5V，可是IO输出电压只为4.2V，外围没有接任何东西，IO直接输出VCC。并且，给\r\nEPM7128SLC84供电的LM317电源很烫手，LM317是15V转的5V。各位大虾，请指教，谢谢！！EPM7128SLC84的供电为\r\n5V，VCCIO也为5V，可是IO输出电压只为4.2V，外围没有接任何东西，IO直接输出VCC。并且，给EPM7128SLC84供电的LM317\r\n电源很烫手，LM317是15V转的5V。各位大虾，请指教，谢谢！！PM7128SLC84的供电为5V，VCCIO也为5V，可是IO输出电压只为\r\n4.2V，外围没有接任何东西，IO直接输出VCC。并且，给EPM7128SLC84供电的LM317电源很烫手，LM317是15V转的5V。各位大\r\n虾，请指教，谢谢！！',0,'',0,'','北京市\r\n',''),(106,0,0,0,'使用框架的ezloader编制驱动下载，所有步骤均按照相关资料进行，但是下载不了固件，看不到自己定义的PID/VID.不解中，望赐教。\r\n 按照相关手册上说的，修改模板中的firmware.c文件中的数组，编译出.sys文件；.inf中的VID/PID和固件中定义的一样。\r\n 对于于inf文件，是不是将USB开发光盘中drivers下的EZUSBW2K.inf修改即可，修改其中的VID/PID？',0,'',0,'','北京市\r\n',''),(107,1,0,0,'[img]http://img.bbs.csdn.net/upload/201306/01/1370049100_263418.png[/img]\r\n 这是怎么回事啊？谁能告诉我每一行的首地址？难道不是80 C0 94  D4么？  为什么我这个会重合？',0,'',0,'','北京市\r\n',''),(108,0,0,0,'用过SIL9135,9134芯片的进来帮帮\r\n 输出有波形 显示器显示黑屏',0,'',0,'','北京市\r\n',''),(109,0,0,0,'各位好，最近在调试camera出现了红绿线条问题.当直接将camera模块插到控制主板的模块上时，camera工作正常，图像清晰；当将\r\ncamera模块通过一根5厘米的FPC线接到主板上时，整个预览界面都是红绿色的条格，景象不清晰，工作一段时间就死机；当将camera模块通过一根\r\n10厘米的FPC线接到主板上时，直接就死机，没有任何图像；\r\n 我们走线的数据线等长误差范围为+/-100MIL，不知是不是误差范围太大，导致信号不同步？\r\n 还有我们的端接电阻接在了靠近MCU一端，不知是否有影响？\r\n 请各位有经验的高手帮忙分析下原因，怎么改善！非常谢谢',0,'',0,'','北京市\r\n',''),(110,0,0,0,'在quartus ii 11.0环境下，调用modelsim仿真，在线求救啊···能出来的·分数都给了···不多就是',0,'',0,'','北京市\r\n',''),(111,0,0,0,'请教各位大侠一个问题\r\n 我在MAX232芯片与CPU之间加了个光耦P785做传输数据的隔离\r\n 但是显示出来的数据一会正常一会又是乱码，很不稳定。\r\n \r\n 我用示波器测了光耦输入输出的波形，都为方波，看起没有毛刺干扰，很规整\r\n 我以为是传输速度快了，导致数据丢位\r\n 所以我把波特率从9600下调到4800传输数据后还是没有解决乱码问题\r\n \r\n \r\n 就这么个电路，没有太多的器件，困扰我好久了，哭死了\r\n 再解决不了我实在没信心搞硬件了。。。',0,'',0,'','北京市\r\n',''),(112,0,0,0,'我使用的是一个以AM1808为核心的核心板，已经移植了uboot,内核,文件系统。\r\n 我想要在板上的linux里实现对底板上的LED的控制，LED与AM1808的GPIO管脚相连。\r\n 因此我写了一个C程序如下，然后使用交叉编译工具把.c文件编译成可执行文件。\r\n 然后进入板子的linux把这个程序下载下来运行，结果终端显示：\r\n 01 Testing led...\r\n segementation fault.(core dumped).\r\n 并未实现我想要的GPIO控制。请大家指教。\r\n 由于我初学ARM，对我们所编写的C语言程序与底层硬件怎么关联起来的还是不甚清晰，望大家给予指点。\r\n \r\n 程序如下：\r\n #include <stdio.h>\r\n #include <stdlib.h>\r\n \r\n #define unsigned int uint\r\n \r\n #define PINMUX0  	0x01C14120\r\n #define PINMUX1  	0x01C14124\r\n #define PM0  *(volatile uint*)(PINMUX0)  //gpio管脚复用配置寄存器\r\n #define PM1  *(volatile uint*)(PINMUX1)\r\n \r\n #define GPIO_BASE	0x01E26000\r\n #define led_dir	 *(volatile uint*)(GPIO_BASE+0x10)    //gpio输入输出方向寄存器\r\n #define led_out	 *(volatile uint*)(GPIO_BASE+0x14)    //gpio输出寄存器\r\n \r\n int led()     //配置gpio寄存器\r\n {\r\n int pinmux;\r\n pinmux = PM0;\r\n PM0 = (pinmux & 0xFF00FFF0) | 0x00880008;   //配置为IO功能\r\n pinmux = PM1;\r\n PM1 = (pinmux & 0xFFFFFFF0) | 0x00000008;   \r\n led_dir = 0x00000000;    //配置为输出\r\n         led_out = 0xFFFFFFFF;    //gpio管脚输出高电平\r\n         return 0;\r\n }\r\n \r\n void test(int (*func)(),char *testname,int testid)\r\n {\r\n int status;\r\n printf( \"\\n%02d Testing %s...\\n\",testid,testname );\r\n status = func();\r\n if(status !=0)\r\n {\r\n printf(\"FAIL...error code %d...quitting\\n\",status);\r\n }\r\n else\r\n {\r\n printf(\"test PASS\\n\");\r\n }\r\n }\r\n \r\n int main(void)\r\n {\r\n test(led,\"led\",1);\r\n printf(\"\\n***ALL Tests Passed***\");\r\n return 0;\r\n }',0,'',0,'','北京市\r\n',''),(113,0,0,0,'电路设计是本人的弱项，现在需要一个基于MSP430+NRF2401A的RFID标签卡电路设计，求各路大神给点指导，不甚感激',0,'',0,'','北京市\r\n',''),(114,0,0,0,'adfadfdfadfdf',0,'',0,'','加拿大\r\n',''),(115,0,0,0,'adfadfdfadfdf\r\n\r\nadfadfdfadfdf\r\n\r\nadfadfdfadfdf\r\n\r\nadfadfdfadfdf\r\n\r\nadfadfdfadfdf\r\n\r\nadfadfdfadfdf\r\n\r\nadfadfdfadfdf\r\n\r\nadfadfdfadfdf\r\n\r\nadfadfdfadfdf\r\n\r\nadfadfdfadfdf\r\n\r\nadfadfdfadfdf\r\n\r\nadfadfdfadfdf\r\n\r\nadfadfdfadfdf\r\n\r\nadfadfdfadfdf\r\n\r\nadfadfdfadfdf\r\n\r\nadfadfdfadfdf\r\n\r\nadfadfdfadfdf\r\n\r\nadfadfdfadfdf\r\n\r\nadfadfdfadfdf\r\n\r\nadfadfdfadfdf\r\n\r\nadfadfdfadfdf\r\n\r\nadfadfdfadfdf\r\n\r\nadfadfdfadfdf\r\n\r\nadfadfdfadfdf\r\n\r\nadfadfdfadfdf\r\n\r\nadfadfdfadfdf\r\n\r\nadfadfdfadfdf\r\n\r\nadfadfdfadfdf',0,'',0,'','加拿大\r\n',''),(116,0,0,0,'tese123213123123213分享',0,'',0,'','北京市\r\n',''),(117,0,0,0,'123213213',0,'',0,'','北京市\r\n','');
/*!40000 ALTER TABLE `aim_bbs_threads_content` ENABLE KEYS */;
UNLOCK TABLES;

--
-- Table structure for table `aim_bbs_threads_digest_index`
--

DROP TABLE IF EXISTS `aim_bbs_threads_digest_index`;
/*!40101 SET @saved_cs_client     = @@character_set_client */;
/*!40101 SET character_set_client = utf8 */;
CREATE TABLE `aim_bbs_threads_digest_index` (
  `tid` int(10) unsigned NOT NULL DEFAULT '0',
  `fid` smallint(5) unsigned NOT NULL DEFAULT '0',
  `disabled` tinyint(3) unsigned NOT NULL DEFAULT '0',
  `cid` smallint(5) unsigned NOT NULL DEFAULT '0',
  `topic_type` int(10) unsigned NOT NULL DEFAULT '0',
  `created_time` int(10) unsigned NOT NULL DEFAULT '0',
  `lastpost_time` int(10) unsigned NOT NULL DEFAULT '0',
  `operator` varchar(15) NOT NULL DEFAULT '',
  `operator_userid` int(10) unsigned NOT NULL DEFAULT '0',
  `operator_time` int(10) unsigned NOT NULL DEFAULT '0',
  PRIMARY KEY (`tid`),
  KEY `idx_cid_lastposttime` (`cid`,`lastpost_time`),
  KEY `idx_fid_lastposttime_topictype` (`fid`,`lastpost_time`,`topic_type`)
) ENGINE=MyISAM DEFAULT CHARSET=utf8 COMMENT='精华帖子索引表';
/*!40101 SET character_set_client = @saved_cs_client */;

--
-- Dumping data for table `aim_bbs_threads_digest_index`
--

LOCK TABLES `aim_bbs_threads_digest_index` WRITE;
/*!40000 ALTER TABLE `aim_bbs_threads_digest_index` DISABLE KEYS */;
/*!40000 ALTER TABLE `aim_bbs_threads_digest_index` ENABLE KEYS */;
UNLOCK TABLES;

--
-- Table structure for table `aim_bbs_threads_hits`
--

DROP TABLE IF EXISTS `aim_bbs_threads_hits`;
/*!40101 SET @saved_cs_client     = @@character_set_client */;
/*!40101 SET character_set_client = utf8 */;
CREATE TABLE `aim_bbs_threads_hits` (
  `tid` int(10) unsigned NOT NULL DEFAULT '0',
  `hits` int(10) unsigned NOT NULL DEFAULT '0',
  PRIMARY KEY (`tid`)
) ENGINE=MyISAM DEFAULT CHARSET=utf8 COMMENT='帖子点击记录表';
/*!40101 SET character_set_client = @saved_cs_client */;

--
-- Dumping data for table `aim_bbs_threads_hits`
--

LOCK TABLES `aim_bbs_threads_hits` WRITE;
/*!40000 ALTER TABLE `aim_bbs_threads_hits` DISABLE KEYS */;
INSERT INTO `aim_bbs_threads_hits` VALUES (116,4);
/*!40000 ALTER TABLE `aim_bbs_threads_hits` ENABLE KEYS */;
UNLOCK TABLES;

--
-- Table structure for table `aim_bbs_threads_index`
--

DROP TABLE IF EXISTS `aim_bbs_threads_index`;
/*!40101 SET @saved_cs_client     = @@character_set_client */;
/*!40101 SET character_set_client = utf8 */;
CREATE TABLE `aim_bbs_threads_index` (
  `tid` int(10) unsigned NOT NULL DEFAULT '0',
  `fid` smallint(5) unsigned NOT NULL DEFAULT '0',
  `disabled` tinyint(3) unsigned NOT NULL DEFAULT '0',
  `created_time` int(10) unsigned NOT NULL DEFAULT '0',
  `lastpost_time` int(10) unsigned NOT NULL DEFAULT '0',
  PRIMARY KEY (`tid`),
  KEY `idx_lastposttime` (`lastpost_time`)
) ENGINE=MyISAM DEFAULT CHARSET=utf8 COMMENT='帖子索引表-新帖索引';
/*!40101 SET character_set_client = @saved_cs_client */;

--
-- Dumping data for table `aim_bbs_threads_index`
--

LOCK TABLES `aim_bbs_threads_index` WRITE;
/*!40000 ALTER TABLE `aim_bbs_threads_index` DISABLE KEYS */;
INSERT INTO `aim_bbs_threads_index` VALUES (112,2,2,1372751566,1372751566),(111,2,2,1372751513,1372751513),(110,2,2,1372751472,1372751472),(109,2,2,1372751410,1372756640),(108,2,2,1372751354,1373285907),(107,2,0,1372751322,1379316275),(106,2,0,1372751273,1372751273),(105,2,0,1372751231,1372751231),(104,2,0,1372751189,1372751189),(103,2,0,1372751140,1372751140),(102,2,0,1372751074,1372751074),(101,2,0,1372751013,1372751807),(100,2,0,1372750212,1372751733),(99,2,0,1372746189,1379316356),(98,2,0,1372746030,1372751817),(113,2,2,1372751598,1372751598),(114,2,2,1372774249,1372774249),(115,2,2,1372774306,1372774320),(116,2,0,1379315363,1381237421),(117,2,0,1379315400,1379325071);
/*!40000 ALTER TABLE `aim_bbs_threads_index` ENABLE KEYS */;
UNLOCK TABLES;

--
-- Table structure for table `aim_bbs_threads_overtime`
--

DROP TABLE IF EXISTS `aim_bbs_threads_overtime`;
/*!40101 SET @saved_cs_client     = @@character_set_client */;
/*!40101 SET character_set_client = utf8 */;
CREATE TABLE `aim_bbs_threads_overtime` (
  `id` int(10) unsigned NOT NULL AUTO_INCREMENT,
  `tid` int(10) unsigned NOT NULL DEFAULT '0',
  `m_type` enum('topped','highlight') NOT NULL,
  `overtime` int(10) unsigned NOT NULL DEFAULT '0',
  PRIMARY KEY (`id`),
  UNIQUE KEY `idx_tid_mtype` (`tid`,`m_type`)
) ENGINE=MyISAM AUTO_INCREMENT=3 DEFAULT CHARSET=utf8 COMMENT='帖子操作时间表';
/*!40101 SET character_set_client = @saved_cs_client */;

--
-- Dumping data for table `aim_bbs_threads_overtime`
--

LOCK TABLES `aim_bbs_threads_overtime` WRITE;
/*!40000 ALTER TABLE `aim_bbs_threads_overtime` DISABLE KEYS */;
/*!40000 ALTER TABLE `aim_bbs_threads_overtime` ENABLE KEYS */;
UNLOCK TABLES;

--
-- Table structure for table `aim_bbs_threads_sort`
--

DROP TABLE IF EXISTS `aim_bbs_threads_sort`;
/*!40101 SET @saved_cs_client     = @@character_set_client */;
/*!40101 SET character_set_client = utf8 */;
CREATE TABLE `aim_bbs_threads_sort` (
  `fid` smallint(5) unsigned NOT NULL DEFAULT '0' COMMENT '版块ID',
  `tid` int(10) unsigned NOT NULL DEFAULT '0' COMMENT '帖子ID',
  `extra` int(10) NOT NULL DEFAULT '0' COMMENT '扩展字段,如置顶1、2、3',
  `sort_type` varchar(20) NOT NULL DEFAULT '' COMMENT '排序类型',
  `created_time` int(10) unsigned NOT NULL DEFAULT '0' COMMENT '创建时间',
  `end_time` int(10) unsigned NOT NULL DEFAULT '0' COMMENT '到期时间',
  PRIMARY KEY (`fid`,`tid`),
  KEY `idx_tid` (`tid`)
) ENGINE=MyISAM DEFAULT CHARSET=utf8 COMMENT='帖子排序表';
/*!40101 SET character_set_client = @saved_cs_client */;

--
-- Dumping data for table `aim_bbs_threads_sort`
--

LOCK TABLES `aim_bbs_threads_sort` WRITE;
/*!40000 ALTER TABLE `aim_bbs_threads_sort` DISABLE KEYS */;
/*!40000 ALTER TABLE `aim_bbs_threads_sort` ENABLE KEYS */;
UNLOCK TABLES;

--
-- Table structure for table `aim_bbs_topic_type`
--

DROP TABLE IF EXISTS `aim_bbs_topic_type`;
/*!40101 SET @saved_cs_client     = @@character_set_client */;
/*!40101 SET character_set_client = utf8 */;
CREATE TABLE `aim_bbs_topic_type` (
  `id` int(10) unsigned NOT NULL AUTO_INCREMENT COMMENT '主题分类ID',
  `fid` int(10) unsigned NOT NULL DEFAULT '0' COMMENT '版块ID',
  `name` varchar(255) NOT NULL COMMENT '主题分类名称',
  `parentid` int(10) unsigned NOT NULL DEFAULT '0' COMMENT '上级主题分类ID',
  `logo` varchar(255) NOT NULL DEFAULT '' COMMENT '主题分类图标',
  `vieworder` tinyint(3) NOT NULL DEFAULT '0' COMMENT '显示排序',
  `issys` tinyint(3) unsigned NOT NULL DEFAULT '0' COMMENT '是否管理专用(1-是,0-否)',
  PRIMARY KEY (`id`)
) ENGINE=MyISAM AUTO_INCREMENT=5 DEFAULT CHARSET=utf8 COMMENT='主题分类表';
/*!40101 SET character_set_client = @saved_cs_client */;

--
-- Dumping data for table `aim_bbs_topic_type`
--

LOCK TABLES `aim_bbs_topic_type` WRITE;
/*!40000 ALTER TABLE `aim_bbs_topic_type` DISABLE KEYS */;
INSERT INTO `aim_bbs_topic_type` VALUES (1,2,'提问',0,'',0,0),(2,2,'分享',0,'',0,0);
/*!40000 ALTER TABLE `aim_bbs_topic_type` ENABLE KEYS */;
UNLOCK TABLES;

--
-- Table structure for table `aim_bbs_topped`
--

DROP TABLE IF EXISTS `aim_bbs_topped`;
/*!40101 SET @saved_cs_client     = @@character_set_client */;
/*!40101 SET character_set_client = utf8 */;
CREATE TABLE `aim_bbs_topped` (
  `fid` smallint(5) unsigned NOT NULL DEFAULT '0',
  `tid` int(10) unsigned NOT NULL DEFAULT '0',
  `pid` int(10) unsigned NOT NULL DEFAULT '0',
  `created_time` int(10) unsigned NOT NULL DEFAULT '0',
  `end_time` int(10) unsigned NOT NULL DEFAULT '0'
) ENGINE=MyISAM DEFAULT CHARSET=utf8 COMMENT='置顶帖表';
/*!40101 SET character_set_client = @saved_cs_client */;

--
-- Dumping data for table `aim_bbs_topped`
--

LOCK TABLES `aim_bbs_topped` WRITE;
/*!40000 ALTER TABLE `aim_bbs_topped` DISABLE KEYS */;
/*!40000 ALTER TABLE `aim_bbs_topped` ENABLE KEYS */;
UNLOCK TABLES;

--
-- Table structure for table `aim_bbs_track`
--

DROP TABLE IF EXISTS `aim_bbs_track`;
/*!40101 SET @saved_cs_client     = @@character_set_client */;
/*!40101 SET character_set_client = utf8 */;
CREATE TABLE `aim_bbs_track` (
  `id` int(11) NOT NULL AUTO_INCREMENT,
  `uid` tinyint(4) NOT NULL,
  `tid` tinyint(4) NOT NULL,
  PRIMARY KEY (`id`)
) ENGINE=InnoDB AUTO_INCREMENT=3 DEFAULT CHARSET=utf8;
/*!40101 SET character_set_client = @saved_cs_client */;

--
-- Dumping data for table `aim_bbs_track`
--

LOCK TABLES `aim_bbs_track` WRITE;
/*!40000 ALTER TABLE `aim_bbs_track` DISABLE KEYS */;
INSERT INTO `aim_bbs_track` VALUES (1,18,107),(2,18,106);
/*!40000 ALTER TABLE `aim_bbs_track` ENABLE KEYS */;
UNLOCK TABLES;

--
-- Table structure for table `aim_bbs_vtype`
--

DROP TABLE IF EXISTS `aim_bbs_vtype`;
/*!40101 SET @saved_cs_client     = @@character_set_client */;
/*!40101 SET character_set_client = utf8 */;
CREATE TABLE `aim_bbs_vtype` (
  `id` int(11) NOT NULL AUTO_INCREMENT,
  `v_name` char(50) NOT NULL,
  PRIMARY KEY (`id`),
  KEY `id` (`id`,`v_name`) USING BTREE
) ENGINE=MyISAM AUTO_INCREMENT=87 DEFAULT CHARSET=utf8;
/*!40101 SET character_set_client = @saved_cs_client */;

--
-- Dumping data for table `aim_bbs_vtype`
--

LOCK TABLES `aim_bbs_vtype` WRITE;
/*!40000 ALTER TABLE `aim_bbs_vtype` DISABLE KEYS */;
INSERT INTO `aim_bbs_vtype` VALUES (29,'TI|ads7825'),(30,'TI|dac8728'),(31,'TI|dac8729'),(32,'TL|ahdgas'),(33,'提问'),(34,'a'),(35,'vvvvvvvvv'),(36,'xvcvxcvxc'),(37,'qweqwe1'),(38,'qweqwe2'),(39,'器件型号 器件型号'),(40,'件型号件型号'),(41,'vbnvbn'),(42,'bbbbbbbbbbb'),(43,'bbbbbbbbbbbbbbb'),(44,'bbbbbb'),(45,'器件型号'),(46,'TP656876'),(47,'TPL34534'),(48,'asdas'),(49,'建行储蓄卡'),(50,'型号未知'),(51,'gdfg'),(52,'wwwww'),(53,'55555555'),(54,'严重影响'),(55,'cvsdfs'),(56,'买通公安局'),(57,'引渡协议'),(58,'罗斯特宠物'),(59,'dfgdfg'),(60,'宠物'),(61,'qweqwe'),(62,'vcbcvbc'),(63,'cvxcvxcv'),(64,'斯蒂芬森防守对方'),(65,'sdf'),(66,'mbnmbn'),(67,'dfsdfsdf'),(68,'emp570'),(69,'designer 10'),(70,'2450板'),(71,'ATRM9200QU'),(72,'Boot ROM'),(73,'Layout'),(74,'VHDL'),(75,'EPM7128SLC84'),(76,'CY7C68013A'),(77,'LM044L'),(78,'9134芯片'),(79,'ov5640'),(80,'modelsim'),(81,'P785'),(82,'AM1808'),(83,'2401A'),(84,'12'),(85,'11'),(86,'123213');
/*!40000 ALTER TABLE `aim_bbs_vtype` ENABLE KEYS */;
UNLOCK TABLES;

--
-- Table structure for table `aim_bbs_vtype_my`
--

DROP TABLE IF EXISTS `aim_bbs_vtype_my`;
/*!40101 SET @saved_cs_client     = @@character_set_client */;
/*!40101 SET character_set_client = utf8 */;
CREATE TABLE `aim_bbs_vtype_my` (
  `id` int(11) NOT NULL AUTO_INCREMENT,
  `uid` tinyint(4) NOT NULL,
  `vid` tinyint(4) NOT NULL,
  `tid` tinyint(4) DEFAULT NULL,
  `is_show` tinyint(6) NOT NULL DEFAULT '1',
  PRIMARY KEY (`id`),
  KEY `id` (`uid`) USING BTREE
) ENGINE=MyISAM AUTO_INCREMENT=44 DEFAULT CHARSET=utf8;
/*!40101 SET character_set_client = @saved_cs_client */;

--
-- Dumping data for table `aim_bbs_vtype_my`
--

LOCK TABLES `aim_bbs_vtype_my` WRITE;
/*!40000 ALTER TABLE `aim_bbs_vtype_my` DISABLE KEYS */;
INSERT INTO `aim_bbs_vtype_my` VALUES (24,1,68,98,1),(25,1,69,99,1),(26,11,70,100,1),(27,12,71,101,1),(28,1,72,102,1),(29,1,73,103,1),(30,1,74,104,1),(31,1,75,105,1),(32,1,76,106,1),(33,1,77,107,1),(34,1,78,108,1),(35,1,79,109,1),(36,1,80,110,1),(37,1,81,111,1),(38,1,82,112,1),(39,1,83,113,1),(40,1,84,114,1),(41,1,84,115,1),(42,18,85,116,1),(43,18,86,117,1);
/*!40000 ALTER TABLE `aim_bbs_vtype_my` ENABLE KEYS */;
UNLOCK TABLES;

--
-- Table structure for table `aim_bbs_warns`
--

DROP TABLE IF EXISTS `aim_bbs_warns`;
/*!40101 SET @saved_cs_client     = @@character_set_client */;
/*!40101 SET character_set_client = utf8 */;
CREATE TABLE `aim_bbs_warns` (
  `id` int(11) NOT NULL AUTO_INCREMENT,
  `created_id` tinyint(4) NOT NULL,
  `fid` char(200) NOT NULL,
  `tid` tinyint(4) NOT NULL,
  `w_time` int(11) NOT NULL,
  PRIMARY KEY (`id`)
) ENGINE=InnoDB DEFAULT CHARSET=utf8;
/*!40101 SET character_set_client = @saved_cs_client */;

--
-- Dumping data for table `aim_bbs_warns`
--

LOCK TABLES `aim_bbs_warns` WRITE;
/*!40000 ALTER TABLE `aim_bbs_warns` DISABLE KEYS */;
/*!40000 ALTER TABLE `aim_bbs_warns` ENABLE KEYS */;
UNLOCK TABLES;

--
-- Table structure for table `aim_bbsinfo`
--

DROP TABLE IF EXISTS `aim_bbsinfo`;
/*!40101 SET @saved_cs_client     = @@character_set_client */;
/*!40101 SET character_set_client = utf8 */;
CREATE TABLE `aim_bbsinfo` (
  `id` smallint(3) unsigned NOT NULL AUTO_INCREMENT COMMENT '主键ID',
  `newmember` varchar(15) NOT NULL DEFAULT '' COMMENT '最新会员',
  `totalmember` mediumint(8) unsigned NOT NULL DEFAULT '0' COMMENT '会员总数',
  `higholnum` mediumint(8) unsigned NOT NULL DEFAULT '0' COMMENT '最高在线人数',
  `higholtime` int(10) unsigned NOT NULL DEFAULT '0' COMMENT '最高在线发生日期',
  `yposts` mediumint(8) unsigned NOT NULL DEFAULT '0' COMMENT '昨日发帖数',
  `hposts` mediumint(8) unsigned NOT NULL DEFAULT '0' COMMENT '最高日发帖数',
  PRIMARY KEY (`id`)
) ENGINE=MyISAM AUTO_INCREMENT=2 DEFAULT CHARSET=utf8 COMMENT='论坛信息表';
/*!40101 SET character_set_client = @saved_cs_client */;

--
-- Dumping data for table `aim_bbsinfo`
--

LOCK TABLES `aim_bbsinfo` WRITE;
/*!40000 ALTER TABLE `aim_bbsinfo` DISABLE KEYS */;
/*!40000 ALTER TABLE `aim_bbsinfo` ENABLE KEYS */;
UNLOCK TABLES;

--
-- Table structure for table `aim_cache`
--

DROP TABLE IF EXISTS `aim_cache`;
/*!40101 SET @saved_cs_client     = @@character_set_client */;
/*!40101 SET character_set_client = utf8 */;
CREATE TABLE `aim_cache` (
  `cache_key` char(32) NOT NULL COMMENT '缓存键名MD5值',
  `cache_value` text COMMENT '缓存值',
  `cache_expire` int(10) unsigned NOT NULL DEFAULT '0' COMMENT '缓存过期时间',
  PRIMARY KEY (`cache_key`)
) ENGINE=MyISAM DEFAULT CHARSET=utf8 COMMENT='缓存表';
/*!40101 SET character_set_client = @saved_cs_client */;

--
-- Dumping data for table `aim_cache`
--

LOCK TABLES `aim_cache` WRITE;
/*!40000 ALTER TABLE `aim_cache` DISABLE KEYS */;
INSERT INTO `aim_cache` VALUES ('level','a:5:{s:4:\"data\";a:3:{s:6:\"ltitle\";a:15:{i:1;s:6:\"会员\";i:2;s:6:\"游客\";i:3;s:9:\"管理员\";i:4;s:9:\"总版主\";i:5;s:12:\"论坛版主\";i:6;s:12:\"禁止发言\";i:7;s:15:\"未验证会员\";i:8;s:6:\"贫民\";i:9;s:6:\"新手\";i:10;s:6:\"侠客\";i:11;s:6:\"骑士\";i:12;s:9:\"圣骑士\";i:13;s:9:\"精灵王\";i:14;s:12:\"风云使者\";i:15;s:12:\"光明使者\";}s:4:\"lpic\";a:15:{i:1;s:5:\"0.gif\";i:2;s:5:\"0.gif\";i:3;s:6:\"20.gif\";i:4;s:6:\"19.gif\";i:5;s:6:\"18.gif\";i:6;s:5:\"0.gif\";i:7;s:5:\"0.gif\";i:8;s:5:\"1.gif\";i:9;s:5:\"3.gif\";i:10;s:5:\"5.gif\";i:11;s:5:\"6.gif\";i:12;s:5:\"8.gif\";i:13;s:6:\"10.gif\";i:14;s:6:\"12.gif\";i:15;s:6:\"13.gif\";}s:5:\"lneed\";a:8:{i:8;s:1:\"0\";i:9;s:2:\"50\";i:10;s:3:\"100\";i:11;s:3:\"300\";i:12;s:3:\"600\";i:13;s:4:\"1000\";i:14;s:4:\"5000\";i:15;s:5:\"10000\";}}s:7:\"expires\";i:0;s:5:\"store\";i:1375435678;s:10:\"dependency\";N;s:15:\"dependencyclass\";s:0:\"\";}',0),('group_1','a:5:{s:4:\"data\";a:6:{s:3:\"gid\";s:1:\"1\";s:4:\"name\";s:6:\"会员\";s:4:\"type\";s:7:\"default\";s:5:\"image\";s:5:\"0.gif\";s:6:\"points\";s:1:\"0\";s:10:\"permission\";a:38:{s:14:\"allow_add_vote\";a:2:{s:4:\"type\";s:5:\"basic\";s:5:\"value\";s:1:\"0\";}s:22:\"allow_participate_vote\";a:2:{s:4:\"type\";s:5:\"basic\";s:5:\"value\";s:1:\"0\";}s:15:\"allow_view_vote\";a:2:{s:4:\"type\";s:5:\"basic\";s:5:\"value\";s:1:\"0\";}s:11:\"allow_visit\";a:2:{s:4:\"type\";s:5:\"basic\";s:5:\"value\";s:1:\"1\";}s:12:\"allow_report\";a:2:{s:4:\"type\";s:5:\"basic\";s:5:\"value\";s:1:\"0\";}s:15:\"view_ip_address\";a:2:{s:4:\"type\";s:5:\"basic\";s:5:\"value\";s:1:\"0\";}s:19:\"allow_publish_vedio\";a:2:{s:4:\"type\";s:5:\"basic\";s:5:\"value\";s:1:\"0\";}s:19:\"allow_publish_music\";a:2:{s:4:\"type\";s:5:\"basic\";s:5:\"value\";s:1:\"0\";}s:18:\"message_allow_send\";a:2:{s:4:\"type\";s:5:\"basic\";s:5:\"value\";s:1:\"0\";}s:16:\"message_max_send\";a:2:{s:4:\"type\";s:5:\"basic\";s:5:\"value\";s:0:\"\";}s:13:\"tag_allow_add\";a:2:{s:4:\"type\";s:5:\"basic\";s:5:\"value\";s:1:\"0\";}s:11:\"remind_open\";a:2:{s:4:\"type\";s:5:\"basic\";s:5:\"value\";s:1:\"0\";}s:14:\"remind_max_num\";a:2:{s:4:\"type\";s:5:\"basic\";s:5:\"value\";s:0:\"\";}s:16:\"invite_allow_buy\";a:2:{s:4:\"type\";s:5:\"basic\";s:5:\"value\";s:1:\"0\";}s:21:\"invite_buy_credit_num\";a:2:{s:4:\"type\";s:5:\"basic\";s:5:\"value\";s:0:\"\";}s:16:\"invite_limit_24h\";a:2:{s:4:\"type\";s:5:\"basic\";s:5:\"value\";s:0:\"\";}s:10:\"allow_read\";a:2:{s:4:\"type\";s:5:\"basic\";s:5:\"value\";s:1:\"0\";}s:10:\"allow_post\";a:2:{s:4:\"type\";s:5:\"basic\";s:5:\"value\";s:1:\"0\";}s:11:\"allow_reply\";a:2:{s:4:\"type\";s:5:\"basic\";s:5:\"value\";s:1:\"0\";}s:20:\"reply_locked_threads\";a:2:{s:4:\"type\";s:5:\"basic\";s:5:\"value\";s:1:\"0\";}s:19:\"allow_thread_extend\";a:2:{s:4:\"type\";s:5:\"basic\";s:5:\"value\";s:0:\"\";}s:10:\"post_check\";a:2:{s:4:\"type\";s:5:\"basic\";s:5:\"value\";s:1:\"0\";}s:14:\"threads_perday\";a:2:{s:4:\"type\";s:5:\"basic\";s:5:\"value\";s:1:\"0\";}s:16:\"thread_edit_time\";a:2:{s:4:\"type\";s:5:\"basic\";s:5:\"value\";s:1:\"0\";}s:12:\"post_pertime\";a:2:{s:4:\"type\";s:5:\"basic\";s:5:\"value\";s:0:\"\";}s:16:\"post_modify_time\";a:2:{s:4:\"type\";s:5:\"basic\";s:5:\"value\";s:0:\"\";}s:12:\"allow_upload\";a:2:{s:4:\"type\";s:5:\"basic\";s:5:\"value\";s:1:\"0\";}s:14:\"allow_download\";a:2:{s:4:\"type\";s:5:\"basic\";s:5:\"value\";s:1:\"0\";}s:14:\"uploads_perday\";a:2:{s:4:\"type\";s:5:\"basic\";s:5:\"value\";s:0:\"\";}s:12:\"sell_credits\";a:2:{s:4:\"type\";s:5:\"basic\";s:5:\"value\";s:0:\"\";}s:17:\"sell_credit_range\";a:2:{s:4:\"type\";s:5:\"basic\";s:5:\"value\";a:2:{s:8:\"maxprice\";s:2:\"10\";s:9:\"maxincome\";s:3:\"100\";}}s:14:\"enhide_credits\";a:2:{s:4:\"type\";s:5:\"basic\";s:5:\"value\";s:0:\"\";}s:10:\"allow_sign\";a:2:{s:4:\"type\";s:5:\"basic\";s:5:\"value\";s:1:\"0\";}s:15:\"look_thread_log\";a:2:{s:4:\"type\";s:5:\"basic\";s:5:\"value\";s:1:\"0\";}s:15:\"sign_max_height\";a:2:{s:4:\"type\";s:5:\"basic\";s:5:\"value\";s:0:\"\";}s:15:\"sign_max_length\";a:2:{s:4:\"type\";s:5:\"basic\";s:5:\"value\";s:0:\"\";}s:8:\"sign_ubb\";a:2:{s:4:\"type\";s:5:\"basic\";s:5:\"value\";s:1:\"0\";}s:12:\"sign_ubb_img\";a:2:{s:4:\"type\";s:5:\"basic\";s:5:\"value\";s:1:\"0\";}}}s:7:\"expires\";i:0;s:5:\"store\";i:1375435678;s:10:\"dependency\";N;s:15:\"dependencyclass\";s:0:\"\";}',0),('group_2','a:5:{s:4:\"data\";a:6:{s:3:\"gid\";s:1:\"2\";s:4:\"name\";s:6:\"游客\";s:4:\"type\";s:7:\"default\";s:5:\"image\";s:5:\"0.gif\";s:6:\"points\";s:1:\"0\";s:10:\"permission\";a:33:{s:14:\"allow_add_vote\";a:2:{s:4:\"type\";s:5:\"basic\";s:5:\"value\";s:1:\"0\";}s:22:\"allow_participate_vote\";a:2:{s:4:\"type\";s:5:\"basic\";s:5:\"value\";s:1:\"0\";}s:15:\"allow_view_vote\";a:2:{s:4:\"type\";s:5:\"basic\";s:5:\"value\";s:1:\"0\";}s:11:\"allow_visit\";a:2:{s:4:\"type\";s:5:\"basic\";s:5:\"value\";s:1:\"1\";}s:12:\"allow_report\";a:2:{s:4:\"type\";s:5:\"basic\";s:5:\"value\";s:1:\"0\";}s:15:\"view_ip_address\";a:2:{s:4:\"type\";s:5:\"basic\";s:5:\"value\";s:1:\"0\";}s:19:\"allow_publish_vedio\";a:2:{s:4:\"type\";s:5:\"basic\";s:5:\"value\";s:1:\"0\";}s:19:\"allow_publish_music\";a:2:{s:4:\"type\";s:5:\"basic\";s:5:\"value\";s:1:\"0\";}s:18:\"message_allow_send\";a:2:{s:4:\"type\";s:5:\"basic\";s:5:\"value\";s:1:\"0\";}s:16:\"message_max_send\";a:2:{s:4:\"type\";s:5:\"basic\";s:5:\"value\";s:0:\"\";}s:13:\"tag_allow_add\";a:2:{s:4:\"type\";s:5:\"basic\";s:5:\"value\";s:1:\"0\";}s:11:\"remind_open\";a:2:{s:4:\"type\";s:5:\"basic\";s:5:\"value\";s:1:\"0\";}s:14:\"remind_max_num\";a:2:{s:4:\"type\";s:5:\"basic\";s:5:\"value\";s:0:\"\";}s:16:\"invite_allow_buy\";a:2:{s:4:\"type\";s:5:\"basic\";s:5:\"value\";s:1:\"0\";}s:21:\"invite_buy_credit_num\";a:2:{s:4:\"type\";s:5:\"basic\";s:5:\"value\";s:0:\"\";}s:16:\"invite_limit_24h\";a:2:{s:4:\"type\";s:5:\"basic\";s:5:\"value\";s:0:\"\";}s:10:\"allow_read\";a:2:{s:4:\"type\";s:5:\"basic\";s:5:\"value\";s:1:\"1\";}s:10:\"allow_post\";a:2:{s:4:\"type\";s:5:\"basic\";s:5:\"value\";s:1:\"0\";}s:11:\"allow_reply\";a:2:{s:4:\"type\";s:5:\"basic\";s:5:\"value\";s:1:\"0\";}s:20:\"reply_locked_threads\";a:2:{s:4:\"type\";s:5:\"basic\";s:5:\"value\";s:1:\"0\";}s:19:\"allow_thread_extend\";a:2:{s:4:\"type\";s:5:\"basic\";s:5:\"value\";s:0:\"\";}s:10:\"post_check\";a:2:{s:4:\"type\";s:5:\"basic\";s:5:\"value\";s:1:\"0\";}s:14:\"threads_perday\";a:2:{s:4:\"type\";s:5:\"basic\";s:5:\"value\";s:1:\"0\";}s:16:\"thread_edit_time\";a:2:{s:4:\"type\";s:5:\"basic\";s:5:\"value\";s:1:\"0\";}s:12:\"post_pertime\";a:2:{s:4:\"type\";s:5:\"basic\";s:5:\"value\";s:0:\"\";}s:16:\"post_modify_time\";a:2:{s:4:\"type\";s:5:\"basic\";s:5:\"value\";s:0:\"\";}s:12:\"allow_upload\";a:2:{s:4:\"type\";s:5:\"basic\";s:5:\"value\";s:1:\"0\";}s:14:\"allow_download\";a:2:{s:4:\"type\";s:5:\"basic\";s:5:\"value\";s:1:\"0\";}s:14:\"uploads_perday\";a:2:{s:4:\"type\";s:5:\"basic\";s:5:\"value\";s:0:\"\";}s:12:\"sell_credits\";a:2:{s:4:\"type\";s:5:\"basic\";s:5:\"value\";s:0:\"\";}s:17:\"sell_credit_range\";a:2:{s:4:\"type\";s:5:\"basic\";s:5:\"value\";a:2:{s:8:\"maxprice\";s:2:\"10\";s:9:\"maxincome\";s:3:\"100\";}}s:14:\"enhide_credits\";a:2:{s:4:\"type\";s:5:\"basic\";s:5:\"value\";s:0:\"\";}s:10:\"allow_sign\";a:2:{s:4:\"type\";s:5:\"basic\";s:5:\"value\";s:1:\"0\";}}}s:7:\"expires\";i:0;s:5:\"store\";i:1375435678;s:10:\"dependency\";N;s:15:\"dependencyclass\";s:0:\"\";}',0),('group_3','a:5:{s:4:\"data\";a:6:{s:3:\"gid\";s:1:\"3\";s:4:\"name\";s:9:\"管理员\";s:4:\"type\";s:6:\"system\";s:5:\"image\";s:6:\"20.gif\";s:6:\"points\";s:1:\"0\";s:10:\"permission\";a:68:{s:14:\"allow_add_vote\";a:2:{s:4:\"type\";s:5:\"basic\";s:5:\"value\";s:1:\"0\";}s:14:\"allow_download\";a:2:{s:4:\"type\";s:5:\"basic\";s:5:\"value\";s:1:\"2\";}s:10:\"allow_hide\";a:2:{s:4:\"type\";s:5:\"basic\";s:5:\"value\";s:1:\"1\";}s:22:\"allow_participate_vote\";a:2:{s:4:\"type\";s:5:\"basic\";s:5:\"value\";s:1:\"0\";}s:10:\"allow_post\";a:2:{s:4:\"type\";s:5:\"basic\";s:5:\"value\";s:1:\"1\";}s:16:\"allow_publish_at\";a:2:{s:4:\"type\";s:5:\"basic\";s:5:\"value\";s:1:\"1\";}s:19:\"allow_publish_music\";a:2:{s:4:\"type\";s:5:\"basic\";s:5:\"value\";s:1:\"1\";}s:17:\"allow_publish_tag\";a:2:{s:4:\"type\";s:5:\"basic\";s:5:\"value\";s:1:\"0\";}s:19:\"allow_publish_vedio\";a:2:{s:4:\"type\";s:5:\"basic\";s:5:\"value\";s:1:\"1\";}s:10:\"allow_read\";a:2:{s:4:\"type\";s:5:\"basic\";s:5:\"value\";s:1:\"1\";}s:11:\"allow_reply\";a:2:{s:4:\"type\";s:5:\"basic\";s:5:\"value\";s:1:\"1\";}s:12:\"allow_report\";a:2:{s:4:\"type\";s:5:\"basic\";s:5:\"value\";s:1:\"1\";}s:10:\"allow_sign\";a:2:{s:4:\"type\";s:5:\"basic\";s:5:\"value\";s:1:\"1\";}s:19:\"allow_thread_extend\";a:2:{s:4:\"type\";s:5:\"basic\";s:5:\"value\";a:2:{s:4:\"sell\";s:1:\"1\";s:4:\"hide\";s:1:\"1\";}}s:12:\"allow_upload\";a:2:{s:4:\"type\";s:5:\"basic\";s:5:\"value\";s:1:\"2\";}s:15:\"allow_view_vote\";a:2:{s:4:\"type\";s:5:\"basic\";s:5:\"value\";s:1:\"0\";}s:11:\"allow_visit\";a:2:{s:4:\"type\";s:5:\"basic\";s:5:\"value\";s:1:\"1\";}s:14:\"allow_windcode\";a:2:{s:4:\"type\";s:5:\"basic\";s:5:\"value\";s:1:\"1\";}s:15:\"allow_windflash\";a:2:{s:4:\"type\";s:5:\"basic\";s:5:\"value\";s:1:\"1\";}s:16:\"allow_windheight\";a:2:{s:4:\"type\";s:5:\"basic\";s:5:\"value\";s:1:\"0\";}s:13:\"allow_windimg\";a:2:{s:4:\"type\";s:5:\"basic\";s:5:\"value\";s:1:\"1\";}s:20:\"content_length_range\";a:2:{s:4:\"type\";s:5:\"basic\";s:5:\"value\";a:2:{s:3:\"min\";s:1:\"3\";s:3:\"max\";s:4:\"5000\";}}s:19:\"design_allow_manage\";a:2:{s:4:\"type\";s:6:\"system\";s:5:\"value\";a:1:{s:4:\"push\";s:1:\"4\";}}s:14:\"enhide_credits\";a:2:{s:4:\"type\";s:5:\"basic\";s:5:\"value\";a:3:{i:1;s:1:\"1\";i:2;s:1:\"2\";i:3;s:1:\"3\";}}s:20:\"force_operate_reason\";a:2:{s:4:\"type\";s:6:\"system\";s:5:\"value\";s:1:\"1\";}s:16:\"invite_allow_buy\";a:2:{s:4:\"type\";s:5:\"basic\";s:5:\"value\";s:1:\"1\";}s:21:\"invite_buy_credit_num\";a:2:{s:4:\"type\";s:5:\"basic\";s:5:\"value\";s:2:\"10\";}s:16:\"invite_limit_24h\";a:2:{s:4:\"type\";s:5:\"basic\";s:5:\"value\";s:4:\"1000\";}s:11:\"login_types\";a:2:{s:4:\"type\";s:5:\"basic\";s:5:\"value\";a:1:{s:8:\"username\";s:1:\"1\";}}s:13:\"max_bookmarks\";a:2:{s:4:\"type\";s:5:\"basic\";s:5:\"value\";s:1:\"2\";}s:10:\"max_drafts\";a:2:{s:4:\"type\";s:5:\"basic\";s:5:\"value\";s:1:\"0\";}s:16:\"max_title_length\";a:2:{s:4:\"type\";s:5:\"basic\";s:5:\"value\";s:2:\"50\";}s:18:\"message_allow_send\";a:2:{s:4:\"type\";s:5:\"basic\";s:5:\"value\";s:1:\"1\";}s:16:\"message_max_send\";a:2:{s:4:\"type\";s:5:\"basic\";s:5:\"value\";s:3:\"500\";}s:20:\"multimedia_auto_open\";a:2:{s:4:\"type\";s:5:\"basic\";s:5:\"value\";a:4:{s:5:\"flash\";s:1:\"1\";s:3:\"wmv\";s:1:\"1\";s:2:\"rm\";s:1:\"1\";s:3:\"mp3\";s:1:\"1\";}}s:12:\"manage_level\";a:2:{s:4:\"type\";s:6:\"system\";s:5:\"value\";s:3:\"100\";}s:14:\"operate_thread\";a:2:{s:4:\"type\";s:11:\"systemforum\";s:5:\"value\";a:18:{s:6:\"digest\";s:1:\"1\";s:9:\"highlight\";s:1:\"1\";s:4:\"type\";s:1:\"1\";s:4:\"move\";s:1:\"1\";s:4:\"read\";s:1:\"1\";s:4:\"edit\";s:1:\"1\";s:4:\"copy\";s:1:\"1\";s:6:\"delete\";s:1:\"1\";s:4:\"lock\";s:1:\"1\";s:4:\"down\";s:1:\"1\";s:6:\"shield\";s:1:\"1\";s:9:\"deleteatt\";s:1:\"1\";s:11:\"toppedreply\";s:1:\"1\";s:3:\"ban\";s:1:\"1\";s:2:\"up\";s:1:\"1\";s:7:\"up_time\";s:2:\"72\";s:6:\"topped\";s:1:\"1\";s:11:\"topped_type\";s:1:\"3\";}}s:12:\"fresh_delete\";a:2:{s:4:\"type\";s:6:\"system\";s:5:\"value\";s:1:\"1\";}s:16:\"panel_bbs_manage\";a:2:{s:4:\"type\";s:6:\"system\";s:5:\"value\";a:1:{s:12:\"thread_check\";s:1:\"1\";}}s:16:\"panel_log_manage\";a:2:{s:4:\"type\";s:6:\"system\";s:5:\"value\";a:1:{s:10:\"log_manage\";s:1:\"1\";}}s:20:\"panel_recycle_manage\";a:2:{s:4:\"type\";s:6:\"system\";s:5:\"value\";a:1:{s:7:\"recycle\";s:1:\"1\";}}s:19:\"panel_report_manage\";a:2:{s:4:\"type\";s:6:\"system\";s:5:\"value\";a:1:{s:13:\"report_manage\";s:1:\"1\";}}s:17:\"panel_user_manage\";a:2:{s:4:\"type\";s:6:\"system\";s:5:\"value\";a:1:{s:10:\"user_check\";s:1:\"1\";}}s:19:\"password_limit_time\";a:2:{s:4:\"type\";s:5:\"basic\";s:5:\"value\";s:2:\"11\";}s:10:\"post_check\";a:2:{s:4:\"type\";s:5:\"basic\";s:5:\"value\";s:1:\"2\";}s:16:\"post_modify_time\";a:2:{s:4:\"type\";s:5:\"basic\";s:5:\"value\";s:1:\"0\";}s:12:\"post_pertime\";a:2:{s:4:\"type\";s:5:\"basic\";s:5:\"value\";s:1:\"0\";}s:12:\"post_url_num\";a:2:{s:4:\"type\";s:5:\"basic\";s:5:\"value\";s:1:\"0\";}s:15:\"remote_download\";a:2:{s:4:\"type\";s:5:\"basic\";s:5:\"value\";s:1:\"1\";}s:20:\"reply_locked_threads\";a:2:{s:4:\"type\";s:5:\"basic\";s:5:\"value\";s:1:\"1\";}s:12:\"sell_credits\";a:2:{s:4:\"type\";s:5:\"basic\";s:5:\"value\";a:3:{i:1;s:1:\"1\";i:2;s:1:\"2\";i:3;s:1:\"3\";}}s:17:\"sell_credit_range\";a:2:{s:4:\"type\";s:5:\"basic\";s:5:\"value\";a:2:{s:8:\"maxprice\";s:2:\"10\";s:9:\"maxincome\";s:3:\"100\";}}s:9:\"sign_cost\";a:2:{s:4:\"type\";s:5:\"basic\";s:5:\"value\";a:2:{s:5:\"costs\";s:0:\"\";s:8:\"creditid\";s:1:\"1\";}}s:13:\"tag_allow_add\";a:2:{s:4:\"type\";s:5:\"basic\";s:5:\"value\";s:1:\"1\";}s:14:\"tag_allow_edit\";a:2:{s:4:\"type\";s:6:\"system\";s:5:\"value\";s:1:\"1\";}s:16:\"tag_allow_manage\";a:2:{s:4:\"type\";s:6:\"system\";s:5:\"value\";s:1:\"1\";}s:14:\"threads_perday\";a:2:{s:4:\"type\";s:5:\"basic\";s:5:\"value\";s:1:\"0\";}s:12:\"thread_award\";a:2:{s:4:\"type\";s:5:\"basic\";s:5:\"value\";s:1:\"1\";}s:13:\"thread_delete\";a:2:{s:4:\"type\";s:5:\"basic\";s:5:\"value\";s:1:\"0\";}s:16:\"thread_edit_time\";a:2:{s:4:\"type\";s:5:\"basic\";s:5:\"value\";s:1:\"0\";}s:14:\"uploads_perday\";a:2:{s:4:\"type\";s:5:\"basic\";s:5:\"value\";s:1:\"0\";}s:17:\"upload_file_types\";a:2:{s:4:\"type\";s:5:\"basic\";s:5:\"value\";s:1:\"0\";}s:12:\"user_binding\";a:2:{s:4:\"type\";s:5:\"basic\";s:5:\"value\";s:1:\"1\";}s:21:\"view_group_permission\";a:2:{s:4:\"type\";s:5:\"basic\";s:5:\"value\";a:1:{i:0;s:1:\"1\";}}s:16:\"view_member_list\";a:2:{s:4:\"type\";s:5:\"basic\";s:5:\"value\";s:1:\"0\";}s:15:\"view_ip_address\";a:2:{s:4:\"type\";s:5:\"basic\";s:5:\"value\";s:1:\"1\";}s:11:\"remind_open\";a:2:{s:4:\"type\";s:5:\"basic\";s:5:\"value\";s:1:\"1\";}s:14:\"remind_max_num\";a:2:{s:4:\"type\";s:5:\"basic\";s:5:\"value\";s:2:\"10\";}}}s:7:\"expires\";i:0;s:5:\"store\";i:1375435678;s:10:\"dependency\";N;s:15:\"dependencyclass\";s:0:\"\";}',0),('group_4','a:5:{s:4:\"data\";a:6:{s:3:\"gid\";s:1:\"4\";s:4:\"name\";s:9:\"总版主\";s:4:\"type\";s:6:\"system\";s:5:\"image\";s:6:\"19.gif\";s:6:\"points\";s:1:\"0\";s:10:\"permission\";a:67:{s:14:\"allow_add_vote\";a:2:{s:4:\"type\";s:5:\"basic\";s:5:\"value\";s:1:\"0\";}s:14:\"allow_download\";a:2:{s:4:\"type\";s:5:\"basic\";s:5:\"value\";s:1:\"2\";}s:10:\"allow_hide\";a:2:{s:4:\"type\";s:5:\"basic\";s:5:\"value\";s:1:\"0\";}s:22:\"allow_participate_vote\";a:2:{s:4:\"type\";s:5:\"basic\";s:5:\"value\";s:1:\"0\";}s:10:\"allow_post\";a:2:{s:4:\"type\";s:5:\"basic\";s:5:\"value\";s:1:\"1\";}s:16:\"allow_publish_at\";a:2:{s:4:\"type\";s:5:\"basic\";s:5:\"value\";s:1:\"0\";}s:19:\"allow_publish_music\";a:2:{s:4:\"type\";s:5:\"basic\";s:5:\"value\";s:1:\"1\";}s:17:\"allow_publish_tag\";a:2:{s:4:\"type\";s:5:\"basic\";s:5:\"value\";s:1:\"0\";}s:19:\"allow_publish_vedio\";a:2:{s:4:\"type\";s:5:\"basic\";s:5:\"value\";s:1:\"1\";}s:10:\"allow_read\";a:2:{s:4:\"type\";s:5:\"basic\";s:5:\"value\";s:1:\"1\";}s:11:\"allow_reply\";a:2:{s:4:\"type\";s:5:\"basic\";s:5:\"value\";s:1:\"1\";}s:12:\"allow_report\";a:2:{s:4:\"type\";s:5:\"basic\";s:5:\"value\";s:1:\"1\";}s:10:\"allow_sign\";a:2:{s:4:\"type\";s:5:\"basic\";s:5:\"value\";s:1:\"1\";}s:19:\"allow_thread_extend\";a:2:{s:4:\"type\";s:5:\"basic\";s:5:\"value\";a:2:{s:4:\"sell\";s:1:\"1\";s:4:\"hide\";s:1:\"1\";}}s:12:\"allow_upload\";a:2:{s:4:\"type\";s:5:\"basic\";s:5:\"value\";s:1:\"2\";}s:15:\"allow_view_vote\";a:2:{s:4:\"type\";s:5:\"basic\";s:5:\"value\";s:1:\"0\";}s:11:\"allow_visit\";a:2:{s:4:\"type\";s:5:\"basic\";s:5:\"value\";s:1:\"1\";}s:14:\"allow_windcode\";a:2:{s:4:\"type\";s:5:\"basic\";s:5:\"value\";s:1:\"0\";}s:15:\"allow_windflash\";a:2:{s:4:\"type\";s:5:\"basic\";s:5:\"value\";s:1:\"0\";}s:16:\"allow_windheight\";a:2:{s:4:\"type\";s:5:\"basic\";s:5:\"value\";s:1:\"0\";}s:13:\"allow_windimg\";a:2:{s:4:\"type\";s:5:\"basic\";s:5:\"value\";s:1:\"0\";}s:20:\"content_length_range\";a:2:{s:4:\"type\";s:5:\"basic\";s:5:\"value\";a:2:{s:3:\"min\";s:0:\"\";s:3:\"max\";s:0:\"\";}}s:14:\"enhide_credits\";a:2:{s:4:\"type\";s:5:\"basic\";s:5:\"value\";a:3:{i:1;s:1:\"1\";i:2;s:1:\"2\";i:3;s:1:\"3\";}}s:20:\"force_operate_reason\";a:2:{s:4:\"type\";s:6:\"system\";s:5:\"value\";s:1:\"1\";}s:16:\"invite_allow_buy\";a:2:{s:4:\"type\";s:5:\"basic\";s:5:\"value\";s:1:\"1\";}s:21:\"invite_buy_credit_num\";a:2:{s:4:\"type\";s:5:\"basic\";s:5:\"value\";s:2:\"10\";}s:16:\"invite_limit_24h\";a:2:{s:4:\"type\";s:5:\"basic\";s:5:\"value\";s:3:\"100\";}s:11:\"login_types\";a:2:{s:4:\"type\";s:5:\"basic\";s:5:\"value\";s:1:\"0\";}s:13:\"max_bookmarks\";a:2:{s:4:\"type\";s:5:\"basic\";s:5:\"value\";s:1:\"0\";}s:10:\"max_drafts\";a:2:{s:4:\"type\";s:5:\"basic\";s:5:\"value\";s:1:\"0\";}s:16:\"max_title_length\";a:2:{s:4:\"type\";s:5:\"basic\";s:5:\"value\";s:1:\"0\";}s:18:\"message_allow_send\";a:2:{s:4:\"type\";s:5:\"basic\";s:5:\"value\";s:1:\"1\";}s:16:\"message_max_send\";a:2:{s:4:\"type\";s:5:\"basic\";s:5:\"value\";s:3:\"300\";}s:20:\"multimedia_auto_open\";a:2:{s:4:\"type\";s:5:\"basic\";s:5:\"value\";s:1:\"0\";}s:12:\"manage_level\";a:2:{s:4:\"type\";s:6:\"system\";s:5:\"value\";s:2:\"99\";}s:14:\"operate_thread\";a:2:{s:4:\"type\";s:11:\"systemforum\";s:5:\"value\";a:18:{s:6:\"digest\";s:1:\"1\";s:9:\"highlight\";s:1:\"1\";s:4:\"type\";s:1:\"1\";s:4:\"move\";s:1:\"1\";s:4:\"read\";s:1:\"1\";s:4:\"edit\";s:1:\"1\";s:4:\"copy\";s:1:\"1\";s:6:\"delete\";s:1:\"1\";s:4:\"lock\";s:1:\"1\";s:4:\"down\";s:1:\"1\";s:6:\"shield\";s:1:\"1\";s:9:\"deleteatt\";s:1:\"1\";s:11:\"toppedreply\";s:1:\"1\";s:3:\"ban\";s:1:\"1\";s:2:\"up\";s:1:\"1\";s:7:\"up_time\";s:2:\"24\";s:6:\"topped\";s:1:\"1\";s:11:\"topped_type\";s:1:\"2\";}}s:19:\"password_limit_time\";a:2:{s:4:\"type\";s:5:\"basic\";s:5:\"value\";s:1:\"0\";}s:10:\"post_check\";a:2:{s:4:\"type\";s:5:\"basic\";s:5:\"value\";s:1:\"1\";}s:16:\"post_modify_time\";a:2:{s:4:\"type\";s:5:\"basic\";s:5:\"value\";s:1:\"0\";}s:12:\"post_pertime\";a:2:{s:4:\"type\";s:5:\"basic\";s:5:\"value\";s:1:\"0\";}s:12:\"post_url_num\";a:2:{s:4:\"type\";s:5:\"basic\";s:5:\"value\";s:1:\"0\";}s:15:\"remote_download\";a:2:{s:4:\"type\";s:5:\"basic\";s:5:\"value\";s:1:\"1\";}s:20:\"reply_locked_threads\";a:2:{s:4:\"type\";s:5:\"basic\";s:5:\"value\";s:1:\"1\";}s:12:\"sell_credits\";a:2:{s:4:\"type\";s:5:\"basic\";s:5:\"value\";a:3:{i:1;s:1:\"1\";i:2;s:1:\"2\";i:3;s:1:\"3\";}}s:17:\"sell_credit_range\";a:2:{s:4:\"type\";s:5:\"basic\";s:5:\"value\";a:2:{s:8:\"maxprice\";s:2:\"10\";s:9:\"maxincome\";s:3:\"100\";}}s:9:\"sign_cost\";a:2:{s:4:\"type\";s:5:\"basic\";s:5:\"value\";a:2:{s:5:\"costs\";s:0:\"\";s:8:\"creditid\";s:1:\"1\";}}s:13:\"tag_allow_add\";a:2:{s:4:\"type\";s:5:\"basic\";s:5:\"value\";s:1:\"1\";}s:14:\"tag_allow_edit\";a:2:{s:4:\"type\";s:6:\"system\";s:5:\"value\";s:1:\"1\";}s:16:\"tag_allow_manage\";a:2:{s:4:\"type\";s:6:\"system\";s:5:\"value\";s:1:\"1\";}s:14:\"threads_perday\";a:2:{s:4:\"type\";s:5:\"basic\";s:5:\"value\";s:1:\"0\";}s:12:\"thread_award\";a:2:{s:4:\"type\";s:5:\"basic\";s:5:\"value\";s:1:\"1\";}s:13:\"thread_delete\";a:2:{s:4:\"type\";s:5:\"basic\";s:5:\"value\";s:1:\"0\";}s:16:\"thread_edit_time\";a:2:{s:4:\"type\";s:5:\"basic\";s:5:\"value\";s:1:\"0\";}s:14:\"uploads_perday\";a:2:{s:4:\"type\";s:5:\"basic\";s:5:\"value\";s:1:\"0\";}s:17:\"upload_file_types\";a:2:{s:4:\"type\";s:5:\"basic\";s:5:\"value\";s:1:\"0\";}s:12:\"user_binding\";a:2:{s:4:\"type\";s:5:\"basic\";s:5:\"value\";s:1:\"0\";}s:16:\"view_member_list\";a:2:{s:4:\"type\";s:5:\"basic\";s:5:\"value\";s:1:\"0\";}s:15:\"view_ip_address\";a:2:{s:4:\"type\";s:5:\"basic\";s:5:\"value\";s:1:\"1\";}s:11:\"remind_open\";a:2:{s:4:\"type\";s:5:\"basic\";s:5:\"value\";s:1:\"1\";}s:14:\"remind_max_num\";a:2:{s:4:\"type\";s:5:\"basic\";s:5:\"value\";s:2:\"10\";}s:12:\"fresh_delete\";a:2:{s:4:\"type\";s:6:\"system\";s:5:\"value\";s:1:\"1\";}s:19:\"design_allow_manage\";a:2:{s:4:\"type\";s:6:\"system\";s:5:\"value\";a:1:{s:4:\"push\";s:1:\"4\";}}s:16:\"panel_bbs_manage\";a:2:{s:4:\"type\";s:6:\"system\";s:5:\"value\";a:1:{s:12:\"thread_check\";s:1:\"1\";}}s:17:\"panel_user_manage\";a:2:{s:4:\"type\";s:6:\"system\";s:5:\"value\";a:1:{s:10:\"user_check\";s:1:\"1\";}}s:19:\"panel_report_manage\";a:2:{s:4:\"type\";s:6:\"system\";s:5:\"value\";a:1:{s:13:\"report_manage\";s:1:\"1\";}}s:20:\"panel_recycle_manage\";a:2:{s:4:\"type\";s:6:\"system\";s:5:\"value\";a:1:{s:7:\"recycle\";s:1:\"1\";}}s:16:\"panel_log_manage\";a:2:{s:4:\"type\";s:6:\"system\";s:5:\"value\";a:1:{s:10:\"log_manage\";s:1:\"1\";}}}}s:7:\"expires\";i:0;s:5:\"store\";i:1375435678;s:10:\"dependency\";N;s:15:\"dependencyclass\";s:0:\"\";}',0),('group_5','a:5:{s:4:\"data\";a:6:{s:3:\"gid\";s:1:\"5\";s:4:\"name\";s:12:\"论坛版主\";s:4:\"type\";s:6:\"system\";s:5:\"image\";s:6:\"18.gif\";s:6:\"points\";s:1:\"0\";s:10:\"permission\";a:59:{s:12:\"manage_level\";a:2:{s:4:\"type\";s:6:\"system\";s:5:\"value\";s:2:\"98\";}s:14:\"operate_thread\";a:2:{s:4:\"type\";s:11:\"systemforum\";s:5:\"value\";a:18:{s:6:\"digest\";s:1:\"1\";s:9:\"highlight\";s:1:\"1\";s:4:\"type\";s:1:\"1\";s:4:\"move\";s:1:\"1\";s:4:\"read\";s:1:\"1\";s:4:\"edit\";s:1:\"1\";s:4:\"copy\";s:1:\"1\";s:6:\"delete\";s:1:\"1\";s:4:\"lock\";s:1:\"1\";s:4:\"down\";s:1:\"1\";s:6:\"shield\";s:1:\"1\";s:9:\"deleteatt\";s:1:\"1\";s:11:\"toppedreply\";s:1:\"1\";s:3:\"ban\";s:1:\"1\";s:2:\"up\";s:1:\"1\";s:7:\"up_time\";s:2:\"12\";s:6:\"topped\";s:1:\"1\";s:11:\"topped_type\";s:1:\"1\";}}s:14:\"allow_add_vote\";a:2:{s:4:\"type\";s:5:\"basic\";s:5:\"value\";s:1:\"0\";}s:14:\"allow_download\";a:2:{s:4:\"type\";s:5:\"basic\";s:5:\"value\";s:1:\"1\";}s:22:\"allow_participate_vote\";a:2:{s:4:\"type\";s:5:\"basic\";s:5:\"value\";s:1:\"0\";}s:10:\"allow_post\";a:2:{s:4:\"type\";s:5:\"basic\";s:5:\"value\";s:1:\"1\";}s:16:\"allow_publish_at\";a:2:{s:4:\"type\";s:5:\"basic\";s:5:\"value\";s:1:\"0\";}s:19:\"allow_publish_music\";a:2:{s:4:\"type\";s:5:\"basic\";s:5:\"value\";s:1:\"1\";}s:17:\"allow_publish_tag\";a:2:{s:4:\"type\";s:5:\"basic\";s:5:\"value\";s:1:\"0\";}s:19:\"allow_publish_vedio\";a:2:{s:4:\"type\";s:5:\"basic\";s:5:\"value\";s:1:\"1\";}s:10:\"allow_read\";a:2:{s:4:\"type\";s:5:\"basic\";s:5:\"value\";s:1:\"1\";}s:11:\"allow_reply\";a:2:{s:4:\"type\";s:5:\"basic\";s:5:\"value\";s:1:\"1\";}s:12:\"allow_report\";a:2:{s:4:\"type\";s:5:\"basic\";s:5:\"value\";s:1:\"1\";}s:10:\"allow_sign\";a:2:{s:4:\"type\";s:5:\"basic\";s:5:\"value\";s:1:\"1\";}s:19:\"allow_thread_extend\";a:2:{s:4:\"type\";s:5:\"basic\";s:5:\"value\";a:2:{s:4:\"sell\";s:1:\"1\";s:4:\"hide\";s:1:\"1\";}}s:12:\"allow_upload\";a:2:{s:4:\"type\";s:5:\"basic\";s:5:\"value\";s:1:\"1\";}s:15:\"allow_view_vote\";a:2:{s:4:\"type\";s:5:\"basic\";s:5:\"value\";s:1:\"0\";}s:11:\"allow_visit\";a:2:{s:4:\"type\";s:5:\"basic\";s:5:\"value\";s:1:\"1\";}s:14:\"allow_windcode\";a:2:{s:4:\"type\";s:5:\"basic\";s:5:\"value\";s:1:\"0\";}s:15:\"allow_windflash\";a:2:{s:4:\"type\";s:5:\"basic\";s:5:\"value\";s:1:\"0\";}s:16:\"allow_windheight\";a:2:{s:4:\"type\";s:5:\"basic\";s:5:\"value\";s:1:\"0\";}s:13:\"allow_windimg\";a:2:{s:4:\"type\";s:5:\"basic\";s:5:\"value\";s:1:\"0\";}s:20:\"content_length_range\";a:2:{s:4:\"type\";s:5:\"basic\";s:5:\"value\";a:2:{s:3:\"min\";s:0:\"\";s:3:\"max\";s:0:\"\";}}s:14:\"enhide_credits\";a:2:{s:4:\"type\";s:5:\"basic\";s:5:\"value\";a:3:{i:1;s:1:\"1\";i:2;s:1:\"2\";i:3;s:1:\"3\";}}s:16:\"invite_allow_buy\";a:2:{s:4:\"type\";s:5:\"basic\";s:5:\"value\";s:1:\"1\";}s:21:\"invite_buy_credit_num\";a:2:{s:4:\"type\";s:5:\"basic\";s:5:\"value\";s:2:\"10\";}s:16:\"invite_limit_24h\";a:2:{s:4:\"type\";s:5:\"basic\";s:5:\"value\";s:3:\"100\";}s:16:\"max_title_length\";a:2:{s:4:\"type\";s:5:\"basic\";s:5:\"value\";s:1:\"0\";}s:18:\"message_allow_send\";a:2:{s:4:\"type\";s:5:\"basic\";s:5:\"value\";s:1:\"1\";}s:16:\"message_max_send\";a:2:{s:4:\"type\";s:5:\"basic\";s:5:\"value\";s:3:\"300\";}s:10:\"post_check\";a:2:{s:4:\"type\";s:5:\"basic\";s:5:\"value\";s:1:\"2\";}s:16:\"post_modify_time\";a:2:{s:4:\"type\";s:5:\"basic\";s:5:\"value\";s:1:\"0\";}s:12:\"post_pertime\";a:2:{s:4:\"type\";s:5:\"basic\";s:5:\"value\";s:1:\"0\";}s:12:\"post_url_num\";a:2:{s:4:\"type\";s:5:\"basic\";s:5:\"value\";s:1:\"0\";}s:15:\"remote_download\";a:2:{s:4:\"type\";s:5:\"basic\";s:5:\"value\";s:1:\"0\";}s:20:\"reply_locked_threads\";a:2:{s:4:\"type\";s:5:\"basic\";s:5:\"value\";s:1:\"1\";}s:12:\"sell_credits\";a:2:{s:4:\"type\";s:5:\"basic\";s:5:\"value\";a:3:{i:1;s:1:\"1\";i:2;s:1:\"2\";i:3;s:1:\"3\";}}s:17:\"sell_credit_range\";a:2:{s:4:\"type\";s:5:\"basic\";s:5:\"value\";a:2:{s:8:\"maxprice\";s:2:\"10\";s:9:\"maxincome\";s:3:\"300\";}}s:9:\"sign_cost\";a:2:{s:4:\"type\";s:5:\"basic\";s:5:\"value\";a:2:{s:5:\"costs\";s:0:\"\";s:8:\"creditid\";s:1:\"1\";}}s:13:\"tag_allow_add\";a:2:{s:4:\"type\";s:5:\"basic\";s:5:\"value\";s:1:\"1\";}s:14:\"tag_allow_edit\";a:2:{s:4:\"type\";s:6:\"system\";s:5:\"value\";s:1:\"1\";}s:16:\"tag_allow_manage\";a:2:{s:4:\"type\";s:6:\"system\";s:5:\"value\";s:1:\"0\";}s:14:\"threads_perday\";a:2:{s:4:\"type\";s:5:\"basic\";s:5:\"value\";s:1:\"0\";}s:12:\"thread_award\";a:2:{s:4:\"type\";s:5:\"basic\";s:5:\"value\";s:1:\"0\";}s:16:\"thread_edit_time\";a:2:{s:4:\"type\";s:5:\"basic\";s:5:\"value\";s:1:\"0\";}s:14:\"uploads_perday\";a:2:{s:4:\"type\";s:5:\"basic\";s:5:\"value\";s:1:\"0\";}s:17:\"upload_file_types\";a:2:{s:4:\"type\";s:5:\"basic\";s:5:\"value\";s:1:\"0\";}s:12:\"user_binding\";a:2:{s:4:\"type\";s:5:\"basic\";s:5:\"value\";s:1:\"0\";}s:15:\"view_ip_address\";a:2:{s:4:\"type\";s:5:\"basic\";s:5:\"value\";s:1:\"1\";}s:11:\"remind_open\";a:2:{s:4:\"type\";s:5:\"basic\";s:5:\"value\";s:1:\"1\";}s:14:\"remind_max_num\";a:2:{s:4:\"type\";s:5:\"basic\";s:5:\"value\";s:2:\"30\";}s:20:\"force_operate_reason\";a:2:{s:4:\"type\";s:6:\"system\";s:5:\"value\";s:1:\"1\";}s:12:\"fresh_delete\";a:2:{s:4:\"type\";s:6:\"system\";s:5:\"value\";s:1:\"0\";}s:19:\"design_allow_manage\";a:2:{s:4:\"type\";s:6:\"system\";s:5:\"value\";a:1:{s:4:\"push\";s:1:\"1\";}}s:16:\"panel_bbs_manage\";a:2:{s:4:\"type\";s:6:\"system\";s:5:\"value\";a:1:{s:12:\"thread_check\";s:1:\"1\";}}s:17:\"panel_user_manage\";a:2:{s:4:\"type\";s:6:\"system\";s:5:\"value\";a:1:{s:10:\"user_check\";s:1:\"1\";}}s:19:\"panel_report_manage\";a:2:{s:4:\"type\";s:6:\"system\";s:5:\"value\";a:1:{s:13:\"report_manage\";s:1:\"1\";}}s:20:\"panel_recycle_manage\";a:2:{s:4:\"type\";s:6:\"system\";s:5:\"value\";a:1:{s:7:\"recycle\";s:1:\"1\";}}s:16:\"panel_log_manage\";a:2:{s:4:\"type\";s:6:\"system\";s:5:\"value\";s:0:\"\";}}}s:7:\"expires\";i:0;s:5:\"store\";i:1375435678;s:10:\"dependency\";N;s:15:\"dependencyclass\";s:0:\"\";}',0),('group_6','a:5:{s:4:\"data\";a:6:{s:3:\"gid\";s:1:\"6\";s:4:\"name\";s:12:\"禁止发言\";s:4:\"type\";s:7:\"default\";s:5:\"image\";s:5:\"0.gif\";s:6:\"points\";s:1:\"0\";s:10:\"permission\";a:33:{s:14:\"allow_add_vote\";a:2:{s:4:\"type\";s:5:\"basic\";s:5:\"value\";s:1:\"0\";}s:22:\"allow_participate_vote\";a:2:{s:4:\"type\";s:5:\"basic\";s:5:\"value\";s:1:\"0\";}s:15:\"allow_view_vote\";a:2:{s:4:\"type\";s:5:\"basic\";s:5:\"value\";s:1:\"0\";}s:11:\"allow_visit\";a:2:{s:4:\"type\";s:5:\"basic\";s:5:\"value\";s:1:\"1\";}s:12:\"allow_report\";a:2:{s:4:\"type\";s:5:\"basic\";s:5:\"value\";s:1:\"0\";}s:15:\"view_ip_address\";a:2:{s:4:\"type\";s:5:\"basic\";s:5:\"value\";s:1:\"0\";}s:19:\"allow_publish_vedio\";a:2:{s:4:\"type\";s:5:\"basic\";s:5:\"value\";s:1:\"0\";}s:19:\"allow_publish_music\";a:2:{s:4:\"type\";s:5:\"basic\";s:5:\"value\";s:1:\"0\";}s:18:\"message_allow_send\";a:2:{s:4:\"type\";s:5:\"basic\";s:5:\"value\";s:1:\"1\";}s:16:\"message_max_send\";a:2:{s:4:\"type\";s:5:\"basic\";s:5:\"value\";s:1:\"5\";}s:13:\"tag_allow_add\";a:2:{s:4:\"type\";s:5:\"basic\";s:5:\"value\";s:1:\"0\";}s:11:\"remind_open\";a:2:{s:4:\"type\";s:5:\"basic\";s:5:\"value\";s:1:\"0\";}s:14:\"remind_max_num\";a:2:{s:4:\"type\";s:5:\"basic\";s:5:\"value\";s:0:\"\";}s:16:\"invite_allow_buy\";a:2:{s:4:\"type\";s:5:\"basic\";s:5:\"value\";s:1:\"0\";}s:21:\"invite_buy_credit_num\";a:2:{s:4:\"type\";s:5:\"basic\";s:5:\"value\";s:0:\"\";}s:16:\"invite_limit_24h\";a:2:{s:4:\"type\";s:5:\"basic\";s:5:\"value\";s:0:\"\";}s:10:\"allow_read\";a:2:{s:4:\"type\";s:5:\"basic\";s:5:\"value\";s:1:\"1\";}s:10:\"allow_post\";a:2:{s:4:\"type\";s:5:\"basic\";s:5:\"value\";s:1:\"0\";}s:11:\"allow_reply\";a:2:{s:4:\"type\";s:5:\"basic\";s:5:\"value\";s:1:\"0\";}s:20:\"reply_locked_threads\";a:2:{s:4:\"type\";s:5:\"basic\";s:5:\"value\";s:1:\"0\";}s:19:\"allow_thread_extend\";a:2:{s:4:\"type\";s:5:\"basic\";s:5:\"value\";s:0:\"\";}s:10:\"post_check\";a:2:{s:4:\"type\";s:5:\"basic\";s:5:\"value\";s:1:\"0\";}s:14:\"threads_perday\";a:2:{s:4:\"type\";s:5:\"basic\";s:5:\"value\";s:1:\"0\";}s:16:\"thread_edit_time\";a:2:{s:4:\"type\";s:5:\"basic\";s:5:\"value\";s:1:\"0\";}s:12:\"post_pertime\";a:2:{s:4:\"type\";s:5:\"basic\";s:5:\"value\";s:0:\"\";}s:16:\"post_modify_time\";a:2:{s:4:\"type\";s:5:\"basic\";s:5:\"value\";s:0:\"\";}s:12:\"allow_upload\";a:2:{s:4:\"type\";s:5:\"basic\";s:5:\"value\";s:1:\"0\";}s:14:\"allow_download\";a:2:{s:4:\"type\";s:5:\"basic\";s:5:\"value\";s:1:\"0\";}s:14:\"uploads_perday\";a:2:{s:4:\"type\";s:5:\"basic\";s:5:\"value\";s:0:\"\";}s:12:\"sell_credits\";a:2:{s:4:\"type\";s:5:\"basic\";s:5:\"value\";s:0:\"\";}s:17:\"sell_credit_range\";a:2:{s:4:\"type\";s:5:\"basic\";s:5:\"value\";a:2:{s:8:\"maxprice\";s:2:\"10\";s:9:\"maxincome\";s:3:\"100\";}}s:14:\"enhide_credits\";a:2:{s:4:\"type\";s:5:\"basic\";s:5:\"value\";s:0:\"\";}s:10:\"allow_sign\";a:2:{s:4:\"type\";s:5:\"basic\";s:5:\"value\";s:1:\"0\";}}}s:7:\"expires\";i:0;s:5:\"store\";i:1375435678;s:10:\"dependency\";N;s:15:\"dependencyclass\";s:0:\"\";}',0),('group_7','a:5:{s:4:\"data\";a:6:{s:3:\"gid\";s:1:\"7\";s:4:\"name\";s:15:\"未验证会员\";s:4:\"type\";s:7:\"default\";s:5:\"image\";s:5:\"0.gif\";s:6:\"points\";s:1:\"0\";s:10:\"permission\";a:54:{s:14:\"allow_add_vote\";a:2:{s:4:\"type\";s:5:\"basic\";s:5:\"value\";s:1:\"0\";}s:14:\"allow_download\";a:2:{s:4:\"type\";s:5:\"basic\";s:5:\"value\";s:1:\"0\";}s:10:\"allow_hide\";a:2:{s:4:\"type\";s:5:\"basic\";s:5:\"value\";s:1:\"0\";}s:22:\"allow_participate_vote\";a:2:{s:4:\"type\";s:5:\"basic\";s:5:\"value\";s:1:\"0\";}s:10:\"allow_post\";a:2:{s:4:\"type\";s:5:\"basic\";s:5:\"value\";s:1:\"0\";}s:16:\"allow_publish_at\";a:2:{s:4:\"type\";s:5:\"basic\";s:5:\"value\";s:1:\"0\";}s:19:\"allow_publish_music\";a:2:{s:4:\"type\";s:5:\"basic\";s:5:\"value\";s:1:\"0\";}s:17:\"allow_publish_tag\";a:2:{s:4:\"type\";s:5:\"basic\";s:5:\"value\";s:1:\"0\";}s:19:\"allow_publish_vedio\";a:2:{s:4:\"type\";s:5:\"basic\";s:5:\"value\";s:1:\"0\";}s:10:\"allow_read\";a:2:{s:4:\"type\";s:5:\"basic\";s:5:\"value\";s:1:\"0\";}s:11:\"allow_reply\";a:2:{s:4:\"type\";s:5:\"basic\";s:5:\"value\";s:1:\"0\";}s:12:\"allow_report\";a:2:{s:4:\"type\";s:5:\"basic\";s:5:\"value\";s:1:\"0\";}s:10:\"allow_sign\";a:2:{s:4:\"type\";s:5:\"basic\";s:5:\"value\";s:1:\"0\";}s:19:\"allow_thread_extend\";a:2:{s:4:\"type\";s:5:\"basic\";s:5:\"value\";s:0:\"\";}s:12:\"allow_upload\";a:2:{s:4:\"type\";s:5:\"basic\";s:5:\"value\";s:1:\"0\";}s:15:\"allow_view_vote\";a:2:{s:4:\"type\";s:5:\"basic\";s:5:\"value\";s:1:\"0\";}s:11:\"allow_visit\";a:2:{s:4:\"type\";s:5:\"basic\";s:5:\"value\";s:1:\"0\";}s:14:\"allow_windcode\";a:2:{s:4:\"type\";s:5:\"basic\";s:5:\"value\";s:1:\"0\";}s:15:\"allow_windflash\";a:2:{s:4:\"type\";s:5:\"basic\";s:5:\"value\";s:1:\"0\";}s:16:\"allow_windheight\";a:2:{s:4:\"type\";s:5:\"basic\";s:5:\"value\";s:1:\"0\";}s:13:\"allow_windimg\";a:2:{s:4:\"type\";s:5:\"basic\";s:5:\"value\";s:1:\"0\";}s:20:\"content_length_range\";a:2:{s:4:\"type\";s:5:\"basic\";s:5:\"value\";a:2:{s:3:\"min\";s:0:\"\";s:3:\"max\";s:0:\"\";}}s:14:\"enhide_credits\";a:2:{s:4:\"type\";s:5:\"basic\";s:5:\"value\";s:0:\"\";}s:16:\"invite_allow_buy\";a:2:{s:4:\"type\";s:5:\"basic\";s:5:\"value\";s:1:\"0\";}s:21:\"invite_buy_credit_num\";a:2:{s:4:\"type\";s:5:\"basic\";s:5:\"value\";s:0:\"\";}s:16:\"invite_limit_24h\";a:2:{s:4:\"type\";s:5:\"basic\";s:5:\"value\";s:0:\"\";}s:11:\"login_types\";a:2:{s:4:\"type\";s:5:\"basic\";s:5:\"value\";s:1:\"0\";}s:13:\"max_bookmarks\";a:2:{s:4:\"type\";s:5:\"basic\";s:5:\"value\";s:1:\"0\";}s:10:\"max_drafts\";a:2:{s:4:\"type\";s:5:\"basic\";s:5:\"value\";s:1:\"0\";}s:16:\"max_title_length\";a:2:{s:4:\"type\";s:5:\"basic\";s:5:\"value\";s:1:\"0\";}s:18:\"message_allow_send\";a:2:{s:4:\"type\";s:5:\"basic\";s:5:\"value\";s:1:\"0\";}s:16:\"message_max_send\";a:2:{s:4:\"type\";s:5:\"basic\";s:5:\"value\";s:1:\"0\";}s:20:\"multimedia_auto_open\";a:2:{s:4:\"type\";s:5:\"basic\";s:5:\"value\";s:1:\"0\";}s:19:\"password_limit_time\";a:2:{s:4:\"type\";s:5:\"basic\";s:5:\"value\";s:1:\"0\";}s:10:\"post_check\";a:2:{s:4:\"type\";s:5:\"basic\";s:5:\"value\";s:1:\"0\";}s:16:\"post_modify_time\";a:2:{s:4:\"type\";s:5:\"basic\";s:5:\"value\";s:1:\"0\";}s:12:\"post_pertime\";a:2:{s:4:\"type\";s:5:\"basic\";s:5:\"value\";s:1:\"0\";}s:12:\"post_url_num\";a:2:{s:4:\"type\";s:5:\"basic\";s:5:\"value\";s:1:\"0\";}s:15:\"remote_download\";a:2:{s:4:\"type\";s:5:\"basic\";s:5:\"value\";s:1:\"0\";}s:20:\"reply_locked_threads\";a:2:{s:4:\"type\";s:5:\"basic\";s:5:\"value\";s:1:\"0\";}s:12:\"sell_credits\";a:2:{s:4:\"type\";s:5:\"basic\";s:5:\"value\";s:0:\"\";}s:17:\"sell_credit_range\";a:2:{s:4:\"type\";s:5:\"basic\";s:5:\"value\";a:2:{s:8:\"maxprice\";s:2:\"10\";s:9:\"maxincome\";s:3:\"100\";}}s:9:\"sign_cost\";a:2:{s:4:\"type\";s:5:\"basic\";s:5:\"value\";a:2:{s:5:\"costs\";s:0:\"\";s:8:\"creditid\";s:1:\"1\";}}s:13:\"tag_allow_add\";a:2:{s:4:\"type\";s:5:\"basic\";s:5:\"value\";s:1:\"0\";}s:14:\"threads_perday\";a:2:{s:4:\"type\";s:5:\"basic\";s:5:\"value\";s:1:\"0\";}s:12:\"thread_award\";a:2:{s:4:\"type\";s:5:\"basic\";s:5:\"value\";s:1:\"0\";}s:16:\"thread_edit_time\";a:2:{s:4:\"type\";s:5:\"basic\";s:5:\"value\";s:1:\"0\";}s:14:\"uploads_perday\";a:2:{s:4:\"type\";s:5:\"basic\";s:5:\"value\";s:1:\"0\";}s:17:\"upload_file_types\";a:2:{s:4:\"type\";s:5:\"basic\";s:5:\"value\";s:1:\"0\";}s:12:\"user_binding\";a:2:{s:4:\"type\";s:5:\"basic\";s:5:\"value\";s:1:\"0\";}s:16:\"view_member_list\";a:2:{s:4:\"type\";s:5:\"basic\";s:5:\"value\";s:1:\"0\";}s:15:\"view_ip_address\";a:2:{s:4:\"type\";s:5:\"basic\";s:5:\"value\";s:1:\"0\";}s:11:\"remind_open\";a:2:{s:4:\"type\";s:5:\"basic\";s:5:\"value\";s:1:\"0\";}s:14:\"remind_max_num\";a:2:{s:4:\"type\";s:5:\"basic\";s:5:\"value\";s:0:\"\";}}}s:7:\"expires\";i:0;s:5:\"store\";i:1375435678;s:10:\"dependency\";N;s:15:\"dependencyclass\";s:0:\"\";}',0),('group_8','a:5:{s:4:\"data\";a:6:{s:3:\"gid\";s:1:\"8\";s:4:\"name\";s:6:\"贫民\";s:4:\"type\";s:6:\"member\";s:5:\"image\";s:5:\"1.gif\";s:6:\"points\";s:1:\"0\";s:10:\"permission\";a:50:{s:14:\"allow_add_vote\";a:2:{s:4:\"type\";s:5:\"basic\";s:5:\"value\";s:1:\"0\";}s:14:\"allow_download\";a:2:{s:4:\"type\";s:5:\"basic\";s:5:\"value\";s:1:\"1\";}s:22:\"allow_participate_vote\";a:2:{s:4:\"type\";s:5:\"basic\";s:5:\"value\";s:1:\"0\";}s:10:\"allow_post\";a:2:{s:4:\"type\";s:5:\"basic\";s:5:\"value\";s:1:\"1\";}s:16:\"allow_publish_at\";a:2:{s:4:\"type\";s:5:\"basic\";s:5:\"value\";s:1:\"1\";}s:19:\"allow_publish_music\";a:2:{s:4:\"type\";s:5:\"basic\";s:5:\"value\";s:1:\"0\";}s:17:\"allow_publish_tag\";a:2:{s:4:\"type\";s:5:\"basic\";s:5:\"value\";s:1:\"0\";}s:19:\"allow_publish_vedio\";a:2:{s:4:\"type\";s:5:\"basic\";s:5:\"value\";s:1:\"0\";}s:10:\"allow_read\";a:2:{s:4:\"type\";s:5:\"basic\";s:5:\"value\";s:1:\"1\";}s:11:\"allow_reply\";a:2:{s:4:\"type\";s:5:\"basic\";s:5:\"value\";s:1:\"1\";}s:12:\"allow_report\";a:2:{s:4:\"type\";s:5:\"basic\";s:5:\"value\";s:1:\"1\";}s:10:\"allow_sign\";a:2:{s:4:\"type\";s:5:\"basic\";s:5:\"value\";s:1:\"0\";}s:19:\"allow_thread_extend\";a:2:{s:4:\"type\";s:5:\"basic\";s:5:\"value\";s:0:\"\";}s:12:\"allow_upload\";a:2:{s:4:\"type\";s:5:\"basic\";s:5:\"value\";s:1:\"1\";}s:15:\"allow_view_vote\";a:2:{s:4:\"type\";s:5:\"basic\";s:5:\"value\";s:1:\"0\";}s:11:\"allow_visit\";a:2:{s:4:\"type\";s:5:\"basic\";s:5:\"value\";s:1:\"1\";}s:14:\"allow_windcode\";a:2:{s:4:\"type\";s:5:\"basic\";s:5:\"value\";s:1:\"1\";}s:15:\"allow_windflash\";a:2:{s:4:\"type\";s:5:\"basic\";s:5:\"value\";s:1:\"0\";}s:16:\"allow_windheight\";a:2:{s:4:\"type\";s:5:\"basic\";s:5:\"value\";s:2:\"20\";}s:13:\"allow_windimg\";a:2:{s:4:\"type\";s:5:\"basic\";s:5:\"value\";s:1:\"0\";}s:20:\"content_length_range\";a:2:{s:4:\"type\";s:5:\"basic\";s:5:\"value\";a:2:{s:3:\"min\";s:1:\"5\";s:3:\"max\";s:3:\"100\";}}s:14:\"enhide_credits\";a:2:{s:4:\"type\";s:5:\"basic\";s:5:\"value\";s:0:\"\";}s:16:\"invite_allow_buy\";a:2:{s:4:\"type\";s:5:\"basic\";s:5:\"value\";s:1:\"1\";}s:21:\"invite_buy_credit_num\";a:2:{s:4:\"type\";s:5:\"basic\";s:5:\"value\";s:2:\"10\";}s:16:\"invite_limit_24h\";a:2:{s:4:\"type\";s:5:\"basic\";s:5:\"value\";s:2:\"10\";}s:11:\"login_types\";a:2:{s:4:\"type\";s:5:\"basic\";s:5:\"value\";a:1:{s:8:\"username\";s:1:\"1\";}}s:16:\"max_title_length\";a:2:{s:4:\"type\";s:5:\"basic\";s:5:\"value\";s:3:\"100\";}s:18:\"message_allow_send\";a:2:{s:4:\"type\";s:5:\"basic\";s:5:\"value\";s:1:\"1\";}s:16:\"message_max_send\";a:2:{s:4:\"type\";s:5:\"basic\";s:5:\"value\";s:2:\"10\";}s:20:\"multimedia_auto_open\";a:2:{s:4:\"type\";s:5:\"basic\";s:5:\"value\";a:4:{s:5:\"flash\";s:1:\"1\";s:3:\"wmv\";s:1:\"1\";s:2:\"rm\";s:1:\"1\";s:3:\"mp3\";s:1:\"1\";}}s:10:\"post_check\";a:2:{s:4:\"type\";s:5:\"basic\";s:5:\"value\";s:1:\"1\";}s:16:\"post_modify_time\";a:2:{s:4:\"type\";s:5:\"basic\";s:5:\"value\";s:2:\"60\";}s:12:\"post_pertime\";a:2:{s:4:\"type\";s:5:\"basic\";s:5:\"value\";s:1:\"3\";}s:12:\"post_url_num\";a:2:{s:4:\"type\";s:5:\"basic\";s:5:\"value\";s:1:\"0\";}s:15:\"remote_download\";a:2:{s:4:\"type\";s:5:\"basic\";s:5:\"value\";s:1:\"0\";}s:20:\"reply_locked_threads\";a:2:{s:4:\"type\";s:5:\"basic\";s:5:\"value\";s:1:\"0\";}s:12:\"sell_credits\";a:2:{s:4:\"type\";s:5:\"basic\";s:5:\"value\";s:0:\"\";}s:17:\"sell_credit_range\";a:2:{s:4:\"type\";s:5:\"basic\";s:5:\"value\";a:2:{s:8:\"maxprice\";s:2:\"10\";s:9:\"maxincome\";s:3:\"100\";}}s:9:\"sign_cost\";a:2:{s:4:\"type\";s:5:\"basic\";s:5:\"value\";a:2:{s:5:\"costs\";s:2:\"10\";s:8:\"creditid\";s:1:\"1\";}}s:13:\"tag_allow_add\";a:2:{s:4:\"type\";s:5:\"basic\";s:5:\"value\";s:1:\"0\";}s:14:\"threads_perday\";a:2:{s:4:\"type\";s:5:\"basic\";s:5:\"value\";s:1:\"0\";}s:12:\"thread_award\";a:2:{s:4:\"type\";s:5:\"basic\";s:5:\"value\";s:1:\"1\";}s:13:\"thread_delete\";a:2:{s:4:\"type\";s:5:\"basic\";s:5:\"value\";s:1:\"0\";}s:16:\"thread_edit_time\";a:2:{s:4:\"type\";s:5:\"basic\";s:5:\"value\";s:1:\"0\";}s:14:\"uploads_perday\";a:2:{s:4:\"type\";s:5:\"basic\";s:5:\"value\";s:2:\"30\";}s:17:\"upload_file_types\";a:2:{s:4:\"type\";s:5:\"basic\";s:5:\"value\";s:0:\"\";}s:12:\"user_binding\";a:2:{s:4:\"type\";s:5:\"basic\";s:5:\"value\";s:1:\"0\";}s:15:\"view_ip_address\";a:2:{s:4:\"type\";s:5:\"basic\";s:5:\"value\";s:1:\"0\";}s:11:\"remind_open\";a:2:{s:4:\"type\";s:5:\"basic\";s:5:\"value\";s:1:\"0\";}s:14:\"remind_max_num\";a:2:{s:4:\"type\";s:5:\"basic\";s:5:\"value\";s:0:\"\";}}}s:7:\"expires\";i:0;s:5:\"store\";i:1375435678;s:10:\"dependency\";N;s:15:\"dependencyclass\";s:0:\"\";}',0),('group_9','a:5:{s:4:\"data\";a:6:{s:3:\"gid\";s:1:\"9\";s:4:\"name\";s:6:\"新手\";s:4:\"type\";s:6:\"member\";s:5:\"image\";s:5:\"3.gif\";s:6:\"points\";s:2:\"50\";s:10:\"permission\";a:50:{s:14:\"allow_add_vote\";a:2:{s:4:\"type\";s:5:\"basic\";s:5:\"value\";s:1:\"0\";}s:14:\"allow_download\";a:2:{s:4:\"type\";s:5:\"basic\";s:5:\"value\";s:1:\"1\";}s:22:\"allow_participate_vote\";a:2:{s:4:\"type\";s:5:\"basic\";s:5:\"value\";s:1:\"0\";}s:10:\"allow_post\";a:2:{s:4:\"type\";s:5:\"basic\";s:5:\"value\";s:1:\"1\";}s:16:\"allow_publish_at\";a:2:{s:4:\"type\";s:5:\"basic\";s:5:\"value\";s:1:\"1\";}s:19:\"allow_publish_music\";a:2:{s:4:\"type\";s:5:\"basic\";s:5:\"value\";s:1:\"1\";}s:17:\"allow_publish_tag\";a:2:{s:4:\"type\";s:5:\"basic\";s:5:\"value\";s:1:\"0\";}s:19:\"allow_publish_vedio\";a:2:{s:4:\"type\";s:5:\"basic\";s:5:\"value\";s:1:\"1\";}s:10:\"allow_read\";a:2:{s:4:\"type\";s:5:\"basic\";s:5:\"value\";s:1:\"1\";}s:11:\"allow_reply\";a:2:{s:4:\"type\";s:5:\"basic\";s:5:\"value\";s:1:\"1\";}s:12:\"allow_report\";a:2:{s:4:\"type\";s:5:\"basic\";s:5:\"value\";s:1:\"1\";}s:10:\"allow_sign\";a:2:{s:4:\"type\";s:5:\"basic\";s:5:\"value\";s:1:\"1\";}s:19:\"allow_thread_extend\";a:2:{s:4:\"type\";s:5:\"basic\";s:5:\"value\";a:2:{s:4:\"sell\";s:1:\"1\";s:4:\"hide\";s:1:\"1\";}}s:12:\"allow_upload\";a:2:{s:4:\"type\";s:5:\"basic\";s:5:\"value\";s:1:\"1\";}s:15:\"allow_view_vote\";a:2:{s:4:\"type\";s:5:\"basic\";s:5:\"value\";s:1:\"0\";}s:11:\"allow_visit\";a:2:{s:4:\"type\";s:5:\"basic\";s:5:\"value\";s:1:\"1\";}s:14:\"allow_windcode\";a:2:{s:4:\"type\";s:5:\"basic\";s:5:\"value\";s:1:\"1\";}s:15:\"allow_windflash\";a:2:{s:4:\"type\";s:5:\"basic\";s:5:\"value\";s:1:\"0\";}s:16:\"allow_windheight\";a:2:{s:4:\"type\";s:5:\"basic\";s:5:\"value\";s:2:\"20\";}s:13:\"allow_windimg\";a:2:{s:4:\"type\";s:5:\"basic\";s:5:\"value\";s:1:\"0\";}s:20:\"content_length_range\";a:2:{s:4:\"type\";s:5:\"basic\";s:5:\"value\";a:2:{s:3:\"min\";s:1:\"0\";s:3:\"max\";s:4:\"3000\";}}s:14:\"enhide_credits\";a:2:{s:4:\"type\";s:5:\"basic\";s:5:\"value\";s:0:\"\";}s:16:\"invite_allow_buy\";a:2:{s:4:\"type\";s:5:\"basic\";s:5:\"value\";s:1:\"1\";}s:21:\"invite_buy_credit_num\";a:2:{s:4:\"type\";s:5:\"basic\";s:5:\"value\";s:2:\"10\";}s:16:\"invite_limit_24h\";a:2:{s:4:\"type\";s:5:\"basic\";s:5:\"value\";s:2:\"10\";}s:11:\"login_types\";a:2:{s:4:\"type\";s:5:\"basic\";s:5:\"value\";a:1:{s:8:\"username\";s:1:\"1\";}}s:16:\"max_title_length\";a:2:{s:4:\"type\";s:5:\"basic\";s:5:\"value\";s:2:\"50\";}s:18:\"message_allow_send\";a:2:{s:4:\"type\";s:5:\"basic\";s:5:\"value\";s:1:\"1\";}s:16:\"message_max_send\";a:2:{s:4:\"type\";s:5:\"basic\";s:5:\"value\";s:2:\"10\";}s:20:\"multimedia_auto_open\";a:2:{s:4:\"type\";s:5:\"basic\";s:5:\"value\";a:4:{s:5:\"flash\";s:1:\"1\";s:3:\"wmv\";s:1:\"1\";s:2:\"rm\";s:1:\"1\";s:3:\"mp3\";s:1:\"1\";}}s:10:\"post_check\";a:2:{s:4:\"type\";s:5:\"basic\";s:5:\"value\";s:1:\"1\";}s:16:\"post_modify_time\";a:2:{s:4:\"type\";s:5:\"basic\";s:5:\"value\";s:2:\"60\";}s:12:\"post_pertime\";a:2:{s:4:\"type\";s:5:\"basic\";s:5:\"value\";s:1:\"3\";}s:12:\"post_url_num\";a:2:{s:4:\"type\";s:5:\"basic\";s:5:\"value\";s:1:\"0\";}s:15:\"remote_download\";a:2:{s:4:\"type\";s:5:\"basic\";s:5:\"value\";s:1:\"0\";}s:20:\"reply_locked_threads\";a:2:{s:4:\"type\";s:5:\"basic\";s:5:\"value\";s:1:\"0\";}s:12:\"sell_credits\";a:2:{s:4:\"type\";s:5:\"basic\";s:5:\"value\";a:1:{i:1;s:1:\"1\";}}s:17:\"sell_credit_range\";a:2:{s:4:\"type\";s:5:\"basic\";s:5:\"value\";a:2:{s:8:\"maxprice\";s:2:\"10\";s:9:\"maxincome\";s:3:\"100\";}}s:9:\"sign_cost\";a:2:{s:4:\"type\";s:5:\"basic\";s:5:\"value\";a:2:{s:5:\"costs\";s:2:\"10\";s:8:\"creditid\";s:1:\"1\";}}s:13:\"tag_allow_add\";a:2:{s:4:\"type\";s:5:\"basic\";s:5:\"value\";s:1:\"0\";}s:14:\"threads_perday\";a:2:{s:4:\"type\";s:5:\"basic\";s:5:\"value\";s:1:\"0\";}s:12:\"thread_award\";a:2:{s:4:\"type\";s:5:\"basic\";s:5:\"value\";s:1:\"1\";}s:13:\"thread_delete\";a:2:{s:4:\"type\";s:5:\"basic\";s:5:\"value\";s:1:\"0\";}s:16:\"thread_edit_time\";a:2:{s:4:\"type\";s:5:\"basic\";s:5:\"value\";s:1:\"0\";}s:14:\"uploads_perday\";a:2:{s:4:\"type\";s:5:\"basic\";s:5:\"value\";s:2:\"30\";}s:17:\"upload_file_types\";a:2:{s:4:\"type\";s:5:\"basic\";s:5:\"value\";s:0:\"\";}s:12:\"user_binding\";a:2:{s:4:\"type\";s:5:\"basic\";s:5:\"value\";s:1:\"1\";}s:15:\"view_ip_address\";a:2:{s:4:\"type\";s:5:\"basic\";s:5:\"value\";s:1:\"0\";}s:11:\"remind_open\";a:2:{s:4:\"type\";s:5:\"basic\";s:5:\"value\";s:1:\"1\";}s:14:\"remind_max_num\";a:2:{s:4:\"type\";s:5:\"basic\";s:5:\"value\";s:1:\"3\";}}}s:7:\"expires\";i:0;s:5:\"store\";i:1375435678;s:10:\"dependency\";N;s:15:\"dependencyclass\";s:0:\"\";}',0),('group_10','a:5:{s:4:\"data\";a:6:{s:3:\"gid\";s:2:\"10\";s:4:\"name\";s:6:\"侠客\";s:4:\"type\";s:6:\"member\";s:5:\"image\";s:5:\"5.gif\";s:6:\"points\";s:3:\"100\";s:10:\"permission\";a:50:{s:14:\"allow_add_vote\";a:2:{s:4:\"type\";s:5:\"basic\";s:5:\"value\";s:1:\"0\";}s:14:\"allow_download\";a:2:{s:4:\"type\";s:5:\"basic\";s:5:\"value\";s:1:\"1\";}s:22:\"allow_participate_vote\";a:2:{s:4:\"type\";s:5:\"basic\";s:5:\"value\";s:1:\"0\";}s:10:\"allow_post\";a:2:{s:4:\"type\";s:5:\"basic\";s:5:\"value\";s:1:\"1\";}s:16:\"allow_publish_at\";a:2:{s:4:\"type\";s:5:\"basic\";s:5:\"value\";s:1:\"0\";}s:19:\"allow_publish_music\";a:2:{s:4:\"type\";s:5:\"basic\";s:5:\"value\";s:1:\"1\";}s:17:\"allow_publish_tag\";a:2:{s:4:\"type\";s:5:\"basic\";s:5:\"value\";s:1:\"0\";}s:19:\"allow_publish_vedio\";a:2:{s:4:\"type\";s:5:\"basic\";s:5:\"value\";s:1:\"1\";}s:10:\"allow_read\";a:2:{s:4:\"type\";s:5:\"basic\";s:5:\"value\";s:1:\"1\";}s:11:\"allow_reply\";a:2:{s:4:\"type\";s:5:\"basic\";s:5:\"value\";s:1:\"1\";}s:12:\"allow_report\";a:2:{s:4:\"type\";s:5:\"basic\";s:5:\"value\";s:1:\"1\";}s:10:\"allow_sign\";a:2:{s:4:\"type\";s:5:\"basic\";s:5:\"value\";s:1:\"1\";}s:19:\"allow_thread_extend\";a:2:{s:4:\"type\";s:5:\"basic\";s:5:\"value\";a:2:{s:4:\"sell\";s:1:\"1\";s:4:\"hide\";s:1:\"1\";}}s:12:\"allow_upload\";a:2:{s:4:\"type\";s:5:\"basic\";s:5:\"value\";s:1:\"1\";}s:15:\"allow_view_vote\";a:2:{s:4:\"type\";s:5:\"basic\";s:5:\"value\";s:1:\"0\";}s:11:\"allow_visit\";a:2:{s:4:\"type\";s:5:\"basic\";s:5:\"value\";s:1:\"1\";}s:14:\"allow_windcode\";a:2:{s:4:\"type\";s:5:\"basic\";s:5:\"value\";s:1:\"1\";}s:15:\"allow_windflash\";a:2:{s:4:\"type\";s:5:\"basic\";s:5:\"value\";s:1:\"1\";}s:16:\"allow_windheight\";a:2:{s:4:\"type\";s:5:\"basic\";s:5:\"value\";s:2:\"10\";}s:13:\"allow_windimg\";a:2:{s:4:\"type\";s:5:\"basic\";s:5:\"value\";s:1:\"1\";}s:20:\"content_length_range\";a:2:{s:4:\"type\";s:5:\"basic\";s:5:\"value\";a:2:{s:3:\"min\";s:2:\"10\";s:3:\"max\";s:3:\"200\";}}s:14:\"enhide_credits\";a:2:{s:4:\"type\";s:5:\"basic\";s:5:\"value\";s:0:\"\";}s:16:\"invite_allow_buy\";a:2:{s:4:\"type\";s:5:\"basic\";s:5:\"value\";s:1:\"1\";}s:21:\"invite_buy_credit_num\";a:2:{s:4:\"type\";s:5:\"basic\";s:5:\"value\";s:2:\"10\";}s:16:\"invite_limit_24h\";a:2:{s:4:\"type\";s:5:\"basic\";s:5:\"value\";s:3:\"100\";}s:11:\"login_types\";a:2:{s:4:\"type\";s:5:\"basic\";s:5:\"value\";s:1:\"0\";}s:16:\"max_title_length\";a:2:{s:4:\"type\";s:5:\"basic\";s:5:\"value\";s:1:\"0\";}s:18:\"message_allow_send\";a:2:{s:4:\"type\";s:5:\"basic\";s:5:\"value\";s:1:\"1\";}s:16:\"message_max_send\";a:2:{s:4:\"type\";s:5:\"basic\";s:5:\"value\";s:2:\"10\";}s:20:\"multimedia_auto_open\";a:2:{s:4:\"type\";s:5:\"basic\";s:5:\"value\";s:1:\"0\";}s:10:\"post_check\";a:2:{s:4:\"type\";s:5:\"basic\";s:5:\"value\";s:1:\"2\";}s:16:\"post_modify_time\";a:2:{s:4:\"type\";s:5:\"basic\";s:5:\"value\";s:2:\"60\";}s:12:\"post_pertime\";a:2:{s:4:\"type\";s:5:\"basic\";s:5:\"value\";s:1:\"3\";}s:12:\"post_url_num\";a:2:{s:4:\"type\";s:5:\"basic\";s:5:\"value\";s:2:\"10\";}s:15:\"remote_download\";a:2:{s:4:\"type\";s:5:\"basic\";s:5:\"value\";s:1:\"0\";}s:20:\"reply_locked_threads\";a:2:{s:4:\"type\";s:5:\"basic\";s:5:\"value\";s:1:\"0\";}s:12:\"sell_credits\";a:2:{s:4:\"type\";s:5:\"basic\";s:5:\"value\";a:1:{i:1;s:1:\"1\";}}s:17:\"sell_credit_range\";a:2:{s:4:\"type\";s:5:\"basic\";s:5:\"value\";a:2:{s:8:\"maxprice\";s:2:\"10\";s:9:\"maxincome\";s:3:\"100\";}}s:9:\"sign_cost\";a:2:{s:4:\"type\";s:5:\"basic\";s:5:\"value\";a:2:{s:5:\"costs\";s:2:\"10\";s:8:\"creditid\";s:1:\"1\";}}s:13:\"tag_allow_add\";a:2:{s:4:\"type\";s:5:\"basic\";s:5:\"value\";s:1:\"0\";}s:14:\"threads_perday\";a:2:{s:4:\"type\";s:5:\"basic\";s:5:\"value\";s:1:\"0\";}s:12:\"thread_award\";a:2:{s:4:\"type\";s:5:\"basic\";s:5:\"value\";s:1:\"0\";}s:13:\"thread_delete\";a:2:{s:4:\"type\";s:5:\"basic\";s:5:\"value\";s:1:\"0\";}s:16:\"thread_edit_time\";a:2:{s:4:\"type\";s:5:\"basic\";s:5:\"value\";s:1:\"0\";}s:14:\"uploads_perday\";a:2:{s:4:\"type\";s:5:\"basic\";s:5:\"value\";s:2:\"50\";}s:17:\"upload_file_types\";a:2:{s:4:\"type\";s:5:\"basic\";s:5:\"value\";s:1:\"0\";}s:12:\"user_binding\";a:2:{s:4:\"type\";s:5:\"basic\";s:5:\"value\";s:1:\"0\";}s:15:\"view_ip_address\";a:2:{s:4:\"type\";s:5:\"basic\";s:5:\"value\";s:1:\"0\";}s:11:\"remind_open\";a:2:{s:4:\"type\";s:5:\"basic\";s:5:\"value\";s:1:\"1\";}s:14:\"remind_max_num\";a:2:{s:4:\"type\";s:5:\"basic\";s:5:\"value\";s:1:\"5\";}}}s:7:\"expires\";i:0;s:5:\"store\";i:1375435678;s:10:\"dependency\";N;s:15:\"dependencyclass\";s:0:\"\";}',0),('group_11','a:5:{s:4:\"data\";a:6:{s:3:\"gid\";s:2:\"11\";s:4:\"name\";s:6:\"骑士\";s:4:\"type\";s:6:\"member\";s:5:\"image\";s:5:\"6.gif\";s:6:\"points\";s:3:\"300\";s:10:\"permission\";a:51:{s:14:\"uploads_perday\";a:2:{s:4:\"type\";s:5:\"basic\";s:5:\"value\";s:3:\"100\";}s:19:\"allow_thread_extend\";a:2:{s:4:\"type\";s:5:\"basic\";s:5:\"value\";a:2:{s:4:\"sell\";s:1:\"1\";s:4:\"hide\";s:1:\"1\";}}s:14:\"allow_add_vote\";a:2:{s:4:\"type\";s:5:\"basic\";s:5:\"value\";s:1:\"0\";}s:10:\"allow_hide\";a:2:{s:4:\"type\";s:5:\"basic\";s:5:\"value\";s:1:\"1\";}s:22:\"allow_participate_vote\";a:2:{s:4:\"type\";s:5:\"basic\";s:5:\"value\";s:1:\"0\";}s:16:\"allow_publish_at\";a:2:{s:4:\"type\";s:5:\"basic\";s:5:\"value\";s:1:\"0\";}s:19:\"allow_publish_music\";a:2:{s:4:\"type\";s:5:\"basic\";s:5:\"value\";s:1:\"1\";}s:17:\"allow_publish_tag\";a:2:{s:4:\"type\";s:5:\"basic\";s:5:\"value\";s:1:\"1\";}s:19:\"allow_publish_vedio\";a:2:{s:4:\"type\";s:5:\"basic\";s:5:\"value\";s:1:\"1\";}s:10:\"allow_read\";a:2:{s:4:\"type\";s:5:\"basic\";s:5:\"value\";s:1:\"1\";}s:12:\"allow_report\";a:2:{s:4:\"type\";s:5:\"basic\";s:5:\"value\";s:1:\"1\";}s:15:\"allow_view_vote\";a:2:{s:4:\"type\";s:5:\"basic\";s:5:\"value\";s:1:\"0\";}s:11:\"allow_visit\";a:2:{s:4:\"type\";s:5:\"basic\";s:5:\"value\";s:1:\"1\";}s:20:\"content_length_range\";a:2:{s:4:\"type\";s:5:\"basic\";s:5:\"value\";a:2:{s:3:\"min\";s:0:\"\";s:3:\"max\";s:0:\"\";}}s:16:\"invite_allow_buy\";a:2:{s:4:\"type\";s:5:\"basic\";s:5:\"value\";s:1:\"1\";}s:21:\"invite_buy_credit_num\";a:2:{s:4:\"type\";s:5:\"basic\";s:5:\"value\";s:2:\"10\";}s:16:\"invite_limit_24h\";a:2:{s:4:\"type\";s:5:\"basic\";s:5:\"value\";s:3:\"100\";}s:13:\"max_bookmarks\";a:2:{s:4:\"type\";s:5:\"basic\";s:5:\"value\";s:1:\"0\";}s:10:\"max_drafts\";a:2:{s:4:\"type\";s:5:\"basic\";s:5:\"value\";s:1:\"0\";}s:16:\"max_title_length\";a:2:{s:4:\"type\";s:5:\"basic\";s:5:\"value\";s:1:\"0\";}s:18:\"message_allow_send\";a:2:{s:4:\"type\";s:5:\"basic\";s:5:\"value\";s:1:\"1\";}s:16:\"message_max_send\";a:2:{s:4:\"type\";s:5:\"basic\";s:5:\"value\";s:2:\"50\";}s:16:\"panel_bbs_manage\";a:2:{s:4:\"type\";s:5:\"basic\";s:5:\"value\";a:1:{i:0;s:12:\"thread_check\";}}s:16:\"panel_log_manage\";a:2:{s:4:\"type\";s:5:\"basic\";s:5:\"value\";a:1:{i:0;s:10:\"log_manage\";}}s:20:\"panel_recycle_manage\";a:2:{s:4:\"type\";s:5:\"basic\";s:5:\"value\";a:1:{i:0;s:7:\"recycle\";}}s:19:\"panel_report_manage\";a:2:{s:4:\"type\";s:5:\"basic\";s:5:\"value\";a:1:{i:0;s:13:\"report_manage\";}}s:17:\"panel_user_manage\";a:2:{s:4:\"type\";s:5:\"basic\";s:5:\"value\";a:1:{i:0;s:10:\"user_check\";}}s:19:\"password_limit_time\";a:2:{s:4:\"type\";s:5:\"basic\";s:5:\"value\";s:1:\"0\";}s:13:\"tag_allow_add\";a:2:{s:4:\"type\";s:5:\"basic\";s:5:\"value\";s:1:\"0\";}s:14:\"tag_allow_edit\";a:2:{s:4:\"type\";s:5:\"basic\";s:5:\"value\";s:1:\"1\";}s:16:\"tag_allow_manage\";a:2:{s:4:\"type\";s:5:\"basic\";s:5:\"value\";s:1:\"1\";}s:12:\"user_binding\";a:2:{s:4:\"type\";s:5:\"basic\";s:5:\"value\";s:1:\"1\";}s:21:\"view_group_permission\";a:2:{s:4:\"type\";s:5:\"basic\";s:5:\"value\";a:3:{i:0;s:1:\"1\";i:1;s:1:\"2\";i:2;s:1:\"3\";}}s:16:\"view_member_list\";a:2:{s:4:\"type\";s:5:\"basic\";s:5:\"value\";s:1:\"1\";}s:17:\"sell_credit_range\";a:2:{s:4:\"type\";s:5:\"basic\";s:5:\"value\";a:2:{s:8:\"maxprice\";s:2:\"10\";s:9:\"maxincome\";s:3:\"100\";}}s:10:\"allow_sign\";a:2:{s:4:\"type\";s:5:\"basic\";s:5:\"value\";s:1:\"1\";}s:15:\"view_ip_address\";a:2:{s:4:\"type\";s:5:\"basic\";s:5:\"value\";s:1:\"0\";}s:11:\"remind_open\";a:2:{s:4:\"type\";s:5:\"basic\";s:5:\"value\";s:1:\"1\";}s:14:\"remind_max_num\";a:2:{s:4:\"type\";s:5:\"basic\";s:5:\"value\";s:1:\"7\";}s:10:\"allow_post\";a:2:{s:4:\"type\";s:5:\"basic\";s:5:\"value\";s:1:\"1\";}s:11:\"allow_reply\";a:2:{s:4:\"type\";s:5:\"basic\";s:5:\"value\";s:1:\"1\";}s:20:\"reply_locked_threads\";a:2:{s:4:\"type\";s:5:\"basic\";s:5:\"value\";s:1:\"0\";}s:10:\"post_check\";a:2:{s:4:\"type\";s:5:\"basic\";s:5:\"value\";s:1:\"1\";}s:14:\"threads_perday\";a:2:{s:4:\"type\";s:5:\"basic\";s:5:\"value\";s:0:\"\";}s:16:\"thread_edit_time\";a:2:{s:4:\"type\";s:5:\"basic\";s:5:\"value\";s:1:\"0\";}s:12:\"post_pertime\";a:2:{s:4:\"type\";s:5:\"basic\";s:5:\"value\";s:1:\"3\";}s:16:\"post_modify_time\";a:2:{s:4:\"type\";s:5:\"basic\";s:5:\"value\";s:2:\"60\";}s:12:\"allow_upload\";a:2:{s:4:\"type\";s:5:\"basic\";s:5:\"value\";s:1:\"1\";}s:14:\"allow_download\";a:2:{s:4:\"type\";s:5:\"basic\";s:5:\"value\";s:1:\"1\";}s:12:\"sell_credits\";a:2:{s:4:\"type\";s:5:\"basic\";s:5:\"value\";a:2:{i:1;s:1:\"1\";i:2;s:1:\"2\";}}s:14:\"enhide_credits\";a:2:{s:4:\"type\";s:5:\"basic\";s:5:\"value\";a:2:{i:1;s:1:\"1\";i:2;s:1:\"2\";}}}}s:7:\"expires\";i:0;s:5:\"store\";i:1375435678;s:10:\"dependency\";N;s:15:\"dependencyclass\";s:0:\"\";}',0),('group_12','a:5:{s:4:\"data\";a:6:{s:3:\"gid\";s:2:\"12\";s:4:\"name\";s:9:\"圣骑士\";s:4:\"type\";s:6:\"member\";s:5:\"image\";s:5:\"8.gif\";s:6:\"points\";s:3:\"600\";s:10:\"permission\";a:33:{s:14:\"allow_add_vote\";a:2:{s:4:\"type\";s:5:\"basic\";s:5:\"value\";s:1:\"0\";}s:22:\"allow_participate_vote\";a:2:{s:4:\"type\";s:5:\"basic\";s:5:\"value\";s:1:\"0\";}s:15:\"allow_view_vote\";a:2:{s:4:\"type\";s:5:\"basic\";s:5:\"value\";s:1:\"0\";}s:14:\"uploads_perday\";a:2:{s:4:\"type\";s:5:\"basic\";s:5:\"value\";s:3:\"200\";}s:17:\"sell_credit_range\";a:2:{s:4:\"type\";s:5:\"basic\";s:5:\"value\";a:2:{s:8:\"maxprice\";s:2:\"10\";s:9:\"maxincome\";s:3:\"300\";}}s:19:\"allow_thread_extend\";a:2:{s:4:\"type\";s:5:\"basic\";s:5:\"value\";a:2:{s:4:\"sell\";s:1:\"1\";s:4:\"hide\";s:1:\"1\";}}s:11:\"allow_visit\";a:2:{s:4:\"type\";s:5:\"basic\";s:5:\"value\";s:1:\"1\";}s:12:\"allow_report\";a:2:{s:4:\"type\";s:5:\"basic\";s:5:\"value\";s:1:\"1\";}s:15:\"view_ip_address\";a:2:{s:4:\"type\";s:5:\"basic\";s:5:\"value\";s:1:\"0\";}s:19:\"allow_publish_vedio\";a:2:{s:4:\"type\";s:5:\"basic\";s:5:\"value\";s:1:\"1\";}s:19:\"allow_publish_music\";a:2:{s:4:\"type\";s:5:\"basic\";s:5:\"value\";s:1:\"1\";}s:18:\"message_allow_send\";a:2:{s:4:\"type\";s:5:\"basic\";s:5:\"value\";s:1:\"1\";}s:16:\"message_max_send\";a:2:{s:4:\"type\";s:5:\"basic\";s:5:\"value\";s:3:\"100\";}s:13:\"tag_allow_add\";a:2:{s:4:\"type\";s:5:\"basic\";s:5:\"value\";s:1:\"0\";}s:11:\"remind_open\";a:2:{s:4:\"type\";s:5:\"basic\";s:5:\"value\";s:1:\"1\";}s:14:\"remind_max_num\";a:2:{s:4:\"type\";s:5:\"basic\";s:5:\"value\";s:2:\"10\";}s:16:\"invite_allow_buy\";a:2:{s:4:\"type\";s:5:\"basic\";s:5:\"value\";s:1:\"1\";}s:21:\"invite_buy_credit_num\";a:2:{s:4:\"type\";s:5:\"basic\";s:5:\"value\";s:2:\"10\";}s:16:\"invite_limit_24h\";a:2:{s:4:\"type\";s:5:\"basic\";s:5:\"value\";s:3:\"100\";}s:10:\"allow_read\";a:2:{s:4:\"type\";s:5:\"basic\";s:5:\"value\";s:1:\"1\";}s:10:\"allow_post\";a:2:{s:4:\"type\";s:5:\"basic\";s:5:\"value\";s:1:\"1\";}s:11:\"allow_reply\";a:2:{s:4:\"type\";s:5:\"basic\";s:5:\"value\";s:1:\"1\";}s:20:\"reply_locked_threads\";a:2:{s:4:\"type\";s:5:\"basic\";s:5:\"value\";s:1:\"0\";}s:10:\"post_check\";a:2:{s:4:\"type\";s:5:\"basic\";s:5:\"value\";s:1:\"1\";}s:14:\"threads_perday\";a:2:{s:4:\"type\";s:5:\"basic\";s:5:\"value\";s:1:\"0\";}s:16:\"thread_edit_time\";a:2:{s:4:\"type\";s:5:\"basic\";s:5:\"value\";s:1:\"0\";}s:12:\"post_pertime\";a:2:{s:4:\"type\";s:5:\"basic\";s:5:\"value\";s:1:\"3\";}s:16:\"post_modify_time\";a:2:{s:4:\"type\";s:5:\"basic\";s:5:\"value\";s:2:\"60\";}s:12:\"allow_upload\";a:2:{s:4:\"type\";s:5:\"basic\";s:5:\"value\";s:1:\"1\";}s:14:\"allow_download\";a:2:{s:4:\"type\";s:5:\"basic\";s:5:\"value\";s:1:\"1\";}s:12:\"sell_credits\";a:2:{s:4:\"type\";s:5:\"basic\";s:5:\"value\";a:3:{i:1;s:1:\"1\";i:2;s:1:\"2\";i:3;s:1:\"3\";}}s:14:\"enhide_credits\";a:2:{s:4:\"type\";s:5:\"basic\";s:5:\"value\";a:3:{i:1;s:1:\"1\";i:2;s:1:\"2\";i:3;s:1:\"3\";}}s:10:\"allow_sign\";a:2:{s:4:\"type\";s:5:\"basic\";s:5:\"value\";s:1:\"1\";}}}s:7:\"expires\";i:0;s:5:\"store\";i:1375435678;s:10:\"dependency\";N;s:15:\"dependencyclass\";s:0:\"\";}',0),('group_13','a:5:{s:4:\"data\";a:6:{s:3:\"gid\";s:2:\"13\";s:4:\"name\";s:9:\"精灵王\";s:4:\"type\";s:6:\"member\";s:5:\"image\";s:6:\"10.gif\";s:6:\"points\";s:4:\"1000\";s:10:\"permission\";a:47:{s:14:\"allow_add_vote\";a:2:{s:4:\"type\";s:5:\"basic\";s:5:\"value\";s:1:\"0\";}s:14:\"allow_download\";a:2:{s:4:\"type\";s:5:\"basic\";s:5:\"value\";s:1:\"1\";}s:22:\"allow_participate_vote\";a:2:{s:4:\"type\";s:5:\"basic\";s:5:\"value\";s:1:\"0\";}s:10:\"allow_post\";a:2:{s:4:\"type\";s:5:\"basic\";s:5:\"value\";s:1:\"1\";}s:16:\"allow_publish_at\";a:2:{s:4:\"type\";s:5:\"basic\";s:5:\"value\";s:1:\"0\";}s:19:\"allow_publish_music\";a:2:{s:4:\"type\";s:5:\"basic\";s:5:\"value\";s:1:\"1\";}s:17:\"allow_publish_tag\";a:2:{s:4:\"type\";s:5:\"basic\";s:5:\"value\";s:1:\"0\";}s:19:\"allow_publish_vedio\";a:2:{s:4:\"type\";s:5:\"basic\";s:5:\"value\";s:1:\"1\";}s:10:\"allow_read\";a:2:{s:4:\"type\";s:5:\"basic\";s:5:\"value\";s:1:\"1\";}s:11:\"allow_reply\";a:2:{s:4:\"type\";s:5:\"basic\";s:5:\"value\";s:1:\"1\";}s:12:\"allow_report\";a:2:{s:4:\"type\";s:5:\"basic\";s:5:\"value\";s:1:\"1\";}s:10:\"allow_sign\";a:2:{s:4:\"type\";s:5:\"basic\";s:5:\"value\";s:1:\"1\";}s:19:\"allow_thread_extend\";a:2:{s:4:\"type\";s:5:\"basic\";s:5:\"value\";a:2:{s:4:\"sell\";s:1:\"1\";s:4:\"hide\";s:1:\"1\";}}s:12:\"allow_upload\";a:2:{s:4:\"type\";s:5:\"basic\";s:5:\"value\";s:1:\"1\";}s:15:\"allow_view_vote\";a:2:{s:4:\"type\";s:5:\"basic\";s:5:\"value\";s:1:\"0\";}s:11:\"allow_visit\";a:2:{s:4:\"type\";s:5:\"basic\";s:5:\"value\";s:1:\"1\";}s:14:\"allow_windcode\";a:2:{s:4:\"type\";s:5:\"basic\";s:5:\"value\";s:1:\"0\";}s:15:\"allow_windflash\";a:2:{s:4:\"type\";s:5:\"basic\";s:5:\"value\";s:1:\"0\";}s:16:\"allow_windheight\";a:2:{s:4:\"type\";s:5:\"basic\";s:5:\"value\";s:1:\"0\";}s:13:\"allow_windimg\";a:2:{s:4:\"type\";s:5:\"basic\";s:5:\"value\";s:1:\"0\";}s:20:\"content_length_range\";a:2:{s:4:\"type\";s:5:\"basic\";s:5:\"value\";a:2:{s:3:\"min\";s:0:\"\";s:3:\"max\";s:0:\"\";}}s:14:\"enhide_credits\";a:2:{s:4:\"type\";s:5:\"basic\";s:5:\"value\";a:3:{i:1;s:1:\"1\";i:2;s:1:\"2\";i:3;s:1:\"3\";}}s:16:\"invite_allow_buy\";a:2:{s:4:\"type\";s:5:\"basic\";s:5:\"value\";s:1:\"1\";}s:21:\"invite_buy_credit_num\";a:2:{s:4:\"type\";s:5:\"basic\";s:5:\"value\";s:2:\"10\";}s:16:\"invite_limit_24h\";a:2:{s:4:\"type\";s:5:\"basic\";s:5:\"value\";s:3:\"150\";}s:16:\"max_title_length\";a:2:{s:4:\"type\";s:5:\"basic\";s:5:\"value\";s:1:\"0\";}s:18:\"message_allow_send\";a:2:{s:4:\"type\";s:5:\"basic\";s:5:\"value\";s:1:\"1\";}s:16:\"message_max_send\";a:2:{s:4:\"type\";s:5:\"basic\";s:5:\"value\";s:1:\"0\";}s:10:\"post_check\";a:2:{s:4:\"type\";s:5:\"basic\";s:5:\"value\";s:1:\"1\";}s:16:\"post_modify_time\";a:2:{s:4:\"type\";s:5:\"basic\";s:5:\"value\";s:2:\"60\";}s:12:\"post_pertime\";a:2:{s:4:\"type\";s:5:\"basic\";s:5:\"value\";s:1:\"3\";}s:12:\"post_url_num\";a:2:{s:4:\"type\";s:5:\"basic\";s:5:\"value\";s:1:\"0\";}s:15:\"remote_download\";a:2:{s:4:\"type\";s:5:\"basic\";s:5:\"value\";s:1:\"0\";}s:20:\"reply_locked_threads\";a:2:{s:4:\"type\";s:5:\"basic\";s:5:\"value\";s:1:\"0\";}s:12:\"sell_credits\";a:2:{s:4:\"type\";s:5:\"basic\";s:5:\"value\";a:3:{i:1;s:1:\"1\";i:2;s:1:\"2\";i:3;s:1:\"3\";}}s:17:\"sell_credit_range\";a:2:{s:4:\"type\";s:5:\"basic\";s:5:\"value\";a:2:{s:8:\"maxprice\";s:2:\"10\";s:9:\"maxincome\";s:3:\"400\";}}s:9:\"sign_cost\";a:2:{s:4:\"type\";s:5:\"basic\";s:5:\"value\";a:2:{s:5:\"costs\";s:0:\"\";s:8:\"creditid\";s:1:\"1\";}}s:13:\"tag_allow_add\";a:2:{s:4:\"type\";s:5:\"basic\";s:5:\"value\";s:1:\"0\";}s:14:\"threads_perday\";a:2:{s:4:\"type\";s:5:\"basic\";s:5:\"value\";s:1:\"0\";}s:12:\"thread_award\";a:2:{s:4:\"type\";s:5:\"basic\";s:5:\"value\";s:1:\"0\";}s:16:\"thread_edit_time\";a:2:{s:4:\"type\";s:5:\"basic\";s:5:\"value\";s:1:\"0\";}s:14:\"uploads_perday\";a:2:{s:4:\"type\";s:5:\"basic\";s:5:\"value\";s:3:\"300\";}s:17:\"upload_file_types\";a:2:{s:4:\"type\";s:5:\"basic\";s:5:\"value\";s:1:\"0\";}s:12:\"user_binding\";a:2:{s:4:\"type\";s:5:\"basic\";s:5:\"value\";s:1:\"0\";}s:15:\"view_ip_address\";a:2:{s:4:\"type\";s:5:\"basic\";s:5:\"value\";s:1:\"0\";}s:11:\"remind_open\";a:2:{s:4:\"type\";s:5:\"basic\";s:5:\"value\";s:1:\"1\";}s:14:\"remind_max_num\";a:2:{s:4:\"type\";s:5:\"basic\";s:5:\"value\";s:2:\"15\";}}}s:7:\"expires\";i:0;s:5:\"store\";i:1375435678;s:10:\"dependency\";N;s:15:\"dependencyclass\";s:0:\"\";}',0),('group_14','a:5:{s:4:\"data\";a:6:{s:3:\"gid\";s:2:\"14\";s:4:\"name\";s:12:\"风云使者\";s:4:\"type\";s:6:\"member\";s:5:\"image\";s:6:\"12.gif\";s:6:\"points\";s:4:\"5000\";s:10:\"permission\";a:38:{s:14:\"allow_add_vote\";a:2:{s:4:\"type\";s:5:\"basic\";s:5:\"value\";s:1:\"0\";}s:22:\"allow_participate_vote\";a:2:{s:4:\"type\";s:5:\"basic\";s:5:\"value\";s:1:\"0\";}s:16:\"allow_publish_at\";a:2:{s:4:\"type\";s:5:\"basic\";s:5:\"value\";s:1:\"0\";}s:19:\"allow_publish_music\";a:2:{s:4:\"type\";s:5:\"basic\";s:5:\"value\";s:1:\"1\";}s:17:\"allow_publish_tag\";a:2:{s:4:\"type\";s:5:\"basic\";s:5:\"value\";s:1:\"0\";}s:19:\"allow_publish_vedio\";a:2:{s:4:\"type\";s:5:\"basic\";s:5:\"value\";s:1:\"1\";}s:12:\"allow_report\";a:2:{s:4:\"type\";s:5:\"basic\";s:5:\"value\";s:1:\"1\";}s:15:\"allow_view_vote\";a:2:{s:4:\"type\";s:5:\"basic\";s:5:\"value\";s:1:\"0\";}s:11:\"allow_visit\";a:2:{s:4:\"type\";s:5:\"basic\";s:5:\"value\";s:1:\"1\";}s:20:\"content_length_range\";a:2:{s:4:\"type\";s:5:\"basic\";s:5:\"value\";a:2:{s:3:\"min\";s:0:\"\";s:3:\"max\";s:0:\"\";}}s:16:\"invite_allow_buy\";a:2:{s:4:\"type\";s:5:\"basic\";s:5:\"value\";s:1:\"1\";}s:21:\"invite_buy_credit_num\";a:2:{s:4:\"type\";s:5:\"basic\";s:5:\"value\";s:2:\"10\";}s:16:\"invite_limit_24h\";a:2:{s:4:\"type\";s:5:\"basic\";s:5:\"value\";s:3:\"200\";}s:16:\"max_title_length\";a:2:{s:4:\"type\";s:5:\"basic\";s:5:\"value\";s:1:\"0\";}s:18:\"message_allow_send\";a:2:{s:4:\"type\";s:5:\"basic\";s:5:\"value\";s:1:\"1\";}s:16:\"message_max_send\";a:2:{s:4:\"type\";s:5:\"basic\";s:5:\"value\";s:3:\"200\";}s:13:\"tag_allow_add\";a:2:{s:4:\"type\";s:5:\"basic\";s:5:\"value\";s:1:\"1\";}s:12:\"user_binding\";a:2:{s:4:\"type\";s:5:\"basic\";s:5:\"value\";s:1:\"0\";}s:14:\"uploads_perday\";a:2:{s:4:\"type\";s:5:\"basic\";s:5:\"value\";s:3:\"400\";}s:17:\"sell_credit_range\";a:2:{s:4:\"type\";s:5:\"basic\";s:5:\"value\";a:2:{s:8:\"maxprice\";s:2:\"10\";s:9:\"maxincome\";s:3:\"500\";}}s:19:\"allow_thread_extend\";a:2:{s:4:\"type\";s:5:\"basic\";s:5:\"value\";a:2:{s:4:\"sell\";s:1:\"1\";s:4:\"hide\";s:1:\"1\";}}s:15:\"view_ip_address\";a:2:{s:4:\"type\";s:5:\"basic\";s:5:\"value\";s:1:\"0\";}s:11:\"remind_open\";a:2:{s:4:\"type\";s:5:\"basic\";s:5:\"value\";s:1:\"1\";}s:14:\"remind_max_num\";a:2:{s:4:\"type\";s:5:\"basic\";s:5:\"value\";s:2:\"20\";}s:10:\"allow_read\";a:2:{s:4:\"type\";s:5:\"basic\";s:5:\"value\";s:1:\"1\";}s:10:\"allow_post\";a:2:{s:4:\"type\";s:5:\"basic\";s:5:\"value\";s:1:\"1\";}s:11:\"allow_reply\";a:2:{s:4:\"type\";s:5:\"basic\";s:5:\"value\";s:1:\"1\";}s:20:\"reply_locked_threads\";a:2:{s:4:\"type\";s:5:\"basic\";s:5:\"value\";s:1:\"0\";}s:10:\"post_check\";a:2:{s:4:\"type\";s:5:\"basic\";s:5:\"value\";s:1:\"1\";}s:14:\"threads_perday\";a:2:{s:4:\"type\";s:5:\"basic\";s:5:\"value\";s:1:\"0\";}s:16:\"thread_edit_time\";a:2:{s:4:\"type\";s:5:\"basic\";s:5:\"value\";s:1:\"0\";}s:12:\"post_pertime\";a:2:{s:4:\"type\";s:5:\"basic\";s:5:\"value\";s:1:\"3\";}s:16:\"post_modify_time\";a:2:{s:4:\"type\";s:5:\"basic\";s:5:\"value\";s:2:\"60\";}s:12:\"allow_upload\";a:2:{s:4:\"type\";s:5:\"basic\";s:5:\"value\";s:1:\"1\";}s:14:\"allow_download\";a:2:{s:4:\"type\";s:5:\"basic\";s:5:\"value\";s:1:\"1\";}s:12:\"sell_credits\";a:2:{s:4:\"type\";s:5:\"basic\";s:5:\"value\";a:3:{i:1;s:1:\"1\";i:2;s:1:\"2\";i:3;s:1:\"3\";}}s:14:\"enhide_credits\";a:2:{s:4:\"type\";s:5:\"basic\";s:5:\"value\";a:3:{i:1;s:1:\"1\";i:2;s:1:\"2\";i:3;s:1:\"3\";}}s:10:\"allow_sign\";a:2:{s:4:\"type\";s:5:\"basic\";s:5:\"value\";s:1:\"1\";}}}s:7:\"expires\";i:0;s:5:\"store\";i:1375435678;s:10:\"dependency\";N;s:15:\"dependencyclass\";s:0:\"\";}',0),('group_15','a:5:{s:4:\"data\";a:6:{s:3:\"gid\";s:2:\"15\";s:4:\"name\";s:12:\"光明使者\";s:4:\"type\";s:6:\"member\";s:5:\"image\";s:6:\"13.gif\";s:6:\"points\";s:5:\"10000\";s:10:\"permission\";a:38:{s:14:\"allow_add_vote\";a:2:{s:4:\"type\";s:5:\"basic\";s:5:\"value\";s:1:\"0\";}s:22:\"allow_participate_vote\";a:2:{s:4:\"type\";s:5:\"basic\";s:5:\"value\";s:1:\"0\";}s:16:\"allow_publish_at\";a:2:{s:4:\"type\";s:5:\"basic\";s:5:\"value\";s:1:\"0\";}s:19:\"allow_publish_music\";a:2:{s:4:\"type\";s:5:\"basic\";s:5:\"value\";s:1:\"1\";}s:17:\"allow_publish_tag\";a:2:{s:4:\"type\";s:5:\"basic\";s:5:\"value\";s:1:\"0\";}s:19:\"allow_publish_vedio\";a:2:{s:4:\"type\";s:5:\"basic\";s:5:\"value\";s:1:\"1\";}s:12:\"allow_report\";a:2:{s:4:\"type\";s:5:\"basic\";s:5:\"value\";s:1:\"1\";}s:15:\"allow_view_vote\";a:2:{s:4:\"type\";s:5:\"basic\";s:5:\"value\";s:1:\"0\";}s:11:\"allow_visit\";a:2:{s:4:\"type\";s:5:\"basic\";s:5:\"value\";s:1:\"1\";}s:20:\"content_length_range\";a:2:{s:4:\"type\";s:5:\"basic\";s:5:\"value\";a:2:{s:3:\"min\";s:0:\"\";s:3:\"max\";s:0:\"\";}}s:16:\"invite_allow_buy\";a:2:{s:4:\"type\";s:5:\"basic\";s:5:\"value\";s:1:\"1\";}s:21:\"invite_buy_credit_num\";a:2:{s:4:\"type\";s:5:\"basic\";s:5:\"value\";s:2:\"10\";}s:16:\"invite_limit_24h\";a:2:{s:4:\"type\";s:5:\"basic\";s:5:\"value\";s:3:\"300\";}s:16:\"max_title_length\";a:2:{s:4:\"type\";s:5:\"basic\";s:5:\"value\";s:1:\"0\";}s:18:\"message_allow_send\";a:2:{s:4:\"type\";s:5:\"basic\";s:5:\"value\";s:1:\"1\";}s:16:\"message_max_send\";a:2:{s:4:\"type\";s:5:\"basic\";s:5:\"value\";s:3:\"300\";}s:13:\"tag_allow_add\";a:2:{s:4:\"type\";s:5:\"basic\";s:5:\"value\";s:1:\"0\";}s:12:\"user_binding\";a:2:{s:4:\"type\";s:5:\"basic\";s:5:\"value\";s:1:\"0\";}s:14:\"uploads_perday\";a:2:{s:4:\"type\";s:5:\"basic\";s:5:\"value\";s:3:\"500\";}s:17:\"sell_credit_range\";a:2:{s:4:\"type\";s:5:\"basic\";s:5:\"value\";a:2:{s:8:\"maxprice\";s:2:\"10\";s:9:\"maxincome\";s:3:\"600\";}}s:19:\"allow_thread_extend\";a:2:{s:4:\"type\";s:5:\"basic\";s:5:\"value\";a:2:{s:4:\"sell\";s:1:\"1\";s:4:\"hide\";s:1:\"1\";}}s:15:\"view_ip_address\";a:2:{s:4:\"type\";s:5:\"basic\";s:5:\"value\";s:1:\"0\";}s:11:\"remind_open\";a:2:{s:4:\"type\";s:5:\"basic\";s:5:\"value\";s:1:\"1\";}s:14:\"remind_max_num\";a:2:{s:4:\"type\";s:5:\"basic\";s:5:\"value\";s:2:\"30\";}s:10:\"allow_read\";a:2:{s:4:\"type\";s:5:\"basic\";s:5:\"value\";s:1:\"1\";}s:10:\"allow_post\";a:2:{s:4:\"type\";s:5:\"basic\";s:5:\"value\";s:1:\"1\";}s:11:\"allow_reply\";a:2:{s:4:\"type\";s:5:\"basic\";s:5:\"value\";s:1:\"1\";}s:20:\"reply_locked_threads\";a:2:{s:4:\"type\";s:5:\"basic\";s:5:\"value\";s:1:\"0\";}s:10:\"post_check\";a:2:{s:4:\"type\";s:5:\"basic\";s:5:\"value\";s:1:\"1\";}s:14:\"threads_perday\";a:2:{s:4:\"type\";s:5:\"basic\";s:5:\"value\";s:1:\"0\";}s:16:\"thread_edit_time\";a:2:{s:4:\"type\";s:5:\"basic\";s:5:\"value\";s:1:\"0\";}s:12:\"post_pertime\";a:2:{s:4:\"type\";s:5:\"basic\";s:5:\"value\";s:1:\"3\";}s:16:\"post_modify_time\";a:2:{s:4:\"type\";s:5:\"basic\";s:5:\"value\";s:2:\"60\";}s:12:\"allow_upload\";a:2:{s:4:\"type\";s:5:\"basic\";s:5:\"value\";s:1:\"1\";}s:14:\"allow_download\";a:2:{s:4:\"type\";s:5:\"basic\";s:5:\"value\";s:1:\"1\";}s:12:\"sell_credits\";a:2:{s:4:\"type\";s:5:\"basic\";s:5:\"value\";a:3:{i:1;s:1:\"1\";i:2;s:1:\"2\";i:3;s:1:\"3\";}}s:14:\"enhide_credits\";a:2:{s:4:\"type\";s:5:\"basic\";s:5:\"value\";a:3:{i:1;s:1:\"1\";i:2;s:1:\"2\";i:3;s:1:\"3\";}}s:10:\"allow_sign\";a:2:{s:4:\"type\";s:5:\"basic\";s:5:\"value\";s:1:\"1\";}}}s:7:\"expires\";i:0;s:5:\"store\";i:1375435678;s:10:\"dependency\";N;s:15:\"dependencyclass\";s:0:\"\";}',0),('group_right','a:5:{s:4:\"data\";a:15:{i:1;a:4:{s:10:\"allow_sign\";s:1:\"0\";s:15:\"sign_max_height\";s:0:\"\";s:8:\"sign_ubb\";s:1:\"0\";s:12:\"sign_ubb_img\";s:1:\"0\";}i:2;a:1:{s:10:\"allow_sign\";s:1:\"0\";}i:3;a:1:{s:10:\"allow_sign\";s:1:\"1\";}i:4;a:1:{s:10:\"allow_sign\";s:1:\"1\";}i:5;a:1:{s:10:\"allow_sign\";s:1:\"1\";}i:6;a:1:{s:10:\"allow_sign\";s:1:\"0\";}i:7;a:1:{s:10:\"allow_sign\";s:1:\"0\";}i:8;a:1:{s:10:\"allow_sign\";s:1:\"0\";}i:9;a:1:{s:10:\"allow_sign\";s:1:\"1\";}i:10;a:1:{s:10:\"allow_sign\";s:1:\"1\";}i:11;a:1:{s:10:\"allow_sign\";s:1:\"1\";}i:12;a:1:{s:10:\"allow_sign\";s:1:\"1\";}i:13;a:1:{s:10:\"allow_sign\";s:1:\"1\";}i:14;a:1:{s:10:\"allow_sign\";s:1:\"1\";}i:15;a:1:{s:10:\"allow_sign\";s:1:\"1\";}}s:7:\"expires\";i:0;s:5:\"store\";i:1375435678;s:10:\"dependency\";N;s:15:\"dependencyclass\";s:0:\"\";}',0),('all_emotions','a:5:{s:4:\"data\";a:2:{s:7:\"emotion\";a:26:{i:1;a:2:{s:14:\"emotion_folder\";s:7:\"taodoll\";s:12:\"emotion_icon\";s:6:\"01.gif\";}i:2;a:2:{s:14:\"emotion_folder\";s:7:\"taodoll\";s:12:\"emotion_icon\";s:6:\"02.gif\";}i:3;a:2:{s:14:\"emotion_folder\";s:7:\"taodoll\";s:12:\"emotion_icon\";s:6:\"03.gif\";}i:4;a:2:{s:14:\"emotion_folder\";s:7:\"taodoll\";s:12:\"emotion_icon\";s:6:\"04.gif\";}i:5;a:2:{s:14:\"emotion_folder\";s:7:\"taodoll\";s:12:\"emotion_icon\";s:6:\"05.gif\";}i:6;a:2:{s:14:\"emotion_folder\";s:7:\"taodoll\";s:12:\"emotion_icon\";s:6:\"06.gif\";}i:7;a:2:{s:14:\"emotion_folder\";s:7:\"taodoll\";s:12:\"emotion_icon\";s:6:\"07.gif\";}i:8;a:2:{s:14:\"emotion_folder\";s:7:\"taodoll\";s:12:\"emotion_icon\";s:6:\"08.gif\";}i:9;a:2:{s:14:\"emotion_folder\";s:7:\"taodoll\";s:12:\"emotion_icon\";s:6:\"09.gif\";}i:10;a:2:{s:14:\"emotion_folder\";s:7:\"taodoll\";s:12:\"emotion_icon\";s:6:\"10.gif\";}i:11;a:2:{s:14:\"emotion_folder\";s:7:\"taodoll\";s:12:\"emotion_icon\";s:6:\"11.gif\";}i:12;a:2:{s:14:\"emotion_folder\";s:7:\"taodoll\";s:12:\"emotion_icon\";s:6:\"12.gif\";}i:13;a:2:{s:14:\"emotion_folder\";s:7:\"taodoll\";s:12:\"emotion_icon\";s:6:\"13.gif\";}i:14;a:2:{s:14:\"emotion_folder\";s:7:\"taodoll\";s:12:\"emotion_icon\";s:6:\"14.gif\";}i:15;a:2:{s:14:\"emotion_folder\";s:7:\"taodoll\";s:12:\"emotion_icon\";s:6:\"15.gif\";}i:16;a:2:{s:14:\"emotion_folder\";s:7:\"taodoll\";s:12:\"emotion_icon\";s:6:\"16.gif\";}i:17;a:2:{s:14:\"emotion_folder\";s:7:\"taodoll\";s:12:\"emotion_icon\";s:6:\"17.gif\";}i:18;a:2:{s:14:\"emotion_folder\";s:7:\"taodoll\";s:12:\"emotion_icon\";s:6:\"18.gif\";}i:19;a:2:{s:14:\"emotion_folder\";s:7:\"taodoll\";s:12:\"emotion_icon\";s:6:\"19.gif\";}i:20;a:2:{s:14:\"emotion_folder\";s:7:\"taodoll\";s:12:\"emotion_icon\";s:6:\"20.gif\";}i:21;a:2:{s:14:\"emotion_folder\";s:7:\"taodoll\";s:12:\"emotion_icon\";s:6:\"21.gif\";}i:22;a:2:{s:14:\"emotion_folder\";s:7:\"taodoll\";s:12:\"emotion_icon\";s:6:\"22.gif\";}i:23;a:2:{s:14:\"emotion_folder\";s:7:\"taodoll\";s:12:\"emotion_icon\";s:6:\"23.gif\";}i:24;a:2:{s:14:\"emotion_folder\";s:7:\"taodoll\";s:12:\"emotion_icon\";s:6:\"24.gif\";}i:25;a:2:{s:14:\"emotion_folder\";s:7:\"taodoll\";s:12:\"emotion_icon\";s:6:\"25.gif\";}i:26;a:2:{s:14:\"emotion_folder\";s:7:\"taodoll\";s:12:\"emotion_icon\";s:6:\"26.gif\";}}s:4:\"name\";a:26:{s:3:\"弹\";s:1:\"1\";s:6:\"抱抱\";s:1:\"2\";s:3:\"晕\";s:1:\"3\";s:6:\"美味\";s:1:\"4\";s:3:\"烦\";s:1:\"5\";s:9:\"擦口水\";s:1:\"6\";s:6:\"思考\";s:1:\"7\";s:6:\"心跳\";s:1:\"8\";s:3:\"汗\";s:1:\"9\";s:3:\"呸\";s:2:\"10\";s:9:\"吐舌头\";s:2:\"11\";s:6:\"加油\";s:2:\"12\";s:3:\"吐\";s:2:\"13\";s:6:\"大哭\";s:2:\"14\";s:3:\"亲\";s:2:\"15\";s:6:\"委屈\";s:2:\"16\";s:6:\"眼镜\";s:2:\"17\";s:9:\"抠鼻子\";s:2:\"18\";s:6:\"臭美\";s:2:\"19\";s:6:\"无奈\";s:2:\"20\";s:6:\"槌子\";s:2:\"21\";s:3:\"哇\";s:2:\"22\";s:9:\"抱一抱\";s:2:\"23\";s:6:\"不爽\";s:2:\"24\";s:6:\"鼻血\";s:2:\"25\";s:3:\"帅\";s:2:\"26\";}}s:7:\"expires\";i:0;s:5:\"store\";i:1368070337;s:10:\"dependency\";N;s:15:\"dependencyclass\";s:0:\"\";}',0),('medal_all','a:5:{s:4:\"data\";a:11:{i:1;a:4:{s:4:\"name\";s:12:\"社区居民\";s:4:\"path\";s:0:\"\";s:5:\"image\";s:18:\"big/shequjumin.gif\";s:4:\"icon\";s:19:\"icon/shequjumin.gif\";}i:2;a:4:{s:4:\"name\";s:12:\"社区明星\";s:4:\"path\";s:0:\"\";s:5:\"image\";s:21:\"big/shequmingxing.gif\";s:4:\"icon\";s:22:\"icon/shequmingxing.gif\";}i:3;a:4:{s:4:\"name\";s:12:\"最爱沙发\";s:4:\"path\";s:0:\"\";s:5:\"image\";s:18:\"big/zuiaishafa.gif\";s:4:\"icon\";s:19:\"icon/zuiaishafa.gif\";}i:4;a:4:{s:4:\"name\";s:12:\"忠实会员\";s:4:\"path\";s:0:\"\";s:5:\"image\";s:23:\"big/zhongshihuiyuan.gif\";s:4:\"icon\";s:24:\"icon/zhongshihuiyuan.gif\";}i:5;a:4:{s:4:\"name\";s:12:\"喜欢达人\";s:4:\"path\";s:0:\"\";s:5:\"image\";s:19:\"big/xihuandaren.gif\";s:4:\"icon\";s:20:\"icon/xihuandaren.gif\";}i:6;a:4:{s:4:\"name\";s:12:\"优秀斑竹\";s:4:\"path\";s:0:\"\";s:5:\"image\";s:20:\"big/youxiubanzhu.gif\";s:4:\"icon\";s:21:\"icon/youxiubanzhu.gif\";}i:7;a:4:{s:4:\"name\";s:12:\"社区劳模\";s:4:\"path\";s:0:\"\";s:5:\"image\";s:18:\"big/shequlaomo.gif\";s:4:\"icon\";s:19:\"icon/shequlaomo.gif\";}i:8;a:4:{s:4:\"name\";s:9:\"VIP会员\";s:4:\"path\";s:0:\"\";s:5:\"image\";s:18:\"big/viphuiyuan.gif\";s:4:\"icon\";s:19:\"icon/viphuiyuan.gif\";}i:9;a:4:{s:4:\"name\";s:12:\"原创写手\";s:4:\"path\";s:0:\"\";s:5:\"image\";s:25:\"big/yuanchuangxieshou.gif\";s:4:\"icon\";s:26:\"icon/yuanchuangxieshou.gif\";}i:10;a:4:{s:4:\"name\";s:12:\"荣誉会员\";s:4:\"path\";s:0:\"\";s:5:\"image\";s:21:\"big/rongyuhuiyuan.gif\";s:4:\"icon\";s:22:\"icon/rongyuhuiyuan.gif\";}i:11;a:4:{s:4:\"name\";s:12:\"追星一族\";s:4:\"path\";s:0:\"\";s:5:\"image\";s:20:\"big/zhuixingyizu.gif\";s:4:\"icon\";s:21:\"icon/zhuixingyizu.gif\";}}s:7:\"expires\";i:0;s:5:\"store\";i:1375435678;s:10:\"dependency\";N;s:15:\"dependencyclass\";s:0:\"\";}',0),('medal_auto','a:5:{s:4:\"data\";a:0:{}s:7:\"expires\";i:0;s:5:\"store\";i:1375435678;s:10:\"dependency\";N;s:15:\"dependencyclass\";s:0:\"\";}',0),('hot_tags_0_10','a:5:{s:4:\"data\";a:0:{}s:7:\"expires\";i:3600;s:5:\"store\";i:1381237315;s:10:\"dependency\";N;s:15:\"dependencyclass\";s:0:\"\";}',1381240915),('hot_tags_0_20','a:5:{s:4:\"data\";a:0:{}s:7:\"expires\";i:3600;s:5:\"store\";i:1370676283;s:10:\"dependency\";N;s:15:\"dependencyclass\";s:0:\"\";}',1370679883);
/*!40000 ALTER TABLE `aim_cache` ENABLE KEYS */;
UNLOCK TABLES;

--
-- Table structure for table `aim_common_config`
--

DROP TABLE IF EXISTS `aim_common_config`;
/*!40101 SET @saved_cs_client     = @@character_set_client */;
/*!40101 SET character_set_client = utf8 */;
CREATE TABLE `aim_common_config` (
  `name` varchar(30) NOT NULL DEFAULT '' COMMENT '配置名称',
  `namespace` varchar(15) NOT NULL DEFAULT 'global' COMMENT '配置命名空间',
  `value` text COMMENT '缓存值',
  `vtype` enum('string','array','object') NOT NULL DEFAULT 'string' COMMENT '配置值类型',
  `description` text COMMENT '配置介绍',
  PRIMARY KEY (`namespace`,`name`)
) ENGINE=MyISAM DEFAULT CHARSET=utf8 COMMENT='网站配置表';
/*!40101 SET character_set_client = @saved_cs_client */;

--
-- Dumping data for table `aim_common_config`
--

LOCK TABLES `aim_common_config` WRITE;
/*!40000 ALTER TABLE `aim_common_config` DISABLE KEYS */;
INSERT INTO `aim_common_config` VALUES ('extsize','attachment','a:11:{s:3:\"jpg\";i:2048;s:3:\"gif\";i:2048;s:3:\"png\";i:2048;s:3:\"bmp\";i:2048;s:3:\"xls\";i:2048;s:3:\"txt\";i:2048;s:3:\"doc\";i:2048;s:4:\"docx\";i:2048;s:3:\"rar\";i:2048;s:3:\"zip\";i:2048;s:3:\"pdf\";i:2048;}','array',''),('mark.file','attachment','logo.gif','string',''),('mark.fontcolor','attachment','#000000','string',''),('mark.fontfamily','attachment','en_arial.ttf','string',''),('mark.fontsize','attachment','5','string',''),('mark.gif','attachment','0','string',''),('mark.limitheight','attachment','50','string',''),('mark.limitwidth','attachment','100','string',''),('mark.markset','attachment','a:4:{i:0;s:3:\"bbs\";i:1;s:5:\"album\";i:2;s:5:\"diary\";i:3;s:3:\"cms\";}','array',''),('mark.position','attachment','9','string',''),('mark.quality','attachment','90','string',''),('mark.text','attachment','phpwind','string',''),('mark.transparency','attachment','90','string',''),('mark.type','attachment','2','string',''),('pathsize','attachment','2048','string',''),('thumb','attachment','1','string',''),('thumb.quality','attachment','90','string',''),('thumb.size.height','attachment','','string',''),('thumb.size.width','attachment','500','string',''),('content.length.max','bbs','5000','string',''),('content.length.min','bbs','3','string',''),('post.check.end_hour','bbs','23','string',''),('post.check.end_min','bbs','24','string',''),('post.check.groups','bbs','a:3:{i:0;s:1:\"3\";i:1;s:1:\"4\";i:2;s:1:\"5\";}','array',''),('post.check.open','bbs','0','string',''),('post.check.start_hour','bbs','0','string',''),('post.check.start_min','bbs','0','string',''),('post.timing.end_hour','bbs','0','string',''),('post.timing.end_min','bbs','0','string',''),('post.timing.groups','bbs','a:11:{i:0;s:1:\"7\";i:1;s:1:\"8\";i:2;s:1:\"9\";i:3;s:2:\"10\";i:4;s:2:\"11\";i:5;s:2:\"12\";i:6;s:2:\"13\";i:7;s:2:\"14\";i:8;s:1:\"3\";i:9;s:1:\"4\";i:10;s:1:\"5\";}','array',''),('post.timing.open','bbs','0','string',''),('post.timing.start_hour','bbs','0','string',''),('post.timing.start_min','bbs','0','string',''),('read.anoymous_displayname','bbs','','string',''),('read.defined_floor_name','bbs','0:楼主\n1:沙发\n2:板凳\n3:地板','string',''),('read.display_info','bbs','a:3:{s:9:\"lastvisit\";i:1;i:2;i:1;i:3;i:1;}','array',''),('read.display_info_vieworder','bbs','a:14:{s:3:\"uid\";i:0;s:7:\"regdate\";i:1;s:9:\"lastvisit\";i:2;s:4:\"fans\";i:3;s:7:\"follows\";i:4;s:5:\"posts\";i:5;s:8:\"homepage\";i:6;s:8:\"location\";i:7;s:2:\"qq\";i:8;s:5:\"aliww\";i:9;s:8:\"birthday\";i:10;s:8:\"hometown\";i:11;i:2;i:12;i:3;i:13;}','array',''),('read.display_member_info','bbs','0','string',''),('read.floor_name','bbs','楼','string',''),('read.perpage','bbs','15','string',''),('read.shield_banthreads','bbs','','string',''),('thread.hotthread_replies','bbs','50','string',''),('thread.leftside_width','bbs','','string',''),('thread.max_pages','bbs','1000','string',''),('thread.new_thread_minutes','bbs','20','string',''),('thread.perpage','bbs','200','string',''),('title.length.max','bbs','100','string',''),('credits','credit','a:4:{i:1;a:2:{s:4:\"name\";s:6:\"点数\";s:4:\"unit\";s:3:\"点\";}i:2;a:4:{s:4:\"name\";s:6:\"积分\";s:4:\"unit\";s:3:\"点\";s:4:\"open\";s:1:\"1\";s:3:\"log\";s:1:\"1\";}i:3;a:4:{s:4:\"name\";s:6:\"能力\";s:4:\"unit\";s:3:\"点\";s:4:\"open\";s:1:\"1\";s:3:\"log\";s:1:\"1\";}i:4;a:2:{s:4:\"name\";s:6:\"贡献\";s:4:\"unit\";s:3:\"点\";}}','array',''),('read.image_lazy','bbs','0','string',NULL),('strategy','credit','a:14:{i:0;s:0:\"\";s:8:\"register\";a:2:{s:5:\"limit\";s:1:\"1\";s:6:\"credit\";a:2:{i:2;s:3:\"100\";i:3;s:3:\"100\";}}s:5:\"login\";a:2:{s:5:\"limit\";s:1:\"1\";s:6:\"credit\";a:2:{i:2;s:1:\"2\";i:3;s:1:\"0\";}}s:7:\"sendmsg\";a:2:{s:5:\"limit\";s:1:\"0\";s:6:\"credit\";a:2:{i:2;s:1:\"0\";i:3;s:1:\"0\";}}s:10:\"post_topic\";a:2:{s:5:\"limit\";s:1:\"0\";s:6:\"credit\";a:2:{i:2;s:1:\"0\";i:3;s:1:\"0\";}}s:12:\"delete_topic\";a:2:{s:5:\"limit\";s:1:\"0\";s:6:\"credit\";a:2:{i:2;s:2:\"-2\";i:3;s:1:\"0\";}}s:10:\"post_reply\";a:2:{s:5:\"limit\";s:1:\"0\";s:6:\"credit\";a:2:{i:2;s:1:\"0\";i:3;s:1:\"0\";}}s:12:\"delete_reply\";a:2:{s:5:\"limit\";s:1:\"0\";s:6:\"credit\";a:2:{i:2;s:2:\"-1\";i:3;s:1:\"0\";}}s:12:\"digest_topic\";a:2:{s:5:\"limit\";s:1:\"0\";s:6:\"credit\";a:2:{i:2;s:1:\"0\";i:3;s:1:\"0\";}}s:13:\"remove_digest\";a:2:{s:5:\"limit\";s:1:\"0\";s:6:\"credit\";a:2:{i:2;s:1:\"0\";i:3;s:1:\"0\";}}s:10:\"upload_att\";a:2:{s:5:\"limit\";s:1:\"0\";s:6:\"credit\";a:2:{i:2;s:1:\"5\";i:3;s:1:\"0\";}}s:12:\"download_att\";a:2:{s:5:\"limit\";s:1:\"0\";s:6:\"credit\";a:2:{i:2;s:2:\"-2\";i:3;s:1:\"0\";}}s:6:\"belike\";a:2:{s:5:\"limit\";s:2:\"10\";s:6:\"credit\";a:2:{i:2;s:1:\"0\";i:3;s:1:\"0\";}}s:11:\"push_thread\";a:2:{s:5:\"limit\";s:0:\"\";s:6:\"credit\";a:2:{i:2;s:0:\"\";i:3;s:0:\"\";}}}','array',''),('upgradestrategy','site','a:3:{s:7:\"credit1\";s:1:\"1\";s:7:\"credit2\";s:1:\"1\";s:7:\"postnum\";s:1:\"1\";}','array',''),('question.groups','login','','string',''),('resetpwd.mail.content','login','尊敬的{username}，这是来自{sitename}的密码重置邮件。\n点击下面的链接重置您的密码：<br/>\n{url}<br/>\n如果链接无法点击，请将链接粘贴到浏览器的地址栏中访问。<br/>\n{sitename} <br/>\n{time}','string',''),('resetpwd.mail.title','login','{username}您好，这是{sitename}发送给您的密码重置邮件','string',''),('trypwd','login','5','string',''),('ways','login','a:1:{i:0;s:1:\"2\";}','array',''),('active.check','register','0','string',''),('active.field','register','a:1:{i:0;s:8:\"location\";}','array',''),('active.mail','register','1','string',''),('active.mail.content','register','尊敬的{username}，\n<br/>欢迎你注册成为{sitename}的会员！\n<br/>请点击下面的链接进行帐号的激活：\n<br/>{url}\n<br/>如果不能点击链接，请复制到浏览器地址输入框访问。\n<br/>\n<br/>{sitename}\n<br/>{time}','string',''),('active.mail.title','register','来自{sitename}的注册激活邮件','string',''),('active.phone','register','0','string',''),('close.msg','register','<h1>暂时关闭注册</h1>','string',''),('invite.credit.type','register','2','string',''),('invite.expired','register','30','string',''),('invite.pay.money','register','','string',''),('invite.pay.open','register','0','string',''),('invite.reward.credit.num','register','10','string',''),('invite.reward.credit.type','register','2','string',''),('protocol','register','当您申请用户时，表示您已经同意遵守本规章。 欢迎您加入本站点参加交流和讨论，本站点为公共论坛，为维护网上公共秩序和社会稳定，请您自觉遵守以下条款： <br>\n一、不得利用本站危害国家安全、泄露国家秘密，不得侵犯国家社会集体的和公民的合法权益，不得利用本站制作、复制和传播下列信息： <br>\n（一）煽动抗拒、破坏宪法和法律、行政法规实施的；\n（二）煽动颠覆国家政权，推翻社会主义制度的；<br>\n（三）煽动分裂国家、破坏国家统一的；<br>\n（四）煽动民族仇恨、民族歧视，破坏民族团结的；<br>\n（五）捏造或者歪曲事实，散布谣言，扰乱社会秩序的；<br>\n（六）宣扬封建迷信、淫秽、色情、赌博、暴力、凶杀、恐怖、教唆犯罪的；<br>\n（七）公然侮辱他人或者捏造事实诽谤他人的，或者进行其他恶意攻击的；<br>\n（八）损害国家机关信誉的；<br>\n（九）其他违反宪法和法律行政法规的；<br>\n（十）进行商业广告行为的。<br>\n二、互相尊重，对自己的言论和行为负责。<br>\n三、禁止在申请用户时使用相关本站的词汇，或是带有侮辱、毁谤、造谣类的或是有其含义的各种语言进行注册用户，否则我们会将其删除。<br>\n四、禁止以任何方式对本站进行各种破坏行为。<br>\n五、如果您有违反国家相关法律法规的行为，本站概不负责，您的登录论坛信息均被记录无疑，必要时，我们会向相关的国家管理部门提供此类信息。 ','string',''),('security.ban.username','register','创始人,管理员,版主,斑竹,admin','string',''),('security.ip','register','0','string',''),('security.password','register','','string',''),('security.password.max','register','15','string',''),('security.password.min','register','6','string',''),('security.username.max','register','15','string',''),('security.username.min','register','3','string',''),('type','register','1','string',''),('welcome.content','register','尊敬的{username}，\n<br/>欢迎你注册成为{sitename}的会员！\n<br/>\n<br/>本站全体管理人员向您问好！\n<br/>{sitename}','string',''),('welcome.title','register','欢迎你注册成为{sitename}的会员','string',''),('welcome.type','register','a:1:{i:0;s:1:\"1\";}','array',''),('mobile.message.content','register','您的验证码是：{mobilecode}，请在页面填写验证码完成验证。（如非本人操作，可不予理会）【{sitename}】','string',''),('cookie.domain','site','','string',''),('cookie.path','site','','string',''),('debug','site','0','string',''),('info.name','site','Aimfive','string',''),('managereasons','site','问题已收集，谢谢反馈！\n建议已收集，谢谢反馈！\n已关注，谢谢反馈！\n广告帖\n恶意灌水\n非法内容\n与版规不符\n重复发帖\n------------------------------------------------\n优秀文章\n原创内容','string',''),('onlinetime','site','30','string',''),('punch.friend.open','site','1','string',''),('punch.friend.reward','site','a:3:{s:9:\"friendNum\";d:3;s:11:\"rewardMeNum\";d:1;s:9:\"rewardNum\";d:1;}','array',''),('punch.open','site','0','string',''),('punch.reward','site','a:4:{s:4:\"type\";s:1:\"1\";s:3:\"min\";d:1;s:3:\"max\";d:5;s:4:\"step\";d:1;}','array',''),('refreshtime','site','0','string',''),('time.cv','site','0','string',''),('time.timezone','site','8','string',''),('visit.message','site','站点升级中。。。','string',''),('content.length','verify','4','string',''),('content.questions','verify','a:0:{}','array',''),('content.showanswer','verify','0','string',''),('content.type','verify','a:1:{i:0;s:1:\"3\";}','array',''),('randtype','verify','a:3:{i:0;s:4:\"size\";i:1;s:5:\"angle\";i:2;s:5:\"graph\";}','array',''),('showverify','verify','a:0:{}','array',''),('type','verify','image','string',''),('info.notice','site','','string',''),('task.isOpen','site','0','string',''),('attachnum','attachment','10','string',''),('voice','verify','0','string',''),('maxalbum','album','10','string',''),('maxphoto','album','100','string',''),('editor.style','bbs','1','string',''),('content.duplicate','bbs','1','string',''),('ubb.cvtimes','bbs','30','string',''),('ubb.img.open','bbs','1','string',''),('ubb.img.width','bbs','700','string',''),('ubb.img.height','bbs','0','string',''),('ubb.size.max','bbs','5','string',''),('ubb.flash.open','bbs','0','string',''),('ubb.media.open','bbs','0','string',''),('ubb.iframe.open','bbs','0','string',''),('medal.isopen','site','0','string',''),('width','verify','240','string',''),('height','verify','60','string',''),('homeUrl','site','index.php?m=bbs','string',''),('windid','site','local','string',''),('homeRouter','site','a:3:{s:1:\"m\";s:3:\"bbs\";s:1:\"c\";s:5:\"index\";s:1:\"a\";s:3:\"run\";}','array',''),('windid','windid','local','string',''),('serverUrl','windid','http://121.199.53.162/windid','string',''),('clientId','windid','1','string',''),('clientKey','windid','16582a0776b75aee0421aea9a6a93b60','string',''),('connect','windid','db','string',''),('avatarUrl','site','http://121.199.53.162/windid/attachment','string',''),('hash','site','TWlc3CBQ','string',''),('cookie.pre','site','tGV','string',''),('info.mail','site','admin@phpwind.com','string',''),('info.url','site','http://121.199.53.162','string',''),('main','nav','a:1:{i:0;a:2:{s:4:\"name\";s:58:\"<a href=\"http://121.199.53.162/index.php?m=bbs\">论坛</a>\";s:4:\"sign\";s:14:\"bbs|index|run|\";}}','array',''),('bottom','nav','a:3:{i:0;a:2:{s:4:\"name\";s:88:\"<a href=\"http://www.phpwind.com/index.php?m=aboutus&a=index&menuid=16\">关于phpwind</a>\";s:4:\"sign\";s:0:\"\";}i:1;a:2:{s:4:\"name\";s:87:\"<a href=\"http://www.phpwind.com/index.php?m=aboutus&a=index&menuid=20\">联系我们</a>\";s:4:\"sign\";s:0:\"\";}i:2;a:2:{s:4:\"name\";s:72:\"<a href=\"http://www.phpwind.net/thread-htm-fid-54.html\">问题反馈</a>\";s:4:\"sign\";s:0:\"\";}}','array',''),('bbsname','bbs','','string',NULL),('my','nav','a:1:{i:0;a:2:{s:4:\"name\";s:104:\"<a href=\"http://121.199.53.162/index.php?m=space&c=profile\"><em class=\"icon_space\"></em>个人资料</a>\";s:4:\"sign\";s:5:\"space\";}}','array',''),('read.hit_update','bbs','0','string',NULL),('mailOpen','email','1','string',NULL),('mailMethod','email','smtp','string',NULL),('mail.host','email','smtp.163.com','string',NULL),('mail.port','email','25','string',NULL),('mail.from','email','luckylp-630058043@163.com','string',NULL),('mail.auth','email','1','string',NULL),('mail.user','email','luckylp-630058043@163.com','string',NULL),('mail.password','email','luckylphaha','string',NULL),('info.icp','site','','string',''),('info.logo','site','','string',''),('statisticscode','site','','string',''),('theme.site.pack','site','site','string',''),('theme.site.default','site','default','string',''),('theme.space.pack','site','space','string',''),('theme.space.default','site','default','string',''),('theme.forum.pack','site','forum','string',''),('theme.forum.default','site','default','string',''),('theme.portal.pack','site','portal/appcenter','string',''),('visit.state','site','0','string',''),('visit.group','site','','string',''),('visit.gid','site','','string',''),('visit.ip','site','','string',''),('visit.member','site','','string',''),('seo_bbs_thread_1','seo','a:6:{s:3:\"mod\";s:3:\"bbs\";s:4:\"page\";s:6:\"thread\";s:5:\"param\";s:1:\"1\";s:5:\"title\";s:0:\"\";s:8:\"keywords\";s:0:\"\";s:11:\"description\";s:0:\"\";}','array',NULL),('seo_bbs_thread_2','seo','a:6:{s:3:\"mod\";s:3:\"bbs\";s:4:\"page\";s:6:\"thread\";s:5:\"param\";s:1:\"2\";s:5:\"title\";s:0:\"\";s:8:\"keywords\";s:0:\"\";s:11:\"description\";s:0:\"\";}','array',NULL);
/*!40000 ALTER TABLE `aim_common_config` ENABLE KEYS */;
UNLOCK TABLES;

--
-- Table structure for table `aim_common_cron`
--

DROP TABLE IF EXISTS `aim_common_cron`;
/*!40101 SET @saved_cs_client     = @@character_set_client */;
/*!40101 SET character_set_client = utf8 */;
CREATE TABLE `aim_common_cron` (
  `cron_id` int(10) unsigned NOT NULL AUTO_INCREMENT COMMENT '计划任务ID',
  `subject` varchar(50) NOT NULL DEFAULT '' COMMENT '计划任务名称',
  `loop_type` varchar(10) NOT NULL DEFAULT '' COMMENT '循环类型month/week/day/hour/now',
  `loop_daytime` varchar(50) NOT NULL DEFAULT '' COMMENT '循环类型时间（日-时-分）',
  `cron_file` varchar(50) NOT NULL DEFAULT '' COMMENT '计划任务执行文件',
  `isopen` tinyint(3) unsigned NOT NULL DEFAULT '1' COMMENT '是否开启 0 否，1是，2系统任务',
  `created_time` int(10) unsigned NOT NULL DEFAULT '0' COMMENT '计划任务创建时间',
  `modified_time` int(10) unsigned NOT NULL DEFAULT '0' COMMENT '计划任务上次执行结束时间',
  `next_time` int(10) unsigned NOT NULL DEFAULT '0' COMMENT '下一次执行时间',
  PRIMARY KEY (`cron_id`),
  KEY `idx_next_time` (`next_time`)
) ENGINE=MyISAM AUTO_INCREMENT=5 DEFAULT CHARSET=utf8 COMMENT='计划任务表';
/*!40101 SET character_set_client = @saved_cs_client */;

--
-- Dumping data for table `aim_common_cron`
--

LOCK TABLES `aim_common_cron` WRITE;
/*!40000 ALTER TABLE `aim_common_cron` DISABLE KEYS */;
INSERT INTO `aim_common_cron` VALUES (1,'清理在线用户','now','0-0-10','PwCronDoClearOnline',2,1368070337,1381059224,1381059780),(2,'门户更新触发任务','day','0-3-0','PwCronDoDesign',2,1368070337,1381059224,1381086000),(3,'更新帖子点击数','now','0-0-5','PwCronDoUpdateHits',2,1368070337,1381059224,1381059480),(4,'清理帖子今日统计','day','0-0-0','PwCronDoClearForumTodayposts',2,1368070337,1381059224,1381075200);
/*!40000 ALTER TABLE `aim_common_cron` ENABLE KEYS */;
UNLOCK TABLES;

--
-- Table structure for table `aim_common_emotion`
--

DROP TABLE IF EXISTS `aim_common_emotion`;
/*!40101 SET @saved_cs_client     = @@character_set_client */;
/*!40101 SET character_set_client = utf8 */;
CREATE TABLE `aim_common_emotion` (
  `emotion_id` int(10) unsigned NOT NULL AUTO_INCREMENT COMMENT '表情ID',
  `category_id` smallint(5) unsigned NOT NULL DEFAULT '0' COMMENT '表情分类',
  `emotion_name` varchar(20) NOT NULL DEFAULT '' COMMENT '表情名称',
  `emotion_folder` varchar(20) NOT NULL DEFAULT '' COMMENT '所属文件夹',
  `emotion_icon` varchar(50) NOT NULL DEFAULT '' COMMENT '表情图标',
  `vieworder` int(10) unsigned NOT NULL DEFAULT '0' COMMENT '排序',
  `isused` tinyint(3) unsigned NOT NULL DEFAULT '1' COMMENT '是否使用',
  PRIMARY KEY (`emotion_id`),
  KEY `idx_catid` (`category_id`),
  KEY `idx_isused` (`isused`)
) ENGINE=MyISAM AUTO_INCREMENT=27 DEFAULT CHARSET=utf8 COMMENT='表情数据表';
/*!40101 SET character_set_client = @saved_cs_client */;

--
-- Dumping data for table `aim_common_emotion`
--

LOCK TABLES `aim_common_emotion` WRITE;
/*!40000 ALTER TABLE `aim_common_emotion` DISABLE KEYS */;
INSERT INTO `aim_common_emotion` VALUES (1,1,'弹','taodoll','01.gif',0,1),(2,1,'抱抱','taodoll','02.gif',0,1),(3,1,'晕','taodoll','03.gif',0,1),(4,1,'美味','taodoll','04.gif',0,1),(5,1,'烦','taodoll','05.gif',0,1),(6,1,'擦口水','taodoll','06.gif',0,1),(7,1,'思考','taodoll','07.gif',0,1),(8,1,'心跳','taodoll','08.gif',0,1),(9,1,'汗','taodoll','09.gif',0,1),(10,1,'呸','taodoll','10.gif',0,1),(11,1,'吐舌头','taodoll','11.gif',0,1),(12,1,'加油','taodoll','12.gif',0,1),(13,1,'吐','taodoll','13.gif',0,1),(14,1,'大哭','taodoll','14.gif',0,1),(15,1,'亲','taodoll','15.gif',0,1),(16,1,'委屈','taodoll','16.gif',0,1),(17,1,'眼镜','taodoll','17.gif',0,1),(18,1,'抠鼻子','taodoll','18.gif',0,1),(19,1,'臭美','taodoll','19.gif',0,1),(20,1,'无奈','taodoll','20.gif',0,1),(21,1,'槌子','taodoll','21.gif',0,1),(22,1,'哇','taodoll','22.gif',0,1),(23,1,'抱一抱','taodoll','23.gif',0,1),(24,1,'不爽','taodoll','24.gif',0,1),(25,1,'鼻血','taodoll','25.gif',0,1),(26,1,'帅','taodoll','26.gif',0,1);
/*!40000 ALTER TABLE `aim_common_emotion` ENABLE KEYS */;
UNLOCK TABLES;

--
-- Table structure for table `aim_common_emotion_category`
--

DROP TABLE IF EXISTS `aim_common_emotion_category`;
/*!40101 SET @saved_cs_client     = @@character_set_client */;
/*!40101 SET character_set_client = utf8 */;
CREATE TABLE `aim_common_emotion_category` (
  `category_id` int(10) unsigned NOT NULL AUTO_INCREMENT COMMENT '分类ID',
  `category_name` varchar(20) NOT NULL DEFAULT '' COMMENT '分类名',
  `emotion_folder` varchar(20) NOT NULL DEFAULT '' COMMENT '分类文件夹',
  `emotion_apps` varchar(50) NOT NULL DEFAULT '' COMMENT '能使用的应用',
  `orderid` int(10) unsigned NOT NULL DEFAULT '0' COMMENT '排序',
  `isopen` tinyint(3) unsigned NOT NULL DEFAULT '0' COMMENT '是否使用',
  PRIMARY KEY (`category_id`)
) ENGINE=MyISAM AUTO_INCREMENT=2 DEFAULT CHARSET=utf8 COMMENT='表情分类表';
/*!40101 SET character_set_client = @saved_cs_client */;

--
-- Dumping data for table `aim_common_emotion_category`
--

LOCK TABLES `aim_common_emotion_category` WRITE;
/*!40000 ALTER TABLE `aim_common_emotion_category` DISABLE KEYS */;
INSERT INTO `aim_common_emotion_category` VALUES (1,'淘公仔','taodoll','bbs|weibo|cms|face',0,1);
/*!40000 ALTER TABLE `aim_common_emotion_category` ENABLE KEYS */;
UNLOCK TABLES;

--
-- Table structure for table `aim_common_nav`
--

DROP TABLE IF EXISTS `aim_common_nav`;
/*!40101 SET @saved_cs_client     = @@character_set_client */;
/*!40101 SET character_set_client = utf8 */;
CREATE TABLE `aim_common_nav` (
  `navid` int(10) unsigned NOT NULL AUTO_INCREMENT COMMENT '导航ID',
  `parentid` int(10) unsigned NOT NULL DEFAULT '0' COMMENT '导航上级ID',
  `rootid` int(10) unsigned NOT NULL DEFAULT '0' COMMENT '导航类ID',
  `type` varchar(32) NOT NULL DEFAULT '' COMMENT '所属类型',
  `sign` varchar(32) NOT NULL DEFAULT '' COMMENT '当前定位标识',
  `name` char(50) NOT NULL DEFAULT '' COMMENT '导航名称',
  `style` char(50) NOT NULL DEFAULT '' COMMENT '导航样式',
  `link` char(100) NOT NULL DEFAULT '' COMMENT '导航链接',
  `alt` char(50) NOT NULL DEFAULT '' COMMENT '链接ALT信息',
  `image` varchar(100) NOT NULL DEFAULT '' COMMENT '导航小图标',
  `target` tinyint(1) unsigned NOT NULL DEFAULT '0' COMMENT '是否新窗口打开',
  `isshow` tinyint(1) unsigned NOT NULL DEFAULT '0' COMMENT '是否使用',
  `orderid` tinyint(3) unsigned NOT NULL DEFAULT '0' COMMENT '排序',
  PRIMARY KEY (`navid`),
  KEY `idx_type` (`type`),
  KEY `idx_rootid` (`rootid`),
  KEY `idx_orderid` (`orderid`)
) ENGINE=MyISAM AUTO_INCREMENT=19 DEFAULT CHARSET=utf8 COMMENT='导航表';
/*!40101 SET character_set_client = @saved_cs_client */;

--
-- Dumping data for table `aim_common_nav`
--

LOCK TABLES `aim_common_nav` WRITE;
/*!40000 ALTER TABLE `aim_common_nav` DISABLE KEYS */;
INSERT INTO `aim_common_nav` VALUES (2,0,2,'main','bbs|index|run|','论坛','|||','index.php?m=bbs','','',0,1,2),(8,0,8,'my','space','个人资料','','index.php?m=space&c=profile','','',0,1,1),(15,0,15,'bottom','','关于phpwind','','http://www.phpwind.com/index.php?m=aboutus&a=index&menuid=16','','',0,1,1),(16,0,16,'bottom','','联系我们','|||','http://www.phpwind.com/index.php?m=aboutus&a=index&menuid=20','','',0,1,2),(18,0,18,'bottom','','问题反馈','','http://www.phpwind.net/thread-htm-fid-54.html','','',0,1,4);
/*!40000 ALTER TABLE `aim_common_nav` ENABLE KEYS */;
UNLOCK TABLES;

--
-- Table structure for table `aim_common_process`
--

DROP TABLE IF EXISTS `aim_common_process`;
/*!40101 SET @saved_cs_client     = @@character_set_client */;
/*!40101 SET character_set_client = utf8 */;
CREATE TABLE `aim_common_process` (
  `flag` varchar(20) NOT NULL DEFAULT '' COMMENT '进程标记',
  `uid` int(10) unsigned NOT NULL DEFAULT '0' COMMENT '进程锁用户',
  `expired_time` int(10) unsigned NOT NULL DEFAULT '0' COMMENT '过期时间',
  PRIMARY KEY (`flag`(10),`uid`)
) ENGINE=MyISAM DEFAULT CHARSET=utf8 COMMENT='进程控制表';
/*!40101 SET character_set_client = @saved_cs_client */;

--
-- Dumping data for table `aim_common_process`
--

LOCK TABLES `aim_common_process` WRITE;
/*!40000 ALTER TABLE `aim_common_process` DISABLE KEYS */;
/*!40000 ALTER TABLE `aim_common_process` ENABLE KEYS */;
UNLOCK TABLES;

--
-- Table structure for table `aim_credit_log`
--

DROP TABLE IF EXISTS `aim_credit_log`;
/*!40101 SET @saved_cs_client     = @@character_set_client */;
/*!40101 SET character_set_client = utf8 */;
CREATE TABLE `aim_credit_log` (
  `id` int(10) unsigned NOT NULL AUTO_INCREMENT,
  `ctype` varchar(8) NOT NULL DEFAULT '',
  `affect` int(10) NOT NULL DEFAULT '0',
  `logtype` varchar(40) NOT NULL DEFAULT '',
  `descrip` varchar(255) NOT NULL DEFAULT '',
  `created_userid` int(10) unsigned NOT NULL DEFAULT '0',
  `created_username` varchar(15) NOT NULL DEFAULT '',
  `created_time` int(10) unsigned NOT NULL DEFAULT '0',
  PRIMARY KEY (`id`),
  KEY `idx_createduserid_createdtime` (`created_userid`,`created_time`)
) ENGINE=MyISAM AUTO_INCREMENT=363 DEFAULT CHARSET=utf8 COMMENT='积分日志表';
/*!40101 SET character_set_client = @saved_cs_client */;

--
-- Dumping data for table `aim_credit_log`
--

LOCK TABLES `aim_credit_log` WRITE;
/*!40000 ALTER TABLE `aim_credit_log` DISABLE KEYS */;
INSERT INTO `aim_credit_log` VALUES (1,'2',2,'login','登录;积分变化【威望:+2】',1,'admin',1369362328),(2,'1',2,'post_topic','admin在版块主题发布发布主题;积分变化【铜币:+2】',1,'admin',1369363148),(3,'2',2,'post_topic','admin在版块主题发布发布主题;积分变化【威望:+2】',1,'admin',1369363148),(4,'1',2,'post_topic','admin在版块主题发布发布主题;积分变化【铜币:+2】',1,'admin',1369363227),(5,'2',2,'post_topic','admin在版块主题发布发布主题;积分变化【威望:+2】',1,'admin',1369363227),(6,'2',1,'post_reply','admin在版块主题发布发布回复;积分变化【威望:+1】',1,'admin',1369363319),(7,'2',1,'post_reply','admin在版块主题发布发布回复;积分变化【威望:+1】',1,'admin',1369366549),(8,'2',1,'post_reply','admin在版块主题发布发布回复;积分变化【威望:+1】',1,'admin',1369384148),(9,'2',1,'post_reply','admin在版块主题发布发布回复;积分变化【威望:+1】',1,'admin',1369384259),(10,'2',2,'login','登录;积分变化【威望:+2】',2,'qweqwe',1369388172),(11,'2',2,'login','登录;积分变化【威望:+2】',1,'admin',1369621405),(12,'1',2,'post_topic','admin在版块主题发布发布主题;积分变化【铜币:+2】',1,'admin',1369641189),(13,'2',2,'post_topic','admin在版块主题发布发布主题;积分变化【威望:+2】',1,'admin',1369641189),(14,'1',2,'post_topic','admin在版块主题发布发布主题;积分变化【铜币:+2】',1,'admin',1369641221),(15,'2',2,'post_topic','admin在版块主题发布发布主题;积分变化【威望:+2】',1,'admin',1369641221),(16,'1',-2,'delete_topic','admin发布的主题“厦门一裸女酒吧门口走秀”被管理员admin删除了;积分变化【铜币:-2】',1,'admin',1369642737),(17,'2',-2,'delete_topic','admin发布的主题“厦门一裸女酒吧门口走秀”被管理员admin删除了;积分变化【威望:-2】',1,'admin',1369642737),(18,'2',2,'login','登录;积分变化【威望:+2】',1,'admin',1369711645),(19,'1',600000093,'admin_set','后台用户admin重置用户积分;积分变化：【铜币:+600000093】',1,'admin',1369724162),(20,'2',159999984,'admin_set','后台用户admin重置用户积分;积分变化：【威望:+159999984】',1,'admin',1369724162),(21,'3',99999999,'admin_set','后台用户admin重置用户积分;积分变化：【银元:+99999999】',1,'admin',1369724162),(22,'1',2,'post_topic','admin在版块主题发布发布主题;积分变化【铜币:+2】',1,'admin',1369724255),(23,'2',2,'post_topic','admin在版块主题发布发布主题;积分变化【威望:+2】',1,'admin',1369724255),(24,'1',2,'post_topic','admin在版块主题发布发布主题;积分变化【铜币:+2】',1,'admin',1369724318),(25,'2',2,'post_topic','admin在版块主题发布发布主题;积分变化【威望:+2】',1,'admin',1369724318),(26,'2',2,'login','登录;积分变化【威望:+2】',2,'qweqwe',1369724523),(27,'1',1111111,'admin_set','后台用户admin重置用户积分;积分变化：【铜币:+1111111】',1,'admin',1369724548),(28,'2',111107,'admin_set','后台用户admin重置用户积分;积分变化：【威望:+111107】',1,'admin',1369724548),(29,'3',11111,'admin_set','后台用户admin重置用户积分;积分变化：【银元:+11111】',1,'admin',1369724548),(30,'1',-2,'buythread','qweqwe购买了帖子“vvvvvvvvvvv”的查看权限;积分变化【铜币:-2】',2,'qweqwe',1369724601),(31,'1',2,'sellthread','admin的帖子“vvvvvvvvvvv”成功出售;积分变化【铜币:+2】',1,'admin',1369724601),(32,'2',1,'belike','内容被qweqwe喜欢;积分变化【威望:+1】',1,'admin',1369724640),(33,'2',1,'post_reply','qweqwe在版块主题发布发布回复;积分变化【威望:+1】',2,'qweqwe',1369724644),(34,'2',1,'post_reply','qweqwe在版块主题发布发布回复;积分变化【威望:+1】',2,'qweqwe',1369725287),(35,'1',2,'post_topic','qweqwe在版块主题发布发布主题;积分变化【铜币:+2】',2,'qweqwe',1369725322),(36,'2',2,'post_topic','qweqwe在版块主题发布发布主题;积分变化【威望:+2】',2,'qweqwe',1369725322),(37,'2',1,'post_reply','qweqwe在版块主题发布发布回复;积分变化【威望:+1】',2,'qweqwe',1369736268),(38,'2',2,'post_topic','admin在版块主题发布发布主题;积分变化【积分:+2】',1,'admin',1369738830),(39,'2',2,'post_topic','admin在版块主题发布发布主题;积分变化【积分:+2】',1,'admin',1369738899),(40,'2',2,'post_topic','admin在版块主题发布发布主题;积分变化【积分:+2】',1,'admin',1369739521),(41,'2',2,'post_topic','admin在版块主题发布发布主题;积分变化【积分:+2】',1,'admin',1369739570),(42,'2',2,'post_topic','admin在版块主题发布发布主题;积分变化【积分:+2】',1,'admin',1369739803),(43,'2',2,'post_topic','admin在版块主题发布发布主题;积分变化【积分:+2】',1,'admin',1369740048),(44,'2',2,'post_topic','admin在版块主题发布发布主题;积分变化【积分:+2】',1,'admin',1369740130),(45,'2',2,'post_topic','admin在版块主题发布发布主题;积分变化【积分:+2】',1,'admin',1369740185),(46,'2',2,'post_topic','admin在版块主题发布发布主题;积分变化【积分:+2】',1,'admin',1369740224),(47,'2',2,'post_topic','admin在版块主题发布发布主题;积分变化【积分:+2】',1,'admin',1369740323),(48,'2',2,'post_topic','admin在版块主题发布发布主题;积分变化【积分:+2】',1,'admin',1369740439),(49,'2',2,'post_topic','admin在版块主题发布发布主题;积分变化【积分:+2】',1,'admin',1369740466),(50,'2',2,'post_topic','admin在版块主题发布发布主题;积分变化【积分:+2】',1,'admin',1369740478),(51,'2',2,'post_topic','admin在版块主题发布发布主题;积分变化【积分:+2】',1,'admin',1369740509),(52,'2',2,'post_topic','admin在版块主题发布发布主题;积分变化【积分:+2】',1,'admin',1369741315),(53,'2',2,'post_topic','admin在版块主题发布发布主题;积分变化【积分:+2】',1,'admin',1369741415),(54,'2',2,'post_topic','admin在版块主题发布发布主题;积分变化【积分:+2】',1,'admin',1369742000),(55,'2',2,'post_topic','admin在版块主题发布发布主题;积分变化【积分:+2】',1,'admin',1369742099),(56,'2',2,'post_topic','admin在版块主题发布发布主题;积分变化【积分:+2】',1,'admin',1369742154),(57,'2',2,'post_topic','admin在版块主题发布发布主题;积分变化【积分:+2】',1,'admin',1369742324),(58,'2',2,'login','登录;积分变化【积分:+2】',1,'admin',1369794209),(59,'2',-159990048,'admin_set','后台用户admin重置用户积分;积分变化：【积分:-159990048】',1,'admin',1369798448),(60,'3',-99990000,'admin_set','后台用户admin重置用户积分;积分变化：【功力:-99990000】',1,'admin',1369798448),(61,'2',90000,'admin_set','后台用户admin重置用户积分;积分变化：【积分:+90000】',1,'admin',1369798458),(62,'3',90000,'admin_set','后台用户admin重置用户积分;积分变化：【功力:+90000】',1,'admin',1369798458),(63,'2',1,'post_reply','admin在版块主题发布发布回复;积分变化【积分:+1】',1,'admin',1369799562),(64,'2',-100005,'admin_set','后台用户admin重置用户积分;积分变化：【积分:-100005】',1,'admin',1369799616),(65,'2',-10000,'admin_set','后台用户admin重置用户积分;积分变化：【积分:-10000】',1,'admin',1369799628),(66,'3',-10000,'admin_set','后台用户admin重置用户积分;积分变化：【功力:-10000】',1,'admin',1369799628),(67,'2',10000,'admin_set','后台用户admin重置用户积分;积分变化：【积分:+10000】',1,'admin',1369799647),(68,'3',10000,'admin_set','后台用户admin重置用户积分;积分变化：【功力:+10000】',1,'admin',1369799647),(69,'2',-11112,'admin_set','后台用户admin重置用户积分;积分变化：【积分:-11112】',1,'admin',1369806064),(70,'2',2,'post_topic','admin在版块主题发布发布主题;积分变化【积分:+2】',1,'admin',1369807955),(71,'2',2,'post_topic','admin在版块主题发布发布主题;积分变化【积分:+2】',1,'admin',1369808481),(72,'2',2,'login','登录;积分变化【积分:+2】',1,'admin',1369879456),(73,'2',2,'post_topic','admin在版块主题发布发布主题;积分变化【积分:+2】',1,'admin',1369897315),(74,'2',2,'post_topic','admin在版块主题发布发布主题;积分变化【积分:+2】',1,'admin',1369898440),(75,'2',2,'post_topic','admin在版块主题发布发布主题;积分变化【积分:+2】',1,'admin',1369898594),(76,'2',2,'post_topic','admin在版块主题发布发布主题;积分变化【积分:+2】',1,'admin',1369900955),(77,'2',2,'post_topic','admin在版块主题发布发布主题;积分变化【积分:+2】',1,'admin',1369900984),(78,'2',2,'post_topic','admin在版块主题发布发布主题;积分变化【积分:+2】',1,'admin',1369907885),(79,'2',2,'login','登录;积分变化【积分:+2】',1,'admin',1369966214),(80,'2',1,'post_reply','admin在版块主题发布发布回复;积分变化【积分:+1】',1,'admin',1369967152),(81,'2',2,'post_topic','admin在版块主题发布发布主题;积分变化【积分:+2】',1,'admin',1369967171),(82,'2',1,'post_reply','admin在版块主题发布发布回复;积分变化【积分:+1】',1,'admin',1369967192),(83,'2',1,'post_reply','admin在版块主题发布发布回复;积分变化【积分:+1】',1,'admin',1369967223),(84,'2',1,'post_reply','admin在版块主题发布发布回复;积分变化【积分:+1】',1,'admin',1369971953),(85,'2',1,'post_reply','admin在版块主题发布发布回复;积分变化【积分:+1】',1,'admin',1369972163),(86,'2',1,'post_reply','admin在版块主题发布发布回复;积分变化【积分:+1】',1,'admin',1369978075),(87,'2',2,'post_topic','admin在版块主题发布发布主题;积分变化【积分:+2】',1,'admin',1369992595),(88,'2',2,'login','登录;积分变化【积分:+2】',1,'admin',1370225170),(89,'2',1,'post_reply','admin在版块主题发布发布回复;积分变化【积分:+1】',1,'admin',1370227794),(90,'2',2,'login','登录;积分变化【积分:+2】',1,'admin',1370311467),(91,'2',2,'login','登录;积分变化【积分:+2】',4,'qweqwe1',1370335393),(92,'2',2,'post_topic','qweqwe1在版块主题发布发布主题;积分变化【积分:+2】',4,'qweqwe1',1370335433),(93,'2',2,'post_topic','qweqwe1在版块主题发布发布主题;积分变化【积分:+2】',4,'qweqwe1',1370335449),(94,'2',2,'login','登录;积分变化【积分:+2】',2,'qweqwe',1370335582),(95,'2',2,'login','登录;积分变化【积分:+2】',5,'qweqwe2',1370335608),(96,'2',1,'post_reply','qweqwe2在版块主题发布发布回复;积分变化【积分:+1】',5,'qweqwe2',1370335617),(97,'2',2,'login','登录;积分变化【积分:+2】',1,'admin',1370397850),(98,'2',2,'login','登录;积分变化【积分:+2】',1,'admin',1370483714),(99,'2',2,'login','登录;积分变化【积分:+2】',2,'qweqwe',1370499405),(100,'2',2,'login','登录;积分变化【积分:+2】',4,'qweqwe1',1370499442),(101,'2',2,'login','登录;积分变化【积分:+2】',6,'qweqwe',1370499676),(102,'2',2,'post_topic','qweqwe在版块主题发布发布主题;积分变化【积分:+2】',6,'qweqwe',1370501622),(103,'2',2,'login','登录;积分变化【积分:+2】',1,'admin',1370570512),(104,'2',2,'login','登录;积分变化【积分:+2】',6,'qweqwe',1370573292),(105,'2',1,'post_reply','qweqwe在版块主题发布发布回复;积分变化【积分:+1】',6,'qweqwe',1370573308),(106,'2',5,'upload_att','admin在版块主题发布上传附件;积分变化【积分:+5】',1,'admin',1370589409),(107,'2',2,'post_topic','admin在版块主题发布发布主题;积分变化【积分:+2】',1,'admin',1370589409),(108,'2',1,'post_reply','admin在版块主题发布发布回复;积分变化【积分:+1】',1,'admin',1370598890),(109,'2',2,'login','登录;积分变化【积分:+2】',1,'admin',1370656686),(110,'2',10,'digest_topic','admin在版块主题发布发布的主题被设为精华主题;积分变化【积分:+10】',1,'admin',1370672931),(111,'2',2,'login','登录;积分变化【积分:+2】',6,'qweqwe',1370673639),(112,'2',1,'post_reply','admin在版块主题发布发布回复;积分变化【威望:+1】',1,'admin',1370674580),(113,'2',1,'post_reply','admin在版块主题发布发布回复;积分变化【威望:+1】',1,'admin',1370674582),(114,'2',1,'post_reply','admin在版块主题发布发布回复;积分变化【威望:+1】',1,'admin',1370674584),(115,'2',1,'post_reply','admin在版块主题发布发布回复;积分变化【威望:+1】',1,'admin',1370674586),(116,'2',1,'post_reply','admin在版块主题发布发布回复;积分变化【威望:+1】',1,'admin',1370674588),(117,'2',2,'post_topic','admin在版块主题发布发布主题;积分变化【积分:+2】',1,'admin',1370676313),(118,'2',2,'post_topic','qweqwe在版块主题发布发布主题;积分变化【积分:+2】',6,'qweqwe',1370676346),(119,'2',2,'post_topic','qweqwe在版块主题发布发布主题;积分变化【积分:+2】',6,'qweqwe',1370676497),(120,'2',1,'post_reply','qweqwe在版块主题发布发布回复;积分变化【威望:+1】',6,'qweqwe',1370676869),(121,'2',1,'post_reply','qweqwe在版块主题发布发布回复;积分变化【积分:+1】',6,'qweqwe',1370677389),(122,'2',1,'post_reply','admin在版块主题发布发布回复;积分变化【威望:+1】',1,'admin',1370677868),(123,'2',5,'upload_att','admin在版块主题发布上传附件;积分变化【积分:+5】',1,'admin',1370678486),(124,'2',5,'upload_att','admin在版块主题发布上传附件;积分变化【积分:+5】',1,'admin',1370678486),(125,'2',5,'upload_att','admin在版块主题发布上传附件;积分变化【积分:+5】',1,'admin',1370678486),(126,'2',5,'upload_att','admin在版块主题发布上传附件;积分变化【积分:+5】',1,'admin',1370678486),(127,'2',5,'upload_att','admin在版块主题发布上传附件;积分变化【积分:+5】',1,'admin',1370679408),(128,'2',5,'upload_att','admin在版块主题发布上传附件;积分变化【积分:+5】',1,'admin',1370679408),(129,'2',5,'upload_att','admin在版块主题发布上传附件;积分变化【积分:+5】',1,'admin',1370679408),(130,'2',5,'upload_att','admin在版块主题发布上传附件;积分变化【积分:+5】',1,'admin',1370679408),(131,'2',2,'post_topic','admin在版块主题发布发布主题;积分变化【积分:+2】',1,'admin',1370679408),(132,'2',1,'post_reply','admin在版块主题发布发布回复;积分变化【积分:+1】',1,'admin',1370680637),(133,'2',1,'post_reply','admin在版块主题发布发布回复;积分变化【积分:+1】',1,'admin',1370682670),(134,'2',1,'post_reply','admin在版块主题发布发布回复;积分变化【积分:+1】',1,'admin',1370682673),(135,'2',1,'post_reply','admin在版块主题发布发布回复;积分变化【积分:+1】',1,'admin',1370682674),(136,'2',2,'login','登录;积分变化【积分:+2】',1,'admin',1370741881),(137,'2',2,'login','登录;积分变化【积分:+2】',6,'qweqwe',1370746030),(138,'2',1,'post_reply','admin在版块主题发布发布回复;积分变化【积分:+1】',1,'admin',1370746086),(139,'2',1,'post_reply','admin在版块主题发布发布回复;积分变化【积分:+1】',1,'admin',1370747067),(140,'2',1,'post_reply','admin在版块主题发布发布回复;积分变化【积分:+1】',1,'admin',1370747116),(141,'2',1,'post_reply','admin在版块主题发布发布回复;积分变化【积分:+1】',1,'admin',1370747144),(142,'2',1,'post_reply','admin在版块主题发布发布回复;积分变化【积分:+1】',1,'admin',1370747161),(143,'2',1,'post_reply','admin在版块主题发布发布回复;积分变化【积分:+1】',1,'admin',1370747487),(144,'2',1,'post_reply','admin在版块主题发布发布回复;积分变化【积分:+1】',1,'admin',1370748080),(145,'2',1,'post_reply','admin在版块主题发布发布回复;积分变化【积分:+1】',1,'admin',1370748131),(146,'2',1,'post_reply','admin在版块主题发布发布回复;积分变化【积分:+1】',1,'admin',1370748229),(147,'2',1,'post_reply','admin在版块主题发布发布回复;积分变化【积分:+1】',1,'admin',1370748323),(148,'2',1,'post_reply','admin在版块主题发布发布回复;积分变化【积分:+1】',1,'admin',1370748367),(149,'2',1,'post_reply','admin在版块主题发布发布回复;积分变化【积分:+1】',1,'admin',1370756065),(150,'2',1,'post_reply','admin在版块主题发布发布回复;积分变化【积分:+1】',1,'admin',1370756094),(151,'2',1,'post_reply','admin在版块主题发布发布回复;积分变化【积分:+1】',1,'admin',1370756201),(152,'2',1,'post_reply','admin在版块主题发布发布回复;积分变化【积分:+1】',1,'admin',1370756297),(153,'2',1,'post_reply','admin在版块主题发布发布回复;积分变化【积分:+1】',1,'admin',1370756356),(154,'2',1,'post_reply','admin在版块主题发布发布回复;积分变化【积分:+1】',1,'admin',1370756421),(155,'2',1,'post_reply','admin在版块主题发布发布回复;积分变化【积分:+1】',1,'admin',1370756528),(156,'2',1,'post_reply','admin在版块主题发布发布回复;积分变化【积分:+1】',1,'admin',1370756539),(157,'2',1,'post_reply','qweqwe在版块主题发布发布回复;积分变化【积分:+1】',6,'qweqwe',1370764208),(158,'2',1,'post_reply','qweqwe在版块主题发布发布回复;积分变化【积分:+1】',6,'qweqwe',1370764219),(159,'2',1,'post_reply','admin在版块主题发布发布回复;积分变化【积分:+1】',1,'admin',1370769479),(160,'2',2,'post_topic','admin在版块主题发布发布主题;积分变化【积分:+2】',1,'admin',1370770280),(161,'2',1,'post_reply','admin在版块主题发布发布回复;积分变化【积分:+1】',1,'admin',1370770459),(162,'2',2,'login','登录;积分变化【积分:+2】',1,'admin',1371089390),(163,'2',2,'login','登录;积分变化【积分:+2】',1,'admin',1371174817),(164,'2',2,'login','登录;积分变化【积分:+2】',1,'admin',1371434217),(165,'2',2,'login','登录;积分变化【积分:+2】',1,'admin',1371979449),(166,'2',2,'post_reply','admin在版块主题发布分享;积分变化【积分:+5 】',1,'admin',1371979689),(167,'2',2,'post_reply','admin在版块主题发布分享;积分变化【积分:+5 】',1,'admin',1371979696),(168,'2',2,'post_reply','admin在版块主题发布分享;积分变化【积分:+5 】',1,'admin',1371979718),(169,'2',1,'post_reply','admin在版块主题发布发布回复;积分变化【积分:+1】',1,'admin',1371979766),(170,'2',2,'post_reply','admin在版块主题发布主题悬赏90;积分变化【积分:- 90 】',1,'admin',1371979957),(171,'2',1,'post_reply','admin在版块主题发布发布回复;积分变化【积分:+1】',1,'admin',1371979979),(172,'2',2,'select_back','被发帖用户选择为最佳答案;能力变化［能力+1］',1,'admin',1371980034),(173,'2',2,'post_reply','admin获取主题悬赏90 积分;积分变化【积分:+ 90 】',1,'admin',1371980034),(174,'2',1,'post_reply','admin在版块主题发布发布回复;积分变化【积分:+1】',1,'admin',1371980058),(175,'2',2,'login','登录;积分变化【积分:+2】',6,'qweqwe',1371988907),(176,'2',10,'register','注册;积分变化【积分:+10】',7,'qweqwe2',1371998300),(177,'3',10,'register','注册;积分变化【功力:+10】',7,'qweqwe2',1371998300),(178,'2',10,'register','注册;积分变化【积分:+10】',8,'qweqwe2',1371998449),(179,'3',10,'register','注册;积分变化【功力:+10】',8,'qweqwe2',1371998449),(180,'2',2,'login','登录;积分变化【积分:+2】',8,'qweqwe2',1371998450),(181,'2',2,'post_reply','qweqwe2在版块主题发布主题悬赏2;积分变化【积分:- 2 】',8,'qweqwe2',1371998695),(182,'2',2,'login','登录;积分变化【积分:+2】',1,'admin',1372004151),(183,'2',2,'login','登录;积分变化【积分:+2】',8,'qweqwe2',1372005067),(184,'2',2,'post_reply','admin在版块主题发布主题悬赏50;积分变化【积分:- 50 】',1,'admin',1372064734),(185,'2',2,'post_reply','admin在版块主题发布分享;积分变化【积分:+5 】',1,'admin',1372064913),(186,'2',2,'select_back','被发帖用户选择为最佳答案;能力变化［能力+1］',1,'admin',1372066480),(187,'2',2,'post_reply','admin获取主题悬赏50 积分;积分变化【积分:+ 50 】',1,'admin',1372066480),(188,'2',100,'register','注册;积分变化【积分:+100】',9,'qweqwe',1372066687),(189,'3',100,'register','注册;积分变化【能力:+100】',9,'qweqwe',1372066687),(190,'2',2,'login','登录;积分变化【积分:+2】',9,'qweqwe',1372066688),(191,'2',2,'login','登录;积分变化【积分:+2】',1,'admin',1372125599),(192,'2',100,'register','注册;积分变化【积分:+100】',10,'qweqwe2',1372128750),(193,'3',100,'register','注册;积分变化【能力:+100】',10,'qweqwe2',1372128750),(194,'2',2,'login','登录;积分变化【积分:+2】',10,'qweqwe2',1372128751),(195,'2',2,'post_reply','admin在版块主题发布主题悬赏2;积分变化【积分:- 2 】',1,'admin',1372152466),(196,'2',2,'post_reply','admin在版块主题发布主题悬赏2;积分变化【积分:- 2 】',1,'admin',1372152516),(197,'2',2,'post_reply','admin在版块主题发布主题悬赏2;积分变化【积分:- 2 】',1,'admin',1372152636),(198,'2',2,'post_reply','admin在版块主题发布主题悬赏2;积分变化【积分:- 2 】',1,'admin',1372152689),(199,'2',2,'post_reply','admin在版块主题发布主题悬赏2;积分变化【积分:- 2 】',1,'admin',1372152709),(200,'2',2,'post_reply','admin在版块主题发布主题悬赏2;积分变化【积分:- 2 】',1,'admin',1372152742),(201,'2',2,'post_reply','admin在版块主题发布主题悬赏2;积分变化【积分:- 2 】',1,'admin',1372152757),(202,'2',2,'post_reply','admin在版块主题发布主题悬赏2;积分变化【积分:- 2 】',1,'admin',1372152772),(203,'2',2,'post_reply','admin在版块主题发布主题悬赏2;积分变化【积分:- 2 】',1,'admin',1372152852),(204,'2',2,'post_reply','admin在版块主题发布主题悬赏2;积分变化【积分:- 2 】',1,'admin',1372152911),(205,'2',2,'post_reply','admin在版块主题发布主题悬赏2;积分变化【积分:- 2 】',1,'admin',1372152926),(206,'2',2,'post_reply','admin在版块主题发布主题悬赏2;积分变化【积分:- 2 】',1,'admin',1372153284),(207,'2',2,'post_reply','admin在版块主题发布主题悬赏2;积分变化【积分:- 2 】',1,'admin',1372153492),(208,'2',2,'post_reply','admin在版块主题发布主题悬赏2;积分变化【积分:- 2 】',1,'admin',1372153516),(209,'2',2,'post_reply','admin在版块主题发布主题悬赏2;积分变化【积分:- 2 】',1,'admin',1372153674),(210,'2',2,'post_reply','admin在版块主题发布主题悬赏2;积分变化【积分:- 2 】',1,'admin',1372153897),(211,'2',2,'post_reply','admin在版块主题发布主题悬赏2;积分变化【积分:- 2 】',1,'admin',1372154083),(212,'2',2,'post_reply','admin在版块主题发布主题悬赏2;积分变化【积分:- 2 】',1,'admin',1372154096),(213,'2',2,'post_reply','admin在版块主题发布主题悬赏2;积分变化【积分:- 2 】',1,'admin',1372154105),(214,'2',2,'post_reply','admin在版块主题发布主题悬赏2;积分变化【积分:- 2 】',1,'admin',1372154255),(215,'2',2,'post_reply','admin在版块主题发布主题悬赏2;积分变化【积分:- 2 】',1,'admin',1372154263),(216,'2',2,'post_reply','admin在版块主题发布主题悬赏2;积分变化【积分:- 2 】',1,'admin',1372154309),(217,'2',2,'post_reply','admin在版块主题发布主题悬赏2;积分变化【积分:- 2 】',1,'admin',1372154473),(218,'2',2,'login','登录;积分变化【积分:+2】',1,'admin',1372211928),(219,'2',2,'post_reply','admin在版块主题发布主题悬赏2;积分变化【积分:- 2 】',1,'admin',1372211990),(220,'2',2,'post_reply','admin在版块主题发布主题悬赏2;积分变化【积分:- 2 】',1,'admin',1372212834),(221,'2',2,'post_reply','admin在版块主题发布主题悬赏2;积分变化【积分:- 2 】',1,'admin',1372213372),(222,'2',100,'register','注册;积分变化【积分:+100】',11,'筱筱太子妃',1372242928),(223,'3',100,'register','注册;积分变化【能力:+100】',11,'筱筱太子妃',1372242928),(224,'2',2,'login','登录;积分变化【积分:+2】',11,'筱筱太子妃',1372242929),(225,'2',2,'login','登录;积分变化【积分:+2】',1,'admin',1372300348),(226,'2',2,'login','登录;积分变化【积分:+2】',11,'筱筱太子妃',1372300379),(227,'2',2,'post_reply','筱筱太子妃在版块主题发布分享;积分变化【积分:+5 】',11,'筱筱太子妃',1372300539),(228,'2',2,'post_reply','admin在版块主题发布主题悬赏5;积分变化【积分:- 5 】',1,'admin',1372301985),(229,'2',2,'select_back','被发帖用户选择为最佳答案;能力变化［能力+1］',11,'筱筱太子妃',1372302124),(230,'2',2,'post_reply','admin获取主题悬赏5 积分;积分变化【积分:+ 5 】',1,'admin',1372302124),(231,'2',2,'post_reply','admin在版块主题发布主题悬赏2;积分变化【积分:- 2 】',1,'admin',1372309005),(232,'2',2,'select_back','被发帖用户选择为最佳答案;能力变化［能力+1］',1,'admin',1372309050),(233,'2',2,'post_reply','admin获取主题悬赏2 积分;积分变化【积分:+ 2 】',1,'admin',1372309050),(234,'2',2,'select_back','被发帖用户选择为最佳答案;能力变化［能力+1］',1,'admin',1372309318),(235,'2',2,'post_reply','admin获取主题悬赏2 积分;积分变化【积分:+ 2 】',1,'admin',1372309318),(236,'2',2,'select_back','被发帖用户选择为最佳答案;能力变化［能力+1］',1,'admin',1372309463),(237,'2',2,'post_reply','admin获取主题悬赏2 积分;积分变化【积分:+ 2 】',1,'admin',1372309463),(238,'2',2,'select_back','被发帖用户选择为最佳答案;能力变化［能力+1］',11,'筱筱太子妃',1372309645),(239,'2',2,'post_reply','admin获取主题悬赏5 积分;积分变化【积分:+ 5 】',1,'admin',1372309645),(240,'2',2,'select_back','被发帖用户选择为最佳答案;能力变化［能力+1］',11,'筱筱太子妃',1372309655),(241,'2',2,'post_reply','admin获取主题悬赏5 积分;积分变化【积分:+ 5 】',1,'admin',1372309655),(242,'2',2,'post_reply','admin在版块主题发布分享;积分变化【积分:+5 】',1,'admin',1372310495),(243,'2',100,'register','注册;积分变化【积分:+100】',12,'xiao1437',1372310582),(244,'3',100,'register','注册;积分变化【能力:+100】',12,'xiao1437',1372310582),(245,'2',2,'login','登录;积分变化【积分:+2】',12,'xiao1437',1372310582),(246,'2',2,'post_reply','xiao1437在版块主题发布主题悬赏2;积分变化【积分:- 2 】',12,'xiao1437',1372310885),(247,'2',2,'login','登录;积分变化【积分:+2】',1,'admin',1372385121),(248,'2',2,'login','登录;积分变化【积分:+2】',12,'xiao1437',1372386363),(249,'2',2,'login','登录;积分变化【积分:+2】',11,'筱筱太子妃',1372386662),(250,'2',2,'post_reply','xiao1437在版块主题发布主题悬赏10;积分变化【积分:- 10 】',12,'xiao1437',1372397623),(251,'2',2,'select_back','被发帖用户选择为最佳答案;能力变化［能力+1］',11,'筱筱太子妃',1372399993),(252,'2',2,'post_reply','xiao1437获取主题悬赏10 积分;积分变化【积分:+ 10 】',12,'xiao1437',1372399993),(253,'2',2,'post_reply','筱筱太子妃在版块主题发布分享;积分变化【积分:+5 】',11,'筱筱太子妃',1372401302),(254,'2',2,'post_reply','xiao1437在版块主题发布主题悬赏5;积分变化【积分:- 5 】',12,'xiao1437',1372409756),(255,'2',100,'register','注册;积分变化【积分:+100】',13,'qweqwe2',1372413346),(256,'3',100,'register','注册;积分变化【能力:+100】',13,'qweqwe2',1372413346),(257,'2',2,'login','登录;积分变化【积分:+2】',13,'qweqwe2',1372413346),(258,'2',2,'post_reply','qweqwe2在版块主题发布主题悬赏100;积分变化【积分:- 100 】',13,'qweqwe2',1372413433),(259,'2',2,'post_reply','qweqwe2在版块主题发布分享;积分变化【积分:+5 】',13,'qweqwe2',1372413465),(260,'2',2,'select_back','被发帖用户选择为最佳答案;能力变化［能力+1］',13,'qweqwe2',1372413606),(261,'2',2,'post_reply','qweqwe2获取主题悬赏100 积分;积分变化【积分:+ 100 】',13,'qweqwe2',1372413606),(262,'2',2,'post_reply','qweqwe2在版块主题发布主题悬赏2;积分变化【积分:- 2 】',13,'qweqwe2',1372413725),(263,'2',2,'post_reply','xiao1437在版块主题发布主题悬赏2;积分变化【积分:- 2 】',12,'xiao1437',1372417100),(264,'2',2,'post_reply','admin在版块主题发布主题悬赏2;积分变化【积分:- 2 】',1,'admin',1372417281),(265,'2',2,'post_reply','admin在版块主题发布主题悬赏2;积分变化【积分:- 2 】',1,'admin',1372417306),(266,'2',2,'post_reply','admin在版块主题发布主题悬赏2;积分变化【积分:- 2 】',1,'admin',1372417459),(267,'2',2,'login','登录;积分变化【积分:+2】',12,'xiao1437',1372664580),(268,'2',2,'login','登录;积分变化【积分:+2】',1,'admin',1372743892),(269,'2',2,'post_reply','admin在版块主题发布主题悬赏10;积分变化【积分:- 10 】',1,'admin',1372746030),(270,'2',2,'post_reply','admin在版块主题发布主题悬赏5;积分变化【积分:- 5 】',1,'admin',1372746189),(271,'2',2,'login','登录;积分变化【积分:+2】',11,'筱筱太子妃',1372746350),(272,'2',2,'post_reply','筱筱太子妃在版块主题发布主题悬赏20;积分变化【积分:- 20 】',11,'筱筱太子妃',1372750212),(273,'2',2,'login','登录;积分变化【积分:+2】',12,'xiao1437',1372750767),(274,'2',2,'select_back','被发帖用户选择为最佳答案;能力变化［能力+1］',1,'admin',1372750877),(275,'2',2,'post_reply','筱筱太子妃获取主题悬赏20 积分;积分变化【积分:+ 20 】',11,'筱筱太子妃',1372750877),(276,'2',2,'post_reply','xiao1437在版块主题发布主题悬赏2;积分变化【积分:- 2 】',12,'xiao1437',1372751013),(277,'2',2,'post_reply','admin在版块主题发布主题悬赏2;积分变化【积分:- 2 】',1,'admin',1372751074),(278,'2',2,'post_reply','admin在版块主题发布主题悬赏10;积分变化【积分:- 10 】',1,'admin',1372751140),(279,'2',2,'post_reply','admin在版块主题发布主题悬赏2;积分变化【积分:- 2 】',1,'admin',1372751191),(280,'2',2,'post_reply','admin在版块主题发布主题悬赏2;积分变化【积分:- 2 】',1,'admin',1372751231),(281,'2',2,'post_reply','admin在版块主题发布主题悬赏2;积分变化【积分:- 2 】',1,'admin',1372751273),(282,'2',2,'post_reply','admin在版块主题发布主题悬赏2;积分变化【积分:- 2 】',1,'admin',1372751322),(283,'2',2,'post_reply','admin在版块主题发布主题悬赏2;积分变化【积分:- 2 】',1,'admin',1372751354),(284,'2',2,'post_reply','admin在版块主题发布主题悬赏2;积分变化【积分:- 2 】',1,'admin',1372751412),(285,'2',2,'post_reply','admin在版块主题发布主题悬赏10;积分变化【积分:- 10 】',1,'admin',1372751473),(286,'2',2,'post_reply','admin在版块主题发布主题悬赏2;积分变化【积分:- 2 】',1,'admin',1372751513),(287,'2',2,'post_reply','admin在版块主题发布主题悬赏2;积分变化【积分:- 2 】',1,'admin',1372751566),(288,'2',2,'post_reply','admin在版块主题发布主题悬赏2;积分变化【积分:- 2 】',1,'admin',1372751598),(289,'2',2,'select_back','被发帖用户选择为最佳答案;能力变化［能力+1］',1,'admin',1372756961),(290,'2',2,'post_reply','admin获取主题悬赏2 积分;积分变化【积分:+ 2 】',1,'admin',1372756961),(291,'2',2,'select_back','被发帖用户选择为最佳答案;能力变化［能力+1］',11,'筱筱太子妃',1372757898),(292,'2',2,'post_reply','admin获取主题悬赏10 积分;积分变化【积分:+ 10 】',1,'admin',1372757898),(293,'2',2,'select_back','被发帖用户选择为最佳答案;能力变化［能力+1］',11,'筱筱太子妃',1372757905),(294,'2',2,'post_reply','xiao1437获取主题悬赏2 积分;积分变化【积分:+ 2 】',12,'xiao1437',1372757905),(295,'2',2,'post_reply','admin在版块主题发布主题悬赏2;积分变化【积分:- 2 】',1,'admin',1372774251),(296,'2',2,'post_reply','admin在版块主题发布主题悬赏2;积分变化【积分:- 2 】',1,'admin',1372774306),(297,'2',100,'register','注册;积分变化【积分:+100】',14,'test',1373240384),(298,'3',100,'register','注册;积分变化【能力:+100】',14,'test',1373240384),(299,'2',2,'login','登录;积分变化【积分:+2】',14,'test',1373240385),(300,'2',100,'register','注册;积分变化【积分:+100】',15,'temp',1373261761),(301,'3',100,'register','注册;积分变化【能力:+100】',15,'temp',1373261761),(302,'2',2,'login','登录;积分变化【积分:+2】',15,'temp',1373261761),(303,'2',2,'login','登录;积分变化【积分:+2】',14,'test',1373328133),(304,'2',2,'login','登录;积分变化【积分:+2】',15,'temp',1373328439),(305,'2',2,'login','登录;积分变化【积分:+2】',15,'temp',1373417394),(306,'2',2,'login','登录;积分变化【积分:+2】',12,'xiao1437',1373444074),(307,'2',2,'login','登录;积分变化【积分:+2】',14,'test',1373448932),(308,'2',2,'login','登录;积分变化【积分:+2】',14,'test',1373607562),(309,'2',2,'login','登录;积分变化【积分:+2】',14,'test',1373867943),(310,'2',2,'login','登录;积分变化【积分:+2】',1,'admin',1373873228),(311,'2',2,'login','登录;积分变化【积分:+2】',1,'admin',1373969071),(312,'2',2,'login','登录;积分变化【积分:+2】',14,'test',1374036998),(313,'2',2,'login','登录;积分变化【积分:+2】',1,'admin',1374464128),(314,'2',2,'login','登录;积分变化【积分:+2】',14,'test',1374544231),(315,'2',100,'register','注册;积分变化【积分:+100】',16,'username',1374550047),(316,'3',100,'register','注册;积分变化【能力:+100】',16,'username',1374550047),(317,'2',2,'login','登录;积分变化【积分:+2】',16,'username',1374550197),(318,'2',2,'login','登录;积分变化【积分:+2】',12,'xiao1437',1374555895),(319,'2',2,'login','登录;积分变化【积分:+2】',14,'test',1374755306),(320,'2',2,'login','登录;积分变化【积分:+2】',1,'admin',1375350138),(321,'2',2,'login','登录;积分变化【积分:+2】',1,'admin',1375435663),(322,'2',2,'login','登录;积分变化【积分:+2】',12,'xiao1437',1375436486),(323,'2',2,'login','登录;积分变化【积分:+2】',14,'test',1375667335),(324,'2',2,'login','登录;积分变化【积分:+2】',1,'admin',1376386927),(325,'2',2,'login','登录;积分变化【积分:+2】',1,'admin',1376572463),(326,'2',2,'login','登录;积分变化【积分:+2】',1,'admin',1376621538),(327,'2',2,'login','登录;积分变化【积分:+2】',12,'xiao1437',1376621798),(328,'2',2,'login','登录;积分变化【积分:+2】',14,'test',1376644919),(329,'2',2,'login','登录;积分变化【积分:+2】',14,'test',1376886610),(330,'2',100,'register','注册;积分变化【积分:+100】',17,'jianfeihit',1376981184),(331,'3',100,'register','注册;积分变化【能力:+100】',17,'jianfeihit',1376981184),(332,'2',2,'login','登录;积分变化【积分:+2】',17,'jianfeihit',1376981203),(333,'2',100,'register','注册;积分变化【积分:+100】',18,'天意旋风腿',1376981353),(334,'3',100,'register','注册;积分变化【能力:+100】',18,'天意旋风腿',1376981353),(335,'2',2,'login','登录;积分变化【积分:+2】',18,'天意旋风腿',1376981361),(336,'2',2,'login','登录;积分变化【积分:+2】',18,'天意旋风腿',1377144678),(337,'2',2,'login','登录;积分变化【积分:+2】',18,'天意旋风腿',1377226120),(338,'2',2,'login','登录;积分变化【积分:+2】',18,'天意旋风腿',1377503828),(339,'2',2,'login','登录;积分变化【积分:+2】',18,'天意旋风腿',1377928226),(340,'2',2,'login','登录;积分变化【积分:+2】',18,'天意旋风腿',1378279264),(341,'2',2,'login','登录;积分变化【积分:+2】',18,'天意旋风腿',1378311262),(342,'2',2,'login','登录;积分变化【积分:+2】',18,'天意旋风腿',1378457058),(343,'2',2,'login','登录;积分变化【积分:+2】',17,'jianfeihit',1378717542),(344,'2',2,'login','登录;积分变化【积分:+2】',18,'天意旋风腿',1378903460),(345,'2',2,'login','登录;积分变化【积分:+2】',14,'test',1379057615),(346,'2',2,'login','登录;积分变化【积分:+2】',14,'test',1379125629),(347,'2',2,'login','登录;积分变化【积分:+2】',18,'天意旋风腿',1379314203),(348,'2',2,'post_reply','天意旋风腿在版块主题发布分享;积分变化【积分:+5 】',18,'天意旋风腿',1379315363),(349,'2',2,'post_reply','天意旋风腿在版块主题发布主题悬赏2;积分变化【积分:- 2 】',18,'天意旋风腿',1379315400),(350,'2',2,'login','登录;积分变化【积分:+2】',18,'天意旋风腿',1380014452),(351,'2',2,'login','登录;积分变化【积分:+2】',18,'天意旋风腿',1380102808),(352,'2',2,'login','登录;积分变化【积分:+2】',18,'天意旋风腿',1380163816),(353,'2',2,'login','登录;积分变化【积分:+2】',18,'天意旋风腿',1380294445),(354,'2',100,'register','注册;积分变化【积分:+100】',19,'goubao',1380345263),(355,'3',100,'register','注册;积分变化【能力:+100】',19,'goubao',1380345263),(356,'2',100,'register','注册;积分变化【积分:+100】',20,'goubao.163',1380345748),(357,'3',100,'register','注册;积分变化【能力:+100】',20,'goubao.163',1380345748),(358,'2',2,'login','登录;积分变化【积分:+2】',20,'goubao.163',1380345772),(359,'2',100,'register','注册;积分变化【积分:+100】',21,'saharra',1381059202),(360,'3',100,'register','注册;积分变化【能力:+100】',21,'saharra',1381059202),(361,'2',2,'login','登录;积分变化【积分:+2】',21,'saharra',1381059220),(362,'2',2,'login','登录;积分变化【积分:+2】',18,'天意旋风腿',1381237331);
/*!40000 ALTER TABLE `aim_credit_log` ENABLE KEYS */;
UNLOCK TABLES;

--
-- Table structure for table `aim_credit_log_operate`
--

DROP TABLE IF EXISTS `aim_credit_log_operate`;
/*!40101 SET @saved_cs_client     = @@character_set_client */;
/*!40101 SET character_set_client = utf8 */;
CREATE TABLE `aim_credit_log_operate` (
  `uid` int(10) unsigned NOT NULL DEFAULT '0',
  `operate` varchar(40) NOT NULL DEFAULT '',
  `num` smallint(5) unsigned NOT NULL DEFAULT '0',
  `update_time` int(10) unsigned NOT NULL DEFAULT '0',
  PRIMARY KEY (`uid`,`operate`)
) ENGINE=MyISAM DEFAULT CHARSET=utf8 COMMENT='积分操作日志表';
/*!40101 SET character_set_client = @saved_cs_client */;

--
-- Dumping data for table `aim_credit_log_operate`
--

LOCK TABLES `aim_credit_log_operate` WRITE;
/*!40000 ALTER TABLE `aim_credit_log_operate` DISABLE KEYS */;
INSERT INTO `aim_credit_log_operate` VALUES (1,'login',1,1376621538),(2,'login',1,1370499405),(1,'belike',1,1372310404),(4,'login',1,1370499442),(5,'login',1,1370335608),(6,'login',1,1371988907),(6,'belike',2,1370754180),(7,'register',1,1371998300),(8,'register',1,1371998449),(8,'login',1,1372005067),(9,'register',1,1372066687),(9,'login',1,1372066688),(10,'register',1,1372128750),(10,'login',1,1372128751),(11,'register',1,1372242928),(11,'login',1,1372746350),(12,'register',1,1372310582),(12,'login',1,1376621798),(12,'belike',2,1372409664),(11,'belike',2,1372398160),(13,'register',1,1372413346),(13,'login',1,1372413346),(14,'register',1,1373240384),(14,'login',1,1379125629),(15,'register',1,1373261761),(15,'login',1,1373417394),(16,'register',1,1374550047),(16,'login',1,1374550197),(17,'register',1,1376981184),(17,'login',1,1378717542),(18,'register',1,1376981353),(18,'login',1,1381237331),(19,'register',1,1380345263),(20,'register',1,1380345748),(20,'login',1,1380345772),(21,'register',1,1381059202),(21,'login',1,1381059220);
/*!40000 ALTER TABLE `aim_credit_log_operate` ENABLE KEYS */;
UNLOCK TABLES;

--
-- Table structure for table `aim_design_bak`
--

DROP TABLE IF EXISTS `aim_design_bak`;
/*!40101 SET @saved_cs_client     = @@character_set_client */;
/*!40101 SET character_set_client = utf8 */;
CREATE TABLE `aim_design_bak` (
  `bak_type` tinyint(1) unsigned NOT NULL DEFAULT '0' COMMENT '备份类型',
  `page_id` int(10) unsigned NOT NULL DEFAULT '0' COMMENT '备份页面',
  `is_snapshot` tinyint(3) unsigned NOT NULL DEFAULT '0' COMMENT '是否快照',
  `bak_info` mediumtext COMMENT '备份信息',
  PRIMARY KEY (`page_id`,`bak_type`,`is_snapshot`)
) ENGINE=MyISAM DEFAULT CHARSET=utf8 COMMENT='门户备份表';
/*!40101 SET character_set_client = @saved_cs_client */;

--
-- Dumping data for table `aim_design_bak`
--

LOCK TABLES `aim_design_bak` WRITE;
/*!40000 ALTER TABLE `aim_design_bak` DISABLE KEYS */;
INSERT INTO `aim_design_bak` VALUES (1,4,1,'a:10:{s:7:\"page_id\";s:1:\"4\";s:9:\"page_type\";s:1:\"2\";s:9:\"page_name\";s:15:\"帖子阅读页\";s:11:\"page_router\";s:12:\"bbs/read/run\";s:11:\"page_unique\";s:1:\"2\";s:9:\"is_unique\";s:1:\"0\";s:10:\"module_ids\";s:1:\",\";s:12:\"struct_names\";s:0:\"\";s:8:\"segments\";s:92:\"main_segment,first_segment,read_bottom,readFloorbot_segment,readFloor_segment,footer_segment\";s:11:\"design_lock\";s:12:\"1|1372328703\";}'),(2,4,1,'a:3:{s:17:\"main_segment__tpl\";a:4:{s:7:\"segment\";s:17:\"main_segment__tpl\";s:7:\"page_id\";s:1:\"4\";s:11:\"segment_tpl\";s:0:\"\";s:14:\"segment_struct\";s:28:\"<pw-drag id=\"main_segment\"/>\";}s:18:\"first_segment__tpl\";a:4:{s:7:\"segment\";s:18:\"first_segment__tpl\";s:7:\"page_id\";s:1:\"4\";s:11:\"segment_tpl\";s:0:\"\";s:14:\"segment_struct\";s:29:\"<pw-drag id=\"first_segment\"/>\";}s:16:\"read_bottom__tpl\";a:4:{s:7:\"segment\";s:16:\"read_bottom__tpl\";s:7:\"page_id\";s:1:\"4\";s:11:\"segment_tpl\";s:0:\"\";s:14:\"segment_struct\";s:27:\"<pw-drag id=\"read_bottom\"/>\";}}'),(3,4,1,'a:1:{s:0:\"\";a:0:{}}'),(4,4,1,'a:0:{}');
/*!40000 ALTER TABLE `aim_design_bak` ENABLE KEYS */;
UNLOCK TABLES;

--
-- Table structure for table `aim_design_component`
--

DROP TABLE IF EXISTS `aim_design_component`;
/*!40101 SET @saved_cs_client     = @@character_set_client */;
/*!40101 SET character_set_client = utf8 */;
CREATE TABLE `aim_design_component` (
  `comp_id` int(10) unsigned NOT NULL AUTO_INCREMENT COMMENT '元件ID',
  `model_flag` varchar(20) NOT NULL DEFAULT '' COMMENT '元件类型标识',
  `comp_name` varchar(50) NOT NULL DEFAULT '' COMMENT '模版元件名称',
  `comp_tpl` text COMMENT '模版代码',
  `sys_id` int(10) unsigned NOT NULL DEFAULT '0' COMMENT '系统编号',
  PRIMARY KEY (`comp_id`),
  KEY `idx_modelflag` (`model_flag`(10))
) ENGINE=MyISAM AUTO_INCREMENT=45 DEFAULT CHARSET=utf8 COMMENT='模版元件表';
/*!40101 SET character_set_client = @saved_cs_client */;

--
-- Dumping data for table `aim_design_component`
--

LOCK TABLES `aim_design_component` WRITE;
/*!40000 ALTER TABLE `aim_design_component` DISABLE KEYS */;
INSERT INTO `aim_design_component` VALUES (1,'user','【系统】用户列表 [ 横向+小头像 ]','<div class=\"tmode_userList\">\n  <ul class=\"cc\">\n  <for:>\n    <li>\n      <a href=\"{url}\" target=\"_blank\"><img src=\"{avatar_s}\" width=\"50\" height=\"50\" alt=\"{username}\"><span>{username}</span></a>\n    </li>\n  </for>\n  </ul>\n</div>',1),(2,'user','【系统】用户列表 [ 头像+帖数 ]','<div class=\"tmode_faceList\">\n<ul>\n<for:>\n  <li<if:odd> class=\"li_bg\"</if>><span class=\"time\">{posts}</span><img src=\"{avatar_s}\" width=\"30\" height=\"30\" alt=\"{username}\"><a href=\"{url}\" target=\"_blank\">{username}</a></li>\n</for>\n</ul>\n</div>',2),(3,'user','【系统】用户列表 [ 有序+头像+帖数 ]','<div class=\"tmode_faceList tmode_faceList_sort\">\n<ul>\n<for:>\n	<li<if:odd> class=\"li_bg\"</if>><span class=\"time\">{posts}</span><img src=\"{avatar_s}\" width=\"30\" height=\"30\" alt=\"{username}\"><a href=\"{url}\" target=\"_blank\">{username}</a></li>\n</for>\n</ul>\n</div>',3),(4,'user','【系统】用户列表 [ 无序+帖数 ]','<div class=\"tmode_list tmode_list_light\">\n<ul>\n<for:>\n	<li><span class=\"time\">{posts}</span><a href=\"{url}\" target=\"_blank\">{username}</a></li>\n</for>\n</ul>\n</div>',4),(5,'user','【系统】用户列表 [ 基础+帖数 ]','<div class=\"tmode_list\">\n<ul>\n<for:>\n	<li><span class=\"time\">{posts}</span><a href=\"{url}\" target=\"_blank\">{username}</a></li>\n</for>\n</ul>\n</div>',5),(6,'user','【系统】用户列表 [ 有序+帖数 ]','<div class=\"tmode_list tmode_list_sort\">\n<ul>\n<for:>\n	<li><span class=\"time\">{posts}</span><a href=\"{url}\" target=\"_blank\">{username}</a></li>\n</for>\n</ul>\n</div>',6),(7,'user','【系统】用户列表 [ 基础 ]','<div class=\"tmode_list\">\n<ul>\n<for:>\n	<li><a href=\"{url}\" target=\"_blank\">{username}</a></li>\n</for>\n</ul>\n</div>',7),(8,'user','【系统】用户列表 [ 有序 ]','<div class=\"tmode_list tmode_list_sort\">\n<ul>\n<for:>\n	<li><a href=\"{url}\" target=\"_blank\">{username}</a></li>\n</for>\n</ul>\n</div>',8),(9,'user','【系统】帖子列表 [ 无序 ]','<div class=\"tmode_list tmode_list_light\">\n<ul>\n<for:>\n	<li><a href=\"{url}\" target=\"_blank\">{username}</a></li>\n</for>\n</ul>\n</div>',9),(10,'user','【系统】用户组图 [ 基础 ]','<div class=\"tmode_imgGroup\">\n  <ul class=\"cc\">\n  <for:>\n    <li>\n      <a href=\"{url}\"><img src=\"{avatar_b}\" width=\"160\" height=\"160\"><em class=\"username\"><strong>{username}</strong><span></span></em></a>\n    </li>\n  </for>\n  </ul>\n</div>',10),(11,'user','【系统】用户列表 [ 横向 ]','<div class=\"tmode_traverseList\">\n<ul class=\"cc\">\n<for:>\n	<li><a href=\"{url}\" target=\"_blank\">{username}</a></li>\n</for>\n</ul>\n</div>',11),(12,'thread','【系统】帖子列表 [ 版块 ]','<div class=\"tmode_list\">\n<ul>\n<for:>\n  <li><a href=\"{forumUrl}\">[{forum}]</a>&nbsp;<a href=\"{url}\" target=\"_blank\">{title}</a></li>\n</for>\n</ul>\n</div>',12),(13,'thread','【系统】帖子列表 [ 热点 ]','<div class=\"tmode_hot\">\n<for:>\n  <dl>\n    <dt><a href=\"{url}\" target=\"_blank\">{title|14}</a></dt>\n    <dd>{intro|80}</dd>\n  </dl>\n</for>\n</div>',13),(14,'thread','【系统】帖子组图 [ 基础 ]','<!--可自行调整图片大小，有两处;配合结构无样式，效果更佳-->\n<div class=\"tmode_imgGroup\">\n  <ul class=\"cc\">\n  <for:>\n    <li>\n      <a href=\"{url}\" target=\"_blank\"><img src=\"{thumb|160|160}\" alt=\"{title}\" width=\"160\" height=\"160\"><em><strong>{title}</strong><span></span></em></a>\n    </li>\n  </for>\n  </ul>\n</div>',4),(15,'thread','【系统】帖子列表 [ 瀑布流 ]','<for:>\n<div class=\"tmode_waterfall\">\n  <if:{thumb}>\n  <div class=\"img\"><a href=\"{url}\" target=\"_blank\"><img src=\"{thumb|200|0}\" width=\"200\" alt=\"{title}\"></a></div>\n  </if>\n  <div class=\"title\"><a href=\"{url}\" target=\"_blank\">{title}</a></div>\n  <div class=\"descrip\">{intro|60}</div>\n  <div class=\"user\">\n    <a href=\"{space}\" target=\"_blank\" data-uid=\"{uid}\" class=\"J_user_card_show\"><img src=\"{avatar_s}\" width=\"30\" height=\"30\">{author}</a>\n    <span class=\"time\">{threadTime}</span>\n  </div>\n  <div class=\"num\">\n    <span class=\"icon_like\" title=\"喜欢\">{like}</span>\n    <span class=\"icon_reply\" title=\"回复\">{replies}</span>\n  </div>\n</div>\n</for>',15),(16,'thread','【系统】帖子列表 [ 图文 ]','<div class=\"tmode_imglist\">\n  <for:>\n  <dl class=\"cc\">\n    <dt><a href=\"{url}\" target=\"_blank\"><img src=\"{thumb|80|60}\" alt=\"{title}\"></a></dt>\n    <dd><a href=\"{url}\" target=\"_blank\">{title|10}</a>{intro|20}</dd>\n  </dl>\n  </for>\n</div>',16),(17,'thread','【系统】帖子列表 [ 版块+用户 ]','<div class=\"tmode_list\">\n<ul>\n<for:>\n  <li><a class=\"time\" href=\"{space}\" target=\"_blank\">{author}</a><a href=\"{forumUrl}\" target=\"_blank\">[{forum}]</a>&nbsp;<a href=\"{url}\" target=\"_blank\">{title}</a></li>\n</for>\n</ul>\n</div>',17),(18,'thread','【系统】帖子列表 [ 基础+时间 ]','<div class=\"tmode_list\">\n<ul>\n<for:>\n	<li><span class=\"time\">{threadTime}</span><a href=\"{url}\" target=\"_blank\">{title}</a></li>\n</for>\n</ul>\n</div>',18),(19,'thread','【系统】帖子列表 [ 无序+时间 ]','<div class=\"tmode_list tmode_list_light\">\n<ul>\n<for:>\n	<li><span class=\"time\">{threadTime}</span><a href=\"{url}\" target=\"_blank\">{title}</a></li>\n</for>\n</ul>\n</div>',19),(20,'thread','【系统】帖子列表 [ 有序+时间 ]','<div class=\"tmode_list tmode_list_sort\">\n<ul>\n<for:>\n	<li><span class=\"time\">{threadTime}</span><a href=\"{url}\" target=\"_blank\">{title}</a></li>\n</for>\n</ul>\n</div>',20),(21,'thread','【系统】帖子列表 [ 无序 ]','<div class=\"tmode_list tmode_list_light\">\n<ul>\n<for:>\n	<li><a href=\"{url}\" target=\"_blank\">{title}</a></li>\n</for>\n</ul>\n</div>',21),(22,'thread','【系统】帖子列表 [ 有序 ]','<div class=\"tmode_list tmode_list_sort\">\n<ul>\n<for:>\n	<li><a href=\"{url}\" target=\"_blank\">{title}</a></li>\n</for>\n</ul>\n</div>',22),(23,'thread','【系统】帖子列表 [ 基础 ] ','<div class=\"tmode_list\">\n<ul>\n<for:>\n	<li><a href=\"{url}\" target=\"_blank\">{title}</a></li>\n</for>\n</ul>\n</div>',23),(24,'forum','【系统】版块列表 [ 有序+总帖数 ]','<div class=\"tmode_list tmode_list_sort\">\n<ul>\n<for:>\n	<li><span class=\"time\">{article}</span><a href=\"{forumUrl}\" target=\"_blank\">{forum}</a></li>\n</for>\n</ul>\n</div>',24),(25,'forum','【系统】版块列表 [ 无序+总帖数 ]','<div class=\"tmode_list tmode_list_light\">\n<ul>\n<for:>\n	<li><span class=\"time\">{article}</span><a href=\"{forumUrl}\" target=\"_blank\">{forum}</a></li>\n</for>\n</ul>\n</div>',25),(26,'forum','【系统】版块列表 [ 基础+总帖数 ]','<div class=\"tmode_list\">\n<ul>\n<for:>\n	<li><span class=\"time\">{article}</span><a href=\"{forumUrl}\" target=\"_blank\">{forum}</a></li>\n</for>\n</ul>\n</div>',26),(27,'forum','【系统】版块列表 [ 有序 ]','<div class=\"tmode_list tmode_list_sort\">\n<ul>\n<for:>\n	<li><a href=\"{forumUrl}\" target=\"_blank\">{forum}</a></li>\n</for>\n</ul>\n</div>',27),(28,'forum','【系统】版块列表 [ 无序 ]','<div class=\"tmode_list tmode_list_light\">\n<ul>\n<for:>\n	<li><a href=\"{forumUrl}\" target=\"_blank\">{forum}</a></li>\n</for>\n</ul>\n</div>',28),(29,'forum','【系统】版块列表 [ 基础 ]','<div class=\"tmode_list\">\n<ul>\n<for:>\n	<li><a href=\"{forumUrl}\" target=\"_blank\">{forum}</a></li>\n</for>\n</ul>\n</div>',28),(30,'forum','【系统】版块列表 [ 横向 ]','<div class=\"tmode_traverseList\">\n<ul class=\"cc\">\n<for:>\n	<li><a href=\"{forumUrl}\" target=\"_blank\">{forum}</a></li>\n</for>\n</ul>\n</div>',30),(31,'tag','【系统】话题列表 [ 基础 ]','<div class=\"tmode_list\">\n<ul>\n<for:>\n	<li><a href=\"{url}\" target=\"_blank\">{title}</a></li>\n</for>\n</ul>\n</div>',31),(32,'tag','【系统】话题列表 [ 有序 ]','<div class=\"tmode_list tmode_list_sort\">\n<ul>\n<for:>\n	<li><a href=\"{url}\" target=\"_blank\">{title}</a></li>\n</for>\n</ul>\n</div>',32),(33,'tag','【系统】话题列表 [ 无序 ]','<div class=\"tmode_list tmode_list_light\">\n<ul>\n<for:>\n	<li><a href=\"{url}\" target=\"_blank\">{title}</a></li>\n</for>\n</ul>\n</div>',33),(34,'tag','【系统】话题封面 [ 基础 ]','<div class=\"tmode_imgGroup\">\n  <ul class=\"cc\">\n  <for:>\n    <li>\n      <a href=\"{url}\"><img src=\"{thumb|160|160}\" width=\"160\" height=\"160\" alt=\"{title}\"><em class=\"username\"><strong>{title}</strong><span></span></em></a>\n    </li>\n  </for>\n  </ul>\n</div>',34),(35,'tag','【系统】话题封面 [ 间隔 ]','<div class=\"tmode_imgGroup tmode_tagFront\">\n  <ul class=\"cc\">\n  <for:>\n    <li>\n      <a href=\"{url}\"><img src=\"{thumb|156|156}\" width=\"156\" height=\"156\" alt=\"{title}\"><em class=\"username\"><strong>{title}</strong><span></span></em></a>\n    </li>\n  </for>\n  </ul>\n</div>',35),(36,'tag','【系统】话题列表 [ 有序+关注数 ]','<div class=\"tmode_list tmode_list_sort\">\n<ul>\n<for:>\n	<li><span class=\"time\">{attention_count}</span><a href=\"{url}\" target=\"_blank\">{title}</a></li>\n</for>\n</ul>\n</div>',36),(37,'tag','【系统】话题列表 [ 基础+关注数 ]','<div class=\"tmode_list\">\n<ul>\n<for:>\n	<li><span class=\"time\">{attention_count}</span><a href=\"{url}\" target=\"_blank\">{title}</a></li>\n</for>\n</ul>\n</div>',37),(38,'tag','【系统】话题列表 [ 无序+关注数 ]','<div class=\"tmode_list tmode_list_light\">\n<ul>\n<for:>\n	<li><span class=\"time\">{attention_count}</span><a href=\"{url}\" target=\"_blank\">{title}</a></li>\n</for>\n</ul>\n</div>',38),(39,'tag','【系统】话题列表 [ 图文 ]','<div class=\"tmode_imglist\">\n  <for:>\n  <dl class=\"cc\">\n    <dt><a href=\"{url}\"><img src=\"{logo}\" alt=\"{title}\" width=\"80\" height=\"60\"></a></dt>\n    <dd><a href=\"{url}\">{title|10}</a>{excerpt|20}</dd>\n  </dl>\n  </for>\n</div>',39),(40,'tag','【系统】话题列表 [ 横向 ]','<div class=\"tmode_traverseList\">\n<ul class=\"cc\">\n<for:>\n	<li><a href=\"{url}\" target=\"_blank\">{title}</a></li>\n</for>\n</ul>\n</div>',40),(41,'link','【系统】友情链接 [ 横向+名称 ]','<div class=\"tmode_traverseList\">\n<ul class=\"cc\">\n<for:>\n  <li><a href=\"{url}\" target=\"_blank\">{name}</a></li>\n</for>\n  <li><a href=\"index.php?m=link&c=index&a=run\" class=\"J_link_apply\">申请链接</a></li>\n</ul>\n</div>',41),(42,'link','【系统】友情链接 [ 横向+logo ]','<div class=\"tmode_traverseList\">\n<ul class=\"cc\">\n<for:>\n  <li><a href=\"{url}\" target=\"_blank\"><img src=\"{logo}\" width=\"88\" height=\"31\" alt=\"{name}\"></a></li>\n</for>\n  <li><a href=\"index.php?m=link&c=index&a=run\" class=\"J_link_apply\">申请链接</a></li>\n</ul>\n</div>',42),(43,'link','【系统】友情链接 [ 竖列无序 ]','<div class=\"tmode_list tmode_list_light\">\n<ul>\n<for:>\n  <li><a href=\"{url}\" target=\"_blank\">{name}</a></li>\n</for>\n  <li><a href=\"index.php?m=link&c=index&a=run\" class=\"J_link_apply\">申请链接</a></li>\n</ul>\n</div>',43),(44,'link','【系统】友情链接 [ 竖列基础 ]','<div class=\"tmode_list\">\n<ul>\n<for:>\n  <li><a href=\"{url}\" target=\"_blank\">{name}</a></li>\n</for>\n  <li><a href=\"index.php?m=link&c=index&a=run\" class=\"J_link_apply\">申请链接</a></li>\n</ul>\n</div>',44);
/*!40000 ALTER TABLE `aim_design_component` ENABLE KEYS */;
UNLOCK TABLES;

--
-- Table structure for table `aim_design_cron`
--

DROP TABLE IF EXISTS `aim_design_cron`;
/*!40101 SET @saved_cs_client     = @@character_set_client */;
/*!40101 SET character_set_client = utf8 */;
CREATE TABLE `aim_design_cron` (
  `module_id` int(10) unsigned NOT NULL DEFAULT '0' COMMENT '模块ID',
  `created_time` int(10) unsigned NOT NULL DEFAULT '0' COMMENT '更新时间',
  PRIMARY KEY (`module_id`),
  KEY `idx_createdtime` (`created_time`)
) ENGINE=MyISAM DEFAULT CHARSET=utf8 COMMENT='门户更新队列表';
/*!40101 SET character_set_client = @saved_cs_client */;

--
-- Dumping data for table `aim_design_cron`
--

LOCK TABLES `aim_design_cron` WRITE;
/*!40000 ALTER TABLE `aim_design_cron` DISABLE KEYS */;
/*!40000 ALTER TABLE `aim_design_cron` ENABLE KEYS */;
UNLOCK TABLES;

--
-- Table structure for table `aim_design_data`
--

DROP TABLE IF EXISTS `aim_design_data`;
/*!40101 SET @saved_cs_client     = @@character_set_client */;
/*!40101 SET character_set_client = utf8 */;
CREATE TABLE `aim_design_data` (
  `data_id` int(10) unsigned NOT NULL AUTO_INCREMENT COMMENT '数据ID',
  `from_type` tinyint(3) unsigned NOT NULL DEFAULT '0' COMMENT '数据来源',
  `from_app` varchar(20) NOT NULL DEFAULT '' COMMENT '来源应用名称',
  `from_id` int(10) unsigned NOT NULL DEFAULT '0' COMMENT '数据来源ID',
  `module_id` int(10) unsigned NOT NULL DEFAULT '0' COMMENT '所属模块ID',
  `standard` varchar(255) NOT NULL DEFAULT '' COMMENT '标准标签',
  `style` varchar(255) NOT NULL DEFAULT '' COMMENT '样式',
  `extend_info` text COMMENT '数据内容',
  `data_type` tinyint(3) unsigned NOT NULL DEFAULT '0' COMMENT '数据类型1自动 2固定 3修改',
  `is_edited` tinyint(3) unsigned NOT NULL DEFAULT '0' COMMENT '是否修改过',
  `is_reservation` tinyint(3) unsigned NOT NULL DEFAULT '0' COMMENT '是否为预订信息',
  `vieworder` int(10) unsigned NOT NULL DEFAULT '0' COMMENT '排序',
  `start_time` int(10) unsigned NOT NULL DEFAULT '0' COMMENT '开始时间',
  `end_time` int(10) unsigned NOT NULL DEFAULT '0' COMMENT '过期时间',
  PRIMARY KEY (`data_id`),
  KEY `idx_moduleid` (`module_id`),
  KEY `idx_vieworder` (`vieworder`)
) ENGINE=MyISAM DEFAULT CHARSET=utf8 COMMENT='数据缓存表';
/*!40101 SET character_set_client = @saved_cs_client */;

--
-- Dumping data for table `aim_design_data`
--

LOCK TABLES `aim_design_data` WRITE;
/*!40000 ALTER TABLE `aim_design_data` DISABLE KEYS */;
/*!40000 ALTER TABLE `aim_design_data` ENABLE KEYS */;
UNLOCK TABLES;

--
-- Table structure for table `aim_design_image`
--

DROP TABLE IF EXISTS `aim_design_image`;
/*!40101 SET @saved_cs_client     = @@character_set_client */;
/*!40101 SET character_set_client = utf8 */;
CREATE TABLE `aim_design_image` (
  `id` int(11) NOT NULL AUTO_INCREMENT COMMENT '附件ID',
  `path` varchar(80) NOT NULL DEFAULT '' COMMENT '原图片路径',
  `thumb` varchar(80) NOT NULL DEFAULT '' COMMENT '缩略图路径',
  `width` int(10) unsigned NOT NULL DEFAULT '0' COMMENT '缩略图宽',
  `height` int(10) unsigned NOT NULL DEFAULT '0' COMMENT '缩略图高',
  `moduleid` int(10) unsigned NOT NULL DEFAULT '0' COMMENT '所属模块',
  `data_id` int(10) unsigned NOT NULL DEFAULT '0' COMMENT '门户数据ID',
  `sign` varchar(50) NOT NULL DEFAULT '' COMMENT '标签key',
  `status` tinyint(3) unsigned NOT NULL DEFAULT '1' COMMENT '原图片状态1正常0不正常',
  PRIMARY KEY (`id`)
) ENGINE=MyISAM DEFAULT CHARSET=utf8 COMMENT='门户异步缩略图片表';
/*!40101 SET character_set_client = @saved_cs_client */;

--
-- Dumping data for table `aim_design_image`
--

LOCK TABLES `aim_design_image` WRITE;
/*!40000 ALTER TABLE `aim_design_image` DISABLE KEYS */;
/*!40000 ALTER TABLE `aim_design_image` ENABLE KEYS */;
UNLOCK TABLES;

--
-- Table structure for table `aim_design_module`
--

DROP TABLE IF EXISTS `aim_design_module`;
/*!40101 SET @saved_cs_client     = @@character_set_client */;
/*!40101 SET character_set_client = utf8 */;
CREATE TABLE `aim_design_module` (
  `module_id` int(10) unsigned NOT NULL AUTO_INCREMENT COMMENT '模块ID',
  `page_id` int(10) unsigned NOT NULL DEFAULT '0' COMMENT '所属页面ID',
  `segment` varchar(50) NOT NULL DEFAULT '' COMMENT '模块所属片段',
  `module_struct` varchar(20) NOT NULL DEFAULT '' COMMENT '模块结构',
  `model_flag` varchar(20) NOT NULL DEFAULT '' COMMENT '所属模块分类',
  `module_name` varchar(50) NOT NULL DEFAULT '' COMMENT '模块名称',
  `module_property` text COMMENT '模块属性',
  `module_title` text COMMENT '模块标题',
  `module_style` text COMMENT '模块样式',
  `module_compid` int(10) unsigned NOT NULL DEFAULT '0' COMMENT '模版元件ID',
  `module_tpl` text COMMENT '模块模版代码',
  `module_cache` varchar(255) NOT NULL DEFAULT '' COMMENT '模块更新设置',
  `isused` tinyint(1) unsigned NOT NULL DEFAULT '0' COMMENT '是否使用',
  `module_type` tinyint(1) unsigned NOT NULL DEFAULT '1' COMMENT '模块类型 1 拖曳2 导入3 后台添加',
  PRIMARY KEY (`module_id`),
  KEY `idx_pageid` (`page_id`),
  KEY `idx_moduletype` (`module_type`)
) ENGINE=MyISAM AUTO_INCREMENT=3 DEFAULT CHARSET=utf8 COMMENT='调用模块表';
/*!40101 SET character_set_client = @saved_cs_client */;

--
-- Dumping data for table `aim_design_module`
--

LOCK TABLES `aim_design_module` WRITE;
/*!40000 ALTER TABLE `aim_design_module` DISABLE KEYS */;
INSERT INTO `aim_design_module` VALUES (1,1,'','','thread','演示：热门喜欢','a:6:{s:5:\"ispic\";i:1;s:6:\"desnum\";i:144;s:5:\"order\";i:5;s:5:\"limit\";i:100;s:7:\"timefmt\";s:3:\"m-d\";s:8:\"titlenum\";i:0;}','','',15,'<for:>\n<div class=\"tmode_waterfall\">\n  <if:{thumb}>\n  <div class=\"img\"><a href=\"{url}\" target=\"_blank\"><img src=\"{thumb|200|0}\" width=\"200\" alt=\"{title}\"></a></div>\n  </if>\n  <div class=\"title\"><a href=\"{url}\" target=\"_blank\">{title}</a></div>\n  <div class=\"descrip\">{intro|60}</div>\n  <div class=\"user\">\n    <a href=\"{space}\" target=\"_blank\" data-uid=\"{uid}\" class=\"J_user_card_show\"><img src=\"{avatar_s}\" width=\"30\" height=\"30\">{author}</a>\n    <span class=\"time\">{threadTime}</span>\n  </div>\n  <div class=\"num\">\n    <span class=\"icon_like\" title=\"喜欢\">{like}</span>\n    <span class=\"icon_reply\" title=\"回复\">{replies}</span>\n  </div>\n</div>\n</for>','a:5:{s:7:\"expired\";i:60;s:10:\"start_hour\";i:0;s:12:\"start_minute\";i:0;s:8:\"end_hour\";i:0;s:10:\"end_minute\";i:0;}',1,1),(2,2,'','','tag','演示：热门话题','a:6:{s:6:\"islogo\";i:1;s:5:\"order\";i:5;s:5:\"limit\";i:18;s:7:\"timefmt\";s:3:\"m-d\";s:8:\"titlenum\";i:0;s:6:\"desnum\";i:0;}','','',35,'<div class=\"tmode_imgGroup tmode_tagFront\">\n  <ul class=\"cc\">\n  <for:>\n    <li>\n      <a href=\"{url}\"><img src=\"{thumb|156|156}\" width=\"156\" height=\"156\" alt=\"{title}\"><em class=\"username\"><strong>{title}</strong><span></span></em></a>\n    </li>\n  </for>\n  </ul>\n</div>','a:5:{s:7:\"expired\";i:15;s:10:\"start_hour\";i:0;s:12:\"start_minute\";i:0;s:8:\"end_hour\";i:0;s:10:\"end_minute\";i:0;}',1,1);
/*!40000 ALTER TABLE `aim_design_module` ENABLE KEYS */;
UNLOCK TABLES;

--
-- Table structure for table `aim_design_page`
--

DROP TABLE IF EXISTS `aim_design_page`;
/*!40101 SET @saved_cs_client     = @@character_set_client */;
/*!40101 SET character_set_client = utf8 */;
CREATE TABLE `aim_design_page` (
  `page_id` int(10) unsigned NOT NULL AUTO_INCREMENT COMMENT '页面ID',
  `page_type` tinyint(3) unsigned NOT NULL DEFAULT '0' COMMENT '页面类型',
  `page_name` varchar(50) NOT NULL DEFAULT '' COMMENT '页面名称',
  `page_router` varchar(50) NOT NULL DEFAULT '' COMMENT '页面路由信息',
  `page_unique` int(10) unsigned NOT NULL DEFAULT '0' COMMENT '页面唯一标识',
  `is_unique` int(10) unsigned NOT NULL DEFAULT '0' COMMENT '唯一标识的标识',
  `module_ids` text COMMENT '页面模块',
  `struct_names` text COMMENT '页面结构',
  `segments` text COMMENT '页面模块片段',
  `design_lock` varchar(50) NOT NULL DEFAULT '' COMMENT '编辑加锁',
  PRIMARY KEY (`page_id`),
  KEY `idx_pagerouter` (`page_router`(10))
) ENGINE=MyISAM AUTO_INCREMENT=10 DEFAULT CHARSET=utf8 COMMENT='页面信息表';
/*!40101 SET character_set_client = @saved_cs_client */;

--
-- Dumping data for table `aim_design_page`
--

LOCK TABLES `aim_design_page` WRITE;
/*!40000 ALTER TABLE `aim_design_page` DISABLE KEYS */;
INSERT INTO `aim_design_page` VALUES (1,2,'热门喜欢','like/like/run',0,0,',1,','99JNtKUd','likedemo,main_segment,footer_segment',''),(2,2,'话题','tag/index/run',0,0,',2,','','huatidemo',''),(3,2,'论坛新贴','bbs/index/run',0,0,',','','main_segment,indexHead_segment,sidebar_1,sidebar_thread,first_segment,forum_bottom,footer_segment',''),(4,2,'帖子阅读页','bbs/read/run',2,0,',','','main_segment,first_segment,read_bottom,readFloorbot_segment,readFloor_segment,footer_segment','0|0'),(5,2,'版块列表页','bbs/thread/run',2,0,',','','main_segment,threadTop_segment,sidebar_1,sidebar_thread,first_segment,thread_middle,thread_bottom,footer_segment',''),(6,2,'我的版块页','bbs/forum/my',0,0,',','','main_segment,sidebar_1,sidebar_thread,first_segment,footer_segment',''),(7,2,'我的关注','my/fresh/run',0,0,',','','sidebar_1,sidebar_thread,first_segment,fresh_bottom,footer_segment',''),(8,2,'论坛分类页','bbs/cate/run',1,0,',','','main_segment,cateTop_segment,first_segment,cate_middle,cate_bottom,sidebar_1,sidebar_thread,footer_segment',''),(9,2,'我的喜欢','like/mylike/run',0,0,',','','main_segment,first_segment,sidebar_1,sidebar_thread,footer_segment','');
/*!40000 ALTER TABLE `aim_design_page` ENABLE KEYS */;
UNLOCK TABLES;

--
-- Table structure for table `aim_design_permissions`
--

DROP TABLE IF EXISTS `aim_design_permissions`;
/*!40101 SET @saved_cs_client     = @@character_set_client */;
/*!40101 SET character_set_client = utf8 */;
CREATE TABLE `aim_design_permissions` (
  `id` int(10) unsigned NOT NULL AUTO_INCREMENT COMMENT 'ID标识',
  `design_type` tinyint(1) unsigned NOT NULL DEFAULT '0' COMMENT '设计类型1页面，2模块',
  `design_id` int(10) unsigned NOT NULL DEFAULT '0' COMMENT '设计类型的标识ID',
  `uid` int(10) unsigned NOT NULL DEFAULT '0' COMMENT '用户ID',
  `permissions` tinyint(1) unsigned NOT NULL DEFAULT '0' COMMENT '权限级别',
  PRIMARY KEY (`id`),
  KEY `uid` (`uid`),
  KEY `idx_designtype_designid_uid` (`design_type`,`design_id`,`uid`)
) ENGINE=MyISAM DEFAULT CHARSET=utf8 COMMENT='设计权限表';
/*!40101 SET character_set_client = @saved_cs_client */;

--
-- Dumping data for table `aim_design_permissions`
--

LOCK TABLES `aim_design_permissions` WRITE;
/*!40000 ALTER TABLE `aim_design_permissions` DISABLE KEYS */;
/*!40000 ALTER TABLE `aim_design_permissions` ENABLE KEYS */;
UNLOCK TABLES;

--
-- Table structure for table `aim_design_portal`
--

DROP TABLE IF EXISTS `aim_design_portal`;
/*!40101 SET @saved_cs_client     = @@character_set_client */;
/*!40101 SET character_set_client = utf8 */;
CREATE TABLE `aim_design_portal` (
  `id` int(10) unsigned NOT NULL AUTO_INCREMENT COMMENT '标识ID',
  `pagename` varchar(50) NOT NULL DEFAULT '' COMMENT '页面名称',
  `title` varchar(255) NOT NULL DEFAULT '' COMMENT 'title信息',
  `keywords` varchar(255) NOT NULL DEFAULT '' COMMENT 'keywords信息',
  `description` varchar(255) NOT NULL DEFAULT '' COMMENT 'description信息',
  `domain` varchar(50) NOT NULL DEFAULT '' COMMENT '二级域名',
  `cover` varchar(255) NOT NULL DEFAULT '' COMMENT '封面图片',
  `isopen` tinyint(1) unsigned NOT NULL DEFAULT '0' COMMENT '是否使用',
  `header` tinyint(1) unsigned NOT NULL DEFAULT '0' COMMENT '是否使用公共头',
  `navigate` tinyint(1) unsigned NOT NULL DEFAULT '0' COMMENT '是否使用公共导航',
  `footer` tinyint(1) unsigned NOT NULL DEFAULT '0' COMMENT '是否使用公共页脚',
  `template` varchar(50) NOT NULL DEFAULT '' COMMENT '所使用的模版名',
  `style` varchar(255) NOT NULL DEFAULT '' COMMENT '自定义样式',
  `created_uid` int(10) unsigned NOT NULL DEFAULT '0' COMMENT '创建用户ID',
  `created_time` int(10) unsigned NOT NULL DEFAULT '0' COMMENT '创建时间',
  PRIMARY KEY (`id`),
  KEY `idx_domain` (`domain`(10))
) ENGINE=MyISAM DEFAULT CHARSET=utf8 COMMENT='自定义页面信息表';
/*!40101 SET character_set_client = @saved_cs_client */;

--
-- Dumping data for table `aim_design_portal`
--

LOCK TABLES `aim_design_portal` WRITE;
/*!40000 ALTER TABLE `aim_design_portal` DISABLE KEYS */;
/*!40000 ALTER TABLE `aim_design_portal` ENABLE KEYS */;
UNLOCK TABLES;

--
-- Table structure for table `aim_design_push`
--

DROP TABLE IF EXISTS `aim_design_push`;
/*!40101 SET @saved_cs_client     = @@character_set_client */;
/*!40101 SET character_set_client = utf8 */;
CREATE TABLE `aim_design_push` (
  `push_id` int(10) unsigned NOT NULL AUTO_INCREMENT COMMENT '推送ID',
  `push_from_id` int(10) unsigned NOT NULL DEFAULT '0' COMMENT '来源ID',
  `push_from_model` varchar(20) NOT NULL DEFAULT '' COMMENT '来源应用',
  `module_id` int(10) unsigned NOT NULL DEFAULT '0' COMMENT '所属模块ID',
  `push_standard` varchar(255) NOT NULL DEFAULT '' COMMENT '标准化标签',
  `push_style` varchar(255) NOT NULL DEFAULT '' COMMENT '样式',
  `push_orderid` int(10) unsigned NOT NULL DEFAULT '0' COMMENT '排序',
  `push_extend` text COMMENT '推送内容',
  `created_userid` int(10) unsigned NOT NULL DEFAULT '0' COMMENT '推送人ID',
  `author_uid` int(10) unsigned NOT NULL DEFAULT '0' COMMENT '作者UID',
  `status` tinyint(1) unsigned NOT NULL DEFAULT '0' COMMENT '状态显示：0 需要审核：1',
  `neednotice` tinyint(1) unsigned NOT NULL DEFAULT '0' COMMENT '是否需要发送站内信',
  `check_uid` int(10) unsigned NOT NULL DEFAULT '0' COMMENT '审核人ID',
  `created_time` int(10) unsigned NOT NULL DEFAULT '0' COMMENT '推送时间',
  `start_time` int(10) unsigned NOT NULL DEFAULT '0' COMMENT '开始时间',
  `end_time` int(10) unsigned NOT NULL DEFAULT '0' COMMENT '过期时间',
  `checked_time` int(10) unsigned NOT NULL DEFAULT '0' COMMENT '审核时间',
  PRIMARY KEY (`push_id`),
  KEY `idx_end_time` (`end_time`),
  KEY `idx_status` (`status`)
) ENGINE=MyISAM DEFAULT CHARSET=utf8 COMMENT='信息推送表';
/*!40101 SET character_set_client = @saved_cs_client */;

--
-- Dumping data for table `aim_design_push`
--

LOCK TABLES `aim_design_push` WRITE;
/*!40000 ALTER TABLE `aim_design_push` DISABLE KEYS */;
/*!40000 ALTER TABLE `aim_design_push` ENABLE KEYS */;
UNLOCK TABLES;

--
-- Table structure for table `aim_design_script`
--

DROP TABLE IF EXISTS `aim_design_script`;
/*!40101 SET @saved_cs_client     = @@character_set_client */;
/*!40101 SET character_set_client = utf8 */;
CREATE TABLE `aim_design_script` (
  `module_id` int(10) unsigned NOT NULL COMMENT '模块ID',
  `token` char(10) NOT NULL COMMENT '加密串',
  `view_times` int(10) unsigned NOT NULL DEFAULT '0' COMMENT '调用次数',
  PRIMARY KEY (`module_id`)
) ENGINE=MyISAM DEFAULT CHARSET=utf8 COMMENT='模块调用管理表';
/*!40101 SET character_set_client = @saved_cs_client */;

--
-- Dumping data for table `aim_design_script`
--

LOCK TABLES `aim_design_script` WRITE;
/*!40000 ALTER TABLE `aim_design_script` DISABLE KEYS */;
/*!40000 ALTER TABLE `aim_design_script` ENABLE KEYS */;
UNLOCK TABLES;

--
-- Table structure for table `aim_design_segment`
--

DROP TABLE IF EXISTS `aim_design_segment`;
/*!40101 SET @saved_cs_client     = @@character_set_client */;
/*!40101 SET character_set_client = utf8 */;
CREATE TABLE `aim_design_segment` (
  `segment` varchar(50) NOT NULL DEFAULT '' COMMENT '片段名称',
  `page_id` smallint(5) unsigned NOT NULL DEFAULT '0' COMMENT '所属页面ID',
  `segment_tpl` mediumtext COMMENT '片段代码',
  `segment_struct` mediumtext COMMENT '片段结构代码',
  PRIMARY KEY (`segment`,`page_id`)
) ENGINE=MyISAM DEFAULT CHARSET=utf8 COMMENT='门户片段表';
/*!40101 SET character_set_client = @saved_cs_client */;

--
-- Dumping data for table `aim_design_segment`
--

LOCK TABLES `aim_design_segment` WRITE;
/*!40000 ALTER TABLE `aim_design_segment` DISABLE KEYS */;
INSERT INTO `aim_design_segment` VALUES ('likedemo',1,'<div id=\"99JNtKUd\" class=\"design_layout_style J_mod_layout box_no\" role=\"structure_99JNtKUd\" data-lcm=\"100\">			\r\n<h2 class=\"design_layout_hd cc J_layout_hd\" role=\"titlebar\"></h2>			\r\n<div id=\"J_mod_1\" class=\"design_layout_ct mod_box J_mod_box\" data-id=\"1\">\r\n<design id=\"D_mod_1\" role=\"module\">\r\n</design>\r\n</div>\r\n</div>',''),('huatidemo',2,'<div id=\"2qnaivHT\" class=\"design_layout_style J_mod_layout box_no\" role=\"structure_2qnaivHT\" data-lcm=\"100\">			\r\n<h2 class=\"design_layout_hd cc J_layout_hd\" role=\"titlebar\"></h2>			\r\n<div id=\"J_mod_2\" class=\"design_layout_ct mod_box J_mod_box\" data-id=\"2\">\r\n<design id=\"D_mod_2\" role=\"module\">\r\n</design>\r\n</div>\r\n</div>',''),('main_segment__tpl',4,'',''),('first_segment__tpl',4,'',''),('read_bottom__tpl',4,'','');
/*!40000 ALTER TABLE `aim_design_segment` ENABLE KEYS */;
UNLOCK TABLES;

--
-- Table structure for table `aim_design_shield`
--

DROP TABLE IF EXISTS `aim_design_shield`;
/*!40101 SET @saved_cs_client     = @@character_set_client */;
/*!40101 SET character_set_client = utf8 */;
CREATE TABLE `aim_design_shield` (
  `shield_id` int(10) unsigned NOT NULL AUTO_INCREMENT COMMENT '标识ID',
  `from_app` varchar(20) NOT NULL DEFAULT '' COMMENT '来源应用名称',
  `from_id` int(10) unsigned NOT NULL DEFAULT '0' COMMENT '来源ID',
  `module_id` int(10) unsigned NOT NULL DEFAULT '0' COMMENT '被屏蔽的模块',
  `shield_title` varchar(255) NOT NULL DEFAULT '',
  `shield_url` varchar(255) NOT NULL DEFAULT '',
  PRIMARY KEY (`shield_id`),
  KEY `idx_formid_formapp` (`from_id`,`from_app`(5))
) ENGINE=MyISAM DEFAULT CHARSET=utf8 COMMENT='门户模块数据屏蔽表';
/*!40101 SET character_set_client = @saved_cs_client */;

--
-- Dumping data for table `aim_design_shield`
--

LOCK TABLES `aim_design_shield` WRITE;
/*!40000 ALTER TABLE `aim_design_shield` DISABLE KEYS */;
/*!40000 ALTER TABLE `aim_design_shield` ENABLE KEYS */;
UNLOCK TABLES;

--
-- Table structure for table `aim_design_structure`
--

DROP TABLE IF EXISTS `aim_design_structure`;
/*!40101 SET @saved_cs_client     = @@character_set_client */;
/*!40101 SET character_set_client = utf8 */;
CREATE TABLE `aim_design_structure` (
  `struct_name` varchar(50) NOT NULL DEFAULT '' COMMENT '结构名称',
  `struct_title` text COMMENT '结构标题',
  `struct_style` text COMMENT '结构样式',
  `segment` varchar(50) NOT NULL DEFAULT '' COMMENT '结构所属片段',
  PRIMARY KEY (`struct_name`)
) ENGINE=MyISAM DEFAULT CHARSET=utf8 COMMENT='结构数据表';
/*!40101 SET character_set_client = @saved_cs_client */;

--
-- Dumping data for table `aim_design_structure`
--

LOCK TABLES `aim_design_structure` WRITE;
/*!40000 ALTER TABLE `aim_design_structure` DISABLE KEYS */;
/*!40000 ALTER TABLE `aim_design_structure` ENABLE KEYS */;
UNLOCK TABLES;

--
-- Table structure for table `aim_domain`
--

DROP TABLE IF EXISTS `aim_domain`;
/*!40101 SET @saved_cs_client     = @@character_set_client */;
/*!40101 SET character_set_client = utf8 */;
CREATE TABLE `aim_domain` (
  `domain_key` varchar(100) NOT NULL DEFAULT '' COMMENT '域名标识',
  `domain_type` varchar(15) NOT NULL DEFAULT '' COMMENT '域名类型',
  `domain` varchar(15) NOT NULL DEFAULT '' COMMENT '域名',
  `root` varchar(45) NOT NULL DEFAULT '' COMMENT '根域名',
  `first` char(1) NOT NULL DEFAULT '' COMMENT '域名首字母便于更新',
  `id` int(10) unsigned NOT NULL DEFAULT '0' COMMENT '部署应用的id值',
  PRIMARY KEY (`domain_key`),
  KEY `idx_domaintype` (`domain_type`)
) ENGINE=MyISAM DEFAULT CHARSET=utf8 COMMENT='二级域名';
/*!40101 SET character_set_client = @saved_cs_client */;

--
-- Dumping data for table `aim_domain`
--

LOCK TABLES `aim_domain` WRITE;
/*!40000 ALTER TABLE `aim_domain` DISABLE KEYS */;
/*!40000 ALTER TABLE `aim_domain` ENABLE KEYS */;
UNLOCK TABLES;

--
-- Table structure for table `aim_draft`
--

DROP TABLE IF EXISTS `aim_draft`;
/*!40101 SET @saved_cs_client     = @@character_set_client */;
/*!40101 SET character_set_client = utf8 */;
CREATE TABLE `aim_draft` (
  `id` int(10) unsigned NOT NULL AUTO_INCREMENT COMMENT '草稿箱id',
  `created_userid` int(10) unsigned NOT NULL DEFAULT '0' COMMENT '创建人',
  `title` varchar(100) NOT NULL DEFAULT '' COMMENT '标题',
  `content` text COMMENT '内容',
  `created_time` int(10) unsigned NOT NULL DEFAULT '0' COMMENT '创建时间',
  `vender` char(100) DEFAULT NULL,
  `v_type` char(100) DEFAULT NULL,
  PRIMARY KEY (`id`),
  KEY `idx_uid` (`created_userid`)
) ENGINE=MyISAM AUTO_INCREMENT=13 DEFAULT CHARSET=utf8 COMMENT='草稿箱';
/*!40101 SET character_set_client = @saved_cs_client */;

--
-- Dumping data for table `aim_draft`
--

LOCK TABLES `aim_draft` WRITE;
/*!40000 ALTER TABLE `aim_draft` DISABLE KEYS */;
INSERT INTO `aim_draft` VALUES (12,11,'dnf罗斯特宠物属性','[color=#5a4722]迷你宠物罗斯特1号属性[/color]\n[color=#5a4722]力量+20[/color]\n[color=#5a4722]MP MAX +5%[/color]\n[color=#5a4722]每分钟恢复30点MP[/color]\n[color=#5a4722]施放速度 +2%[/color]\n[color=#5a4722]迷你宠物技能：[/color]\n[color=#5a4722][章鱼乱舞][/color]\n[color=#5a4722]向前方伸出四只章鱼爪进行攻击。[/color]\n[color=#5a4722][章鱼狂舞][/color]\n[color=#5a4722]向前方伸出四只章鱼爪进行攻击; 命中时可以将敌人拖至身旁，并且在3秒内使敌人进入Lv27的减速状态， 减少敌人25%的移动速度和12%的攻击速度。[/color]\n[color=#5a4722]\n[/color]\n[color=#5a4722]迷你宠物罗斯特2号属性[/color]\n[color=#5a4722]智力+20[/color]\n[color=#5a4722]MP MAX +5%[/color]\n[color=#5a4722]每分钟恢复31.2点HP[/color]\n[color=#5a4722]攻击速度 +2%[/color]\n[color=#5a4722]迷你宠物技能：[/color]\n[color=#5a4722][长脚之击][/color]\n[color=#5a4722]向前方伸出一只长脚进行攻击。[/color]\n[color=#5a4722][长脚狂袭][/color]\n[color=#5a4722]向前方伸出一只长脚进行攻击; 命中时可以击退敌人，并且在4秒内使敌人进入Lv27的减速状态， 减少敌人30%的移动速度和15%的攻击速度。[/color]\n',1372300538,NULL,NULL);
/*!40000 ALTER TABLE `aim_draft` ENABLE KEYS */;
UNLOCK TABLES;

--
-- Table structure for table `aim_frag_template`
--

DROP TABLE IF EXISTS `aim_frag_template`;
/*!40101 SET @saved_cs_client     = @@character_set_client */;
/*!40101 SET character_set_client = utf8 */;
CREATE TABLE `aim_frag_template` (
  `tpl_id` int(10) unsigned NOT NULL AUTO_INCREMENT,
  `frag_cid` smallint(5) unsigned NOT NULL DEFAULT '0',
  `tpl_name` varchar(50) NOT NULL DEFAULT '',
  `template` text,
  PRIMARY KEY (`tpl_id`)
) ENGINE=MyISAM DEFAULT CHARSET=utf8;
/*!40101 SET character_set_client = @saved_cs_client */;

--
-- Dumping data for table `aim_frag_template`
--

LOCK TABLES `aim_frag_template` WRITE;
/*!40000 ALTER TABLE `aim_frag_template` DISABLE KEYS */;
/*!40000 ALTER TABLE `aim_frag_template` ENABLE KEYS */;
UNLOCK TABLES;

--
-- Table structure for table `aim_hook`
--

DROP TABLE IF EXISTS `aim_hook`;
/*!40101 SET @saved_cs_client     = @@character_set_client */;
/*!40101 SET character_set_client = utf8 */;
CREATE TABLE `aim_hook` (
  `name` varchar(50) NOT NULL DEFAULT '',
  `app_id` char(20) NOT NULL DEFAULT '' COMMENT '应用id',
  `app_name` varchar(100) NOT NULL DEFAULT '' COMMENT '应用名称',
  `created_time` int(10) unsigned NOT NULL DEFAULT '0' COMMENT '创建时间',
  `modified_time` int(10) unsigned NOT NULL DEFAULT '0' COMMENT '修改时间',
  `document` text COMMENT '钩子详细信息',
  PRIMARY KEY (`name`)
) ENGINE=MyISAM DEFAULT CHARSET=utf8 COMMENT='钩子基本信息表';
/*!40101 SET character_set_client = @saved_cs_client */;

--
-- Dumping data for table `aim_hook`
--

LOCK TABLES `aim_hook` WRITE;
/*!40000 ALTER TABLE `aim_hook` DISABLE KEYS */;
INSERT INTO `aim_hook` VALUES ('c_post_run','','系统',1368070337,0,'发表帖子展示页\r\n\r\n'),('c_post_doadd','','系统',1368070337,0,'发表帖子提交页\r\n\r\n'),('c_post_doreply','','系统',1368070337,0,'发表回复提交页\r\n\r\n'),('c_post_modify','','系统',1368070337,0,'帖子编辑页面\r\n\r\n'),('c_post_domodify','','系统',1368070337,0,'帖子编辑提交页面\r\n\r\n'),('c_index_run','','系统',1368070337,0,'新帖列表页\r\n\r\n'),('c_cate_run','','系统',1368070337,0,'分类帖子列表页\r\n\r\n'),('c_thread_run','','系统',1368070337,0,'版块帖子列表页\r\n\r\n'),('c_read_run','','系统',1368070337,0,'帖子阅读页\r\n\r\n'),('c_register','','系统',1368070337,0,'注册页面\r\n\r\nLIB:engine.hook.PwBaseHookInjector'),('c_fresh_post','','系统',1368070337,0,'在新鲜事页面发布帖子\r\n\r\n'),('c_profile_extends_run','','系统',1368070337,0,'用户菜单功能扩展-展示\r\n\r\n'),('c_profile_extends_dorun','','系统',1368070337,0,'用户菜单功能扩展-执行\r\n\r\n'),('c_login_dorun','','系统',1368070337,0,'用户登录，表现层\r\n\r\n'),('m_PwRegisterService','','系统',1368070337,0,'注册Service钩子\r\n\r\nSRV:user.srv.register.do.PwRegisterDoBase'),('m_PwTopicPost','','系统',1368070337,0,'发表帖子\r\n\r\nSRV:forum.srv.post.do.PwPostDoBase'),('m_PwReplyPost','','系统',1368070337,0,'发表回复\r\n\r\nSRV:forum.srv.post.do.PwPostDoBase'),('m_PwThreadList','','系统',1368070337,0,'帖子列表页\r\n\r\nSRV:forum.srv.threadList.do.PwThreadListDoBase'),('m_PwThreadDisplay','','系统',1368070337,0,'帖子内容展示\r\n\r\nSRV:forum.srv.threadDisplay.do.PwThreadDisplayDoBase'),('m_task_gainreward','','系统',1368070337,0,'领取任务\r\n\r\nSRV:task.srv.reward.PwTaskRewardDoBase'),('m_PwMessageService','','系统',1368070337,0,'消息服务\r\n\r\nSRV:message.srv.do.PwMessageDoBase'),('m_PwLoginService','','系统',1368070337,0,'用户登录之后的操作\r\n@param PwUserBo $userBo 登录用户的对象\n@param string $ip 登录的IP\r\nSRV:user.srv.login.PwUserLoginDoBase'),('m_PwFreshReplyByWeibo','','系统',1368070337,0,'微博\r\n\r\nSRV:attention.srv.reply.weibo.PwWeiboDoBase'),('s_PwThreadsDao_add','','系统',1368070337,0,'增加一条帖子记录时，调用\r\n@param int $id 新增的帖子tid\n@param array $fields 帖子字段\n@return void\r\n'),('s_PwThreadsDao_update','','系统',1368070337,0,'更新一条帖子记录时，调用\r\n@param int $id 帖子tid\n@param array $fields 更新的帖子字段数据\n@param array $increaseFields 递增的帖子字段数据\n@return void\r\n'),('s_PwThreadsDao_batchUpdate','','系统',1368070337,0,'批量更新多条帖子记录时，调用\r\n@param array $ids 帖子tid序列\n@param array $fields 更新的帖子字段数据\n@param array $increaseFields 递增的帖子字段数据\n@return void\r\n'),('s_PwThreadsDao_revertTopic','','系统',1368070337,0,'还原帖子时，调用\r\n@param array $tids 帖子tid序列\n@return void\r\n'),('s_PwThreadsDao_delete','','系统',1368070337,0,'删除一个帖子时，调用\r\n@param int $id 帖子tid\n@return void\r\n'),('s_PwThreadsDao_batchDelete','','系统',1368070337,0,'批量删除多个帖子时，调用\r\n@param array $ids 帖子tid序列\n@return void\r\n'),('s_addFollow','','系统',1368070337,0,'当发生关注操作时，调用\r\n@param int $uid 用户\n@param int $touid 被关注用户\n@return void\r\n'),('s_deleteFollow','','系统',1368070337,0,'当发生取消关注操作时，调用\r\n@param int $uid 用户\n@param int $touid 被关注用户\n@return void\r\n'),('s_PwTaskDao_update','','系统',1368070337,0,'更新一条任务记录时，调用\r\n@param int $id 帖子tid\n@param array $fields 更新的任务字段数据\n@param array $increaseFields 递增的任务字段数据\n@return void\r\n'),('s_profile_editUser','','系统',1368070337,0,'更新用户资料时，调用\r\n@param PwUserInfoDm $dm\n@return void\r\n'),('s_update_avatar','','系统',1368070337,0,'更新用户头像时，调用\r\n@param int $uid 用户id\n@return void\r\n'),('s_PwUser_delete','','系统',1368070337,0,'删除用户时，调用\r\n@param int $uid 用户id\n@return void\r\n'),('s_PwUser_batchDelete','','系统',1368070337,0,'批量删除用户时，调用\r\n@param array $uids 用户id序列\n@return void\r\n'),('s_PwUser_add','','系统',1368070337,0,'添加用户时，调用\r\n@param PwUserInfoDm $dm\n@return void\r\n'),('s_PwUser_update','','系统',1368070337,0,'更新用户信息时，调用\r\n@param PwUserInfoDm $dm\n@return void\r\n'),('s_PwUserDataDao_update','','系统',1368070337,0,'用户数据更新时，调用\r\n@param int $id 用户id\n@param array $fields 更新的用户字段数据\n@param array $increaseFields 递增的用户字段数据\n@return void\r\n'),('s_PwUserGroups_update','','系统',1368070337,0,'用户组资料更新时，调用\r\n@param int $gid 用户组id\n@return void\r\n'),('s_PwUserGroupsDao_delete','','系统',1368070337,0,'删除用户组时，调用\r\n@param int $gid 用户组id\n@return void\r\n'),('s_PwUserGroupPermission_update','','系统',1368070337,0,'用户组权限变更时，调用\r\n@param PwUserPermissionDm $dm\n@return void\r\n'),('s_PwLikeService_delLike','','系统',1368070337,0,'删除喜欢\r\n\r\n'),('s_PwLikeService_addLike','','系统',1368070337,0,'添加喜欢\r\n\r\n'),('s_PwUserTagRelationDao_deleteRelation','','系统',1368070337,0,'删除用户标签的关系，调用\r\n@param int $tag_id 标签id\n@return void\r\n'),('s_PwUserTagDao_deleteTag','','系统',1368070337,0,'删除用户标签时，调用\r\n@param int $tag_id 标签id\n@return void\r\n'),('s_PwUserTagDao_batchDeleteTag','','系统',1368070337,0,'批量删除用户标签时，调用\r\n@param array $tag_ids 标签id序列\n@return void\r\n'),('s_PwUserTagRelation_batchDeleteRelation','','系统',1368070337,0,'删除用户标签关系的时候\r\n@param array $tag_ids \n@param PwUserTagRelation \n@return void\r\n'),('s_PwUserTagRelation_deleteRelationByUid','','系统',1368070337,0,'根据用户ID删除用户标签关系\r\n@param int $uid \n@return void\r\n'),('s_PwUserTagRelation_batchDeleteRelationByUids','','系统',1368070337,0,'根据用户ID列表批量删除用户标签关系\r\n@param array $uid \n@return void\r\n'),('s_PwEmotionDao_add','','系统',1368070337,0,'添加表情时，调用\r\n@param int $id id\n@param array $fields 字段信息\n@return void\r\n'),('s_PwEmotionDao_update','','系统',1368070337,0,'编辑表情时，调用\r\n@param int $id 表情id\n@param array $fields 字段信息\n@param array $increaseFields 字段信息\n@return void\r\n'),('s_PwEmotionDao_delete','','系统',1368070337,0,'删除表情时，调用\r\n@param int $id 表情id\n@return void\r\n'),('s_PwEmotionDao_deleteEmotionByCatid','','系统',1368070337,0,'删除一组表情时，调用\r\n@param int $cateId 表情组id\n@return void\r\n'),('s_PwConfigDao_update','','系统',1368070337,0,'全局配置更新时，调用\r\n@param string $namespace 配置域\r\n'),('s_PwThreadType','','系统',1368070337,0,'获取帖子扩展类型时，调用\r\n@param array $tType 帖子类型\n@return array\r\n'),('s_punch','','系统',1368070337,0,'打卡时，调用\r\n@param PwUserInfoDm $dm\n@return void\r\n'),('s_PwStorage_getStorages','','系统',1368070337,0,'获取附件存储类型\r\n@param array $storages\n@return array\r\n'),('s_PwThreadManageDoCopy','','系统',1368070337,0,'帖子复制\r\n@param PwThreadManage $srv\n@return void\r\nPwThreadManageCopyDoBase'),('s_PwUserService_logout','','系统',1368070337,0,'退出登录\r\n@param PwUserBo $loginUser\n@return void\r\nPwLogoutDoBase'),('s_PwEditor_app','','系统',1368070337,0,'编辑器配置扩展\r\n@param array $var\n@return array\r\n'),('s_PwCreditOperationConfig','','系统',1368070337,0,'积分策略配置\r\n@param array $config 积分策略配置\n@return array\r\n'),('s_seo_config','','系统',1368070337,0,'seo优化扩展\r\n@param array $config seo扩展配置\n@return array\r\n'),('s_PwUserBehaviorDao_replaceInfo','','系统',1368070337,0,'用户行为更新扩展\r\n@param array $data 用户行为数据\n@return \r\n'),('s_admin_menu','','系统',1368070337,0,'后台菜单扩展\r\n@param array $config 后台菜单配置\n@return array\r\n'),('s_permissionCategoryConfig','','系统',1368070337,0,'用户组根权限\r\n@param array $config 用户组根权限\n@return array\r\n'),('s_permissionConfig','','系统',1368070337,0,'用户组权限\r\n@param array $config 用户组权限\n@return array\r\n'),('s_PwMobileService_checkVerify','','系统',1368070337,0,'验证手机完成\r\n@param int $mobile\r\n'),('s_header_nav','','系统',1368070337,0,'全局头部导航\r\n\r\n'),('s_header_info_1','','系统',1368070337,0,'头部用户信息扩展点1\r\n\r\n'),('s_header_info_2','','系统',1368070337,0,'头部用户信息扩展点2\r\n\r\n'),('s_header_my','','系统',1368070337,0,'头部帐号的下拉\r\n\r\n'),('s_footer','','系统',1368070337,0,'全局底部\r\n\r\n'),('s_space_nav','','系统',1368070337,0,'个人空间导航扩展\r\n@param array $space\n@param string $src\r\n'),('s_space_profile','','系统',1368070337,0,'空间资料页面\r\n@param array $space\r\n'),('s_profile_menus','','系统',1368070337,0,'个人设置-菜单项扩展\r\n@param array $config 注册的菜单\n@return array\r\n'),('s_attachment_watermark','','系统',1368070337,0,'全局->水印设置->水印策略扩展\r\n@param array $config 已有的需要设置的策略,每一个扩展项格式:key=>title\n@return array\r\n'),('s_verify_showverify','','系统',1368070337,0,'全局->验证码->验证策略\r\n@param array $config 需要设置的策略,每一个扩展项格式:key=>title\n@return array\r\n'),('s_PwMobileService_getPlats','','系统',1368070337,0,'手机短信 - 平台选择\r\n@param array $config 配置文件，可参考SRV:mobile.config.plat.php\n@return array\r\n');
/*!40000 ALTER TABLE `aim_hook` ENABLE KEYS */;
UNLOCK TABLES;

--
-- Table structure for table `aim_hook_inject`
--

DROP TABLE IF EXISTS `aim_hook_inject`;
/*!40101 SET @saved_cs_client     = @@character_set_client */;
/*!40101 SET character_set_client = utf8 */;
CREATE TABLE `aim_hook_inject` (
  `id` int(10) unsigned NOT NULL AUTO_INCREMENT,
  `app_id` char(20) NOT NULL DEFAULT '',
  `app_name` varchar(100) NOT NULL DEFAULT '',
  `hook_name` varchar(100) NOT NULL DEFAULT '' COMMENT '钩子名',
  `alias` varchar(100) NOT NULL DEFAULT '' COMMENT '挂载别名',
  `class` varchar(100) NOT NULL DEFAULT '' COMMENT '挂载类',
  `method` varchar(100) NOT NULL DEFAULT '' COMMENT '调用方法',
  `loadway` varchar(20) NOT NULL DEFAULT '' COMMENT '导入方式',
  `expression` varchar(100) NOT NULL DEFAULT '' COMMENT '条件表达式',
  `created_time` int(10) unsigned NOT NULL DEFAULT '0' COMMENT '创建时间',
  `modified_time` int(10) unsigned NOT NULL DEFAULT '0' COMMENT '修改时间',
  `description` varchar(255) NOT NULL DEFAULT '' COMMENT '描述',
  PRIMARY KEY (`id`),
  UNIQUE KEY `idx_hook_name` (`hook_name`,`alias`)
) ENGINE=MyISAM AUTO_INCREMENT=116 DEFAULT CHARSET=utf8 COMMENT='钩子挂载方法表';
/*!40101 SET character_set_client = @saved_cs_client */;

--
-- Dumping data for table `aim_hook_inject`
--

LOCK TABLES `aim_hook_inject` WRITE;
/*!40000 ALTER TABLE `aim_hook_inject` DISABLE KEYS */;
INSERT INTO `aim_hook_inject` VALUES (1,'system','系统','c_post_run','poll','SRV:forum.srv.post.injector.PwPostDoPollInjector','run','','special.get==poll',1368070337,0,'投票帖展示'),(2,'system','系统','c_post_doadd','poll','SRV:forum.srv.post.injector.PwPostDoPollInjector','doadd','','special.post==poll',1368070337,0,'发投票帖'),(3,'system','系统','c_post_doadd','att','SRV:forum.srv.post.injector.PwPostDoAttInjector','run','','flashatt.post!=0',1368070337,0,'发帖传附件'),(4,'system','系统','c_post_doadd','tag','SRV:forum.srv.post.injector.PwPostDoTagInjector','doadd','','',1368070337,0,'帖子发布 - 话题相关'),(5,'system','系统','c_post_doadd','word','SRV:forum.srv.post.injector.PwPostDoWordInjector','doadd','','',1368070337,0,'帖子发布 - 敏感词'),(6,'system','系统','c_post_doreply','att','SRV:forum.srv.post.injector.PwPostDoAttInjector','run','','flashatt.post!=0',1368070337,0,'回复发布 - 附件'),(7,'system','系统','c_post_doreply','dolike_fast_reply','SRV:like.srv.fresh.injector.PwLikeDoFreshInjector','run','','isfresh.post==1',1368070337,0,'回复发布 - 喜欢'),(8,'system','系统','c_post_doreply','dolike_reply_lastpid','SRV:like.srv.reply.injector.PwLikeDoReplyInjector','run','','from_type.post==like',1368070337,0,'回复发布 - 最后喜欢的回复'),(9,'system','系统','c_post_doreply','word','SRV:forum.srv.post.injector.PwPostDoWordInjector','doadd','','',1368070337,0,'帖子发布 - 敏感词'),(10,'system','系统','c_post_modify','poll','SRV:forum.srv.post.injector.PwPostDoPollInjector','modify','','service:special==poll',1368070337,0,'帖子编辑 - 投票帖'),(11,'system','系统','c_post_domodify','poll','SRV:forum.srv.post.injector.PwPostDoPollInjector','domodify','','service:special==poll',1368070337,0,'帖子编辑提交 - 投票帖'),(12,'system','系统','c_post_domodify','att','SRV:forum.srv.post.injector.PwPostDoAttInjector','domodify','','',1368070337,0,'帖子编辑 - 附件'),(13,'system','系统','c_post_domodify','tag','SRV:forum.srv.post.injector.PwPostDoTagInjector','domodify','','',1368070337,0,'帖子编辑 - 话题'),(14,'system','系统','c_post_domodify','word','SRV:forum.srv.post.injector.PwPostDoWordInjector','doadd','','',1368070337,0,'帖子发布 - 敏感词'),(15,'system','系统','c_read_run','poll','SRV:forum.srv.threadDisplay.injector.PwThreadDisplayDoPollInjector','run','','service:thread.info.special==poll',1368070337,0,'帖子阅读页 - 投票帖'),(16,'system','系统','c_read_run','like','SRV:like.srv.threadDisplay.injector.PwThreadDisplayDoLikeInjector','run','','service:thread.info.like_count!=0',1368070337,0,'帖子阅读页 - 喜欢'),(17,'system','系统','c_read_run','medal','SRV:medal.srv.threadDisplay.injector.PwThreadDisplayDoMedalInjector','run','','config:site.medal.isopen==1',1368070337,0,'帖子阅读页 - 勋章'),(18,'system','系统','c_read_run','word','SRV:forum.srv.threadDisplay.injector.PwThreadDisplayDoWordInjector','','','service:thread.info.word_version==0',1368070337,0,'帖子阅读页 - 替换敏感词'),(19,'system','系统','c_register','invite','SRV:user.srv.register.injector.PwRegisterDoInviteInjector','run','','service:isOpenInvite==1',1368070337,0,''),(20,'system','系统','c_register','inviteFriend','SRV:user.srv.register.injector.PwRegisterDoInviteFriendInjector','run','','',1368070337,0,''),(21,'system','系统','c_register','verifyMobile','SRV:user.srv.register.injector.PwRegisterDoVerifyMobileInjector','run','','',1368070337,0,''),(22,'system','系统','c_fresh_post','att','SRV:forum.srv.post.injector.PwPostDoAttInjector','run','','flashatt.post!=0',1368070337,0,''),(23,'system','系统','c_login_dorun','inviteFriend','SRV:user.srv.login.injector.PwLoginDoInviteFriendInjector','run','','',1368070337,0,''),(24,'system','系统','m_PwRegisterService','bbsinfo','SRV:user.srv.register.do.PwRegisterDoUpdateBbsInfo','','','',1368070337,0,'注册后期：更新站点信息'),(25,'system','系统','m_PwTopicPost','fresh','HOOK:PwPost.do.PwPostDoFresh','','','',1368070337,0,'新鲜事'),(26,'system','系统','m_PwTopicPost','task','SRV:task.srv.condition.PwTaskBbsThreadDo','','','config:site.task.isOpen==1',1368070337,0,'发帖做任务'),(27,'system','系统','m_PwTopicPost','behavior','SRV:misc.behavior.do.PwMiscThreadDo','','load','',1368070337,0,'记录发帖行为'),(28,'system','系统','m_PwTopicPost','medal','SRV:medal.srv.condition.do.PwMedalThreadDo','','','',1368070337,0,'发帖做勋章'),(29,'system','系统','m_PwTopicPost','remind','SRV:forum.srv.post.do.PwPostDoRemind','','','',1368070337,0,''),(30,'system','系统','m_PwTopicPost','word','SRV:forum.srv.post.do.PwReplyDoWord','','','',1368070337,0,'回复-敏感词'),(31,'system','系统','m_PwReplyPost','task','SRV:task.srv.condition.PwTaskBbsPostDo','','','config:site.task.isOpen==1',1368070337,0,'发回复做任务'),(32,'system','系统','m_PwReplyPost','behavior','SRV:misc.behavior.do.PwMiscPostDo','','load','',1368070337,0,'记录发回复行为'),(33,'system','系统','m_PwReplyPost','medal','SRV:medal.srv.condition.do.PwMedalPostDo','','','',1368070337,0,'发回复做勋章任务'),(34,'system','系统','m_PwReplyPost','remind','SRV:forum.srv.post.do.PwReplyDoRemind','','','',1368070337,0,'回复-话题'),(35,'system','系统','m_PwReplyPost','notice','SRV:forum.srv.post.do.PwReplyDoNotice','','','',1368070337,0,'回复-通知'),(36,'system','系统','m_PwReplyPost','word','SRV:forum.srv.post.do.PwReplyDoWord','','','',1368070337,0,'回复-敏感词'),(37,'system','系统','m_PwThreadList','hits','SRV:forum.srv.threadList.do.PwThreadListDoHits','','','config:bbs.read.hit_update==1',1368070337,0,'点击率实时更新显示'),(38,'system','系统','m_PwThreadDisplay','hits','SRV:forum.srv.threadDisplay.do.PwThreadDisplayDoHits','','','config:bbs.read.hit_update==1',1368070337,0,'点击率实时更新显示'),(39,'system','系统','m_task_gainreward','group','SRV:task.srv.reward.PwTaskGroupRewardDo','','','service:type==group',1368070337,0,''),(40,'system','系统','m_task_gainreward','credit','SRV:task.srv.reward.PwTaskCreditRewardDo','','','service:type==credit',1368070337,0,''),(41,'system','系统','m_PwMessageService','task','SRV:task.srv.condition.PwTaskMemberMsgDo','','load','config:site.task.isOpen==1',1368070337,0,''),(42,'system','系统','m_PwLoginService','autotask','SRV:task.srv.condition.PwAutoTaskLoginDo','','load','config:site.task.isOpen==1',1368070337,0,''),(43,'system','系统','m_PwLoginService','behavior','SRV:misc.behavior.do.PwMiscUserDo','','load','',1368070337,0,''),(44,'system','系统','m_PwLoginService','medal','SRV:medal.srv.condition.do.PwMedalUserDo','','load','',1368070337,0,''),(45,'system','系统','m_PwLoginService','updateOnline','SRV:online.srv.do.PwLoginDoUpdateOnline','','load','',1368070337,0,''),(46,'system','系统','m_PwLoginService','autounbancheck','SRV:user.srv.login.do.PwLoginDoUnbanCheck','','load','',1368070337,0,''),(47,'system','系统','m_PwFreshReplyByWeibo','word','SRV:attention.srv.reply.weibo.PwWeiboDoWord','','','',1368070337,0,'微博-敏感词'),(48,'system','系统','s_PwThreadsDao_add','threadsIndex','SRV:forum.dao.PwThreadsIndexDao','addThread','loadDao','',1368070337,0,''),(49,'system','系统','s_PwThreadsDao_add','threadsCateIndex','SRV:forum.dao.PwThreadsCateIndexDao','addThread','loadDao','',1368070337,0,''),(50,'system','系统','s_PwThreadsDao_add','threadsDigestIndex','SRV:forum.dao.PwThreadsDigestIndexDao','addThread','loadDao','',1368070337,0,''),(51,'system','系统','s_PwThreadsDao_update','threadsIndex','SRV:forum.dao.PwThreadsIndexDao','updateThread','loadDao','',1368070337,0,''),(52,'system','系统','s_PwThreadsDao_update','threadsCateIndex','SRV:forum.dao.PwThreadsCateIndexDao','updateThread','loadDao','',1368070337,0,''),(53,'system','系统','s_PwThreadsDao_update','threadsDigestIndex','SRV:forum.dao.PwThreadsDigestIndexDao','updateThread','loadDao','',1368070337,0,''),(54,'system','系统','s_PwThreadsDao_batchUpdate','threadsIndex','SRV:forum.dao.PwThreadsIndexDao','batchUpdateThread','loadDao','',1368070337,0,''),(55,'system','系统','s_PwThreadsDao_batchUpdate','threadsCateIndex','SRV:forum.dao.PwThreadsCateIndexDao','batchUpdateThread','loadDao','',1368070337,0,''),(56,'system','系统','s_PwThreadsDao_batchUpdate','threadsDigestIndex','SRV:forum.dao.PwThreadsDigestIndexDao','batchUpdateThread','loadDao','',1368070337,0,''),(57,'system','系统','s_PwThreadsDao_revertTopic','threadsIndex','SRV:forum.dao.PwThreadsIndexDao','revertTopic','loadDao','',1368070337,0,''),(58,'system','系统','s_PwThreadsDao_revertTopic','threadsCateIndex','SRV:forum.dao.PwThreadsCateIndexDao','revertTopic','loadDao','',1368070337,0,''),(59,'system','系统','s_PwThreadsDao_revertTopic','threadsDigestIndex','SRV:forum.dao.PwThreadsDigestIndexDao','revertTopic','loadDao','',1368070337,0,''),(60,'system','系统','s_PwThreadsDao_delete','threadsIndex','SRV:forum.dao.PwThreadsIndexDao','deleteThread','loadDao','',1368070337,0,''),(61,'system','系统','s_PwThreadsDao_delete','threadsCateIndex','SRV:forum.dao.PwThreadsCateIndexDao','deleteThread','loadDao','',1368070337,0,''),(62,'system','系统','s_PwThreadsDao_delete','threadsDigestIndex','SRV:forum.dao.PwThreadsDigestIndexDao','deleteThread','loadDao','',1368070337,0,''),(63,'system','系统','s_PwThreadsDao_batchDelete','threadsIndex','SRV:forum.dao.PwThreadsIndexDao','batchDeleteThread','loadDao','',1368070337,0,''),(64,'system','系统','s_PwThreadsDao_batchDelete','threadsCateIndex','SRV:forum.dao.PwThreadsCateIndexDao','batchDeleteThread','loadDao','',1368070337,0,''),(65,'system','系统','s_PwThreadsDao_batchDelete','threadsDigestIndex','SRV:forum.dao.PwThreadsDigestIndexDao','batchDeleteThread','loadDao','',1368070337,0,''),(66,'system','系统','s_addFollow','medal','SRV:medal.srv.condition.do.PwMedalFansDo','addFollow','load','',1368070337,0,''),(67,'system','系统','s_addFollow','task','SRV:task.srv.condition.PwTaskMemberFansDo','addFollow','load','config:site.task.isOpen==1',1368070337,0,''),(68,'system','系统','s_addFollow','message','SRV:message.srv.do.PwNoticeFansDo','addFollow','load','',1368070337,0,''),(69,'system','系统','s_deleteFollow','medal','SRV:medal.srv.condition.do.PwMedalFansDo','delFollow','load','',1368070337,0,''),(70,'system','系统','s_PwTaskDao_update','TaskUser','SRV:task.dao.PwTaskUserDao','updateIsPeriod','loadDao','',1368070337,0,''),(71,'system','系统','s_profile_editUser','task','SRV:task.srv.condition.PwTaskProfileConditionDo','editUser','load','config:site.task.isOpen==1',1368070337,0,''),(72,'system','系统','s_update_avatar','task','SRV:task.srv.condition.PwTaskMemberAvatarDo','uploadAvatar','load','config:site.task.isOpen==1',1368070337,0,''),(73,'system','系统','s_PwUser_delete','ban','SRC:hooks.PwUser.PwUserDoBan','deleteBan','load','',1368070337,0,''),(74,'system','系统','s_PwUser_delete','belong','SRC:hooks.PwUser.PwUserDoBelong','deleteUser','load','',1368070337,0,''),(75,'system','系统','s_PwUser_delete','registerCheck','SRC:hooks.PwUser.PwUserDoRegisterCheck','deleteUser','load','',1368070337,0,''),(76,'system','系统','s_PwUser_delete','activeCode','SRV:user.PwUserActiveCode','deleteInfoByUid','load','',1368070337,0,''),(77,'system','系统','s_PwUser_delete','task','SRV:task.PwTaskUser','deleteByUid','load','',1368070337,0,''),(78,'system','系统','s_PwUser_delete','usertag','SRV:usertag.PwUserTagRelation','deleteRelationByUid','load','',1368070337,0,''),(79,'system','系统','s_PwUser_delete','mobile','SRV:user.PwUserMobile','deleteByUid','load','',1368070337,0,''),(80,'system','系统','s_PwUser_batchDelete','ban','SRC:hooks.PwUser.PwUserDoBan','batchDeleteBan','load','',1368070337,0,''),(81,'system','系统','s_PwUser_batchDelete','belong','SRC:hooks.PwUser.PwUserDoBelong','batchDeleteUser','load','',1368070337,0,''),(82,'system','系统','s_PwUser_batchDelete','registerCheck','SRC:hooks.PwUser.PwUserDoRegisterCheck','batchDeleteUser','load','',1368070337,0,''),(83,'system','系统','s_PwUser_batchDelete','task','SRV:task.PwTaskUser','batchDeleteByUid','load','',1368070337,0,''),(84,'system','系统','s_PwUser_batchDelete','usertag','SRV:usertag.PwUserTagRelation','batchDeleteRelationByUids','load','',1368070337,0,''),(85,'system','系统','s_PwUser_add','belong','SRC:hooks.PwUser.PwUserDoBelong','editUser','load','',1368070337,0,''),(86,'system','系统','s_PwUser_update','belong','SRC:hooks.PwUser.PwUserDoBelong','editUser','load','',1368070337,0,''),(87,'system','系统','s_PwUserDataDao_update','level','SRV:usergroup.srv.PwUserGroupsService','updateLevel','load','',1368070337,0,''),(88,'system','系统','s_PwUserDataDao_update','autoBan','SRV:user.srv.PwUserBanService','autoBan','load','config:site.autoForbidden.open==1',1368070337,0,''),(89,'system','系统','s_PwUserGroups_update','usergroup','SRV:usergroup.srv.PwUserGroupsService','updateGroupCacheByHook','load','',1368070337,0,''),(90,'system','系统','s_PwUserGroupsDao_delete','usergroup','SRV:usergroup.srv.PwUserGroupsService','deleteGroupCacheByHook','load','',1368070337,0,''),(91,'system','系统','s_PwUserGroupPermission_update','usergroup_permission','SRV:usergroup.srv.PwUserGroupsService','updatePermissionCacheByHook','load','',1368070337,0,''),(92,'system','系统','s_PwLikeService_delLike','behavior','SRV:misc.behavior.do.PwMiscLikeDo','delLike','load','',1368070337,0,''),(93,'system','系统','s_PwLikeService_delLike','medal','SRV:medal.srv.condition.do.PwMedalLikeDo','delLike','load','',1368070337,0,''),(94,'system','系统','s_PwLikeService_addLike','task','SRV:task.srv.condition.PwTaskBbsLikeDo','addLike','load','config:site.task.isOpen==1',1368070337,0,''),(95,'system','系统','s_PwLikeService_addLike','behavior','SRV:misc.behavior.do.PwMiscLikeDo','addLike','load','',1368070337,0,''),(96,'system','系统','s_PwLikeService_addLike','medal','SRV:medal.srv.condition.do.PwMedalLikeDo','addLike','load','',1368070337,0,''),(97,'system','系统','s_PwUserTagRelationDao_deleteRelation','PwUserTag','SRV:usertag.dao.PwUserTagDao','updateTag','loadDao','',1368070337,0,''),(98,'system','系统','s_PwUserTagDao_deleteTag','PwUserTagRelation','SRV:usertag.dao.PwUserTagRelationDao','deleteRelationByTagid','loadDao','',1368070337,0,''),(99,'system','系统','s_PwUserTagDao_batchDeleteTag','PwUserTagRelation','SRV:usertag.dao.PwUserTagRelationDao','batchDeleteRelationByTagids','loadDao','',1368070337,0,''),(100,'system','系统','s_PwUserTagRelation_batchDeleteRelation','PwDeleteRelationDoUpdateTag','SRV:usertag.srv.do.PwDeleteRelationDoUpdateTag','batchDeleteRelation','load','',1368070337,0,''),(101,'system','系统','s_PwUserTagRelation_deleteRelationByUid','PwDeleteRelationDoUpdateTag','SRV:usertag.srv.do.PwDeleteRelationDoUpdateTag','deleteRelationByUid','load','',1368070337,0,''),(102,'system','系统','s_PwUserTagRelation_batchDeleteRelationByUids','PwDeleteRelationDoUpdateTag','SRV:usertag.srv.do.PwDeleteRelationDoUpdateTag','batchDeleteRelationByUids','load','',1368070337,0,''),(103,'system','系统','s_PwEmotionDao_add','addEmotion','SRV:emotion.srv.PwEmotionService','updateCache','load','',1368070337,0,''),(104,'system','系统','s_PwEmotionDao_update','addEmotion','SRV:emotion.srv.PwEmotionService','updateCache','load','',1368070337,0,''),(105,'system','系统','s_PwEmotionDao_delete','addEmotion','SRV:emotion.srv.PwEmotionService','updateCache','load','',1368070337,0,''),(106,'system','系统','s_PwEmotionDao_deleteEmotionByCatid','addEmotion','SRV:emotion.srv.PwEmotionService','updateCache','load','',1368070337,0,''),(107,'system','系统','s_PwConfigDao_update','configCache','SRV:config.srv.PwConfigService','updateConfig','load','',1368070337,0,''),(108,'system','系统','s_punch','task','SRV:task.srv.condition.PwTaskMemberPunchDo','doPunch','load','config:site.task.isOpen==1',1368070337,0,''),(109,'system','系统','s_PwThreadManageDoCopy','poll','SRV:forum.srv.manage.do.PwThreadManageCopyDoPoll','copyThread','load','service:special==poll',1368070337,0,''),(110,'system','系统','s_PwThreadManageDoCopy','att','SRV:forum.srv.manage.do.PwThreadManageCopyDoAtt','copyThread','load','service:ifupload!=0',1368070337,0,''),(111,'system','系统','s_PwUserService_logout','updatelastvist','SRV:user.srv.logout.do.PwLogoutDoUpdateLastvisit','beforeLogout','load','',1368070337,0,''),(112,'system','系统','s_PwUserService_logout','updateOnline','SRV:online.srv.do.PwLogoutDoUpdateOnline','beforeLogout','load','',1368070337,0,''),(113,'system','系统','s_PwUserBehaviorDao_replaceInfo','task','SRV:task.srv.PwTaskService','sendAutoTask','load','config:site.task.isOpen==1',1368070337,0,''),(114,'system','系统','s_space_profile','education','SRV:education.srv.profile.do.PwSpaceProfileDoEducation','createHtml','','',1368070337,0,''),(115,'system','系统','s_space_profile','work','SRV:work.srv.profile.do.PwSpaceProfileDoWork','createHtml','','',1368070337,0,'');
/*!40000 ALTER TABLE `aim_hook_inject` ENABLE KEYS */;
UNLOCK TABLES;

--
-- Table structure for table `aim_invite_code`
--

DROP TABLE IF EXISTS `aim_invite_code`;
/*!40101 SET @saved_cs_client     = @@character_set_client */;
/*!40101 SET character_set_client = utf8 */;
CREATE TABLE `aim_invite_code` (
  `code` char(32) NOT NULL DEFAULT '',
  `created_userid` int(10) NOT NULL DEFAULT '0',
  `invited_userid` int(10) NOT NULL DEFAULT '0',
  `ifused` tinyint(1) NOT NULL DEFAULT '0',
  `created_time` int(10) unsigned NOT NULL DEFAULT '0',
  `modified_time` int(10) unsigned NOT NULL DEFAULT '0',
  PRIMARY KEY (`code`),
  KEY `idx_createduid` (`created_userid`),
  KEY `idx_inviteduid` (`invited_userid`),
  KEY `idx_createdtime` (`created_time`)
) ENGINE=MyISAM DEFAULT CHARSET=utf8 COMMENT='邀请码记录表';
/*!40101 SET character_set_client = @saved_cs_client */;

--
-- Dumping data for table `aim_invite_code`
--

LOCK TABLES `aim_invite_code` WRITE;
/*!40000 ALTER TABLE `aim_invite_code` DISABLE KEYS */;
/*!40000 ALTER TABLE `aim_invite_code` ENABLE KEYS */;
UNLOCK TABLES;

--
-- Table structure for table `aim_like_content`
--

DROP TABLE IF EXISTS `aim_like_content`;
/*!40101 SET @saved_cs_client     = @@character_set_client */;
/*!40101 SET character_set_client = utf8 */;
CREATE TABLE `aim_like_content` (
  `likeid` int(10) unsigned NOT NULL AUTO_INCREMENT COMMENT '喜欢ID',
  `typeid` int(10) unsigned NOT NULL DEFAULT '0' COMMENT '喜欢来源类型',
  `fromid` int(10) unsigned NOT NULL DEFAULT '0' COMMENT '来源ID',
  `isspecial` tinyint(3) unsigned NOT NULL DEFAULT '0' COMMENT '是否特殊设置',
  `users` varchar(255) NOT NULL DEFAULT '' COMMENT '喜欢的用户ID',
  `reply_pid` int(10) unsigned NOT NULL DEFAULT '0' COMMENT '最新回复ID',
  PRIMARY KEY (`likeid`),
  KEY `idx_isspecial` (`isspecial`),
  KEY `idx_typeid_fromid` (`typeid`,`fromid`)
) ENGINE=MyISAM AUTO_INCREMENT=11 DEFAULT CHARSET=utf8 COMMENT='喜欢内容表';
/*!40101 SET character_set_client = @saved_cs_client */;

--
-- Dumping data for table `aim_like_content`
--

LOCK TABLES `aim_like_content` WRITE;
/*!40000 ALTER TABLE `aim_like_content` DISABLE KEYS */;
INSERT INTO `aim_like_content` VALUES (1,1,6,0,'2,',5),(2,1,61,0,'1,',0),(3,1,64,0,'1,',0),(4,2,34,0,'6,',50),(5,2,38,0,'6,',51),(6,2,60,0,'11,',0),(7,2,61,0,'11,',63),(8,2,66,0,'1,',67),(9,2,65,0,'1,1,',69),(10,2,59,0,'1,',0);
/*!40000 ALTER TABLE `aim_like_content` ENABLE KEYS */;
UNLOCK TABLES;

--
-- Table structure for table `aim_like_log`
--

DROP TABLE IF EXISTS `aim_like_log`;
/*!40101 SET @saved_cs_client     = @@character_set_client */;
/*!40101 SET character_set_client = utf8 */;
CREATE TABLE `aim_like_log` (
  `logid` int(10) unsigned NOT NULL AUTO_INCREMENT COMMENT '标识ID',
  `uid` int(10) unsigned NOT NULL DEFAULT '0' COMMENT '用户ID',
  `likeid` int(10) unsigned NOT NULL DEFAULT '0' COMMENT '喜欢ID',
  `tagids` varchar(50) NOT NULL DEFAULT '' COMMENT '分类标签ID',
  `created_time` int(10) unsigned NOT NULL DEFAULT '0' COMMENT '创建时间',
  PRIMARY KEY (`logid`),
  KEY `idx_uid` (`uid`),
  KEY `idx_created_time` (`created_time`)
) ENGINE=MyISAM AUTO_INCREMENT=12 DEFAULT CHARSET=utf8 COMMENT='喜欢记录表';
/*!40101 SET character_set_client = @saved_cs_client */;

--
-- Dumping data for table `aim_like_log`
--

LOCK TABLES `aim_like_log` WRITE;
/*!40000 ALTER TABLE `aim_like_log` DISABLE KEYS */;
INSERT INTO `aim_like_log` VALUES (1,2,1,'',1369724640),(11,1,9,'',1372409664),(4,6,4,'',1370764204),(5,6,5,'',1370764216),(6,11,6,'',1372310404),(7,11,7,'',1372321436),(8,1,8,'',1372397943);
/*!40000 ALTER TABLE `aim_like_log` ENABLE KEYS */;
UNLOCK TABLES;

--
-- Table structure for table `aim_like_source`
--

DROP TABLE IF EXISTS `aim_like_source`;
/*!40101 SET @saved_cs_client     = @@character_set_client */;
/*!40101 SET character_set_client = utf8 */;
CREATE TABLE `aim_like_source` (
  `sid` int(10) unsigned NOT NULL AUTO_INCREMENT COMMENT '标识ID',
  `subject` varchar(250) NOT NULL DEFAULT '' COMMENT '标题',
  `sourceUrl` varchar(50) NOT NULL DEFAULT '' COMMENT '来源URL',
  `fromApp` varchar(20) NOT NULL DEFAULT '' COMMENT '来源应用名称',
  `fromid` int(10) unsigned NOT NULL DEFAULT '0' COMMENT '来源ID',
  `like_count` mediumint(8) unsigned NOT NULL DEFAULT '0' COMMENT '喜欢数统计',
  PRIMARY KEY (`sid`),
  KEY `idx_fromid` (`fromid`,`fromApp`(10))
) ENGINE=MyISAM DEFAULT CHARSET=utf8 COMMENT='喜欢app来源表';
/*!40101 SET character_set_client = @saved_cs_client */;

--
-- Dumping data for table `aim_like_source`
--

LOCK TABLES `aim_like_source` WRITE;
/*!40000 ALTER TABLE `aim_like_source` DISABLE KEYS */;
/*!40000 ALTER TABLE `aim_like_source` ENABLE KEYS */;
UNLOCK TABLES;

--
-- Table structure for table `aim_like_statistics`
--

DROP TABLE IF EXISTS `aim_like_statistics`;
/*!40101 SET @saved_cs_client     = @@character_set_client */;
/*!40101 SET character_set_client = utf8 */;
CREATE TABLE `aim_like_statistics` (
  `signkey` varchar(20) NOT NULL COMMENT '标识key',
  `likeid` int(10) unsigned NOT NULL DEFAULT '0' COMMENT '喜欢ID',
  `typeid` int(10) unsigned NOT NULL DEFAULT '0' COMMENT '类型ID',
  `fromid` int(10) unsigned NOT NULL DEFAULT '0' COMMENT '来源ID',
  `number` int(10) unsigned NOT NULL DEFAULT '0' COMMENT '数量',
  KEY `idx_number` (`number`),
  KEY `idx_signkey` (`signkey`(10))
) ENGINE=MyISAM DEFAULT CHARSET=utf8 COMMENT='喜欢静态数据表';
/*!40101 SET character_set_client = @saved_cs_client */;

--
-- Dumping data for table `aim_like_statistics`
--

LOCK TABLES `aim_like_statistics` WRITE;
/*!40000 ALTER TABLE `aim_like_statistics` DISABLE KEYS */;
INSERT INTO `aim_like_statistics` VALUES ('day7',1,1,6,1),('day7_count',0,0,0,10),('day2',1,1,6,1),('day2_count',0,0,0,10),('day1',1,1,6,1),('day1_count',0,0,0,10),('day7',2,1,61,1),('day2',2,1,61,1),('day1',2,1,61,1),('day7',3,1,64,1),('day2',3,1,64,1),('day1',3,1,64,1),('day7',4,2,34,1),('day2',4,2,34,1),('day1',4,2,34,1),('day7',5,2,38,1),('day2',5,2,38,1),('day1',5,2,38,1),('day7',6,2,60,1),('day2',6,2,60,1),('day1',6,2,60,1),('day7',7,2,61,1),('day2',7,2,61,1),('day1',7,2,61,1),('day7',8,2,66,1),('day2',8,2,66,1),('day1',8,2,66,1),('day7',9,2,65,1),('day2',9,2,65,1),('day1',9,2,65,1),('day7',10,2,59,1),('day2',10,2,59,1),('day1',10,2,59,1);
/*!40000 ALTER TABLE `aim_like_statistics` ENABLE KEYS */;
UNLOCK TABLES;

--
-- Table structure for table `aim_like_tag`
--

DROP TABLE IF EXISTS `aim_like_tag`;
/*!40101 SET @saved_cs_client     = @@character_set_client */;
/*!40101 SET character_set_client = utf8 */;
CREATE TABLE `aim_like_tag` (
  `tagid` int(10) unsigned NOT NULL AUTO_INCREMENT COMMENT '标签ID',
  `uid` int(10) unsigned NOT NULL DEFAULT '0' COMMENT '用户ID',
  `tagname` varchar(20) NOT NULL COMMENT '标签名',
  `number` int(10) unsigned NOT NULL DEFAULT '0' COMMENT '统计数',
  PRIMARY KEY (`tagid`),
  KEY `idx_uid` (`uid`)
) ENGINE=MyISAM DEFAULT CHARSET=utf8 COMMENT='喜欢分类表';
/*!40101 SET character_set_client = @saved_cs_client */;

--
-- Dumping data for table `aim_like_tag`
--

LOCK TABLES `aim_like_tag` WRITE;
/*!40000 ALTER TABLE `aim_like_tag` DISABLE KEYS */;
/*!40000 ALTER TABLE `aim_like_tag` ENABLE KEYS */;
UNLOCK TABLES;

--
-- Table structure for table `aim_like_tag_relations`
--

DROP TABLE IF EXISTS `aim_like_tag_relations`;
/*!40101 SET @saved_cs_client     = @@character_set_client */;
/*!40101 SET character_set_client = utf8 */;
CREATE TABLE `aim_like_tag_relations` (
  `logid` int(10) unsigned NOT NULL COMMENT 'log标识ID',
  `tagid` int(10) unsigned NOT NULL COMMENT '标签ID',
  KEY `idx_logid` (`logid`),
  KEY `idx_tagid` (`tagid`)
) ENGINE=MyISAM DEFAULT CHARSET=utf8 COMMENT='喜欢分类-喜欢关系表';
/*!40101 SET character_set_client = @saved_cs_client */;

--
-- Dumping data for table `aim_like_tag_relations`
--

LOCK TABLES `aim_like_tag_relations` WRITE;
/*!40000 ALTER TABLE `aim_like_tag_relations` DISABLE KEYS */;
/*!40000 ALTER TABLE `aim_like_tag_relations` ENABLE KEYS */;
UNLOCK TABLES;

--
-- Table structure for table `aim_link`
--

DROP TABLE IF EXISTS `aim_link`;
/*!40101 SET @saved_cs_client     = @@character_set_client */;
/*!40101 SET character_set_client = utf8 */;
CREATE TABLE `aim_link` (
  `lid` smallint(5) unsigned NOT NULL AUTO_INCREMENT COMMENT '友情链接id',
  `vieworder` tinyint(3) NOT NULL DEFAULT '0' COMMENT '排序',
  `name` varchar(15) NOT NULL DEFAULT '' COMMENT '名称',
  `url` varchar(255) NOT NULL DEFAULT '' COMMENT '链接',
  `descrip` varchar(255) NOT NULL DEFAULT '' COMMENT '描述',
  `logo` varchar(100) NOT NULL DEFAULT '' COMMENT 'logo',
  `iflogo` tinyint(1) unsigned NOT NULL DEFAULT '0' COMMENT '是否有logo',
  `ifcheck` tinyint(3) NOT NULL DEFAULT '0' COMMENT '是否审核',
  `contact` varchar(100) NOT NULL DEFAULT '' COMMENT '联系方式',
  PRIMARY KEY (`lid`),
  KEY `idx_ifcheck_vieworder` (`ifcheck`,`vieworder`)
) ENGINE=MyISAM DEFAULT CHARSET=utf8 COMMENT='友情链接表';
/*!40101 SET character_set_client = @saved_cs_client */;

--
-- Dumping data for table `aim_link`
--

LOCK TABLES `aim_link` WRITE;
/*!40000 ALTER TABLE `aim_link` DISABLE KEYS */;
/*!40000 ALTER TABLE `aim_link` ENABLE KEYS */;
UNLOCK TABLES;

--
-- Table structure for table `aim_link_relations`
--

DROP TABLE IF EXISTS `aim_link_relations`;
/*!40101 SET @saved_cs_client     = @@character_set_client */;
/*!40101 SET character_set_client = utf8 */;
CREATE TABLE `aim_link_relations` (
  `lid` smallint(5) unsigned NOT NULL AUTO_INCREMENT COMMENT '友情链接id',
  `typeid` smallint(5) unsigned NOT NULL DEFAULT '0' COMMENT '分类id',
  PRIMARY KEY (`lid`,`typeid`)
) ENGINE=MyISAM DEFAULT CHARSET=utf8 COMMENT='友情链接分类关系表';
/*!40101 SET character_set_client = @saved_cs_client */;

--
-- Dumping data for table `aim_link_relations`
--

LOCK TABLES `aim_link_relations` WRITE;
/*!40000 ALTER TABLE `aim_link_relations` DISABLE KEYS */;
/*!40000 ALTER TABLE `aim_link_relations` ENABLE KEYS */;
UNLOCK TABLES;

--
-- Table structure for table `aim_link_type`
--

DROP TABLE IF EXISTS `aim_link_type`;
/*!40101 SET @saved_cs_client     = @@character_set_client */;
/*!40101 SET character_set_client = utf8 */;
CREATE TABLE `aim_link_type` (
  `typeid` smallint(5) unsigned NOT NULL AUTO_INCREMENT COMMENT '友情链接分类ID',
  `typename` varchar(6) NOT NULL DEFAULT '' COMMENT '分类名称',
  `vieworder` smallint(5) unsigned NOT NULL DEFAULT '0' COMMENT '顺序',
  PRIMARY KEY (`typeid`)
) ENGINE=MyISAM DEFAULT CHARSET=utf8 COMMENT='友情链接分类表';
/*!40101 SET character_set_client = @saved_cs_client */;

--
-- Dumping data for table `aim_link_type`
--

LOCK TABLES `aim_link_type` WRITE;
/*!40000 ALTER TABLE `aim_link_type` DISABLE KEYS */;
/*!40000 ALTER TABLE `aim_link_type` ENABLE KEYS */;
UNLOCK TABLES;

--
-- Table structure for table `aim_log`
--

DROP TABLE IF EXISTS `aim_log`;
/*!40101 SET @saved_cs_client     = @@character_set_client */;
/*!40101 SET character_set_client = utf8 */;
CREATE TABLE `aim_log` (
  `id` int(10) unsigned NOT NULL AUTO_INCREMENT COMMENT '主键ID',
  `typeid` tinyint(3) unsigned NOT NULL DEFAULT '0' COMMENT '操作类型ID',
  `created_userid` int(10) unsigned NOT NULL DEFAULT '0' COMMENT '操作者UID',
  `created_time` int(10) unsigned NOT NULL DEFAULT '0' COMMENT '操作时间',
  `created_username` varchar(15) NOT NULL DEFAULT '' COMMENT '操作者名字',
  `operated_uid` int(10) unsigned NOT NULL DEFAULT '0' COMMENT '被操作者UID',
  `operated_username` varchar(15) NOT NULL DEFAULT '' COMMENT '被操作者名字',
  `ip` varchar(40) NOT NULL DEFAULT '' COMMENT '操作IP',
  `fid` smallint(6) unsigned NOT NULL DEFAULT '0' COMMENT '版块ID',
  `tid` int(10) unsigned NOT NULL DEFAULT '0' COMMENT '帖子ID',
  `pid` int(10) unsigned NOT NULL DEFAULT '0' COMMENT '帖子回复ID',
  `extends` varchar(100) NOT NULL DEFAULT '' COMMENT '扩展信息',
  `content` text COMMENT '操作日志内容',
  PRIMARY KEY (`id`),
  KEY `idx_tid_pid` (`tid`,`pid`),
  KEY `idx_fid` (`fid`),
  KEY `idx_created_time` (`created_time`)
) ENGINE=MyISAM AUTO_INCREMENT=32 DEFAULT CHARSET=utf8 COMMENT='前台管理日志表';
/*!40101 SET character_set_client = @saved_cs_client */;

--
-- Dumping data for table `aim_log`
--

LOCK TABLES `aim_log` WRITE;
/*!40000 ALTER TABLE `aim_log` DISABLE KEYS */;
INSERT INTO `aim_log` VALUES (1,9,1,1369642737,'admin',1,'admin','127.0.0.1',2,1,0,'','您的帖子<a href=\"http://aimfive.com/read.php?tid=1\" target=\"_blank\">厦门一裸女酒吧门口走秀</a>被<a href=\"http://aimfive.com/index.php?m=space&uid=1\" target=\"_blank\">admin</a>执行删除操作<br/>操作原因:无'),(2,6,1,1369978065,'admin',1,'admin','127.0.0.1',2,48,0,'0','您的回复被<a href=\"http://aimfive.com/index.php?m=space&uid=1\" target=\"_blank\">admin</a>执行已阅操作<br/>操作原因:无'),(3,6,1,1370661630,'admin',6,'qweqwe','127.0.0.1',2,50,17,'2','您的回复被<a href=\"http://aimfive.com/index.php?m=space&uid=1\" target=\"_blank\">admin</a>执行已阅操作<br/>操作原因:无'),(4,1,1,1370672931,'admin',1,'admin','127.0.0.1',2,62,0,'','您的帖子<a href=\"http://aimfive.com/read.php?tid=62\" target=\"_blank\">标题标题标题标题标题标题标题标题标题标题标题标题</a>被<a href=\"http://aimfive.com/index.php?m=space&uid=1\" target=\"_blank\">admin</a>执行设为精华操作<br/>操作原因:11'),(5,3,1,1370673197,'admin',1,'admin','127.0.0.1',2,62,0,'1371139199','您的帖子<a href=\"http://aimfive.com/read.php?tid=62\" target=\"_blank\">标题标题标题标题标题标题标题标题标题标题标题标题</a>被<a href=\"http://aimfive.com/index.php?m=space&uid=1\" target=\"_blank\">admin</a>执行加亮操作<br/>操作原因:222222222'),(6,17,1,1370673208,'admin',1,'admin','127.0.0.1',2,62,0,'1370684008','您的帖子<a href=\"http://aimfive.com/read.php?tid=62\" target=\"_blank\">标题标题标题标题标题标题标题标题标题标题标题标题</a>被<a href=\"http://aimfive.com/index.php?m=space&uid=1\" target=\"_blank\">admin</a>执行提前操作<br/>操作原因:33'),(7,3,1,1370673396,'admin',1,'admin','127.0.0.1',2,62,0,'1370620799','您的帖子<a href=\"http://aimfive.com/read.php?tid=62\" target=\"_blank\">标题标题标题标题标题标题标题标题标题标题标题标题</a>被<a href=\"http://aimfive.com/index.php?m=space&uid=1\" target=\"_blank\">admin</a>执行加亮操作<br/>操作原因:2'),(8,18,1,1370674618,'admin',1,'admin','127.0.0.1',2,50,22,'','您的回复被<a href=\"http://t.com/index.php?m=space&uid=1\" target=\"_blank\">admin</a>执行帖内置顶操作<br/>操作原因:无'),(9,18,1,1370677239,'admin',6,'qweqwe','127.0.0.1',2,63,24,'','您的回复被<a href=\"http://t.com/index.php?m=space&uid=1\" target=\"_blank\">admin</a>执行帖内置顶操作<br/>操作原因:无'),(10,22,1,1370677317,'admin',6,'qweqwe','127.0.0.1',2,63,24,'','您的回复被<a href=\"http://t.com/index.php?m=space&uid=1\" target=\"_blank\">admin</a>执行取消置顶操作<br/>操作原因:无'),(11,7,1,1370677509,'admin',6,'qweqwe','127.0.0.1',2,62,25,'','<a href=\"http://t.com/index.php?m=space&uid=1\" target=\"_blank\">admin</a>编辑了帖子回复<a href=\"http://t.com/read.php?tid=62#25\" target=\"_blank\"></a>'),(12,7,1,1370677593,'admin',6,'qweqwe','127.0.0.1',2,65,0,'','<a href=\"http://t.com/index.php?m=space&uid=1\" target=\"_blank\">admin</a>编辑了帖子<a href=\"http://t.com/read.php?tid=65\" target=\"_blank\">bbbbbbbbbbbbbbbb</a>'),(13,7,1,1370677810,'admin',6,'qweqwe','127.0.0.1',2,65,0,'','<a href=\"http://t.com/index.php?m=space&uid=1\" target=\"_blank\">admin</a>编辑了帖子<a href=\"http://t.com/read.php?tid=65\" target=\"_blank\">bbbbbbbbbbbbbbbb</a>'),(14,7,1,1370677830,'admin',6,'qweqwe','127.0.0.1',2,61,0,'','<a href=\"http://t.com/index.php?m=space&uid=1\" target=\"_blank\">admin</a>编辑了帖子<a href=\"http://t.com/read.php?tid=61\" target=\"_blank\">标题vvvvvvvvvvvvvvv</a>'),(15,7,1,1370677838,'admin',6,'qweqwe','127.0.0.1',2,61,0,'','<a href=\"http://t.com/index.php?m=space&uid=1\" target=\"_blank\">admin</a>编辑了帖子<a href=\"http://t.com/read.php?tid=61\" target=\"_blank\">标题vvvvvvvvvvvvvvv</a>'),(16,7,1,1371095063,'admin',6,'qweqwe','127.0.0.1',2,61,0,'','<a href=\"http://aimfive.com/index.php?m=space&uid=1\" target=\"_blank\">admin</a>编辑了帖子<a href=\"http://aimfive.com/read.php?tid=61\" target=\"_blank\">标题vvvvvvvvvvvvvvv</a>'),(17,7,1,1371095072,'admin',6,'qweqwe','127.0.0.1',2,61,0,'','<a href=\"http://aimfive.com/index.php?m=space&uid=1\" target=\"_blank\">admin</a>编辑了帖子<a href=\"http://aimfive.com/read.php?tid=61\" target=\"_blank\">标题vvvvvvvvvvvvvvv</a>'),(18,7,1,1371100439,'admin',6,'qweqwe','127.0.0.1',2,61,0,'','<a href=\"http://aimfive.com/index.php?m=space&uid=1\" target=\"_blank\">admin</a>编辑了帖子<a href=\"http://aimfive.com/read.php?tid=61\" target=\"_blank\">标题vvvvvvvvvvvvvvv</a>'),(19,7,1,1371100490,'admin',6,'qweqwe','127.0.0.1',2,61,0,'','<a href=\"http://aimfive.com/index.php?m=space&uid=1\" target=\"_blank\">admin</a>编辑了帖子<a href=\"http://aimfive.com/read.php?tid=61\" target=\"_blank\">标题vvvvvvvvvvvvvvva</a>'),(20,6,1,1371441075,'admin',1,'admin','127.0.0.1',2,67,53,'1','您的回复被<a href=\"http://aimfive.com/index.php?m=space&uid=1\" target=\"_blank\">admin</a>执行已阅操作<br/>操作原因:无'),(21,18,1,1371461448,'admin',1,'admin','127.0.0.1',2,66,31,'','您的回复被<a href=\"http://aimfive.com/index.php?m=space&uid=1\" target=\"_blank\">admin</a>执行帖内置顶操作<br/>操作原因:无'),(22,22,1,1371461454,'admin',1,'admin','127.0.0.1',2,66,31,'','您的回复被<a href=\"http://aimfive.com/index.php?m=space&uid=1\" target=\"_blank\">admin</a>执行取消置顶操作<br/>操作原因:无'),(23,18,1,1372302115,'admin',11,'筱筱太子妃','114.246.150.130',2,84,59,'','您的回复被<a href=\"http://121.199.53.162/index.php?m=space&uid=1\" target=\"_blank\">admin</a>执行帖内置顶操作<br/>操作原因:无'),(24,14,1,1372309890,'admin',11,'筱筱太子妃','114.246.150.130',2,84,59,'','您的回复被<a href=\"http://121.199.53.162/index.php?m=space&uid=1\" target=\"_blank\">admin</a>执行屏蔽操作<br/>操作原因:已关注，谢谢反馈！'),(25,15,1,1372309939,'admin',11,'筱筱太子妃','114.246.150.130',2,84,59,'','您的回复被<a href=\"http://121.199.53.162/index.php?m=space&uid=1\" target=\"_blank\">admin</a>执行取消屏蔽操作<br/>操作原因:已关注，谢谢反馈！'),(26,7,1,1372309974,'admin',11,'筱筱太子妃','114.246.150.130',2,83,0,'','<a href=\"http://121.199.53.162/index.php?m=space&uid=1\" target=\"_blank\">admin</a>编辑了帖子<a href=\"http://121.199.53.162/read.php?tid=83\" target=\"_blank\">dnf罗斯特宠物属性</a>'),(27,7,1,1372310005,'admin',11,'筱筱太子妃','114.246.150.130',2,83,0,'','<a href=\"http://121.199.53.162/index.php?m=space&uid=1\" target=\"_blank\">admin</a>编辑了帖子<a href=\"http://121.199.53.162/read.php?tid=83\" target=\"_blank\">dnf罗斯特宠物属性</a>'),(28,18,1,1372386553,'admin',11,'筱筱太子妃','114.246.150.130',2,87,62,'','您的回复被<a href=\"http://121.199.53.162/index.php?m=space&uid=1\" target=\"_blank\">admin</a>执行帖内置顶操作<br/>操作原因:无'),(29,22,1,1372386581,'admin',11,'筱筱太子妃','114.246.150.130',2,87,62,'','您的回复被<a href=\"http://121.199.53.162/index.php?m=space&uid=1\" target=\"_blank\">admin</a>执行取消置顶操作<br/>操作原因:无'),(30,18,1,1372756548,'admin',11,'筱筱太子妃','114.249.152.241',2,101,85,'','您的回复被<a href=\"http://121.199.53.162/index.php?m=space&uid=1\" target=\"_blank\">admin</a>执行帖内置顶操作<br/>操作原因:无'),(31,22,1,1372756555,'admin',11,'筱筱太子妃','114.249.152.241',2,101,85,'','您的回复被<a href=\"http://121.199.53.162/index.php?m=space&uid=1\" target=\"_blank\">admin</a>执行取消置顶操作<br/>操作原因:无');
/*!40000 ALTER TABLE `aim_log` ENABLE KEYS */;
UNLOCK TABLES;

--
-- Table structure for table `aim_log_login`
--

DROP TABLE IF EXISTS `aim_log_login`;
/*!40101 SET @saved_cs_client     = @@character_set_client */;
/*!40101 SET character_set_client = utf8 */;
CREATE TABLE `aim_log_login` (
  `id` int(10) unsigned NOT NULL AUTO_INCREMENT COMMENT '主键ID',
  `uid` int(10) unsigned NOT NULL DEFAULT '0' COMMENT '用户ID',
  `username` varchar(15) NOT NULL DEFAULT '' COMMENT '用户名字',
  `typeid` tinyint(3) unsigned NOT NULL DEFAULT '0' COMMENT '错误类型',
  `created_time` int(10) unsigned NOT NULL DEFAULT '0' COMMENT '尝试时间',
  `ip` varchar(40) NOT NULL DEFAULT '' COMMENT '尝试IP',
  PRIMARY KEY (`id`),
  KEY `idx_username` (`username`),
  KEY `idx_ip` (`ip`),
  KEY `idx_created_time` (`created_time`)
) ENGINE=MyISAM AUTO_INCREMENT=25 DEFAULT CHARSET=utf8 COMMENT='前台用户登录错误日志表';
/*!40101 SET character_set_client = @saved_cs_client */;

--
-- Dumping data for table `aim_log_login`
--

LOCK TABLES `aim_log_login` WRITE;
/*!40000 ALTER TABLE `aim_log_login` DISABLE KEYS */;
INSERT INTO `aim_log_login` VALUES (1,1,'admin',1,1369622118,''),(2,7,'qweqwe2',1,1371998344,''),(3,11,'筱筱太子妃',1,1372322006,''),(4,11,'筱筱太子妃',1,1372322010,''),(5,11,'筱筱太子妃',1,1372322209,''),(6,11,'筱筱太子妃',1,1372322209,''),(7,11,'筱筱太子妃',1,1372329801,''),(8,11,'筱筱太子妃',1,1372329805,''),(9,11,'筱筱太子妃',1,1372386652,''),(10,11,'筱筱太子妃',1,1372746239,''),(11,11,'筱筱太子妃',1,1372746249,''),(12,12,'xiao1437',1,1372746617,''),(13,12,'xiao1437',1,1372746623,''),(14,14,'test',1,1373262924,''),(15,14,'test',1,1373262936,''),(16,14,'test',1,1373262952,''),(17,11,'筱筱太子妃',1,1373444044,''),(18,11,'筱筱太子妃',1,1373444056,''),(19,14,'test',1,1374036988,''),(20,12,'xiao1437',1,1374545313,''),(21,12,'xiao1437',1,1375436166,''),(22,12,'xiao1437',1,1375436219,''),(23,1,'admin',1,1376374313,''),(24,12,'xiao1437',1,1376621755,'');
/*!40000 ALTER TABLE `aim_log_login` ENABLE KEYS */;
UNLOCK TABLES;

--
-- Table structure for table `aim_medal_info`
--

DROP TABLE IF EXISTS `aim_medal_info`;
/*!40101 SET @saved_cs_client     = @@character_set_client */;
/*!40101 SET character_set_client = utf8 */;
CREATE TABLE `aim_medal_info` (
  `medal_id` int(10) unsigned NOT NULL AUTO_INCREMENT COMMENT '勋章ID',
  `name` varchar(50) NOT NULL DEFAULT '' COMMENT '勋章名称',
  `path` varchar(50) NOT NULL DEFAULT '' COMMENT '勋章路径',
  `image` varchar(50) NOT NULL DEFAULT '' COMMENT '勋章图片(系统勋章带路径)',
  `icon` varchar(50) NOT NULL DEFAULT '' COMMENT '勋章图标(系统勋章带路径)',
  `descrip` varchar(255) NOT NULL DEFAULT '' COMMENT '勋章简介',
  `medal_type` tinyint(3) unsigned NOT NULL DEFAULT '1' COMMENT '勋章类型',
  `receive_type` tinyint(3) unsigned NOT NULL DEFAULT '1' COMMENT '勋章获取类型',
  `medal_gids` varchar(50) NOT NULL DEFAULT '' COMMENT '用户组',
  `award_type` tinyint(3) unsigned NOT NULL DEFAULT '1' COMMENT '勋章类型',
  `award_condition` smallint(5) unsigned NOT NULL DEFAULT '0' COMMENT '勋章条件',
  `expired_days` smallint(5) unsigned NOT NULL DEFAULT '0' COMMENT '有效期',
  `isopen` tinyint(3) unsigned NOT NULL DEFAULT '1' COMMENT '是否开启',
  `vieworder` tinyint(3) unsigned NOT NULL DEFAULT '0' COMMENT '排序',
  PRIMARY KEY (`medal_id`),
  KEY `idx_orderid` (`vieworder`),
  KEY `idx_isopen` (`isopen`),
  KEY `idx_award_type` (`award_type`)
) ENGINE=MyISAM AUTO_INCREMENT=12 DEFAULT CHARSET=utf8 COMMENT='勋章信息表';
/*!40101 SET character_set_client = @saved_cs_client */;

--
-- Dumping data for table `aim_medal_info`
--

LOCK TABLES `aim_medal_info` WRITE;
/*!40000 ALTER TABLE `aim_medal_info` DISABLE KEYS */;
INSERT INTO `aim_medal_info` VALUES (1,'社区居民','','big/shequjumin.gif','icon/shequjumin.gif','注册用户登录后即可获得此勋章',1,1,'',10,1,0,0,0),(2,'社区明星','','big/shequmingxing.gif','icon/shequmingxing.gif','提高自身活跃度，增加100个粉丝即可获得此勋章',1,1,'',5,100,0,0,0),(3,'最爱沙发','','big/zuiaishafa.gif','icon/zuiaishafa.gif','坐沙发什么的最爽，赶紧去抢100个沙发吧',1,1,'',4,100,0,0,0),(4,'忠实会员','','big/zhongshihuiyuan.gif','icon/zhongshihuiyuan.gif','连续7天登录即可获得此勋章，如连续3天不登录则收回此勋章',1,1,'',1,7,3,0,0),(5,'喜欢达人','','big/xihuandaren.gif','icon/xihuandaren.gif','努力发好帖，获得100个喜欢',2,1,'',6,100,0,0,0),(6,'优秀斑竹','','big/youxiubanzhu.gif','icon/youxiubanzhu.gif','兢兢业业的斑竹，为网站做出了不可磨灭的贡献',2,2,'4,5,3',0,0,0,0,0),(7,'社区劳模','','big/shequlaomo.gif','icon/shequlaomo.gif','劳动最光荣，连续7天发主题，连续3天不发帖则收回此勋章',2,1,'8,9,10,11,12,13,14,4,5,3,15,16',3,7,3,0,0),(8,'VIP会员','','big/viphuiyuan.gif','icon/viphuiyuan.gif','尊贵的身份象征，网站高级会员',2,2,'',0,0,0,0,0),(9,'原创写手','','big/yuanchuangxieshou.gif','icon/yuanchuangxieshou.gif','做人就要做自己，发表30个主题帖即可获得此勋章',2,1,'8,9,10,11,12,13,14,4,5,3,15,16',7,30,0,0,0),(10,'荣誉会员','','big/rongyuhuiyuan.gif','icon/rongyuhuiyuan.gif','为网站的发展做出卓越贡献的会员',2,2,'',0,0,0,0,0),(11,'追星一族','','big/zhuixingyizu.gif','icon/zhuixingyizu.gif','狂热的追星一族，关注100个用户即可获得',2,1,'',8,100,0,0,0);
/*!40000 ALTER TABLE `aim_medal_info` ENABLE KEYS */;
UNLOCK TABLES;

--
-- Table structure for table `aim_medal_log`
--

DROP TABLE IF EXISTS `aim_medal_log`;
/*!40101 SET @saved_cs_client     = @@character_set_client */;
/*!40101 SET character_set_client = utf8 */;
CREATE TABLE `aim_medal_log` (
  `log_id` int(10) unsigned NOT NULL AUTO_INCREMENT COMMENT '勋章记录ID',
  `uid` int(10) unsigned NOT NULL DEFAULT '0' COMMENT '用户ID',
  `medal_id` int(10) unsigned NOT NULL DEFAULT '0' COMMENT '勋章ID',
  `award_status` tinyint(3) unsigned NOT NULL DEFAULT '1' COMMENT '勋章状态：1,进行2，申请3，领取4,显示',
  `created_time` int(10) unsigned NOT NULL DEFAULT '0' COMMENT '创建时间',
  `expired_time` int(10) unsigned NOT NULL DEFAULT '0' COMMENT '过期时间',
  `log_order` tinyint(3) unsigned NOT NULL DEFAULT '0' COMMENT '用户勋章排序',
  PRIMARY KEY (`log_id`),
  UNIQUE KEY `idx_uid_medalid` (`uid`,`medal_id`),
  KEY `idx_expired_time` (`expired_time`),
  KEY `idx_log_order` (`log_order`),
  KEY `idx_awardstatus` (`award_status`)
) ENGINE=MyISAM DEFAULT CHARSET=utf8 COMMENT='勋章记录表';
/*!40101 SET character_set_client = @saved_cs_client */;

--
-- Dumping data for table `aim_medal_log`
--

LOCK TABLES `aim_medal_log` WRITE;
/*!40000 ALTER TABLE `aim_medal_log` DISABLE KEYS */;
/*!40000 ALTER TABLE `aim_medal_log` ENABLE KEYS */;
UNLOCK TABLES;

--
-- Table structure for table `aim_medal_user`
--

DROP TABLE IF EXISTS `aim_medal_user`;
/*!40101 SET @saved_cs_client     = @@character_set_client */;
/*!40101 SET character_set_client = utf8 */;
CREATE TABLE `aim_medal_user` (
  `uid` int(10) unsigned NOT NULL COMMENT '用户ID',
  `medals` varchar(255) NOT NULL DEFAULT '' COMMENT '拥有的勋章ID',
  `counts` int(10) unsigned NOT NULL DEFAULT '0' COMMENT '勋章总数',
  `expired_time` int(10) unsigned NOT NULL DEFAULT '0' COMMENT '最近的过期时间',
  PRIMARY KEY (`uid`),
  KEY `idx_counts` (`counts`)
) ENGINE=MyISAM DEFAULT CHARSET=utf8 COMMENT='勋章用户-统计表';
/*!40101 SET character_set_client = @saved_cs_client */;

--
-- Dumping data for table `aim_medal_user`
--

LOCK TABLES `aim_medal_user` WRITE;
/*!40000 ALTER TABLE `aim_medal_user` DISABLE KEYS */;
/*!40000 ALTER TABLE `aim_medal_user` ENABLE KEYS */;
UNLOCK TABLES;

--
-- Table structure for table `aim_message_config`
--

DROP TABLE IF EXISTS `aim_message_config`;
/*!40101 SET @saved_cs_client     = @@character_set_client */;
/*!40101 SET character_set_client = utf8 */;
CREATE TABLE `aim_message_config` (
  `uid` int(10) unsigned NOT NULL DEFAULT '0' COMMENT '用户uid',
  `privacy` tinyint(3) unsigned NOT NULL DEFAULT '0' COMMENT '关注人才能发私信',
  `notice_types` varchar(255) NOT NULL DEFAULT '' COMMENT '通知忽略类型',
  PRIMARY KEY (`uid`)
) ENGINE=MyISAM DEFAULT CHARSET=utf8 COMMENT='消息用户配置表';
/*!40101 SET character_set_client = @saved_cs_client */;

--
-- Dumping data for table `aim_message_config`
--

LOCK TABLES `aim_message_config` WRITE;
/*!40000 ALTER TABLE `aim_message_config` DISABLE KEYS */;
INSERT INTO `aim_message_config` VALUES (12,0,'a:3:{i:4;i:4;i:5;i:5;i:14;i:14;}');
/*!40000 ALTER TABLE `aim_message_config` ENABLE KEYS */;
UNLOCK TABLES;

--
-- Table structure for table `aim_message_notices`
--

DROP TABLE IF EXISTS `aim_message_notices`;
/*!40101 SET @saved_cs_client     = @@character_set_client */;
/*!40101 SET character_set_client = utf8 */;
CREATE TABLE `aim_message_notices` (
  `id` int(10) unsigned NOT NULL AUTO_INCREMENT COMMENT '通知id',
  `uid` int(10) unsigned NOT NULL DEFAULT '0' COMMENT '用户uid',
  `typeid` smallint(5) unsigned NOT NULL DEFAULT '0' COMMENT '类型id',
  `param` int(10) NOT NULL DEFAULT '0' COMMENT '应用类型id',
  `is_read` tinyint(3) unsigned NOT NULL DEFAULT '0' COMMENT '是否已读',
  `is_ignore` tinyint(3) unsigned NOT NULL DEFAULT '0' COMMENT '是否忽略',
  `title` varchar(255) NOT NULL DEFAULT '' COMMENT '标题',
  `extend_params` text COMMENT '扩展内容',
  `created_time` int(10) unsigned NOT NULL DEFAULT '0' COMMENT '创建时间',
  `modified_time` int(10) unsigned NOT NULL DEFAULT '0' COMMENT '修改时间',
  PRIMARY KEY (`id`),
  KEY `idx_uid_read_modifiedtime` (`uid`,`is_read`,`modified_time`)
) ENGINE=MyISAM AUTO_INCREMENT=105 DEFAULT CHARSET=utf8 COMMENT='通知表';
/*!40101 SET character_set_client = @saved_cs_client */;

--
-- Dumping data for table `aim_message_notices`
--

LOCK TABLES `aim_message_notices` WRITE;
/*!40000 ALTER TABLE `aim_message_notices` DISABLE KEYS */;
INSERT INTO `aim_message_notices` VALUES (32,11,2,0,1,0,'欢迎你注册成为Aimfive的会员','a:2:{s:7:\"content\";s:137:\"尊敬的筱筱太子妃，\n<br/>欢迎你注册成为Aimfive的会员！\n<br/>\n<br/>本站全体管理人员向您问好！\n<br/>Aimfive\";s:5:\"title\";s:37:\"欢迎你注册成为Aimfive的会员\";}',1372242928,1372242928),(33,11,6,0,1,0,'您发布了分享文章,积分变化【积分:+5 】',NULL,1372300539,1372300539),(34,1,10,84,1,0,'回复提醒','a:7:{s:11:\"replyUserid\";s:2:\"11\";s:13:\"replyUsername\";s:15:\"筱筱太子妃\";s:11:\"threadTitle\";s:30:\"罗斯特宠物长什么样？\";s:8:\"threadId\";s:2:\"84\";s:3:\"pid\";s:2:\"58\";s:12:\"threadUserid\";s:1:\"1\";s:9:\"replyUser\";a:1:{i:11;s:15:\"筱筱太子妃\";}}',1372302034,1372302079),(35,11,6,0,1,0,'您的回复被admin选为最佳答案,积分增加5点,能力增加1点.',NULL,1372302124,1372302124),(36,1,11,1,0,0,'关注提醒','a:1:{i:18;a:2:{s:3:\"uid\";s:2:\"18\";s:8:\"username\";s:15:\"天意旋风腿\";}}',1372302263,1377240260),(37,1,6,0,1,0,'您的回复被admin选为最佳答案,积分增加2点,能力增加1点.',NULL,1372309050,1372309050),(38,1,6,0,1,0,'您的回复被admin选为最佳答案,积分增加2点,能力增加1点.',NULL,1372309318,1372309318),(39,1,6,0,1,0,'您的回复被admin选为最佳答案,积分增加2点,能力增加1点.',NULL,1372309463,1372309463),(40,11,6,0,1,0,'您的回复被admin选为最佳答案,积分增加5点,能力增加1点.',NULL,1372309645,1372309645),(41,11,6,0,1,0,'您的回复被admin选为最佳答案,积分增加5点,能力增加1点.',NULL,1372309655,1372309655),(42,11,3,84,1,0,'','a:6:{s:14:\"manageUsername\";s:5:\"admin\";s:12:\"manageUserid\";s:1:\"1\";s:17:\"manageThreadTitle\";s:0:\"\";s:14:\"manageThreadId\";s:2:\"84\";s:16:\"manageTypeString\";s:12:\"取消屏蔽\";s:12:\"manageReason\";s:27:\"已关注，谢谢反馈！\";}',1372309939,1372309939),(43,1,6,0,1,0,'筱筱太子妃关注了您的帖子,标题为:dfgdvcxcvxcv',NULL,1372310206,1372310206),(44,1,6,0,1,0,'您发布了分享文章,积分变化【积分:+5 】',NULL,1372310495,1372310495),(45,12,2,0,1,0,'欢迎你注册成为Aimfive的会员','a:2:{s:7:\"content\";s:130:\"尊敬的xiao1437，\n<br/>欢迎你注册成为Aimfive的会员！\n<br/>\n<br/>本站全体管理人员向您问好！\n<br/>Aimfive\";s:5:\"title\";s:37:\"欢迎你注册成为Aimfive的会员\";}',1372310582,1372310582),(46,11,11,11,1,0,'关注提醒','a:1:{i:12;a:2:{s:3:\"uid\";s:2:\"12\";s:8:\"username\";s:8:\"xiao1437\";}}',1372310671,1372310678),(47,11,10,83,1,0,'回复提醒','a:7:{s:11:\"replyUserid\";s:2:\"12\";s:13:\"replyUsername\";s:8:\"xiao1437\";s:11:\"threadTitle\";s:24:\"dnf罗斯特宠物属性\";s:8:\"threadId\";s:2:\"83\";s:3:\"pid\";s:2:\"61\";s:12:\"threadUserid\";s:2:\"11\";s:9:\"replyUser\";a:1:{i:12;s:8:\"xiao1437\";}}',1372310965,1372310965),(48,12,10,87,1,0,'回复提醒','a:7:{s:11:\"replyUserid\";s:2:\"11\";s:13:\"replyUsername\";s:15:\"筱筱太子妃\";s:11:\"threadTitle\";s:21:\"有别的宠物吗？\";s:8:\"threadId\";s:2:\"87\";s:3:\"pid\";s:2:\"62\";s:12:\"threadUserid\";s:2:\"12\";s:9:\"replyUser\";a:1:{i:11;s:15:\"筱筱太子妃\";}}',1372316448,1372316448),(49,11,1,12,1,0,'sss','a:4:{s:8:\"from_uid\";s:2:\"12\";s:6:\"to_uid\";i:11;s:7:\"content\";s:3:\"sss\";s:13:\"from_username\";s:8:\"xiao1437\";}',1372316908,1372396695),(52,12,15,61,1,0,'楼层回复','a:7:{s:11:\"replyUserid\";s:2:\"11\";s:13:\"replyUsername\";s:15:\"筱筱太子妃\";s:9:\"postTitle\";s:9:\"赞一个\";s:8:\"threadId\";s:2:\"83\";s:3:\"pid\";s:2:\"63\";s:10:\"postUserid\";s:2:\"12\";s:9:\"replyUser\";a:1:{i:11;s:15:\"筱筱太子妃\";}}',1372321445,1372321445),(51,1,6,0,1,0,'xiao1437关注了您的帖子,标题为:罗斯特宠物',NULL,1372318653,1372318653),(53,1,1,11,1,0,'啊啊啊','a:5:{s:8:\"from_uid\";i:11;s:6:\"to_uid\";s:1:\"1\";s:7:\"content\";s:9:\"啊啊啊\";s:7:\"is_send\";i:1;s:13:\"from_username\";s:15:\"筱筱太子妃\";}',1372386407,1372386407),(54,11,1,1,1,0,'啊啊啊','a:4:{s:8:\"from_uid\";s:1:\"1\";s:6:\"to_uid\";i:11;s:7:\"content\";s:9:\"啊啊啊\";s:13:\"from_username\";s:5:\"admin\";}',1372386407,1372386407),(55,12,1,1,1,0,'该行积极沟通','a:4:{s:8:\"from_uid\";s:1:\"1\";s:6:\"to_uid\";i:12;s:7:\"content\";s:18:\"该行积极沟通\";s:13:\"from_username\";s:5:\"admin\";}',1372396695,1372399357),(56,1,1,12,1,0,'该行积极沟通','a:5:{s:8:\"from_uid\";i:12;s:6:\"to_uid\";s:1:\"1\";s:7:\"content\";s:18:\"该行积极沟通\";s:7:\"is_send\";i:1;s:13:\"from_username\";s:8:\"xiao1437\";}',1372396695,1372399357),(57,12,1,11,1,0,'sss','a:5:{s:8:\"from_uid\";i:11;s:6:\"to_uid\";s:2:\"12\";s:7:\"content\";s:3:\"sss\";s:7:\"is_send\";i:1;s:13:\"from_username\";s:15:\"筱筱太子妃\";}',1372396695,1372396695),(58,12,10,88,1,0,'回复提醒','a:7:{s:11:\"replyUserid\";s:1:\"1\";s:13:\"replyUsername\";s:5:\"admin\";s:11:\"threadTitle\";s:30:\"宠物一天吃几个粮食？\";s:8:\"threadId\";s:2:\"88\";s:3:\"pid\";s:2:\"69\";s:12:\"threadUserid\";s:2:\"12\";s:9:\"replyUser\";a:1:{i:1;s:5:\"admin\";}}',1372397850,1372409668),(59,11,15,66,1,0,'楼层回复','a:7:{s:11:\"replyUserid\";s:2:\"12\";s:13:\"replyUsername\";s:8:\"xiao1437\";s:9:\"postTitle\";s:83:\"一个粮食可以三天不会死，3块钱的300个粮食，够用3个月，望...\";s:8:\"threadId\";s:2:\"88\";s:3:\"pid\";s:2:\"68\";s:10:\"postUserid\";s:2:\"11\";s:9:\"replyUser\";a:1:{i:12;s:8:\"xiao1437\";}}',1372398003,1372400633),(73,12,10,90,1,0,'回复提醒','a:7:{s:11:\"replyUserid\";s:2:\"13\";s:13:\"replyUsername\";s:7:\"qweqwe2\";s:11:\"threadTitle\";s:36:\"制作罗斯特的宠物都哪些？\";s:8:\"threadId\";s:2:\"90\";s:3:\"pid\";s:2:\"74\";s:12:\"threadUserid\";s:2:\"12\";s:9:\"replyUser\";a:1:{i:13;s:7:\"qweqwe2\";}}',1372409966,1372413680),(60,12,6,0,1,0,'admin关注了您的帖子,标题为:宠物一天吃几个粮食？',NULL,1372398145,1372398145),(61,12,11,12,1,0,'关注提醒','a:1:{i:13;a:2:{s:3:\"uid\";s:2:\"13\";s:8:\"username\";s:7:\"qweqwe2\";}}',1372399369,1372413763),(62,11,2,0,1,0,'您举报的内容已被 <a href=\"http://121.199.53.162/index.php?m=space&username=admin\">admin</a> 处理，感谢您能一起协助我们管理站点。','a:2:{s:7:\"content\";s:154:\"您举报的内容已被 <a href=\"http://121.199.53.162/index.php?m=space&username=admin\">admin</a> 处理，感谢您能一起协助我们管理站点。\";s:5:\"title\";s:154:\"您举报的内容已被 <a href=\"http://121.199.53.162/index.php?m=space&username=admin\">admin</a> 处理，感谢您能一起协助我们管理站点。\";}',1372399805,1372399805),(63,11,2,0,1,0,'您举报的内容已被 <a href=\"http://121.199.53.162/index.php?m=space&username=admin\">admin</a> 处理，感谢您能一起协助我们管理站点。','a:2:{s:7:\"content\";s:154:\"您举报的内容已被 <a href=\"http://121.199.53.162/index.php?m=space&username=admin\">admin</a> 处理，感谢您能一起协助我们管理站点。\";s:5:\"title\";s:154:\"您举报的内容已被 <a href=\"http://121.199.53.162/index.php?m=space&username=admin\">admin</a> 处理，感谢您能一起协助我们管理站点。\";}',1372399805,1372399805),(64,11,2,0,1,0,'您举报的内容已被 <a href=\"http://121.199.53.162/index.php?m=space&username=admin\">admin</a> 处理，感谢您能一起协助我们管理站点。','a:2:{s:7:\"content\";s:154:\"您举报的内容已被 <a href=\"http://121.199.53.162/index.php?m=space&username=admin\">admin</a> 处理，感谢您能一起协助我们管理站点。\";s:5:\"title\";s:154:\"您举报的内容已被 <a href=\"http://121.199.53.162/index.php?m=space&username=admin\">admin</a> 处理，感谢您能一起协助我们管理站点。\";}',1372399805,1372399805),(65,11,2,0,1,0,'您举报的内容已被 <a href=\"http://121.199.53.162/index.php?m=space&username=admin\">admin</a> 处理，感谢您能一起协助我们管理站点。','a:2:{s:7:\"content\";s:154:\"您举报的内容已被 <a href=\"http://121.199.53.162/index.php?m=space&username=admin\">admin</a> 处理，感谢您能一起协助我们管理站点。\";s:5:\"title\";s:154:\"您举报的内容已被 <a href=\"http://121.199.53.162/index.php?m=space&username=admin\">admin</a> 处理，感谢您能一起协助我们管理站点。\";}',1372399805,1372399805),(66,11,2,0,1,0,'您举报的内容已被 <a href=\"http://121.199.53.162/index.php?m=space&username=admin\">admin</a> 处理，感谢您能一起协助我们管理站点。','a:2:{s:7:\"content\";s:154:\"您举报的内容已被 <a href=\"http://121.199.53.162/index.php?m=space&username=admin\">admin</a> 处理，感谢您能一起协助我们管理站点。\";s:5:\"title\";s:154:\"您举报的内容已被 <a href=\"http://121.199.53.162/index.php?m=space&username=admin\">admin</a> 处理，感谢您能一起协助我们管理站点。\";}',1372399805,1372399805),(67,11,2,0,1,0,'您举报的内容已被 <a href=\"http://121.199.53.162/index.php?m=space&username=admin\">admin</a> 处理，感谢您能一起协助我们管理站点。','a:2:{s:7:\"content\";s:154:\"您举报的内容已被 <a href=\"http://121.199.53.162/index.php?m=space&username=admin\">admin</a> 处理，感谢您能一起协助我们管理站点。\";s:5:\"title\";s:154:\"您举报的内容已被 <a href=\"http://121.199.53.162/index.php?m=space&username=admin\">admin</a> 处理，感谢您能一起协助我们管理站点。\";}',1372399805,1372399805),(68,11,2,0,1,0,'您举报的内容已被 <a href=\"http://121.199.53.162/index.php?m=space&username=admin\">admin</a> 处理，感谢您能一起协助我们管理站点。','a:2:{s:7:\"content\";s:154:\"您举报的内容已被 <a href=\"http://121.199.53.162/index.php?m=space&username=admin\">admin</a> 处理，感谢您能一起协助我们管理站点。\";s:5:\"title\";s:154:\"您举报的内容已被 <a href=\"http://121.199.53.162/index.php?m=space&username=admin\">admin</a> 处理，感谢您能一起协助我们管理站点。\";}',1372399805,1372399805),(69,11,6,0,1,0,'您的回复被xiao1437选为最佳答案,积分增加10点,能力增加1点.',NULL,1372399993,1372399993),(70,12,6,0,1,0,'筱筱太子妃关注了您的帖子,标题为:宠物一天吃几个粮食？',NULL,1372400924,1372400924),(71,11,6,0,1,0,'您发布了分享文章,积分变化【积分:+5 】',NULL,1372401302,1372401302),(72,12,15,65,1,0,'楼层回复','a:7:{s:11:\"replyUserid\";s:1:\"1\";s:13:\"replyUsername\";s:5:\"admin\";s:9:\"postTitle\";s:21:\"谁能给我说下？\";s:8:\"threadId\";s:2:\"88\";s:3:\"pid\";s:2:\"69\";s:10:\"postUserid\";s:2:\"12\";s:9:\"replyUser\";a:1:{i:1;s:5:\"admin\";}}',1372409668,1372409668),(74,13,2,0,1,0,'欢迎你注册成为Aimfive的会员','a:2:{s:7:\"content\";s:129:\"尊敬的qweqwe2，\n<br/>欢迎你注册成为Aimfive的会员！\n<br/>\n<br/>本站全体管理人员向您问好！\n<br/>Aimfive\";s:5:\"title\";s:37:\"欢迎你注册成为Aimfive的会员\";}',1372413346,1372413346),(75,13,6,0,1,0,'您发布了分享文章,积分变化【积分:+5 】',NULL,1372413465,1372413465),(76,12,6,0,1,0,'qweqwe2关注了您的帖子,标题为:制作罗斯特的宠物都哪些？',NULL,1372413528,1372413528),(77,12,6,0,1,0,'qweqwe2关注了您的帖子,标题为:宠物一天吃几个粮食？',NULL,1372413532,1372413532),(78,13,6,0,1,0,'您的回复被qweqwe2选为最佳答案,积分增加100点,能力增加1点.',NULL,1372413606,1372413606),(79,13,11,13,1,0,'关注提醒','a:1:{i:12;a:2:{s:3:\"uid\";s:2:\"12\";s:8:\"username\";s:8:\"xiao1437\";}}',1372413984,1372413984),(80,1,10,98,1,0,'回复提醒','a:7:{s:11:\"replyUserid\";s:2:\"11\";s:13:\"replyUsername\";s:15:\"筱筱太子妃\";s:11:\"threadTitle\";s:55:\"3.3V的CPLD emp570和5V的51单片机可以直接通...\";s:8:\"threadId\";s:2:\"98\";s:3:\"pid\";s:2:\"90\";s:12:\"threadUserid\";s:1:\"1\";s:9:\"replyUser\";a:1:{i:11;s:15:\"筱筱太子妃\";}}',1372746376,1372751817),(81,11,15,75,1,0,'楼层回复','a:7:{s:11:\"replyUserid\";s:1:\"1\";s:13:\"replyUsername\";s:5:\"admin\";s:9:\"postTitle\";s:58:\"如果是开漏的IO，可以直接接口。用5V的上拉\";s:8:\"threadId\";s:2:\"98\";s:3:\"pid\";s:2:\"76\";s:10:\"postUserid\";s:2:\"11\";s:9:\"replyUser\";a:1:{i:1;s:5:\"admin\";}}',1372746423,1372746423),(82,1,10,99,0,0,'回复提醒','a:7:{s:11:\"replyUserid\";s:2:\"18\";s:13:\"replyUsername\";s:15:\"天意旋风腿\";s:11:\"threadTitle\";s:49:\"altium designer 10 能把PCB图转化正原理...\";s:8:\"threadId\";s:2:\"99\";s:3:\"pid\";s:3:\"101\";s:12:\"threadUserid\";s:1:\"1\";s:9:\"replyUser\";a:1:{i:18;s:15:\"天意旋风腿\";}}',1372746945,1379316356),(83,11,10,100,0,0,'回复提醒','a:7:{s:11:\"replyUserid\";s:1:\"1\";s:13:\"replyUsername\";s:5:\"admin\";s:11:\"threadTitle\";s:61:\"2450板子跑400M没有问题，跑533M播放CMMB电视会...\";s:8:\"threadId\";s:3:\"100\";s:3:\"pid\";s:2:\"87\";s:12:\"threadUserid\";s:2:\"11\";s:9:\"replyUser\";a:1:{i:1;s:5:\"admin\";}}',1372750631,1372751733),(84,1,15,81,1,0,'楼层回复','a:7:{s:11:\"replyUserid\";s:2:\"11\";s:13:\"replyUsername\";s:15:\"筱筱太子妃\";s:9:\"postTitle\";s:65:\"三星的只用过2410、2440、2443，更高的只调研过64...\";s:8:\"threadId\";s:3:\"100\";s:3:\"pid\";s:2:\"82\";s:10:\"postUserid\";s:1:\"1\";s:9:\"replyUser\";a:1:{i:11;s:15:\"筱筱太子妃\";}}',1372750702,1372750702),(85,1,6,0,1,0,'您的回复被筱筱太子妃选为最佳答案,积分增加20点,能力增加1点.',NULL,1372750877,1372750877),(86,12,10,101,1,0,'回复提醒','a:7:{s:11:\"replyUserid\";s:2:\"11\";s:13:\"replyUsername\";s:15:\"筱筱太子妃\";s:11:\"threadTitle\";s:29:\"ARM9200 低温工作不正常\";s:8:\"threadId\";s:3:\"101\";s:3:\"pid\";s:2:\"85\";s:12:\"threadUserid\";s:2:\"12\";s:9:\"replyUser\";a:1:{i:11;s:15:\"筱筱太子妃\";}}',1372751038,1372751038),(102,19,2,0,0,0,'欢迎你注册成为Aimfive的会员','a:2:{s:7:\"content\";s:128:\"尊敬的goubao，\n<br/>欢迎你注册成为Aimfive的会员！\n<br/>\n<br/>本站全体管理人员向您问好！\n<br/>Aimfive\";s:5:\"title\";s:37:\"欢迎你注册成为Aimfive的会员\";}',1380345263,1380345263),(87,1,6,0,1,0,'您的回复被admin选为最佳答案,积分增加2点,能力增加1点.',NULL,1372756961,1372756961),(88,11,6,0,0,0,'您的回复被admin选为最佳答案,积分增加10点,能力增加1点.',NULL,1372757898,1372757898),(89,11,6,0,0,0,'您的回复被xiao1437选为最佳答案,积分增加2点,能力增加1点.',NULL,1372757905,1372757905),(90,14,2,0,1,0,'欢迎你注册成为Aimfive的会员','a:2:{s:7:\"content\";s:126:\"尊敬的test，\n<br/>欢迎你注册成为Aimfive的会员！\n<br/>\n<br/>本站全体管理人员向您问好！\n<br/>Aimfive\";s:5:\"title\";s:37:\"欢迎你注册成为Aimfive的会员\";}',1373240384,1373240384),(91,15,2,0,1,0,'欢迎你注册成为Aimfive的会员','a:2:{s:7:\"content\";s:126:\"尊敬的temp，\n<br/>欢迎你注册成为Aimfive的会员！\n<br/>\n<br/>本站全体管理人员向您问好！\n<br/>Aimfive\";s:5:\"title\";s:37:\"欢迎你注册成为Aimfive的会员\";}',1373261761,1373261761),(92,1,10,108,1,0,'回复提醒','a:7:{s:11:\"replyUserid\";s:2:\"14\";s:13:\"replyUsername\";s:4:\"test\";s:11:\"threadTitle\";s:39:\"用过SIL9135,9134芯片的进来帮帮\";s:8:\"threadId\";s:3:\"108\";s:3:\"pid\";s:2:\"95\";s:12:\"threadUserid\";s:1:\"1\";s:9:\"replyUser\";a:1:{i:14;s:4:\"test\";}}',1373285870,1373285907),(93,16,2,0,1,0,'欢迎你注册成为Aimfive的会员','a:2:{s:7:\"content\";s:130:\"尊敬的username，\n<br/>欢迎你注册成为Aimfive的会员！\n<br/>\n<br/>本站全体管理人员向您问好！\n<br/>Aimfive\";s:5:\"title\";s:37:\"欢迎你注册成为Aimfive的会员\";}',1374550047,1374550047),(94,17,2,0,1,0,'欢迎你注册成为Aimfive的会员','a:2:{s:7:\"content\";s:132:\"尊敬的jianfeihit，\n<br/>欢迎你注册成为Aimfive的会员！\n<br/>\n<br/>本站全体管理人员向您问好！\n<br/>Aimfive\";s:5:\"title\";s:37:\"欢迎你注册成为Aimfive的会员\";}',1376981184,1376981184),(95,18,2,0,1,0,'欢迎你注册成为Aimfive的会员','a:2:{s:7:\"content\";s:137:\"尊敬的天意旋风腿，\n<br/>欢迎你注册成为Aimfive的会员！\n<br/>\n<br/>本站全体管理人员向您问好！\n<br/>Aimfive\";s:5:\"title\";s:37:\"欢迎你注册成为Aimfive的会员\";}',1376981353,1376981353),(96,1,10,107,0,0,'回复提醒','a:7:{s:11:\"replyUserid\";s:2:\"18\";s:13:\"replyUsername\";s:15:\"天意旋风腿\";s:11:\"threadTitle\";s:52:\"protues里边关于LM044L这个LCD显示器的问题\";s:8:\"threadId\";s:3:\"107\";s:3:\"pid\";s:2:\"97\";s:12:\"threadUserid\";s:1:\"1\";s:9:\"replyUser\";a:1:{i:18;s:15:\"天意旋风腿\";}}',1377144785,1379316275),(97,1,6,0,0,0,'天意旋风腿关注了您的帖子,标题为:protues里边关于LM044L这个LCD显示器的问题',NULL,1377144793,1377144793),(98,18,1,1,1,0,'test','a:5:{s:8:\"from_uid\";i:1;s:6:\"to_uid\";s:2:\"18\";s:7:\"content\";s:4:\"test\";s:7:\"is_send\";i:1;s:13:\"from_username\";s:5:\"admin\";}',1377144809,1377144809),(99,1,1,18,0,0,'test','a:4:{s:8:\"from_uid\";s:2:\"18\";s:6:\"to_uid\";i:1;s:7:\"content\";s:4:\"test\";s:13:\"from_username\";s:15:\"天意旋风腿\";}',1377144809,1377144809),(100,18,6,0,1,0,'您发布了分享文章,积分变化【积分:+5 】',NULL,1379315363,1379315363),(101,1,6,0,0,0,'天意旋风腿关注了您的帖子,标题为:求教 CY7C68013A 固件程序下载问题',NULL,1379316143,1379316143),(103,20,2,0,0,0,'欢迎你注册成为Aimfive的会员','a:2:{s:7:\"content\";s:132:\"尊敬的goubao.163，\n<br/>欢迎你注册成为Aimfive的会员！\n<br/>\n<br/>本站全体管理人员向您问好！\n<br/>Aimfive\";s:5:\"title\";s:37:\"欢迎你注册成为Aimfive的会员\";}',1380345748,1380345748),(104,21,2,0,1,0,'欢迎你注册成为Aimfive的会员','a:2:{s:7:\"content\";s:129:\"尊敬的saharra，\n<br/>欢迎你注册成为Aimfive的会员！\n<br/>\n<br/>本站全体管理人员向您问好！\n<br/>Aimfive\";s:5:\"title\";s:37:\"欢迎你注册成为Aimfive的会员\";}',1381059202,1381059202);
/*!40000 ALTER TABLE `aim_message_notices` ENABLE KEYS */;
UNLOCK TABLES;

--
-- Table structure for table `aim_online_guest`
--

DROP TABLE IF EXISTS `aim_online_guest`;
/*!40101 SET @saved_cs_client     = @@character_set_client */;
/*!40101 SET character_set_client = utf8 */;
CREATE TABLE `aim_online_guest` (
  `ip` int(10) unsigned NOT NULL DEFAULT '0' COMMENT '用户IP',
  `created_time` int(10) unsigned NOT NULL DEFAULT '0' COMMENT '创建时间',
  `modify_time` int(10) unsigned NOT NULL DEFAULT '0' COMMENT '更新时间',
  `fid` int(10) unsigned NOT NULL DEFAULT '0' COMMENT '版块ID',
  `tid` int(10) unsigned NOT NULL DEFAULT '0' COMMENT '贴子ID',
  `request` char(50) NOT NULL DEFAULT '' COMMENT '当前请求信息',
  PRIMARY KEY (`ip`,`created_time`),
  KEY `idx_fid` (`fid`)
) ENGINE=MyISAM DEFAULT CHARSET=utf8 COMMENT='在线-游客表';
/*!40101 SET character_set_client = @saved_cs_client */;

--
-- Dumping data for table `aim_online_guest`
--

LOCK TABLES `aim_online_guest` WRITE;
/*!40000 ALTER TABLE `aim_online_guest` DISABLE KEYS */;
INSERT INTO `aim_online_guest` VALUES (1,1381059136,1381059175,0,0,'u/register/run'),(1,1381059202,1381059220,0,0,'u/register/activeEmail');
/*!40000 ALTER TABLE `aim_online_guest` ENABLE KEYS */;
UNLOCK TABLES;

--
-- Table structure for table `aim_online_statistics`
--

DROP TABLE IF EXISTS `aim_online_statistics`;
/*!40101 SET @saved_cs_client     = @@character_set_client */;
/*!40101 SET character_set_client = utf8 */;
CREATE TABLE `aim_online_statistics` (
  `signkey` char(20) NOT NULL DEFAULT '' COMMENT '统计标识',
  `number` int(10) unsigned NOT NULL DEFAULT '0' COMMENT '统计数量',
  `created_time` int(10) unsigned NOT NULL DEFAULT '0' COMMENT '创建时间',
  PRIMARY KEY (`signkey`)
) ENGINE=MyISAM DEFAULT CHARSET=utf8 COMMENT='在线-数据统计表';
/*!40101 SET character_set_client = @saved_cs_client */;

--
-- Dumping data for table `aim_online_statistics`
--

LOCK TABLES `aim_online_statistics` WRITE;
/*!40000 ALTER TABLE `aim_online_statistics` DISABLE KEYS */;
INSERT INTO `aim_online_statistics` VALUES ('site_user',1,0),('max_user',2,1372067283);
/*!40000 ALTER TABLE `aim_online_statistics` ENABLE KEYS */;
UNLOCK TABLES;

--
-- Table structure for table `aim_online_user`
--

DROP TABLE IF EXISTS `aim_online_user`;
/*!40101 SET @saved_cs_client     = @@character_set_client */;
/*!40101 SET character_set_client = utf8 */;
CREATE TABLE `aim_online_user` (
  `uid` int(10) unsigned NOT NULL DEFAULT '0' COMMENT '用户ID',
  `username` char(15) NOT NULL DEFAULT '' COMMENT '用户名',
  `modify_time` int(10) unsigned NOT NULL DEFAULT '0' COMMENT '更新时间',
  `created_time` int(10) unsigned NOT NULL DEFAULT '0' COMMENT '创建时间',
  `gid` int(10) unsigned NOT NULL DEFAULT '0' COMMENT '用户组',
  `fid` int(10) unsigned NOT NULL DEFAULT '0' COMMENT '版块ID',
  `tid` int(10) unsigned NOT NULL DEFAULT '0' COMMENT '贴子ID',
  `request` char(50) NOT NULL DEFAULT '' COMMENT '当前请求信息',
  PRIMARY KEY (`uid`),
  KEY `idx_fid` (`fid`)
) ENGINE=MyISAM DEFAULT CHARSET=utf8 COMMENT='在线-用户表';
/*!40101 SET character_set_client = @saved_cs_client */;

--
-- Dumping data for table `aim_online_user`
--

LOCK TABLES `aim_online_user` WRITE;
/*!40000 ALTER TABLE `aim_online_user` DISABLE KEYS */;
INSERT INTO `aim_online_user` VALUES (18,'天意旋风腿',1381237421,1381237373,10,0,0,'bbs/post/doreply'),(21,'saharra',1381059341,1381059340,10,0,0,'bbs/forum/track');
/*!40000 ALTER TABLE `aim_online_user` ENABLE KEYS */;
UNLOCK TABLES;

--
-- Table structure for table `aim_pay_order`
--

DROP TABLE IF EXISTS `aim_pay_order`;
/*!40101 SET @saved_cs_client     = @@character_set_client */;
/*!40101 SET character_set_client = utf8 */;
CREATE TABLE `aim_pay_order` (
  `id` int(10) unsigned NOT NULL AUTO_INCREMENT,
  `order_no` char(30) NOT NULL DEFAULT '',
  `price` decimal(8,2) NOT NULL DEFAULT '0.00',
  `number` smallint(5) unsigned NOT NULL DEFAULT '0',
  `state` tinyint(1) unsigned NOT NULL DEFAULT '0',
  `payemail` varchar(60) NOT NULL DEFAULT '',
  `paymethod` tinyint(3) unsigned NOT NULL DEFAULT '0',
  `paytype` tinyint(3) unsigned NOT NULL DEFAULT '0',
  `buy` int(10) unsigned NOT NULL DEFAULT '0',
  `created_userid` int(10) unsigned NOT NULL DEFAULT '0',
  `created_time` int(10) unsigned NOT NULL DEFAULT '0',
  `extra_1` int(10) unsigned NOT NULL DEFAULT '0',
  `extra_2` varchar(255) NOT NULL DEFAULT '',
  PRIMARY KEY (`id`),
  KEY `idx_orderno` (`order_no`),
  KEY `idx_createduserid` (`created_userid`)
) ENGINE=MyISAM DEFAULT CHARSET=utf8 COMMENT='支付订单表';
/*!40101 SET character_set_client = @saved_cs_client */;

--
-- Dumping data for table `aim_pay_order`
--

LOCK TABLES `aim_pay_order` WRITE;
/*!40000 ALTER TABLE `aim_pay_order` DISABLE KEYS */;
/*!40000 ALTER TABLE `aim_pay_order` ENABLE KEYS */;
UNLOCK TABLES;

--
-- Table structure for table `aim_recycle_reply`
--

DROP TABLE IF EXISTS `aim_recycle_reply`;
/*!40101 SET @saved_cs_client     = @@character_set_client */;
/*!40101 SET character_set_client = utf8 */;
CREATE TABLE `aim_recycle_reply` (
  `pid` int(10) unsigned NOT NULL DEFAULT '0',
  `tid` int(10) unsigned NOT NULL DEFAULT '0',
  `fid` int(10) unsigned NOT NULL DEFAULT '0',
  `operate_time` int(10) unsigned NOT NULL DEFAULT '0',
  `operate_username` varchar(15) NOT NULL,
  `reason` text,
  PRIMARY KEY (`pid`)
) ENGINE=MyISAM DEFAULT CHARSET=utf8 COMMENT='回复回收站';
/*!40101 SET character_set_client = @saved_cs_client */;

--
-- Dumping data for table `aim_recycle_reply`
--

LOCK TABLES `aim_recycle_reply` WRITE;
/*!40000 ALTER TABLE `aim_recycle_reply` DISABLE KEYS */;
/*!40000 ALTER TABLE `aim_recycle_reply` ENABLE KEYS */;
UNLOCK TABLES;

--
-- Table structure for table `aim_recycle_topic`
--

DROP TABLE IF EXISTS `aim_recycle_topic`;
/*!40101 SET @saved_cs_client     = @@character_set_client */;
/*!40101 SET character_set_client = utf8 */;
CREATE TABLE `aim_recycle_topic` (
  `tid` int(10) unsigned NOT NULL DEFAULT '0',
  `fid` smallint(5) unsigned NOT NULL DEFAULT '0',
  `operate_time` int(10) unsigned NOT NULL DEFAULT '0',
  `operate_username` varchar(15) NOT NULL,
  `reason` text,
  PRIMARY KEY (`tid`)
) ENGINE=MyISAM DEFAULT CHARSET=utf8 COMMENT='主题回收站';
/*!40101 SET character_set_client = @saved_cs_client */;

--
-- Dumping data for table `aim_recycle_topic`
--

LOCK TABLES `aim_recycle_topic` WRITE;
/*!40000 ALTER TABLE `aim_recycle_topic` DISABLE KEYS */;
INSERT INTO `aim_recycle_topic` VALUES (115,2,1375438135,'admin',''),(114,2,1375438135,'admin',''),(113,2,1375438135,'admin',''),(112,2,1375438135,'admin',''),(111,2,1375438135,'admin',''),(110,2,1375438135,'admin',''),(108,2,1375438135,'admin',''),(109,2,1375438135,'admin','');
/*!40000 ALTER TABLE `aim_recycle_topic` ENABLE KEYS */;
UNLOCK TABLES;

--
-- Table structure for table `aim_remind`
--

DROP TABLE IF EXISTS `aim_remind`;
/*!40101 SET @saved_cs_client     = @@character_set_client */;
/*!40101 SET character_set_client = utf8 */;
CREATE TABLE `aim_remind` (
  `uid` int(10) unsigned NOT NULL DEFAULT '0' COMMENT '用户uid',
  `touid` varchar(255) NOT NULL DEFAULT '' COMMENT '最近提醒人',
  PRIMARY KEY (`uid`)
) ENGINE=MyISAM DEFAULT CHARSET=utf8 COMMENT='@最近提醒表';
/*!40101 SET character_set_client = @saved_cs_client */;

--
-- Dumping data for table `aim_remind`
--

LOCK TABLES `aim_remind` WRITE;
/*!40000 ALTER TABLE `aim_remind` DISABLE KEYS */;
/*!40000 ALTER TABLE `aim_remind` ENABLE KEYS */;
UNLOCK TABLES;

--
-- Table structure for table `aim_report`
--

DROP TABLE IF EXISTS `aim_report`;
/*!40101 SET @saved_cs_client     = @@character_set_client */;
/*!40101 SET character_set_client = utf8 */;
CREATE TABLE `aim_report` (
  `id` int(10) unsigned NOT NULL AUTO_INCREMENT COMMENT '举报id',
  `type` smallint(5) unsigned NOT NULL DEFAULT '0' COMMENT '举报类型',
  `type_id` int(10) NOT NULL DEFAULT '0' COMMENT '举报应用id',
  `content` varchar(100) NOT NULL DEFAULT '' COMMENT '内容',
  `content_url` varchar(255) NOT NULL DEFAULT '' COMMENT '内容链接',
  `author_userid` int(10) unsigned NOT NULL DEFAULT '0' COMMENT '作者',
  `created_userid` int(10) unsigned NOT NULL DEFAULT '0' COMMENT '举报人',
  `created_time` int(10) unsigned NOT NULL DEFAULT '0' COMMENT '举报时间',
  `reason` varchar(255) NOT NULL DEFAULT '' COMMENT '原因',
  `ifcheck` tinyint(3) unsigned NOT NULL DEFAULT '0' COMMENT '是否审核',
  `operate_userid` int(10) unsigned NOT NULL DEFAULT '0' COMMENT '举报处理人',
  `operate_time` int(10) unsigned NOT NULL DEFAULT '0' COMMENT '举报处理时间',
  PRIMARY KEY (`id`)
) ENGINE=MyISAM AUTO_INCREMENT=8 DEFAULT CHARSET=utf8 COMMENT='举报表';
/*!40101 SET character_set_client = @saved_cs_client */;

--
-- Dumping data for table `aim_report`
--

LOCK TABLES `aim_report` WRITE;
/*!40000 ALTER TABLE `aim_report` DISABLE KEYS */;
INSERT INTO `aim_report` VALUES (1,2,66,'一个粮食可以三天不会死，3块钱的300个...','http://121.199.53.162/read.php?tid=88&fid=2#66',11,11,1372399769,'他发的正确答案，我不喜欢，我要我的答案才是挣正确的。',1,1,1372399805),(2,2,66,'一个粮食可以三天不会死，3块钱的300个...','http://121.199.53.162/read.php?tid=88&fid=2#66',11,11,1372399770,'他发的正确答案，我不喜欢，我要我的答案才是挣正确的。',1,1,1372399805),(3,2,66,'一个粮食可以三天不会死，3块钱的300个...','http://121.199.53.162/read.php?tid=88&fid=2#66',11,11,1372399771,'他发的正确答案，我不喜欢，我要我的答案才是挣正确的。',1,1,1372399805),(4,2,66,'一个粮食可以三天不会死，3块钱的300个...','http://121.199.53.162/read.php?tid=88&fid=2#66',11,11,1372399772,'他发的正确答案，我不喜欢，我要我的答案才是挣正确的。',1,1,1372399805),(5,2,66,'一个粮食可以三天不会死，3块钱的300个...','http://121.199.53.162/read.php?tid=88&fid=2#66',11,11,1372399772,'他发的正确答案，我不喜欢，我要我的答案才是挣正确的。',1,1,1372399805),(6,2,66,'一个粮食可以三天不会死，3块钱的300个...','http://121.199.53.162/read.php?tid=88&fid=2#66',11,11,1372399772,'他发的正确答案，我不喜欢，我要我的答案才是挣正确的。',1,1,1372399805),(7,2,66,'一个粮食可以三天不会死，3块钱的300个...','http://121.199.53.162/read.php?tid=88&fid=2#66',11,11,1372399773,'他发的正确答案，我不喜欢，我要我的答案才是挣正确的。',1,1,1372399805);
/*!40000 ALTER TABLE `aim_report` ENABLE KEYS */;
UNLOCK TABLES;

--
-- Table structure for table `aim_seo`
--

DROP TABLE IF EXISTS `aim_seo`;
/*!40101 SET @saved_cs_client     = @@character_set_client */;
/*!40101 SET character_set_client = utf8 */;
CREATE TABLE `aim_seo` (
  `mod` varchar(15) NOT NULL DEFAULT '' COMMENT '模块名',
  `page` varchar(20) NOT NULL DEFAULT '' COMMENT '页面名',
  `param` varchar(20) NOT NULL DEFAULT '' COMMENT '参数名',
  `title` varchar(255) NOT NULL DEFAULT '' COMMENT '名称',
  `keywords` varchar(255) NOT NULL DEFAULT '' COMMENT '关键词',
  `description` varchar(255) NOT NULL DEFAULT '' COMMENT '描述',
  PRIMARY KEY (`mod`,`page`,`param`)
) ENGINE=MyISAM DEFAULT CHARSET=utf8 COMMENT='seo';
/*!40101 SET character_set_client = @saved_cs_client */;

--
-- Dumping data for table `aim_seo`
--

LOCK TABLES `aim_seo` WRITE;
/*!40000 ALTER TABLE `aim_seo` DISABLE KEYS */;
INSERT INTO `aim_seo` VALUES ('bbs','thread','1','','',''),('bbs','thread','2','','','');
/*!40000 ALTER TABLE `aim_seo` ENABLE KEYS */;
UNLOCK TABLES;

--
-- Table structure for table `aim_space`
--

DROP TABLE IF EXISTS `aim_space`;
/*!40101 SET @saved_cs_client     = @@character_set_client */;
/*!40101 SET character_set_client = utf8 */;
CREATE TABLE `aim_space` (
  `uid` int(10) unsigned NOT NULL DEFAULT '0' COMMENT '用户ID',
  `space_name` varchar(50) NOT NULL DEFAULT '' COMMENT '空间名称',
  `space_descrip` varchar(255) NOT NULL DEFAULT '' COMMENT '空间描述',
  `space_domain` varchar(20) NOT NULL DEFAULT '' COMMENT '二级哉域名',
  `space_style` varchar(20) NOT NULL DEFAULT '' COMMENT '空间风格',
  `back_image` varchar(255) NOT NULL DEFAULT '' COMMENT '背景设置',
  `visit_count` int(10) unsigned NOT NULL DEFAULT '0' COMMENT '访问统计',
  `visitors` text COMMENT '来访者',
  `tovisitors` text COMMENT '我的访问记录',
  `space_privacy` tinyint(4) NOT NULL DEFAULT '0' COMMENT '隐私等级',
  PRIMARY KEY (`uid`),
  KEY `idx_space_domain` (`space_domain`(10))
) ENGINE=MyISAM DEFAULT CHARSET=utf8 COMMENT='个人空间信息表';
/*!40101 SET character_set_client = @saved_cs_client */;

--
-- Dumping data for table `aim_space`
--

LOCK TABLES `aim_space` WRITE;
/*!40000 ALTER TABLE `aim_space` DISABLE KEYS */;
INSERT INTO `aim_space` VALUES (1,'','','','','',5,'a:5:{i:18;i:1377145371;i:14;i:1373285808;i:12;i:1372322087;i:10;i:1372150021;i:6;i:1371998194;}','a:5:{i:12;i:1375350241;i:11;i:1372774532;i:10;i:1372150675;i:6;i:1371980169;i:2;i:1369799583;}',0),(2,'','','','','',1,'a:1:{i:1;i:1369799583;}',NULL,0),(4,'','','','','',0,NULL,NULL,0),(6,'','','','','',1,'a:1:{i:1;i:1371980169;}','a:1:{i:1;i:1371998194;}',0),(8,'','','','','',0,NULL,NULL,0),(9,'','','','','',0,NULL,NULL,0),(10,'','','','','',1,'a:1:{i:1;i:1372150675;}',NULL,0),(11,'','','','','',3,'a:2:{i:1;i:1372774532;i:12;i:1372310669;}',NULL,0),(12,'','','','','',1,'a:1:{i:1;i:1372774417;}','a:2:{i:1;i:1372322087;i:11;i:1372321396;}',0),(13,'','','','','',0,NULL,NULL,0),(14,'','','','','',0,NULL,'a:1:{i:1;i:1373285808;}',0),(15,'','','','','',0,NULL,NULL,0),(16,'','','','','',0,NULL,NULL,0),(17,'','','','','',0,NULL,NULL,0),(18,'','','','','',0,NULL,'a:1:{i:1;i:1377145371;}',0);
/*!40000 ALTER TABLE `aim_space` ENABLE KEYS */;
UNLOCK TABLES;

--
-- Table structure for table `aim_space_domain`
--

DROP TABLE IF EXISTS `aim_space_domain`;
/*!40101 SET @saved_cs_client     = @@character_set_client */;
/*!40101 SET character_set_client = utf8 */;
CREATE TABLE `aim_space_domain` (
  `domain` varchar(15) NOT NULL DEFAULT '' COMMENT '空间域名',
  `uid` int(10) NOT NULL DEFAULT '0' COMMENT '用户id',
  PRIMARY KEY (`domain`)
) ENGINE=MyISAM DEFAULT CHARSET=utf8 COMMENT='空间域名表';
/*!40101 SET character_set_client = @saved_cs_client */;

--
-- Dumping data for table `aim_space_domain`
--

LOCK TABLES `aim_space_domain` WRITE;
/*!40000 ALTER TABLE `aim_space_domain` DISABLE KEYS */;
/*!40000 ALTER TABLE `aim_space_domain` ENABLE KEYS */;
UNLOCK TABLES;

--
-- Table structure for table `aim_style`
--

DROP TABLE IF EXISTS `aim_style`;
/*!40101 SET @saved_cs_client     = @@character_set_client */;
/*!40101 SET character_set_client = utf8 */;
CREATE TABLE `aim_style` (
  `app_id` char(20) NOT NULL DEFAULT '',
  `iscurrent` tinyint(1) unsigned NOT NULL DEFAULT '0' COMMENT '是否默认',
  `style_type` char(10) NOT NULL DEFAULT '' COMMENT '风格类型',
  `name` varchar(100) NOT NULL DEFAULT '' COMMENT '名称',
  `alias` varchar(100) NOT NULL DEFAULT '' COMMENT '应用别名',
  `logo` varchar(100) NOT NULL DEFAULT '' COMMENT '图标',
  `author_name` varchar(30) NOT NULL DEFAULT '' COMMENT '作者名',
  `author_icon` varchar(100) NOT NULL DEFAULT '' COMMENT '作者头像',
  `author_email` varchar(200) NOT NULL DEFAULT '' COMMENT '作者email',
  `website` varchar(200) NOT NULL DEFAULT '' COMMENT '作者网站',
  `version` varchar(50) NOT NULL DEFAULT '' COMMENT '应用版本',
  `pwversion` varchar(50) NOT NULL DEFAULT '',
  `created_time` int(10) unsigned NOT NULL DEFAULT '0' COMMENT '创建时间',
  `modified_time` int(10) unsigned NOT NULL DEFAULT '0' COMMENT '修改时间',
  `description` varchar(255) NOT NULL DEFAULT '' COMMENT '描述',
  PRIMARY KEY (`app_id`)
) ENGINE=MyISAM DEFAULT CHARSET=utf8 COMMENT='主题风格表';
/*!40101 SET character_set_client = @saved_cs_client */;

--
-- Dumping data for table `aim_style`
--

LOCK TABLES `aim_style` WRITE;
/*!40000 ALTER TABLE `aim_style` DISABLE KEYS */;
INSERT INTO `aim_style` VALUES ('L0001368070337eR6G',1,'site','默认模板','default','images/preview.jpg','phpwind UED','','yanchixia@aliyun-inc.com','','1.0','9.0',1368070337,1368070337,'迎接2013全新版面'),('L00013680703374K7L',1,'space','默认模板','default','images/preview.jpg','phpwind UED','http://www.phpwind.net/u-htm-uid-1793211.html','yanchixia@aliyun-inc.com','http://www.phpwind.net/u-htm-uid-1793211.html','1.0','9.0',1368070337,1368070337,'传统个人空间样式'),('L0001368070337cQv1',1,'forum','传统列表','default','images/preview.jpg','phpwind UED','','yanchixia@aliyun-inc.com','','1.0','9.0',1368070337,1368070337,'传统形式的列表展示方式，不过增加了个头像');
/*!40000 ALTER TABLE `aim_style` ENABLE KEYS */;
UNLOCK TABLES;

--
-- Table structure for table `aim_tag`
--

DROP TABLE IF EXISTS `aim_tag`;
/*!40101 SET @saved_cs_client     = @@character_set_client */;
/*!40101 SET character_set_client = utf8 */;
CREATE TABLE `aim_tag` (
  `tag_id` int(10) unsigned NOT NULL AUTO_INCREMENT COMMENT '话题id',
  `parent_tag_id` int(10) unsigned NOT NULL DEFAULT '0' COMMENT '上级话题id',
  `tag_name` char(60) NOT NULL DEFAULT '' COMMENT '话题名称',
  `tag_logo` varchar(255) NOT NULL DEFAULT '' COMMENT '话题logo',
  `ifhot` tinyint(3) unsigned NOT NULL DEFAULT '1' COMMENT '允许热门',
  `excerpt` varchar(255) NOT NULL DEFAULT '' COMMENT '摘要',
  `content_count` int(10) unsigned NOT NULL DEFAULT '0' COMMENT '内容数',
  `attention_count` int(10) unsigned NOT NULL DEFAULT '0' COMMENT '关注数',
  `hits` int(10) unsigned NOT NULL DEFAULT '0' COMMENT '点击数',
  `created_userid` int(10) unsigned NOT NULL DEFAULT '0' COMMENT '创建人',
  `created_time` int(10) unsigned NOT NULL DEFAULT '0' COMMENT '创建时间',
  `iflogo` tinyint(1) unsigned NOT NULL DEFAULT '0' COMMENT '是否有logo',
  `seo_title` varchar(255) NOT NULL DEFAULT '' COMMENT 'seo标题',
  `seo_description` varchar(255) NOT NULL DEFAULT '' COMMENT 'seo描述',
  `seo_keywords` varchar(255) NOT NULL DEFAULT '' COMMENT 'seo关键字',
  PRIMARY KEY (`tag_id`),
  UNIQUE KEY `idx_tagname` (`tag_name`),
  KEY `idx_parenttagid` (`parent_tag_id`)
) ENGINE=MyISAM AUTO_INCREMENT=2 DEFAULT CHARSET=utf8 COMMENT='话题表';
/*!40101 SET character_set_client = @saved_cs_client */;

--
-- Dumping data for table `aim_tag`
--

LOCK TABLES `aim_tag` WRITE;
/*!40000 ALTER TABLE `aim_tag` DISABLE KEYS */;
/*!40000 ALTER TABLE `aim_tag` ENABLE KEYS */;
UNLOCK TABLES;

--
-- Table structure for table `aim_tag_attention`
--

DROP TABLE IF EXISTS `aim_tag_attention`;
/*!40101 SET @saved_cs_client     = @@character_set_client */;
/*!40101 SET character_set_client = utf8 */;
CREATE TABLE `aim_tag_attention` (
  `uid` int(10) unsigned NOT NULL COMMENT '用户uid',
  `tag_id` int(10) unsigned NOT NULL DEFAULT '0' COMMENT '话题id',
  `last_read_time` int(10) unsigned NOT NULL DEFAULT '0' COMMENT '关注时间',
  PRIMARY KEY (`tag_id`,`uid`),
  KEY `idx_uid_lastreadtime` (`uid`,`last_read_time`)
) ENGINE=MyISAM DEFAULT CHARSET=utf8 COMMENT='话题关注表';
/*!40101 SET character_set_client = @saved_cs_client */;

--
-- Dumping data for table `aim_tag_attention`
--

LOCK TABLES `aim_tag_attention` WRITE;
/*!40000 ALTER TABLE `aim_tag_attention` DISABLE KEYS */;
/*!40000 ALTER TABLE `aim_tag_attention` ENABLE KEYS */;
UNLOCK TABLES;

--
-- Table structure for table `aim_tag_category`
--

DROP TABLE IF EXISTS `aim_tag_category`;
/*!40101 SET @saved_cs_client     = @@character_set_client */;
/*!40101 SET character_set_client = utf8 */;
CREATE TABLE `aim_tag_category` (
  `category_id` smallint(5) unsigned NOT NULL AUTO_INCREMENT COMMENT '分类id',
  `category_name` char(20) NOT NULL DEFAULT '' COMMENT '分类名称',
  `alias` varchar(15) NOT NULL DEFAULT '' COMMENT '别名',
  `vieworder` smallint(5) unsigned NOT NULL DEFAULT '0' COMMENT '顺序',
  `tag_count` int(10) unsigned NOT NULL DEFAULT '0' COMMENT '话题数',
  `seo_title` varchar(255) NOT NULL DEFAULT '' COMMENT 'seo标题',
  `seo_description` varchar(255) NOT NULL DEFAULT '' COMMENT 'seo描述',
  `seo_keywords` varchar(255) NOT NULL DEFAULT '' COMMENT 'seo关键字',
  PRIMARY KEY (`category_id`)
) ENGINE=MyISAM DEFAULT CHARSET=utf8 COMMENT='话题分类表';
/*!40101 SET character_set_client = @saved_cs_client */;

--
-- Dumping data for table `aim_tag_category`
--

LOCK TABLES `aim_tag_category` WRITE;
/*!40000 ALTER TABLE `aim_tag_category` DISABLE KEYS */;
/*!40000 ALTER TABLE `aim_tag_category` ENABLE KEYS */;
UNLOCK TABLES;

--
-- Table structure for table `aim_tag_category_relation`
--

DROP TABLE IF EXISTS `aim_tag_category_relation`;
/*!40101 SET @saved_cs_client     = @@character_set_client */;
/*!40101 SET character_set_client = utf8 */;
CREATE TABLE `aim_tag_category_relation` (
  `tag_id` int(10) unsigned NOT NULL DEFAULT '0' COMMENT '话题id',
  `category_id` smallint(5) unsigned NOT NULL DEFAULT '0' COMMENT '分类id',
  PRIMARY KEY (`category_id`,`tag_id`),
  KEY `idx_tagid` (`tag_id`)
) ENGINE=MyISAM DEFAULT CHARSET=utf8 COMMENT='话题分类关系表';
/*!40101 SET character_set_client = @saved_cs_client */;

--
-- Dumping data for table `aim_tag_category_relation`
--

LOCK TABLES `aim_tag_category_relation` WRITE;
/*!40000 ALTER TABLE `aim_tag_category_relation` DISABLE KEYS */;
/*!40000 ALTER TABLE `aim_tag_category_relation` ENABLE KEYS */;
UNLOCK TABLES;

--
-- Table structure for table `aim_tag_record`
--

DROP TABLE IF EXISTS `aim_tag_record`;
/*!40101 SET @saved_cs_client     = @@character_set_client */;
/*!40101 SET character_set_client = utf8 */;
CREATE TABLE `aim_tag_record` (
  `tag_id` int(10) unsigned NOT NULL DEFAULT '0' COMMENT '话题id',
  `is_reply` tinyint(3) unsigned NOT NULL DEFAULT '0' COMMENT '是否回复',
  `update_time` int(10) unsigned NOT NULL DEFAULT '0' COMMENT '更新时间',
  KEY `idx_tagid` (`tag_id`),
  KEY `idx_updatetime` (`update_time`)
) ENGINE=MyISAM DEFAULT CHARSET=utf8 COMMENT='话题排行统计表';
/*!40101 SET character_set_client = @saved_cs_client */;

--
-- Dumping data for table `aim_tag_record`
--

LOCK TABLES `aim_tag_record` WRITE;
/*!40000 ALTER TABLE `aim_tag_record` DISABLE KEYS */;
/*!40000 ALTER TABLE `aim_tag_record` ENABLE KEYS */;
UNLOCK TABLES;

--
-- Table structure for table `aim_tag_relation`
--

DROP TABLE IF EXISTS `aim_tag_relation`;
/*!40101 SET @saved_cs_client     = @@character_set_client */;
/*!40101 SET character_set_client = utf8 */;
CREATE TABLE `aim_tag_relation` (
  `tag_id` int(10) unsigned NOT NULL COMMENT '话题id',
  `content_tag_id` int(10) unsigned NOT NULL DEFAULT '0' COMMENT '内容id',
  `type_id` tinyint(3) unsigned NOT NULL DEFAULT '0' COMMENT '应用分类id',
  `param_id` int(10) unsigned NOT NULL DEFAULT '0' COMMENT '应用id',
  `ifcheck` tinyint(3) unsigned NOT NULL DEFAULT '1' COMMENT '是否审核',
  `created_time` int(10) unsigned NOT NULL DEFAULT '0' COMMENT '创建时间',
  PRIMARY KEY (`type_id`,`param_id`,`content_tag_id`),
  KEY `idx_tagid_typeid` (`tag_id`,`type_id`)
) ENGINE=MyISAM DEFAULT CHARSET=utf8 COMMENT='话题内容关系表';
/*!40101 SET character_set_client = @saved_cs_client */;

--
-- Dumping data for table `aim_tag_relation`
--

LOCK TABLES `aim_tag_relation` WRITE;
/*!40000 ALTER TABLE `aim_tag_relation` DISABLE KEYS */;
/*!40000 ALTER TABLE `aim_tag_relation` ENABLE KEYS */;
UNLOCK TABLES;

--
-- Table structure for table `aim_task`
--

DROP TABLE IF EXISTS `aim_task`;
/*!40101 SET @saved_cs_client     = @@character_set_client */;
/*!40101 SET character_set_client = utf8 */;
CREATE TABLE `aim_task` (
  `taskid` int(10) unsigned NOT NULL AUTO_INCREMENT COMMENT '任务ID',
  `pre_task` int(10) unsigned NOT NULL DEFAULT '0' COMMENT '前置任务ID',
  `is_auto` tinyint(1) NOT NULL DEFAULT '0' COMMENT '是否是自动任务标识',
  `is_display_all` tinyint(1) NOT NULL DEFAULT '0' COMMENT '是否显示给所有用户',
  `view_order` smallint(6) NOT NULL DEFAULT '0' COMMENT '顺序',
  `is_open` tinyint(3) NOT NULL DEFAULT '0' COMMENT '是否开启状态',
  `start_time` int(10) unsigned NOT NULL DEFAULT '0' COMMENT '开始的时间',
  `end_time` int(10) unsigned NOT NULL DEFAULT '0' COMMENT '结束时间',
  `period` smallint(6) NOT NULL DEFAULT '0' COMMENT '是否是周期任务',
  `title` varchar(100) NOT NULL DEFAULT '' COMMENT '标题',
  `description` varchar(255) NOT NULL DEFAULT '' COMMENT '描述',
  `icon` varchar(200) NOT NULL DEFAULT '' COMMENT '图标路径',
  `user_groups` varchar(255) NOT NULL DEFAULT '-1' COMMENT '可以申请任务的用户组',
  `reward` varchar(255) NOT NULL DEFAULT '' COMMENT '奖励',
  `conditions` varchar(255) NOT NULL DEFAULT '' COMMENT '完成条件',
  PRIMARY KEY (`taskid`),
  KEY `idx_pretask` (`pre_task`)
) ENGINE=MyISAM AUTO_INCREMENT=5 DEFAULT CHARSET=utf8 COMMENT='任务';
/*!40101 SET character_set_client = @saved_cs_client */;

--
-- Dumping data for table `aim_task`
--

LOCK TABLES `aim_task` WRITE;
/*!40000 ALTER TABLE `aim_task` DISABLE KEYS */;
INSERT INTO `aim_task` VALUES (1,0,1,1,0,0,0,4197024000,0,'发布一个帖子','去版块发布一个帖子','','8,9,10,11,12,13,14,3,4,5,15,16','a:5:{s:4:\"type\";s:6:\"credit\";s:3:\"key\";s:12:\"id-name-unit\";s:5:\"value\";s:12:\"2-威望-点\";s:3:\"num\";d:10;s:8:\"descript\";s:11:\"10点威望\";}','a:5:{s:4:\"type\";s:3:\"bbs\";s:5:\"child\";s:10:\"postThread\";s:3:\"fid\";s:1:\"2\";s:3:\"num\";s:1:\"1\";s:3:\"url\";s:18:\"bbs/post/run?fid=2\";}'),(2,0,0,0,9,0,0,4197024000,0,'增加自己的3个粉丝','增加自己的3个粉丝','','-1','a:5:{s:4:\"type\";s:6:\"credit\";s:3:\"key\";s:12:\"id-name-unit\";s:5:\"value\";s:12:\"2-威望-点\";s:3:\"num\";d:10;s:8:\"descript\";s:11:\"10点威望\";}','a:4:{s:4:\"type\";s:6:\"member\";s:5:\"child\";s:4:\"fans\";s:3:\"num\";d:3;s:3:\"url\";s:11:\"my/fans/run\";}'),(3,0,0,0,5,0,0,4197024000,0,'回复二个帖子','回复二个帖子','','-1','a:5:{s:4:\"type\";s:6:\"credit\";s:3:\"key\";s:12:\"id-name-unit\";s:5:\"value\";s:12:\"2-威望-点\";s:3:\"num\";d:10;s:8:\"descript\";s:11:\"10点威望\";}','a:5:{s:4:\"type\";s:3:\"bbs\";s:5:\"child\";s:5:\"reply\";s:3:\"tid\";s:1:\"1\";s:3:\"url\";s:18:\"bbs/read/run?tid=1\";s:3:\"num\";s:1:\"2\";}'),(4,0,1,0,6,0,0,4197024000,0,'喜欢一个帖子','去喜欢一个帖子','','-1','a:5:{s:4:\"type\";s:6:\"credit\";s:3:\"key\";s:12:\"id-name-unit\";s:5:\"value\";s:12:\"2-威望-点\";s:3:\"num\";d:10;s:8:\"descript\";s:11:\"10点威望\";}','a:5:{s:4:\"type\";s:3:\"bbs\";s:5:\"child\";s:4:\"like\";s:3:\"fid\";s:1:\"2\";s:3:\"num\";s:1:\"1\";s:3:\"url\";s:20:\"bbs/thread/run?fid=2\";}');
/*!40000 ALTER TABLE `aim_task` ENABLE KEYS */;
UNLOCK TABLES;

--
-- Table structure for table `aim_task_cache`
--

DROP TABLE IF EXISTS `aim_task_cache`;
/*!40101 SET @saved_cs_client     = @@character_set_client */;
/*!40101 SET character_set_client = utf8 */;
CREATE TABLE `aim_task_cache` (
  `uid` int(10) unsigned NOT NULL DEFAULT '0' COMMENT '用户ID',
  `task_ids` varchar(200) NOT NULL DEFAULT '' COMMENT '该用户完成任务的最后ID记录及周期任务ID记录',
  PRIMARY KEY (`uid`)
) ENGINE=MyISAM DEFAULT CHARSET=utf8 COMMENT='任务缓存';
/*!40101 SET character_set_client = @saved_cs_client */;

--
-- Dumping data for table `aim_task_cache`
--

LOCK TABLES `aim_task_cache` WRITE;
/*!40000 ALTER TABLE `aim_task_cache` DISABLE KEYS */;
/*!40000 ALTER TABLE `aim_task_cache` ENABLE KEYS */;
UNLOCK TABLES;

--
-- Table structure for table `aim_task_group`
--

DROP TABLE IF EXISTS `aim_task_group`;
/*!40101 SET @saved_cs_client     = @@character_set_client */;
/*!40101 SET character_set_client = utf8 */;
CREATE TABLE `aim_task_group` (
  `taskid` int(10) unsigned NOT NULL DEFAULT '0' COMMENT '任务ID',
  `gid` int(10) NOT NULL DEFAULT '0' COMMENT '用户组ID',
  `is_auto` tinyint(1) NOT NULL DEFAULT '0' COMMENT '是否是周期任务',
  `end_time` int(10) unsigned NOT NULL DEFAULT '0' COMMENT '结束时间',
  PRIMARY KEY (`gid`,`taskid`)
) ENGINE=MyISAM DEFAULT CHARSET=utf8 COMMENT='任务索引';
/*!40101 SET character_set_client = @saved_cs_client */;

--
-- Dumping data for table `aim_task_group`
--

LOCK TABLES `aim_task_group` WRITE;
/*!40000 ALTER TABLE `aim_task_group` DISABLE KEYS */;
/*!40000 ALTER TABLE `aim_task_group` ENABLE KEYS */;
UNLOCK TABLES;

--
-- Table structure for table `aim_task_user`
--

DROP TABLE IF EXISTS `aim_task_user`;
/*!40101 SET @saved_cs_client     = @@character_set_client */;
/*!40101 SET character_set_client = utf8 */;
CREATE TABLE `aim_task_user` (
  `taskid` int(10) unsigned NOT NULL DEFAULT '0' COMMENT '任务ID',
  `uid` int(10) unsigned NOT NULL DEFAULT '0' COMMENT '用户ID',
  `task_status` tinyint(3) NOT NULL DEFAULT '0' COMMENT '任务状态',
  `is_period` tinyint(1) NOT NULL DEFAULT '0' COMMENT '是否是周期任务',
  `step` varchar(100) NOT NULL DEFAULT '' COMMENT '任务完成的进度信息',
  `created_time` int(10) unsigned NOT NULL DEFAULT '0' COMMENT '申请任务时间',
  `finish_time` int(10) unsigned NOT NULL DEFAULT '0' COMMENT '完成任务时间',
  PRIMARY KEY (`uid`,`taskid`),
  KEY `idx_uid_taskstatus` (`uid`,`task_status`)
) ENGINE=MyISAM DEFAULT CHARSET=utf8 COMMENT='任务用户';
/*!40101 SET character_set_client = @saved_cs_client */;

--
-- Dumping data for table `aim_task_user`
--

LOCK TABLES `aim_task_user` WRITE;
/*!40000 ALTER TABLE `aim_task_user` DISABLE KEYS */;
/*!40000 ALTER TABLE `aim_task_user` ENABLE KEYS */;
UNLOCK TABLES;

--
-- Table structure for table `aim_upgrade_log`
--

DROP TABLE IF EXISTS `aim_upgrade_log`;
/*!40101 SET @saved_cs_client     = @@character_set_client */;
/*!40101 SET character_set_client = utf8 */;
CREATE TABLE `aim_upgrade_log` (
  `id` varchar(25) NOT NULL DEFAULT '' COMMENT '主键id',
  `type` tinyint(1) NOT NULL DEFAULT '0' COMMENT '日志类型',
  `data` text COMMENT '内容',
  PRIMARY KEY (`id`)
) ENGINE=MyISAM DEFAULT CHARSET=utf8 COMMENT='更新日志表';
/*!40101 SET character_set_client = @saved_cs_client */;

--
-- Dumping data for table `aim_upgrade_log`
--

LOCK TABLES `aim_upgrade_log` WRITE;
/*!40000 ALTER TABLE `aim_upgrade_log` DISABLE KEYS */;
/*!40000 ALTER TABLE `aim_upgrade_log` ENABLE KEYS */;
UNLOCK TABLES;

--
-- Table structure for table `aim_user`
--

DROP TABLE IF EXISTS `aim_user`;
/*!40101 SET @saved_cs_client     = @@character_set_client */;
/*!40101 SET character_set_client = utf8 */;
CREATE TABLE `aim_user` (
  `uid` int(10) unsigned NOT NULL DEFAULT '0' COMMENT '用户ID',
  `username` varchar(15) NOT NULL DEFAULT '' COMMENT '用户名字',
  `email` varchar(40) NOT NULL DEFAULT '' COMMENT 'Email地址',
  `password` char(32) NOT NULL DEFAULT '' COMMENT '随机密码',
  `status` smallint(6) unsigned NOT NULL DEFAULT '0' COMMENT '状态',
  `groupid` mediumint(8) unsigned NOT NULL DEFAULT '0' COMMENT '当前用户组ID',
  `memberid` mediumint(8) unsigned NOT NULL DEFAULT '0' COMMENT '会员组ID',
  `regdate` int(10) unsigned NOT NULL DEFAULT '0' COMMENT '注册时间',
  `realname` varchar(50) NOT NULL DEFAULT '' COMMENT '真实姓名',
  `groups` varchar(255) NOT NULL DEFAULT '' COMMENT '用户附加组的ID缓存字段',
  PRIMARY KEY (`uid`),
  UNIQUE KEY `idx_username` (`username`),
  KEY `idx_email` (`email`)
) ENGINE=MyISAM DEFAULT CHARSET=utf8 COMMENT='用户基本表';
/*!40101 SET character_set_client = @saved_cs_client */;

--
-- Dumping data for table `aim_user`
--

LOCK TABLES `aim_user` WRITE;
/*!40000 ALTER TABLE `aim_user` DISABLE KEYS */;
INSERT INTO `aim_user` VALUES (1,'admin','admin@phpwind.com','a1c08482ed0c885f115cee3959eecda9',0,3,10,1368070337,'哈哈',''),(11,'筱筱太子妃','xiao_9426@sina.com','e9e97904e2cb07aa6b2cbc92344cb6eb',0,0,10,1372242928,'',''),(12,'xiao1437','64438626@qq.com','3317d5c515a028e8bd2bb862fc7cd4c9',0,0,10,1372310582,'',''),(13,'qweqwe2','qweqwe2@qq.com','ddba9236fdc7b04c2a36b649f8f9e3ed',0,0,10,1372413346,'',''),(14,'test','gang_e2@yahoo.com','e3cf815649fde3355cf44218a2d511af',0,0,10,1373240384,'',''),(15,'temp','gangz1998@gmail.com','030a25424a2dff6a35a3cdb399a369c8',0,0,10,1373261761,'',''),(16,'username','gangz1993@gmail.com','57b7a877fb404334eca3462dcee7c51a',0,0,10,1374550047,'',''),(17,'jianfeihit','jianfeihit@126.com','40524ff1de1c618e94fc2521e50a7f19',0,0,10,1376981184,'',''),(18,'天意旋风腿','hork237@163.com','fbb379f64e2afd80713e70b0dd8dc4e6',0,0,10,1376981353,'',''),(19,'goubao','goubao@163.com','33db7b4a04e31f508f7e3c3d90a2c071',2,7,10,1380345263,'',''),(20,'goubao.163','goubao.163@163.com','bfc754ebdcafe6dfa70ea9e2844e5f1f',0,0,10,1380345748,'',''),(21,'saharra','saharra@126.com','8f72700e307d4e04f5ad6b43fff1632b',0,0,10,1381059202,'','');
/*!40000 ALTER TABLE `aim_user` ENABLE KEYS */;
UNLOCK TABLES;

--
-- Table structure for table `aim_user_active_code`
--

DROP TABLE IF EXISTS `aim_user_active_code`;
/*!40101 SET @saved_cs_client     = @@character_set_client */;
/*!40101 SET character_set_client = utf8 */;
CREATE TABLE `aim_user_active_code` (
  `uid` int(10) unsigned NOT NULL DEFAULT '0' COMMENT '用户ID',
  `email` varchar(80) NOT NULL DEFAULT '' COMMENT 'Email地址',
  `code` varchar(10) NOT NULL DEFAULT '' COMMENT '激活码',
  `send_time` int(10) unsigned NOT NULL DEFAULT '0' COMMENT '发送时间',
  `active_time` int(10) unsigned NOT NULL DEFAULT '0' COMMENT '激活时间',
  `typeid` tinyint(1) NOT NULL DEFAULT '0' COMMENT '类型-注册邮箱激活码或是找回密码',
  PRIMARY KEY (`uid`)
) ENGINE=MyISAM DEFAULT CHARSET=utf8 COMMENT='用户邮箱激活码表';
/*!40101 SET character_set_client = @saved_cs_client */;

--
-- Dumping data for table `aim_user_active_code`
--

LOCK TABLES `aim_user_active_code` WRITE;
/*!40000 ALTER TABLE `aim_user_active_code` DISABLE KEYS */;
INSERT INTO `aim_user_active_code` VALUES (11,'xiao_9426@sina.com','96e0afbe',1372746296,1372746333,2),(12,'64438626@qq.com','a31faaf5',1374555392,1374555882,2),(16,'gangz1993@gmail.com','301d0ab0',1374550048,1374550197,1),(17,'jianfeihit@126.com','4c99776e',1376981184,1376981203,1),(18,'hork237@163.com','f446993e',1376981353,1376981361,1),(19,'goubao@163.com','03aed3d4',1380345265,0,1),(20,'goubao.163@163.com','c165fce1',1380345748,1380345772,1),(21,'saharra@126.com','e5932a3e',1381059202,1381059220,1);
/*!40000 ALTER TABLE `aim_user_active_code` ENABLE KEYS */;
UNLOCK TABLES;

--
-- Table structure for table `aim_user_ban`
--

DROP TABLE IF EXISTS `aim_user_ban`;
/*!40101 SET @saved_cs_client     = @@character_set_client */;
/*!40101 SET character_set_client = utf8 */;
CREATE TABLE `aim_user_ban` (
  `id` int(10) unsigned NOT NULL AUTO_INCREMENT,
  `uid` int(10) unsigned NOT NULL DEFAULT '0' COMMENT '用户ID',
  `typeid` char(20) NOT NULL DEFAULT '' COMMENT '类型',
  `fid` int(10) unsigned NOT NULL DEFAULT '0' COMMENT '版块ID---未用',
  `end_time` int(10) unsigned NOT NULL DEFAULT '0' COMMENT '结束时间',
  `created_userid` int(10) unsigned NOT NULL DEFAULT '0' COMMENT '执行者ID',
  `created_time` int(10) unsigned NOT NULL DEFAULT '0' COMMENT '开始时间',
  `reason` varchar(80) NOT NULL DEFAULT '' COMMENT '操作原因',
  PRIMARY KEY (`id`),
  UNIQUE KEY `idx_uid_typeid_fid` (`uid`,`typeid`,`fid`),
  KEY `idx_createdUid` (`created_userid`)
) ENGINE=MyISAM DEFAULT CHARSET=utf8 COMMENT='用户禁止记录表';
/*!40101 SET character_set_client = @saved_cs_client */;

--
-- Dumping data for table `aim_user_ban`
--

LOCK TABLES `aim_user_ban` WRITE;
/*!40000 ALTER TABLE `aim_user_ban` DISABLE KEYS */;
/*!40000 ALTER TABLE `aim_user_ban` ENABLE KEYS */;
UNLOCK TABLES;

--
-- Table structure for table `aim_user_behavior`
--

DROP TABLE IF EXISTS `aim_user_behavior`;
/*!40101 SET @saved_cs_client     = @@character_set_client */;
/*!40101 SET character_set_client = utf8 */;
CREATE TABLE `aim_user_behavior` (
  `uid` int(10) unsigned NOT NULL DEFAULT '0' COMMENT '用户UID',
  `behavior` char(20) NOT NULL DEFAULT '' COMMENT '行为标识',
  `number` int(10) NOT NULL DEFAULT '0' COMMENT '行为统计',
  `expired_time` int(10) unsigned NOT NULL DEFAULT '0' COMMENT '过期时间',
  `extend_info` varchar(255) NOT NULL DEFAULT '' COMMENT '额外信息',
  PRIMARY KEY (`uid`,`behavior`)
) ENGINE=MyISAM DEFAULT CHARSET=utf8 COMMENT='用户行为统计表';
/*!40101 SET character_set_client = @saved_cs_client */;

--
-- Dumping data for table `aim_user_behavior`
--

LOCK TABLES `aim_user_behavior` WRITE;
/*!40000 ALTER TABLE `aim_user_behavior` DISABLE KEYS */;
INSERT INTO `aim_user_behavior` VALUES (1,'login_days',2,1376755200,'1376621538'),(1,'login_count',69,0,'0'),(1,'thread_days',1,1372867200,'1372746030'),(1,'thread_count',74,0,'0'),(1,'post_days',1,1372867200,'1372746423'),(1,'safa_times',20,0,'0'),(2,'login_days',1,1370620800,'1370499405'),(2,'login_count',4,0,'0'),(1,'belike_times',4,0,'0'),(2,'post_days',1,1369843200,'1369724644'),(2,'safa_times',2,0,'0'),(2,'thread_days',1,1369843200,'1369725322'),(2,'thread_count',1,0,'0'),(4,'login_days',1,1370620800,'1370499442'),(4,'login_count',3,0,'0'),(4,'thread_days',1,1370448000,'1370335433'),(4,'thread_count',2,0,'0'),(5,'login_days',1,1370448000,'1370335608'),(5,'login_count',1,0,'0'),(5,'post_days',1,1370448000,'1370335617'),(5,'safa_times',1,0,'0'),(6,'login_days',1,1372089600,'1371988907'),(6,'login_count',13,0,'0'),(6,'thread_days',1,1370793600,'1370676346'),(6,'thread_count',3,0,'0'),(6,'post_days',3,1370880000,'1370764208'),(6,'safa_times',1,0,'0'),(6,'belike_times',2,0,'0'),(8,'login_days',2,1372176000,'1372005067'),(8,'login_count',3,0,'0'),(8,'thread_days',1,1372089600,'1371998695'),(8,'thread_count',1,0,'0'),(9,'login_days',1,1372176000,'1372066688'),(9,'login_count',1,0,'0'),(10,'login_days',1,1372262400,'1372128751'),(10,'login_count',1,0,'0'),(11,'login_days',1,1372867200,'1372746350'),(11,'login_count',7,0,'0'),(11,'thread_days',1,1372867200,'1372750212'),(11,'thread_count',3,0,'0'),(11,'post_days',1,1372867200,'1372746376'),(11,'safa_times',6,0,'0'),(12,'login_days',1,1376755200,'1376621798'),(12,'login_count',11,0,'0'),(12,'thread_days',1,1372867200,'1372751013'),(12,'thread_count',5,0,'0'),(12,'post_days',1,1372867200,'1372751654'),(12,'safa_times',2,0,'0'),(11,'message_today',1,1372348800,'1372316908'),(12,'belike_times',2,0,'0'),(1,'message_today',2,1372435200,'1372399357'),(12,'message_today',2,1372435200,'1372396695'),(11,'belike_times',1,0,'0'),(13,'login_days',1,1372521600,'1372413346'),(13,'login_count',1,0,'0'),(13,'thread_days',1,1372521600,'1372413433'),(13,'thread_count',3,0,'0'),(13,'post_days',1,1372521600,'1372413585'),(13,'safa_times',1,0,'0'),(14,'login_days',2,1379260800,'1379125629'),(14,'login_count',20,0,'0'),(15,'login_days',3,1373558400,'1373417394'),(15,'login_count',3,0,'0'),(14,'post_days',1,1373385600,'1373285870'),(14,'safa_times',1,0,'0'),(16,'login_days',1,1374681600,'1374550197'),(16,'login_count',1,0,'0'),(17,'login_days',1,1378828800,'1378717542'),(17,'login_count',2,0,'0'),(18,'login_days',1,1381334400,'1381237331'),(18,'login_count',19,0,'0'),(18,'post_days',1,1381334400,'1381237373'),(18,'safa_times',3,0,'0'),(18,'message_today',1,1377187200,'1377144809'),(18,'thread_days',1,1379433600,'1379315363'),(18,'thread_count',2,0,'0'),(20,'login_days',1,1380470400,'1380345772'),(20,'login_count',1,0,'0'),(21,'login_days',1,1381161600,'1381059220'),(21,'login_count',1,0,'0');
/*!40000 ALTER TABLE `aim_user_behavior` ENABLE KEYS */;
UNLOCK TABLES;

--
-- Table structure for table `aim_user_belong`
--

DROP TABLE IF EXISTS `aim_user_belong`;
/*!40101 SET @saved_cs_client     = @@character_set_client */;
/*!40101 SET character_set_client = utf8 */;
CREATE TABLE `aim_user_belong` (
  `uid` int(10) unsigned NOT NULL DEFAULT '0' COMMENT '用户ID',
  `gid` mediumint(8) NOT NULL DEFAULT '0' COMMENT '用户组ID',
  `endtime` int(10) unsigned NOT NULL DEFAULT '0' COMMENT '有效期',
  UNIQUE KEY `idx_uid_gid` (`uid`,`gid`),
  KEY `idx_gid` (`gid`)
) ENGINE=MyISAM DEFAULT CHARSET=utf8 COMMENT='用户所属用户组表';
/*!40101 SET character_set_client = @saved_cs_client */;

--
-- Dumping data for table `aim_user_belong`
--

LOCK TABLES `aim_user_belong` WRITE;
/*!40000 ALTER TABLE `aim_user_belong` DISABLE KEYS */;
INSERT INTO `aim_user_belong` VALUES (19,7,0);
/*!40000 ALTER TABLE `aim_user_belong` ENABLE KEYS */;
UNLOCK TABLES;

--
-- Table structure for table `aim_user_data`
--

DROP TABLE IF EXISTS `aim_user_data`;
/*!40101 SET @saved_cs_client     = @@character_set_client */;
/*!40101 SET character_set_client = utf8 */;
CREATE TABLE `aim_user_data` (
  `uid` int(10) unsigned NOT NULL DEFAULT '0' COMMENT '用户ID',
  `lastvisit` int(10) unsigned NOT NULL DEFAULT '0' COMMENT '最后访问时间',
  `lastloginip` varchar(20) NOT NULL DEFAULT '' COMMENT '最后登录IP',
  `lastpost` int(10) unsigned NOT NULL DEFAULT '0' COMMENT '最后发帖时间',
  `lastactivetime` int(10) unsigned NOT NULL DEFAULT '0' COMMENT '最后活动时间',
  `onlinetime` int(10) unsigned NOT NULL DEFAULT '0' COMMENT '在线时长',
  `trypwd` varchar(16) NOT NULL DEFAULT '' COMMENT '尝试的登录错误信息，trydate|trynum',
  `postcheck` varchar(16) NOT NULL DEFAULT '' COMMENT '发帖检查',
  `postnum` mediumint(8) unsigned NOT NULL DEFAULT '0' COMMENT '发帖数',
  `digest` mediumint(8) unsigned NOT NULL DEFAULT '0' COMMENT '精华数',
  `todaypost` mediumint(8) unsigned NOT NULL DEFAULT '0' COMMENT '今天发帖数',
  `todayupload` mediumint(8) unsigned NOT NULL DEFAULT '0' COMMENT '今日上传个数',
  `findpwd` varchar(26) NOT NULL DEFAULT '' COMMENT '找回密码尝试错误次数,trydate|trynum',
  `follows` int(10) unsigned NOT NULL DEFAULT '0' COMMENT '关注数',
  `fans` int(10) unsigned NOT NULL DEFAULT '0' COMMENT '粉丝数',
  `message_tone` tinyint(3) unsigned NOT NULL DEFAULT '1' COMMENT '是否有新消息',
  `messages` smallint(5) unsigned NOT NULL DEFAULT '0' COMMENT '私信数',
  `notices` smallint(5) unsigned NOT NULL DEFAULT '0' COMMENT '消息数',
  `likes` int(10) unsigned NOT NULL DEFAULT '0' COMMENT '喜欢次数',
  `punch` varchar(200) NOT NULL DEFAULT '' COMMENT '打卡相关',
  `credit1` int(10) NOT NULL DEFAULT '0' COMMENT '积分字段1',
  `credit2` int(10) NOT NULL DEFAULT '0' COMMENT '积分字段2',
  `credit3` int(10) NOT NULL DEFAULT '0' COMMENT '积分字段3',
  `credit4` int(10) NOT NULL DEFAULT '0' COMMENT '积分字段4',
  `credit5` int(10) NOT NULL DEFAULT '0',
  `credit6` int(10) NOT NULL DEFAULT '0',
  `credit7` int(10) NOT NULL DEFAULT '0',
  `credit8` int(10) NOT NULL DEFAULT '0',
  `join_forum` varchar(255) NOT NULL DEFAULT '' COMMENT '加入的版块',
  `recommend_friend` varchar(255) NOT NULL DEFAULT '' COMMENT '推荐朋友',
  `last_credit_affect_log` varchar(255) NOT NULL DEFAULT '' COMMENT '最后积分变动内容',
  `medal_ids` varchar(255) NOT NULL DEFAULT '',
  PRIMARY KEY (`uid`)
) ENGINE=MyISAM DEFAULT CHARSET=utf8 COMMENT='用户扩展数据表';
/*!40101 SET character_set_client = @saved_cs_client */;

--
-- Dumping data for table `aim_user_data`
--

LOCK TABLES `aim_user_data` WRITE;
/*!40000 ALTER TABLE `aim_user_data` DISABLE KEYS */;
INSERT INTO `aim_user_data` VALUES (1,1376621538,'114.249.127.141',1372774320,1375351973,266801,'','e8cd6cf7c4ed8238',19,0,24,0,'',1,3,1,1,3,1,'',0,117,100,0,0,0,0,0,'','','',''),(11,1372750093,'114.249.152.241',1372751882,1372750093,14331,'1373444056|2','88c82e5c63e25632',19,0,10,0,'|2013-07-02:2',1,1,1,0,3,2,'',0,100,102,0,0,0,0,0,'','','',''),(12,1376621798,'114.249.127.141',1372751867,1374565570,18000,'','f30e455d78d2b27c',7,0,4,0,'|2013-07-23:1',3,2,1,0,0,0,'',0,116,100,0,0,0,0,0,'','','',''),(14,1379130817,'180.212.104.66',1373285907,1379130817,13903,'','f241212047458e89',2,0,2,0,'',0,0,1,0,0,0,'',0,126,100,0,0,0,0,0,'','','',''),(13,1372411546,'114.246.150.130',1372413725,0,0,'','857219589289953f',2,0,5,0,'',1,1,1,0,0,0,'',0,105,101,0,0,0,0,0,'','','',''),(15,1373446564,'202.99.113.114',0,1373448364,4903,'','',0,0,0,0,'',0,0,1,0,0,0,'',0,106,100,0,0,0,0,0,'','','',''),(18,1381237331,'111.196.79.22',1381237421,1379325006,19885,'','ee60f744534aaab9',11,0,2,0,'',1,0,1,0,0,0,'',0,130,100,0,0,0,0,0,'','','',''),(16,1374554124,'180.212.42.150',0,1374554124,3899,'','',0,0,0,0,'',0,0,1,0,0,0,'',0,102,100,0,0,0,0,0,'','','',''),(17,1378717542,'114.242.178.222',0,0,0,'','',0,0,0,0,'',0,0,1,0,0,0,'',0,104,100,0,0,0,0,0,'','','',''),(19,1380345263,'',0,0,0,'','',0,0,0,0,'',0,0,1,0,1,0,'',0,100,100,0,0,0,0,0,'','','a:2:{i:0;s:6:\"注册\";i:1;a:2:{i:0;a:2:{i:0;s:6:\"积分\";i:1;s:4:\"+100\";}i:1;a:2:{i:0;s:6:\"能力\";i:1;s:4:\"+100\";}}}',''),(20,1380345772,'118.247.97.67',0,0,0,'','',0,0,0,0,'',0,0,1,0,1,0,'',0,102,100,0,0,0,0,0,'','','',''),(21,1381057420,'1.202.63.80',0,0,0,'','',0,0,0,0,'',0,0,1,0,0,0,'',0,102,100,0,0,0,0,0,'','','','');
/*!40000 ALTER TABLE `aim_user_data` ENABLE KEYS */;
UNLOCK TABLES;

--
-- Table structure for table `aim_user_education`
--

DROP TABLE IF EXISTS `aim_user_education`;
/*!40101 SET @saved_cs_client     = @@character_set_client */;
/*!40101 SET character_set_client = utf8 */;
CREATE TABLE `aim_user_education` (
  `id` int(10) unsigned NOT NULL AUTO_INCREMENT,
  `uid` int(10) unsigned NOT NULL DEFAULT '0' COMMENT '用户ID',
  `schoolid` int(10) unsigned NOT NULL DEFAULT '0' COMMENT '学校ID',
  `degree` tinyint(2) unsigned NOT NULL DEFAULT '0' COMMENT '学历ID',
  `start_time` smallint(5) unsigned NOT NULL DEFAULT '0' COMMENT '时间',
  `major` char(50) DEFAULT NULL,
  PRIMARY KEY (`id`),
  KEY `idx_uid_startTime` (`uid`,`start_time`)
) ENGINE=MyISAM AUTO_INCREMENT=3 DEFAULT CHARSET=utf8 COMMENT='用户教育信息表';
/*!40101 SET character_set_client = @saved_cs_client */;

--
-- Dumping data for table `aim_user_education`
--

LOCK TABLES `aim_user_education` WRITE;
/*!40000 ALTER TABLE `aim_user_education` DISABLE KEYS */;
INSERT INTO `aim_user_education` VALUES (1,1,11800,5,2001,'开发世界'),(2,1,970264,8,2003,'搜狐搜索');
/*!40000 ALTER TABLE `aim_user_education` ENABLE KEYS */;
UNLOCK TABLES;

--
-- Table structure for table `aim_user_groups`
--

DROP TABLE IF EXISTS `aim_user_groups`;
/*!40101 SET @saved_cs_client     = @@character_set_client */;
/*!40101 SET character_set_client = utf8 */;
CREATE TABLE `aim_user_groups` (
  `gid` mediumint(8) unsigned NOT NULL AUTO_INCREMENT COMMENT '用户组ID',
  `name` varchar(64) NOT NULL DEFAULT '' COMMENT '用户组名字',
  `type` enum('default','member','system','special','vip') NOT NULL COMMENT '用户组类型',
  `image` varchar(32) NOT NULL DEFAULT '' COMMENT '用户组图标',
  `points` int(10) unsigned NOT NULL DEFAULT '0' COMMENT '用户组需要的点',
  PRIMARY KEY (`gid`)
) ENGINE=MyISAM AUTO_INCREMENT=17 DEFAULT CHARSET=utf8 COMMENT='用户组表';
/*!40101 SET character_set_client = @saved_cs_client */;

--
-- Dumping data for table `aim_user_groups`
--

LOCK TABLES `aim_user_groups` WRITE;
/*!40000 ALTER TABLE `aim_user_groups` DISABLE KEYS */;
INSERT INTO `aim_user_groups` VALUES (1,'会员','default','0.gif',0),(2,'游客','default','0.gif',0),(3,'管理员','system','20.gif',0),(4,'总版主','system','19.gif',0),(5,'论坛版主','system','18.gif',0),(6,'禁止发言','default','0.gif',0),(7,'未验证会员','default','0.gif',0),(8,'贫民','member','1.gif',0),(9,'新手','member','3.gif',50),(10,'侠客','member','5.gif',100),(11,'骑士','member','6.gif',300),(12,'圣骑士','member','8.gif',600),(13,'精灵王','member','10.gif',1000),(14,'风云使者','member','12.gif',5000),(15,'光明使者','member','13.gif',10000);
/*!40000 ALTER TABLE `aim_user_groups` ENABLE KEYS */;
UNLOCK TABLES;

--
-- Table structure for table `aim_user_info`
--

DROP TABLE IF EXISTS `aim_user_info`;
/*!40101 SET @saved_cs_client     = @@character_set_client */;
/*!40101 SET character_set_client = utf8 */;
CREATE TABLE `aim_user_info` (
  `uid` int(10) unsigned NOT NULL DEFAULT '0' COMMENT '用户ID',
  `gender` tinyint(1) NOT NULL DEFAULT '0' COMMENT '性别',
  `byear` smallint(5) unsigned NOT NULL DEFAULT '0' COMMENT '出生年份',
  `bmonth` tinyint(3) unsigned NOT NULL DEFAULT '0' COMMENT '出生月份',
  `bday` tinyint(2) unsigned NOT NULL DEFAULT '0' COMMENT '出生日期',
  `location` int(10) NOT NULL DEFAULT '0' COMMENT '居住地ID',
  `location_text` varchar(100) NOT NULL DEFAULT '',
  `hometown` int(10) NOT NULL DEFAULT '0' COMMENT '家庭ID',
  `hometown_text` varchar(100) NOT NULL DEFAULT '',
  `homepage` varchar(75) NOT NULL DEFAULT '' COMMENT '主页',
  `qq` varchar(12) NOT NULL DEFAULT '' COMMENT 'QQ 号码',
  `msn` varchar(40) NOT NULL DEFAULT '' COMMENT 'MSN号码',
  `aliww` varchar(30) NOT NULL DEFAULT '' COMMENT '阿里旺旺号码',
  `mobile` varchar(16) NOT NULL DEFAULT '' COMMENT '手机号码',
  `alipay` varchar(30) NOT NULL DEFAULT '' COMMENT '支付宝帐号',
  `bbs_sign` text COMMENT '个性签名',
  `profile` text COMMENT '个人简介',
  `regreason` varchar(200) NOT NULL DEFAULT '' COMMENT '注册原因',
  `telphone` varchar(20) NOT NULL DEFAULT '' COMMENT '电话号码',
  `address` varchar(100) NOT NULL DEFAULT '' COMMENT '邮寄地址',
  `zipcode` varchar(10) NOT NULL DEFAULT '' COMMENT '邮政编码',
  `secret` varchar(500) NOT NULL DEFAULT '' COMMENT '隐私设置',
  PRIMARY KEY (`uid`)
) ENGINE=MyISAM DEFAULT CHARSET=utf8 COMMENT='用户扩展基本信息表二';
/*!40101 SET character_set_client = @saved_cs_client */;

--
-- Dumping data for table `aim_user_info`
--

LOCK TABLES `aim_user_info` WRITE;
/*!40000 ALTER TABLE `aim_user_info` DISABLE KEYS */;
INSERT INTO `aim_user_info` VALUES (1,1,1995,7,7,430407,'',710401,'','','','','','13838638932','','','','','43200245','','',''),(11,0,0,0,0,110808,'',0,'','','','','','','',NULL,NULL,'','','','',''),(12,0,0,0,0,110505,'',0,'','','','','','','',NULL,'','','','','',''),(13,0,0,0,0,110101,'',0,'','','','','','','',NULL,NULL,'','','','',''),(14,0,0,0,0,120303,'',0,'','','','','','','',NULL,NULL,'','','','',''),(15,0,0,0,0,110808,'',0,'','','','','','','',NULL,NULL,'','','','',''),(16,0,0,0,0,120404,'',0,'','','','','','','',NULL,NULL,'','','','',''),(17,0,0,0,0,110101,'',0,'','','','','','','',NULL,NULL,'','','','',''),(18,0,0,0,0,112415,'',0,'','','','','','','',NULL,NULL,'','','','',''),(19,0,0,0,0,112716,'',0,'','','','','','','',NULL,NULL,'','','','',''),(20,0,0,0,0,110505,'',0,'','','','','','','',NULL,NULL,'','','','',''),(21,0,0,0,0,110202,'',0,'','','','','','','',NULL,NULL,'','','','','');
/*!40000 ALTER TABLE `aim_user_info` ENABLE KEYS */;
UNLOCK TABLES;

--
-- Table structure for table `aim_user_login_ip_recode`
--

DROP TABLE IF EXISTS `aim_user_login_ip_recode`;
/*!40101 SET @saved_cs_client     = @@character_set_client */;
/*!40101 SET character_set_client = utf8 */;
CREATE TABLE `aim_user_login_ip_recode` (
  `ip` varchar(20) NOT NULL DEFAULT '' COMMENT 'IP地址',
  `last_time` varchar(10) NOT NULL DEFAULT '' COMMENT '最后访问时间',
  `error_count` smallint(5) unsigned NOT NULL DEFAULT '0' COMMENT '错误次数',
  PRIMARY KEY (`ip`)
) ENGINE=MyISAM DEFAULT CHARSET=utf8 COMMENT='用户IP登录记录表-用户IP登录限制';
/*!40101 SET character_set_client = @saved_cs_client */;

--
-- Dumping data for table `aim_user_login_ip_recode`
--

LOCK TABLES `aim_user_login_ip_recode` WRITE;
/*!40000 ALTER TABLE `aim_user_login_ip_recode` DISABLE KEYS */;
/*!40000 ALTER TABLE `aim_user_login_ip_recode` ENABLE KEYS */;
UNLOCK TABLES;

--
-- Table structure for table `aim_user_mobile`
--

DROP TABLE IF EXISTS `aim_user_mobile`;
/*!40101 SET @saved_cs_client     = @@character_set_client */;
/*!40101 SET character_set_client = utf8 */;
CREATE TABLE `aim_user_mobile` (
  `uid` int(10) unsigned NOT NULL DEFAULT '0' COMMENT '用户uid',
  `mobile` bigint(11) unsigned NOT NULL DEFAULT '0' COMMENT '用户手机号码',
  PRIMARY KEY (`uid`),
  UNIQUE KEY `idx_mobile` (`mobile`)
) ENGINE=MyISAM DEFAULT CHARSET=utf8 COMMENT='用户手机验证表';
/*!40101 SET character_set_client = @saved_cs_client */;

--
-- Dumping data for table `aim_user_mobile`
--

LOCK TABLES `aim_user_mobile` WRITE;
/*!40000 ALTER TABLE `aim_user_mobile` DISABLE KEYS */;
/*!40000 ALTER TABLE `aim_user_mobile` ENABLE KEYS */;
UNLOCK TABLES;

--
-- Table structure for table `aim_user_mobile_verify`
--

DROP TABLE IF EXISTS `aim_user_mobile_verify`;
/*!40101 SET @saved_cs_client     = @@character_set_client */;
/*!40101 SET character_set_client = utf8 */;
CREATE TABLE `aim_user_mobile_verify` (
  `mobile` bigint(11) unsigned NOT NULL DEFAULT '0' COMMENT '用户手机号码',
  `code` smallint(5) unsigned NOT NULL DEFAULT '0' COMMENT '验证码',
  `expired_time` int(10) unsigned NOT NULL DEFAULT '0' COMMENT '过期时间',
  `number` tinyint(3) unsigned NOT NULL DEFAULT '0',
  `create_time` int(10) unsigned NOT NULL DEFAULT '0',
  PRIMARY KEY (`mobile`)
) ENGINE=MyISAM DEFAULT CHARSET=utf8 COMMENT='用户手机验证表';
/*!40101 SET character_set_client = @saved_cs_client */;

--
-- Dumping data for table `aim_user_mobile_verify`
--

LOCK TABLES `aim_user_mobile_verify` WRITE;
/*!40000 ALTER TABLE `aim_user_mobile_verify` DISABLE KEYS */;
/*!40000 ALTER TABLE `aim_user_mobile_verify` ENABLE KEYS */;
UNLOCK TABLES;

--
-- Table structure for table `aim_user_permission_groups`
--

DROP TABLE IF EXISTS `aim_user_permission_groups`;
/*!40101 SET @saved_cs_client     = @@character_set_client */;
/*!40101 SET character_set_client = utf8 */;
CREATE TABLE `aim_user_permission_groups` (
  `gid` mediumint(8) unsigned NOT NULL DEFAULT '0' COMMENT '用户组ID',
  `rkey` varchar(64) NOT NULL DEFAULT '' COMMENT '权限点',
  `rtype` enum('basic','system','systemforum') NOT NULL DEFAULT 'basic' COMMENT '权限类型',
  `rvalue` text COMMENT '权限值',
  `vtype` enum('string','array') NOT NULL DEFAULT 'string' COMMENT '权限值类型',
  PRIMARY KEY (`gid`,`rkey`)
) ENGINE=MyISAM DEFAULT CHARSET=utf8 COMMENT='用户组权限表';
/*!40101 SET character_set_client = @saved_cs_client */;

--
-- Dumping data for table `aim_user_permission_groups`
--

LOCK TABLES `aim_user_permission_groups` WRITE;
/*!40000 ALTER TABLE `aim_user_permission_groups` DISABLE KEYS */;
INSERT INTO `aim_user_permission_groups` VALUES (1,'allow_add_vote','basic','0','string'),(1,'allow_participate_vote','basic','0','string'),(1,'allow_view_vote','basic','0','string'),(1,'allow_visit','basic','1','string'),(1,'allow_report','basic','0','string'),(1,'view_ip_address','basic','0','string'),(1,'allow_publish_vedio','basic','0','string'),(1,'allow_publish_music','basic','0','string'),(1,'message_allow_send','basic','0','string'),(1,'message_max_send','basic','','string'),(1,'tag_allow_add','basic','0','string'),(1,'remind_open','basic','0','string'),(1,'remind_max_num','basic','','string'),(1,'invite_allow_buy','basic','0','string'),(1,'invite_buy_credit_num','basic','','string'),(1,'invite_limit_24h','basic','','string'),(1,'allow_read','basic','0','string'),(1,'allow_post','basic','0','string'),(1,'allow_reply','basic','0','string'),(1,'reply_locked_threads','basic','0','string'),(1,'allow_thread_extend','basic','','string'),(1,'post_check','basic','0','string'),(1,'threads_perday','basic','0','string'),(1,'thread_edit_time','basic','0','string'),(1,'post_pertime','basic','','string'),(1,'post_modify_time','basic','','string'),(1,'allow_upload','basic','0','string'),(1,'allow_download','basic','0','string'),(1,'uploads_perday','basic','','string'),(1,'sell_credits','basic','','string'),(1,'sell_credit_range','basic','a:2:{s:8:\"maxprice\";s:2:\"10\";s:9:\"maxincome\";s:3:\"100\";}','array'),(1,'enhide_credits','basic','','string'),(1,'allow_sign','basic','0','string'),(2,'allow_add_vote','basic','0','string'),(2,'allow_participate_vote','basic','0','string'),(2,'allow_view_vote','basic','0','string'),(2,'allow_visit','basic','1','string'),(2,'allow_report','basic','0','string'),(2,'view_ip_address','basic','0','string'),(2,'allow_publish_vedio','basic','0','string'),(2,'allow_publish_music','basic','0','string'),(2,'message_allow_send','basic','0','string'),(2,'message_max_send','basic','','string'),(2,'tag_allow_add','basic','0','string'),(2,'remind_open','basic','0','string'),(2,'remind_max_num','basic','','string'),(2,'invite_allow_buy','basic','0','string'),(2,'invite_buy_credit_num','basic','','string'),(2,'invite_limit_24h','basic','','string'),(2,'allow_read','basic','1','string'),(2,'allow_post','basic','0','string'),(2,'allow_reply','basic','0','string'),(2,'reply_locked_threads','basic','0','string'),(2,'allow_thread_extend','basic','','string'),(2,'post_check','basic','0','string'),(2,'threads_perday','basic','0','string'),(2,'thread_edit_time','basic','0','string'),(2,'post_pertime','basic','','string'),(2,'post_modify_time','basic','','string'),(2,'allow_upload','basic','0','string'),(2,'allow_download','basic','0','string'),(2,'uploads_perday','basic','','string'),(2,'sell_credits','basic','','string'),(2,'sell_credit_range','basic','a:2:{s:8:\"maxprice\";s:2:\"10\";s:9:\"maxincome\";s:3:\"100\";}','array'),(2,'enhide_credits','basic','','string'),(2,'allow_sign','basic','0','string'),(3,'allow_add_vote','basic','0','string'),(3,'allow_download','basic','2','string'),(3,'allow_hide','basic','1','string'),(3,'allow_participate_vote','basic','0','string'),(3,'allow_post','basic','1','string'),(3,'allow_publish_at','basic','1','string'),(3,'allow_publish_music','basic','1','string'),(3,'allow_publish_tag','basic','0','string'),(3,'allow_publish_vedio','basic','1','string'),(3,'allow_read','basic','1','string'),(3,'allow_reply','basic','1','string'),(3,'allow_report','basic','1','string'),(3,'allow_sign','basic','1','string'),(3,'allow_thread_extend','basic','a:2:{s:4:\"sell\";s:1:\"1\";s:4:\"hide\";s:1:\"1\";}','array'),(3,'allow_upload','basic','2','string'),(3,'allow_view_vote','basic','0','string'),(3,'allow_visit','basic','1','string'),(3,'allow_windcode','basic','1','string'),(3,'allow_windflash','basic','1','string'),(3,'allow_windheight','basic','0','string'),(3,'allow_windimg','basic','1','string'),(3,'content_length_range','basic','a:2:{s:3:\"min\";s:1:\"3\";s:3:\"max\";s:4:\"5000\";}','array'),(3,'design_allow_manage','system','a:1:{s:4:\"push\";s:1:\"4\";}','array'),(3,'enhide_credits','basic','a:3:{i:1;s:1:\"1\";i:2;s:1:\"2\";i:3;s:1:\"3\";}','array'),(3,'force_operate_reason','system','1','string'),(3,'invite_allow_buy','basic','1','string'),(3,'invite_buy_credit_num','basic','10','string'),(3,'invite_limit_24h','basic','1000','string'),(3,'login_types','basic','a:1:{s:8:\"username\";s:1:\"1\";}','array'),(3,'max_bookmarks','basic','2','string'),(3,'max_drafts','basic','0','string'),(3,'max_title_length','basic','50','string'),(3,'message_allow_send','basic','1','string'),(3,'message_max_send','basic','500','string'),(3,'multimedia_auto_open','basic','a:4:{s:5:\"flash\";s:1:\"1\";s:3:\"wmv\";s:1:\"1\";s:2:\"rm\";s:1:\"1\";s:3:\"mp3\";s:1:\"1\";}','array'),(3,'manage_level','system','100','string'),(3,'operate_thread','systemforum','a:18:{s:6:\"digest\";s:1:\"1\";s:9:\"highlight\";s:1:\"1\";s:4:\"type\";s:1:\"1\";s:4:\"move\";s:1:\"1\";s:4:\"read\";s:1:\"1\";s:4:\"edit\";s:1:\"1\";s:4:\"copy\";s:1:\"1\";s:6:\"delete\";s:1:\"1\";s:4:\"lock\";s:1:\"1\";s:4:\"down\";s:1:\"1\";s:6:\"shield\";s:1:\"1\";s:9:\"deleteatt\";s:1:\"1\";s:11:\"toppedreply\";s:1:\"1\";s:3:\"ban\";s:1:\"1\";s:2:\"up\";s:1:\"1\";s:7:\"up_time\";s:2:\"72\";s:6:\"topped\";s:1:\"1\";s:11:\"topped_type\";s:1:\"3\";}','array'),(3,'fresh_delete','system','1','string'),(3,'panel_bbs_manage','system','a:1:{s:12:\"thread_check\";s:1:\"1\";}','array'),(3,'panel_log_manage','system','a:1:{s:10:\"log_manage\";s:1:\"1\";}','array'),(3,'panel_recycle_manage','system','a:1:{s:7:\"recycle\";s:1:\"1\";}','array'),(3,'panel_report_manage','system','a:1:{s:13:\"report_manage\";s:1:\"1\";}','array'),(3,'panel_user_manage','system','a:1:{s:10:\"user_check\";s:1:\"1\";}','array'),(3,'password_limit_time','basic','11','string'),(3,'post_check','basic','2','string'),(3,'post_modify_time','basic','0','string'),(3,'post_pertime','basic','0','string'),(3,'post_url_num','basic','0','string'),(3,'remote_download','basic','1','string'),(3,'reply_locked_threads','basic','1','string'),(3,'sell_credits','basic','a:3:{i:1;s:1:\"1\";i:2;s:1:\"2\";i:3;s:1:\"3\";}','array'),(3,'sell_credit_range','basic','a:2:{s:8:\"maxprice\";s:2:\"10\";s:9:\"maxincome\";s:3:\"100\";}','array'),(3,'sign_cost','basic','a:2:{s:5:\"costs\";s:0:\"\";s:8:\"creditid\";s:1:\"1\";}','array'),(3,'tag_allow_add','basic','1','string'),(3,'tag_allow_edit','system','1','string'),(3,'tag_allow_manage','system','1','string'),(3,'threads_perday','basic','0','string'),(3,'thread_award','basic','1','string'),(3,'thread_delete','basic','0','string'),(3,'thread_edit_time','basic','0','string'),(3,'uploads_perday','basic','0','string'),(3,'upload_file_types','basic','0','string'),(3,'user_binding','basic','1','string'),(3,'view_group_permission','basic','a:1:{i:0;s:1:\"1\";}','array'),(3,'view_member_list','basic','0','string'),(3,'view_ip_address','basic','1','string'),(3,'remind_open','basic','1','string'),(3,'remind_max_num','basic','10','string'),(4,'allow_add_vote','basic','0','string'),(4,'allow_download','basic','2','string'),(4,'allow_hide','basic','0','string'),(4,'allow_participate_vote','basic','0','string'),(4,'allow_post','basic','1','string'),(4,'allow_publish_at','basic','0','string'),(4,'allow_publish_music','basic','1','string'),(4,'allow_publish_tag','basic','0','string'),(4,'allow_publish_vedio','basic','1','string'),(4,'allow_read','basic','1','string'),(4,'allow_reply','basic','1','string'),(4,'allow_report','basic','1','string'),(4,'allow_sign','basic','1','string'),(4,'allow_thread_extend','basic','a:2:{s:4:\"sell\";s:1:\"1\";s:4:\"hide\";s:1:\"1\";}','array'),(4,'allow_upload','basic','2','string'),(4,'allow_view_vote','basic','0','string'),(4,'allow_visit','basic','1','string'),(4,'allow_windcode','basic','0','string'),(4,'allow_windflash','basic','0','string'),(4,'allow_windheight','basic','0','string'),(4,'allow_windimg','basic','0','string'),(4,'content_length_range','basic','a:2:{s:3:\"min\";s:0:\"\";s:3:\"max\";s:0:\"\";}','array'),(4,'enhide_credits','basic','a:3:{i:1;s:1:\"1\";i:2;s:1:\"2\";i:3;s:1:\"3\";}','array'),(4,'force_operate_reason','system','1','string'),(4,'invite_allow_buy','basic','1','string'),(4,'invite_buy_credit_num','basic','10','string'),(4,'invite_limit_24h','basic','100','string'),(4,'login_types','basic','0','string'),(4,'max_bookmarks','basic','0','string'),(4,'max_drafts','basic','0','string'),(4,'max_title_length','basic','0','string'),(4,'message_allow_send','basic','1','string'),(4,'message_max_send','basic','300','string'),(4,'multimedia_auto_open','basic','0','string'),(4,'manage_level','system','99','string'),(4,'operate_thread','systemforum','a:18:{s:6:\"digest\";s:1:\"1\";s:9:\"highlight\";s:1:\"1\";s:4:\"type\";s:1:\"1\";s:4:\"move\";s:1:\"1\";s:4:\"read\";s:1:\"1\";s:4:\"edit\";s:1:\"1\";s:4:\"copy\";s:1:\"1\";s:6:\"delete\";s:1:\"1\";s:4:\"lock\";s:1:\"1\";s:4:\"down\";s:1:\"1\";s:6:\"shield\";s:1:\"1\";s:9:\"deleteatt\";s:1:\"1\";s:11:\"toppedreply\";s:1:\"1\";s:3:\"ban\";s:1:\"1\";s:2:\"up\";s:1:\"1\";s:7:\"up_time\";s:2:\"24\";s:6:\"topped\";s:1:\"1\";s:11:\"topped_type\";s:1:\"2\";}','array'),(4,'password_limit_time','basic','0','string'),(4,'post_check','basic','1','string'),(4,'post_modify_time','basic','0','string'),(4,'post_pertime','basic','0','string'),(4,'post_url_num','basic','0','string'),(4,'remote_download','basic','1','string'),(4,'reply_locked_threads','basic','1','string'),(4,'sell_credits','basic','a:3:{i:1;s:1:\"1\";i:2;s:1:\"2\";i:3;s:1:\"3\";}','array'),(4,'sell_credit_range','basic','a:2:{s:8:\"maxprice\";s:2:\"10\";s:9:\"maxincome\";s:3:\"100\";}','array'),(4,'sign_cost','basic','a:2:{s:5:\"costs\";s:0:\"\";s:8:\"creditid\";s:1:\"1\";}','array'),(4,'tag_allow_add','basic','1','string'),(4,'tag_allow_edit','system','1','string'),(4,'tag_allow_manage','system','1','string'),(4,'threads_perday','basic','0','string'),(4,'thread_award','basic','1','string'),(4,'thread_delete','basic','0','string'),(4,'thread_edit_time','basic','0','string'),(4,'uploads_perday','basic','0','string'),(4,'upload_file_types','basic','0','string'),(4,'user_binding','basic','0','string'),(4,'view_member_list','basic','0','string'),(4,'view_ip_address','basic','1','string'),(4,'remind_open','basic','1','string'),(4,'remind_max_num','basic','10','string'),(4,'fresh_delete','system','1','string'),(4,'design_allow_manage','system','a:1:{s:4:\"push\";s:1:\"4\";}','array'),(4,'panel_bbs_manage','system','a:1:{s:12:\"thread_check\";s:1:\"1\";}','array'),(4,'panel_user_manage','system','a:1:{s:10:\"user_check\";s:1:\"1\";}','array'),(4,'panel_report_manage','system','a:1:{s:13:\"report_manage\";s:1:\"1\";}','array'),(4,'panel_recycle_manage','system','a:1:{s:7:\"recycle\";s:1:\"1\";}','array'),(4,'panel_log_manage','system','a:1:{s:10:\"log_manage\";s:1:\"1\";}','array'),(5,'manage_level','system','98','string'),(5,'operate_thread','systemforum','a:18:{s:6:\"digest\";s:1:\"1\";s:9:\"highlight\";s:1:\"1\";s:4:\"type\";s:1:\"1\";s:4:\"move\";s:1:\"1\";s:4:\"read\";s:1:\"1\";s:4:\"edit\";s:1:\"1\";s:4:\"copy\";s:1:\"1\";s:6:\"delete\";s:1:\"1\";s:4:\"lock\";s:1:\"1\";s:4:\"down\";s:1:\"1\";s:6:\"shield\";s:1:\"1\";s:9:\"deleteatt\";s:1:\"1\";s:11:\"toppedreply\";s:1:\"1\";s:3:\"ban\";s:1:\"1\";s:2:\"up\";s:1:\"1\";s:7:\"up_time\";s:2:\"12\";s:6:\"topped\";s:1:\"1\";s:11:\"topped_type\";s:1:\"1\";}','array'),(5,'allow_add_vote','basic','0','string'),(5,'allow_download','basic','1','string'),(5,'allow_participate_vote','basic','0','string'),(5,'allow_post','basic','1','string'),(5,'allow_publish_at','basic','0','string'),(5,'allow_publish_music','basic','1','string'),(5,'allow_publish_tag','basic','0','string'),(5,'allow_publish_vedio','basic','1','string'),(5,'allow_read','basic','1','string'),(5,'allow_reply','basic','1','string'),(5,'allow_report','basic','1','string'),(5,'allow_sign','basic','1','string'),(5,'allow_thread_extend','basic','a:2:{s:4:\"sell\";s:1:\"1\";s:4:\"hide\";s:1:\"1\";}','array'),(5,'allow_upload','basic','1','string'),(5,'allow_view_vote','basic','0','string'),(5,'allow_visit','basic','1','string'),(5,'allow_windcode','basic','0','string'),(5,'allow_windflash','basic','0','string'),(5,'allow_windheight','basic','0','string'),(5,'allow_windimg','basic','0','string'),(5,'content_length_range','basic','a:2:{s:3:\"min\";s:0:\"\";s:3:\"max\";s:0:\"\";}','array'),(5,'enhide_credits','basic','a:3:{i:1;s:1:\"1\";i:2;s:1:\"2\";i:3;s:1:\"3\";}','array'),(5,'invite_allow_buy','basic','1','string'),(5,'invite_buy_credit_num','basic','10','string'),(5,'invite_limit_24h','basic','100','string'),(5,'max_title_length','basic','0','string'),(5,'message_allow_send','basic','1','string'),(5,'message_max_send','basic','300','string'),(5,'post_check','basic','2','string'),(5,'post_modify_time','basic','0','string'),(5,'post_pertime','basic','0','string'),(5,'post_url_num','basic','0','string'),(5,'remote_download','basic','0','string'),(5,'reply_locked_threads','basic','1','string'),(5,'sell_credits','basic','a:3:{i:1;s:1:\"1\";i:2;s:1:\"2\";i:3;s:1:\"3\";}','array'),(5,'sell_credit_range','basic','a:2:{s:8:\"maxprice\";s:2:\"10\";s:9:\"maxincome\";s:3:\"300\";}','array'),(5,'sign_cost','basic','a:2:{s:5:\"costs\";s:0:\"\";s:8:\"creditid\";s:1:\"1\";}','array'),(5,'tag_allow_add','basic','1','string'),(5,'tag_allow_edit','system','1','string'),(5,'tag_allow_manage','system','0','string'),(5,'threads_perday','basic','0','string'),(5,'thread_award','basic','0','string'),(5,'thread_edit_time','basic','0','string'),(5,'uploads_perday','basic','0','string'),(5,'upload_file_types','basic','0','string'),(5,'user_binding','basic','0','string'),(5,'view_ip_address','basic','1','string'),(5,'remind_open','basic','1','string'),(5,'remind_max_num','basic','30','string'),(5,'force_operate_reason','system','1','string'),(5,'fresh_delete','system','0','string'),(5,'design_allow_manage','system','a:1:{s:4:\"push\";s:1:\"1\";}','array'),(5,'panel_bbs_manage','system','a:1:{s:12:\"thread_check\";s:1:\"1\";}','array'),(5,'panel_user_manage','system','a:1:{s:10:\"user_check\";s:1:\"1\";}','array'),(5,'panel_report_manage','system','a:1:{s:13:\"report_manage\";s:1:\"1\";}','array'),(5,'panel_recycle_manage','system','a:1:{s:7:\"recycle\";s:1:\"1\";}','array'),(5,'panel_log_manage','system','','string'),(6,'allow_add_vote','basic','0','string'),(6,'allow_participate_vote','basic','0','string'),(6,'allow_view_vote','basic','0','string'),(6,'allow_visit','basic','1','string'),(6,'allow_report','basic','0','string'),(6,'view_ip_address','basic','0','string'),(6,'allow_publish_vedio','basic','0','string'),(6,'allow_publish_music','basic','0','string'),(6,'message_allow_send','basic','1','string'),(6,'message_max_send','basic','5','string'),(6,'tag_allow_add','basic','0','string'),(6,'remind_open','basic','0','string'),(6,'remind_max_num','basic','','string'),(6,'invite_allow_buy','basic','0','string'),(6,'invite_buy_credit_num','basic','','string'),(6,'invite_limit_24h','basic','','string'),(6,'allow_read','basic','1','string'),(6,'allow_post','basic','0','string'),(6,'allow_reply','basic','0','string'),(6,'reply_locked_threads','basic','0','string'),(6,'allow_thread_extend','basic','','string'),(6,'post_check','basic','0','string'),(6,'threads_perday','basic','0','string'),(6,'thread_edit_time','basic','0','string'),(6,'post_pertime','basic','','string'),(6,'post_modify_time','basic','','string'),(6,'allow_upload','basic','0','string'),(6,'allow_download','basic','0','string'),(6,'uploads_perday','basic','','string'),(6,'sell_credits','basic','','string'),(6,'sell_credit_range','basic','a:2:{s:8:\"maxprice\";s:2:\"10\";s:9:\"maxincome\";s:3:\"100\";}','array'),(6,'enhide_credits','basic','','string'),(6,'allow_sign','basic','0','string'),(7,'allow_add_vote','basic','0','string'),(7,'allow_download','basic','0','string'),(7,'allow_hide','basic','0','string'),(7,'allow_participate_vote','basic','0','string'),(7,'allow_post','basic','0','string'),(7,'allow_publish_at','basic','0','string'),(7,'allow_publish_music','basic','0','string'),(7,'allow_publish_tag','basic','0','string'),(7,'allow_publish_vedio','basic','0','string'),(7,'allow_read','basic','0','string'),(7,'allow_reply','basic','0','string'),(7,'allow_report','basic','0','string'),(7,'allow_sign','basic','0','string'),(7,'allow_thread_extend','basic','','string'),(7,'allow_upload','basic','0','string'),(7,'allow_view_vote','basic','0','string'),(7,'allow_visit','basic','0','string'),(7,'allow_windcode','basic','0','string'),(7,'allow_windflash','basic','0','string'),(7,'allow_windheight','basic','0','string'),(7,'allow_windimg','basic','0','string'),(7,'content_length_range','basic','a:2:{s:3:\"min\";s:0:\"\";s:3:\"max\";s:0:\"\";}','array'),(7,'enhide_credits','basic','','string'),(7,'invite_allow_buy','basic','0','string'),(7,'invite_buy_credit_num','basic','','string'),(7,'invite_limit_24h','basic','','string'),(7,'login_types','basic','0','string'),(7,'max_bookmarks','basic','0','string'),(7,'max_drafts','basic','0','string'),(7,'max_title_length','basic','0','string'),(7,'message_allow_send','basic','0','string'),(7,'message_max_send','basic','0','string'),(7,'multimedia_auto_open','basic','0','string'),(7,'password_limit_time','basic','0','string'),(7,'post_check','basic','0','string'),(7,'post_modify_time','basic','0','string'),(7,'post_pertime','basic','0','string'),(7,'post_url_num','basic','0','string'),(7,'remote_download','basic','0','string'),(7,'reply_locked_threads','basic','0','string'),(7,'sell_credits','basic','','string'),(7,'sell_credit_range','basic','a:2:{s:8:\"maxprice\";s:2:\"10\";s:9:\"maxincome\";s:3:\"100\";}','array'),(7,'sign_cost','basic','a:2:{s:5:\"costs\";s:0:\"\";s:8:\"creditid\";s:1:\"1\";}','array'),(7,'tag_allow_add','basic','0','string'),(7,'threads_perday','basic','0','string'),(7,'thread_award','basic','0','string'),(7,'thread_edit_time','basic','0','string'),(7,'uploads_perday','basic','0','string'),(7,'upload_file_types','basic','0','string'),(7,'user_binding','basic','0','string'),(7,'view_member_list','basic','0','string'),(7,'view_ip_address','basic','0','string'),(7,'remind_open','basic','0','string'),(7,'remind_max_num','basic','','string'),(8,'allow_add_vote','basic','0','string'),(8,'allow_download','basic','1','string'),(8,'allow_participate_vote','basic','0','string'),(8,'allow_post','basic','1','string'),(8,'allow_publish_at','basic','1','string'),(8,'allow_publish_music','basic','0','string'),(8,'allow_publish_tag','basic','0','string'),(8,'allow_publish_vedio','basic','0','string'),(8,'allow_read','basic','1','string'),(8,'allow_reply','basic','1','string'),(8,'allow_report','basic','1','string'),(8,'allow_sign','basic','0','string'),(8,'allow_thread_extend','basic','','string'),(8,'allow_upload','basic','1','string'),(8,'allow_view_vote','basic','0','string'),(8,'allow_visit','basic','1','string'),(8,'allow_windcode','basic','1','string'),(8,'allow_windflash','basic','0','string'),(8,'allow_windheight','basic','20','string'),(8,'allow_windimg','basic','0','string'),(8,'content_length_range','basic','a:2:{s:3:\"min\";s:1:\"5\";s:3:\"max\";s:3:\"100\";}','array'),(8,'enhide_credits','basic','','string'),(8,'invite_allow_buy','basic','1','string'),(8,'invite_buy_credit_num','basic','10','string'),(8,'invite_limit_24h','basic','10','string'),(8,'login_types','basic','a:1:{s:8:\"username\";s:1:\"1\";}','array'),(8,'max_title_length','basic','100','string'),(8,'message_allow_send','basic','1','string'),(8,'message_max_send','basic','10','string'),(8,'multimedia_auto_open','basic','a:4:{s:5:\"flash\";s:1:\"1\";s:3:\"wmv\";s:1:\"1\";s:2:\"rm\";s:1:\"1\";s:3:\"mp3\";s:1:\"1\";}','array'),(8,'post_check','basic','1','string'),(8,'post_modify_time','basic','60','string'),(8,'post_pertime','basic','3','string'),(8,'post_url_num','basic','0','string'),(8,'remote_download','basic','0','string'),(8,'reply_locked_threads','basic','0','string'),(8,'sell_credits','basic','','string'),(8,'sell_credit_range','basic','a:2:{s:8:\"maxprice\";s:2:\"10\";s:9:\"maxincome\";s:3:\"100\";}','array'),(8,'sign_cost','basic','a:2:{s:5:\"costs\";s:2:\"10\";s:8:\"creditid\";s:1:\"1\";}','array'),(8,'tag_allow_add','basic','0','string'),(8,'threads_perday','basic','0','string'),(8,'thread_award','basic','1','string'),(8,'thread_delete','basic','0','string'),(8,'thread_edit_time','basic','0','string'),(8,'uploads_perday','basic','30','string'),(8,'upload_file_types','basic','','string'),(8,'user_binding','basic','0','string'),(8,'view_ip_address','basic','0','string'),(8,'remind_open','basic','0','string'),(8,'remind_max_num','basic','','string'),(9,'allow_add_vote','basic','0','string'),(9,'allow_download','basic','1','string'),(9,'allow_participate_vote','basic','0','string'),(9,'allow_post','basic','1','string'),(9,'allow_publish_at','basic','1','string'),(9,'allow_publish_music','basic','1','string'),(9,'allow_publish_tag','basic','0','string'),(9,'allow_publish_vedio','basic','1','string'),(9,'allow_read','basic','1','string'),(9,'allow_reply','basic','1','string'),(9,'allow_report','basic','1','string'),(9,'allow_sign','basic','1','string'),(9,'allow_thread_extend','basic','a:2:{s:4:\"sell\";s:1:\"1\";s:4:\"hide\";s:1:\"1\";}','array'),(9,'allow_upload','basic','1','string'),(9,'allow_view_vote','basic','0','string'),(9,'allow_visit','basic','1','string'),(9,'allow_windcode','basic','1','string'),(9,'allow_windflash','basic','0','string'),(9,'allow_windheight','basic','20','string'),(9,'allow_windimg','basic','0','string'),(9,'content_length_range','basic','a:2:{s:3:\"min\";s:1:\"0\";s:3:\"max\";s:4:\"3000\";}','array'),(9,'enhide_credits','basic','','string'),(9,'invite_allow_buy','basic','1','string'),(9,'invite_buy_credit_num','basic','10','string'),(9,'invite_limit_24h','basic','10','string'),(9,'login_types','basic','a:1:{s:8:\"username\";s:1:\"1\";}','array'),(9,'max_title_length','basic','50','string'),(9,'message_allow_send','basic','1','string'),(9,'message_max_send','basic','10','string'),(9,'multimedia_auto_open','basic','a:4:{s:5:\"flash\";s:1:\"1\";s:3:\"wmv\";s:1:\"1\";s:2:\"rm\";s:1:\"1\";s:3:\"mp3\";s:1:\"1\";}','array'),(9,'post_check','basic','1','string'),(9,'post_modify_time','basic','60','string'),(9,'post_pertime','basic','3','string'),(9,'post_url_num','basic','0','string'),(9,'remote_download','basic','0','string'),(9,'reply_locked_threads','basic','0','string'),(9,'sell_credits','basic','a:1:{i:1;s:1:\"1\";}','array'),(9,'sell_credit_range','basic','a:2:{s:8:\"maxprice\";s:2:\"10\";s:9:\"maxincome\";s:3:\"100\";}','array'),(9,'sign_cost','basic','a:2:{s:5:\"costs\";s:2:\"10\";s:8:\"creditid\";s:1:\"1\";}','array'),(9,'tag_allow_add','basic','0','string'),(9,'threads_perday','basic','0','string'),(9,'thread_award','basic','1','string'),(9,'thread_delete','basic','0','string'),(9,'thread_edit_time','basic','0','string'),(9,'uploads_perday','basic','30','string'),(9,'upload_file_types','basic','','string'),(9,'user_binding','basic','1','string'),(9,'view_ip_address','basic','0','string'),(9,'remind_open','basic','1','string'),(9,'remind_max_num','basic','3','string'),(10,'allow_add_vote','basic','0','string'),(10,'allow_download','basic','1','string'),(10,'allow_participate_vote','basic','0','string'),(10,'allow_post','basic','1','string'),(10,'allow_publish_at','basic','0','string'),(10,'allow_publish_music','basic','1','string'),(10,'allow_publish_tag','basic','0','string'),(10,'allow_publish_vedio','basic','1','string'),(10,'allow_read','basic','1','string'),(10,'allow_reply','basic','1','string'),(10,'allow_report','basic','1','string'),(10,'allow_sign','basic','1','string'),(10,'allow_thread_extend','basic','a:2:{s:4:\"sell\";s:1:\"1\";s:4:\"hide\";s:1:\"1\";}','array'),(10,'allow_upload','basic','1','string'),(10,'allow_view_vote','basic','0','string'),(10,'allow_visit','basic','1','string'),(10,'allow_windcode','basic','1','string'),(10,'allow_windflash','basic','1','string'),(10,'allow_windheight','basic','10','string'),(10,'allow_windimg','basic','1','string'),(10,'content_length_range','basic','a:2:{s:3:\"min\";s:2:\"10\";s:3:\"max\";s:3:\"200\";}','array'),(10,'enhide_credits','basic','','string'),(10,'invite_allow_buy','basic','1','string'),(10,'invite_buy_credit_num','basic','10','string'),(10,'invite_limit_24h','basic','100','string'),(10,'login_types','basic','0','string'),(10,'max_title_length','basic','0','string'),(10,'message_allow_send','basic','1','string'),(10,'message_max_send','basic','10','string'),(10,'multimedia_auto_open','basic','0','string'),(10,'post_check','basic','2','string'),(10,'post_modify_time','basic','60','string'),(10,'post_pertime','basic','3','string'),(10,'post_url_num','basic','10','string'),(10,'remote_download','basic','0','string'),(10,'reply_locked_threads','basic','0','string'),(10,'sell_credits','basic','a:1:{i:1;s:1:\"1\";}','array'),(10,'sell_credit_range','basic','a:2:{s:8:\"maxprice\";s:2:\"10\";s:9:\"maxincome\";s:3:\"100\";}','array'),(10,'sign_cost','basic','a:2:{s:5:\"costs\";s:2:\"10\";s:8:\"creditid\";s:1:\"1\";}','array'),(10,'tag_allow_add','basic','0','string'),(10,'threads_perday','basic','0','string'),(10,'thread_award','basic','0','string'),(10,'thread_delete','basic','0','string'),(10,'thread_edit_time','basic','0','string'),(10,'uploads_perday','basic','50','string'),(10,'upload_file_types','basic','0','string'),(10,'user_binding','basic','0','string'),(10,'view_ip_address','basic','0','string'),(10,'remind_open','basic','1','string'),(10,'remind_max_num','basic','5','string'),(11,'uploads_perday','basic','100','string'),(11,'allow_thread_extend','basic','a:2:{s:4:\"sell\";s:1:\"1\";s:4:\"hide\";s:1:\"1\";}','array'),(11,'allow_add_vote','basic','0','string'),(11,'allow_hide','basic','1','string'),(11,'allow_participate_vote','basic','0','string'),(11,'allow_publish_at','basic','0','string'),(11,'allow_publish_music','basic','1','string'),(11,'allow_publish_tag','basic','1','string'),(11,'allow_publish_vedio','basic','1','string'),(11,'allow_read','basic','1','string'),(11,'allow_report','basic','1','string'),(11,'allow_view_vote','basic','0','string'),(11,'allow_visit','basic','1','string'),(11,'content_length_range','basic','a:2:{s:3:\"min\";s:0:\"\";s:3:\"max\";s:0:\"\";}','array'),(11,'invite_allow_buy','basic','1','string'),(11,'invite_buy_credit_num','basic','10','string'),(11,'invite_limit_24h','basic','100','string'),(11,'max_bookmarks','basic','0','string'),(11,'max_drafts','basic','0','string'),(11,'max_title_length','basic','0','string'),(11,'message_allow_send','basic','1','string'),(11,'message_max_send','basic','50','string'),(11,'panel_bbs_manage','basic','a:1:{i:0;s:12:\"thread_check\";}','array'),(11,'panel_log_manage','basic','a:1:{i:0;s:10:\"log_manage\";}','array'),(11,'panel_recycle_manage','basic','a:1:{i:0;s:7:\"recycle\";}','array'),(11,'panel_report_manage','basic','a:1:{i:0;s:13:\"report_manage\";}','array'),(11,'panel_user_manage','basic','a:1:{i:0;s:10:\"user_check\";}','array'),(11,'password_limit_time','basic','0','string'),(11,'tag_allow_add','basic','0','string'),(11,'tag_allow_edit','basic','1','string'),(11,'tag_allow_manage','basic','1','string'),(11,'user_binding','basic','1','string'),(11,'view_group_permission','basic','a:3:{i:0;s:1:\"1\";i:1;s:1:\"2\";i:2;s:1:\"3\";}','array'),(11,'view_member_list','basic','1','string'),(11,'sell_credit_range','basic','a:2:{s:8:\"maxprice\";s:2:\"10\";s:9:\"maxincome\";s:3:\"100\";}','array'),(11,'allow_sign','basic','1','string'),(11,'view_ip_address','basic','0','string'),(11,'remind_open','basic','1','string'),(11,'remind_max_num','basic','7','string'),(11,'allow_post','basic','1','string'),(11,'allow_reply','basic','1','string'),(11,'reply_locked_threads','basic','0','string'),(11,'post_check','basic','1','string'),(11,'threads_perday','basic','','string'),(11,'thread_edit_time','basic','0','string'),(11,'post_pertime','basic','3','string'),(11,'post_modify_time','basic','60','string'),(11,'allow_upload','basic','1','string'),(11,'allow_download','basic','1','string'),(11,'sell_credits','basic','a:2:{i:1;s:1:\"1\";i:2;s:1:\"2\";}','array'),(11,'enhide_credits','basic','a:2:{i:1;s:1:\"1\";i:2;s:1:\"2\";}','array'),(12,'allow_add_vote','basic','0','string'),(12,'allow_participate_vote','basic','0','string'),(12,'allow_view_vote','basic','0','string'),(12,'uploads_perday','basic','200','string'),(12,'sell_credit_range','basic','a:2:{s:8:\"maxprice\";s:2:\"10\";s:9:\"maxincome\";s:3:\"300\";}','array'),(12,'allow_thread_extend','basic','a:2:{s:4:\"sell\";s:1:\"1\";s:4:\"hide\";s:1:\"1\";}','array'),(12,'allow_visit','basic','1','string'),(12,'allow_report','basic','1','string'),(12,'view_ip_address','basic','0','string'),(12,'allow_publish_vedio','basic','1','string'),(12,'allow_publish_music','basic','1','string'),(12,'message_allow_send','basic','1','string'),(12,'message_max_send','basic','100','string'),(12,'tag_allow_add','basic','0','string'),(12,'remind_open','basic','1','string'),(12,'remind_max_num','basic','10','string'),(12,'invite_allow_buy','basic','1','string'),(12,'invite_buy_credit_num','basic','10','string'),(12,'invite_limit_24h','basic','100','string'),(12,'allow_read','basic','1','string'),(12,'allow_post','basic','1','string'),(12,'allow_reply','basic','1','string'),(12,'reply_locked_threads','basic','0','string'),(12,'post_check','basic','1','string'),(12,'threads_perday','basic','0','string'),(12,'thread_edit_time','basic','0','string'),(12,'post_pertime','basic','3','string'),(12,'post_modify_time','basic','60','string'),(12,'allow_upload','basic','1','string'),(12,'allow_download','basic','1','string'),(12,'sell_credits','basic','a:3:{i:1;s:1:\"1\";i:2;s:1:\"2\";i:3;s:1:\"3\";}','array'),(12,'enhide_credits','basic','a:3:{i:1;s:1:\"1\";i:2;s:1:\"2\";i:3;s:1:\"3\";}','array'),(12,'allow_sign','basic','1','string'),(13,'allow_add_vote','basic','0','string'),(13,'allow_download','basic','1','string'),(13,'allow_participate_vote','basic','0','string'),(13,'allow_post','basic','1','string'),(13,'allow_publish_at','basic','0','string'),(13,'allow_publish_music','basic','1','string'),(13,'allow_publish_tag','basic','0','string'),(13,'allow_publish_vedio','basic','1','string'),(13,'allow_read','basic','1','string'),(13,'allow_reply','basic','1','string'),(13,'allow_report','basic','1','string'),(13,'allow_sign','basic','1','string'),(13,'allow_thread_extend','basic','a:2:{s:4:\"sell\";s:1:\"1\";s:4:\"hide\";s:1:\"1\";}','array'),(13,'allow_upload','basic','1','string'),(13,'allow_view_vote','basic','0','string'),(13,'allow_visit','basic','1','string'),(13,'allow_windcode','basic','0','string'),(13,'allow_windflash','basic','0','string'),(13,'allow_windheight','basic','0','string'),(13,'allow_windimg','basic','0','string'),(13,'content_length_range','basic','a:2:{s:3:\"min\";s:0:\"\";s:3:\"max\";s:0:\"\";}','array'),(13,'enhide_credits','basic','a:3:{i:1;s:1:\"1\";i:2;s:1:\"2\";i:3;s:1:\"3\";}','array'),(13,'invite_allow_buy','basic','1','string'),(13,'invite_buy_credit_num','basic','10','string'),(13,'invite_limit_24h','basic','150','string'),(13,'max_title_length','basic','0','string'),(13,'message_allow_send','basic','1','string'),(13,'message_max_send','basic','0','string'),(13,'post_check','basic','1','string'),(13,'post_modify_time','basic','60','string'),(13,'post_pertime','basic','3','string'),(13,'post_url_num','basic','0','string'),(13,'remote_download','basic','0','string'),(13,'reply_locked_threads','basic','0','string'),(13,'sell_credits','basic','a:3:{i:1;s:1:\"1\";i:2;s:1:\"2\";i:3;s:1:\"3\";}','array'),(13,'sell_credit_range','basic','a:2:{s:8:\"maxprice\";s:2:\"10\";s:9:\"maxincome\";s:3:\"400\";}','array'),(13,'sign_cost','basic','a:2:{s:5:\"costs\";s:0:\"\";s:8:\"creditid\";s:1:\"1\";}','array'),(13,'tag_allow_add','basic','0','string'),(13,'threads_perday','basic','0','string'),(13,'thread_award','basic','0','string'),(13,'thread_edit_time','basic','0','string'),(13,'uploads_perday','basic','300','string'),(13,'upload_file_types','basic','0','string'),(13,'user_binding','basic','0','string'),(13,'view_ip_address','basic','0','string'),(13,'remind_open','basic','1','string'),(13,'remind_max_num','basic','15','string'),(14,'allow_add_vote','basic','0','string'),(14,'allow_participate_vote','basic','0','string'),(14,'allow_publish_at','basic','0','string'),(14,'allow_publish_music','basic','1','string'),(14,'allow_publish_tag','basic','0','string'),(14,'allow_publish_vedio','basic','1','string'),(14,'allow_report','basic','1','string'),(14,'allow_view_vote','basic','0','string'),(14,'allow_visit','basic','1','string'),(14,'content_length_range','basic','a:2:{s:3:\"min\";s:0:\"\";s:3:\"max\";s:0:\"\";}','array'),(14,'invite_allow_buy','basic','1','string'),(14,'invite_buy_credit_num','basic','10','string'),(14,'invite_limit_24h','basic','200','string'),(14,'max_title_length','basic','0','string'),(14,'message_allow_send','basic','1','string'),(14,'message_max_send','basic','200','string'),(14,'tag_allow_add','basic','1','string'),(14,'user_binding','basic','0','string'),(14,'uploads_perday','basic','400','string'),(14,'sell_credit_range','basic','a:2:{s:8:\"maxprice\";s:2:\"10\";s:9:\"maxincome\";s:3:\"500\";}','array'),(14,'allow_thread_extend','basic','a:2:{s:4:\"sell\";s:1:\"1\";s:4:\"hide\";s:1:\"1\";}','array'),(14,'view_ip_address','basic','0','string'),(14,'remind_open','basic','1','string'),(14,'remind_max_num','basic','20','string'),(14,'allow_read','basic','1','string'),(14,'allow_post','basic','1','string'),(14,'allow_reply','basic','1','string'),(14,'reply_locked_threads','basic','0','string'),(14,'post_check','basic','1','string'),(14,'threads_perday','basic','0','string'),(14,'thread_edit_time','basic','0','string'),(14,'post_pertime','basic','3','string'),(14,'post_modify_time','basic','60','string'),(14,'allow_upload','basic','1','string'),(14,'allow_download','basic','1','string'),(14,'sell_credits','basic','a:3:{i:1;s:1:\"1\";i:2;s:1:\"2\";i:3;s:1:\"3\";}','array'),(14,'enhide_credits','basic','a:3:{i:1;s:1:\"1\";i:2;s:1:\"2\";i:3;s:1:\"3\";}','array'),(14,'allow_sign','basic','1','string'),(15,'allow_add_vote','basic','0','string'),(15,'allow_participate_vote','basic','0','string'),(15,'allow_publish_at','basic','0','string'),(15,'allow_publish_music','basic','1','string'),(15,'allow_publish_tag','basic','0','string'),(15,'allow_publish_vedio','basic','1','string'),(15,'allow_report','basic','1','string'),(15,'allow_view_vote','basic','0','string'),(15,'allow_visit','basic','1','string'),(15,'content_length_range','basic','a:2:{s:3:\"min\";s:0:\"\";s:3:\"max\";s:0:\"\";}','array'),(15,'invite_allow_buy','basic','1','string'),(15,'invite_buy_credit_num','basic','10','string'),(15,'invite_limit_24h','basic','300','string'),(15,'max_title_length','basic','0','string'),(15,'message_allow_send','basic','1','string'),(15,'message_max_send','basic','300','string'),(15,'tag_allow_add','basic','0','string'),(15,'user_binding','basic','0','string'),(15,'uploads_perday','basic','500','string'),(15,'sell_credit_range','basic','a:2:{s:8:\"maxprice\";s:2:\"10\";s:9:\"maxincome\";s:3:\"600\";}','array'),(15,'allow_thread_extend','basic','a:2:{s:4:\"sell\";s:1:\"1\";s:4:\"hide\";s:1:\"1\";}','array'),(15,'view_ip_address','basic','0','string'),(15,'remind_open','basic','1','string'),(15,'remind_max_num','basic','30','string'),(15,'allow_read','basic','1','string'),(15,'allow_post','basic','1','string'),(15,'allow_reply','basic','1','string'),(15,'reply_locked_threads','basic','0','string'),(15,'post_check','basic','1','string'),(15,'threads_perday','basic','0','string'),(15,'thread_edit_time','basic','0','string'),(15,'post_pertime','basic','3','string'),(15,'post_modify_time','basic','60','string'),(15,'allow_upload','basic','1','string'),(15,'allow_download','basic','1','string'),(15,'sell_credits','basic','a:3:{i:1;s:1:\"1\";i:2;s:1:\"2\";i:3;s:1:\"3\";}','array'),(15,'enhide_credits','basic','a:3:{i:1;s:1:\"1\";i:2;s:1:\"2\";i:3;s:1:\"3\";}','array'),(15,'allow_sign','basic','1','string'),(1,'look_thread_log','basic','0','string'),(1,'sign_max_height','basic','','string'),(1,'sign_max_length','basic','','string'),(1,'sign_ubb','basic','0','string'),(1,'sign_ubb_img','basic','0','string');
/*!40000 ALTER TABLE `aim_user_permission_groups` ENABLE KEYS */;
UNLOCK TABLES;

--
-- Table structure for table `aim_user_register_check`
--

DROP TABLE IF EXISTS `aim_user_register_check`;
/*!40101 SET @saved_cs_client     = @@character_set_client */;
/*!40101 SET character_set_client = utf8 */;
CREATE TABLE `aim_user_register_check` (
  `uid` int(10) unsigned NOT NULL DEFAULT '0' COMMENT '用户ID',
  `ifchecked` tinyint(1) NOT NULL DEFAULT '1' COMMENT '是否已经审核',
  `ifactived` tinyint(1) NOT NULL DEFAULT '1' COMMENT '是否已经激活',
  PRIMARY KEY (`uid`)
) ENGINE=MyISAM DEFAULT CHARSET=utf8 COMMENT='用户注册审核记录表';
/*!40101 SET character_set_client = @saved_cs_client */;

--
-- Dumping data for table `aim_user_register_check`
--

LOCK TABLES `aim_user_register_check` WRITE;
/*!40000 ALTER TABLE `aim_user_register_check` DISABLE KEYS */;
INSERT INTO `aim_user_register_check` VALUES (11,1,1),(12,1,1),(13,1,1),(14,1,1),(15,1,1),(16,1,1),(17,1,1),(18,1,1),(19,1,0),(20,1,1),(21,1,1);
/*!40000 ALTER TABLE `aim_user_register_check` ENABLE KEYS */;
UNLOCK TABLES;

--
-- Table structure for table `aim_user_register_ip`
--

DROP TABLE IF EXISTS `aim_user_register_ip`;
/*!40101 SET @saved_cs_client     = @@character_set_client */;
/*!40101 SET character_set_client = utf8 */;
CREATE TABLE `aim_user_register_ip` (
  `ip` varchar(20) NOT NULL DEFAULT '' COMMENT 'IP地址',
  `last_regdate` int(10) unsigned NOT NULL DEFAULT '0' COMMENT '最后注册时间',
  `num` int(10) unsigned NOT NULL DEFAULT '0' COMMENT '次数',
  PRIMARY KEY (`ip`)
) ENGINE=MyISAM DEFAULT CHARSET=utf8 COMMENT='登录的IP统计表';
/*!40101 SET character_set_client = @saved_cs_client */;

--
-- Dumping data for table `aim_user_register_ip`
--

LOCK TABLES `aim_user_register_ip` WRITE;
/*!40000 ALTER TABLE `aim_user_register_ip` DISABLE KEYS */;
/*!40000 ALTER TABLE `aim_user_register_ip` ENABLE KEYS */;
UNLOCK TABLES;

--
-- Table structure for table `aim_user_tag`
--

DROP TABLE IF EXISTS `aim_user_tag`;
/*!40101 SET @saved_cs_client     = @@character_set_client */;
/*!40101 SET character_set_client = utf8 */;
CREATE TABLE `aim_user_tag` (
  `tag_id` int(10) unsigned NOT NULL AUTO_INCREMENT COMMENT '个性标签ID',
  `name` varchar(20) NOT NULL DEFAULT '' COMMENT '个性标签名字',
  `ifhot` tinyint(1) unsigned NOT NULL DEFAULT '0' COMMENT '是否是热门标签',
  `used_count` int(10) unsigned NOT NULL DEFAULT '0' COMMENT '被使用次数',
  PRIMARY KEY (`tag_id`),
  UNIQUE KEY `idx_name` (`name`),
  KEY `idx_usedcount` (`used_count`)
) ENGINE=MyISAM DEFAULT CHARSET=utf8 COMMENT='用户个人标签基本信息表';
/*!40101 SET character_set_client = @saved_cs_client */;

--
-- Dumping data for table `aim_user_tag`
--

LOCK TABLES `aim_user_tag` WRITE;
/*!40000 ALTER TABLE `aim_user_tag` DISABLE KEYS */;
/*!40000 ALTER TABLE `aim_user_tag` ENABLE KEYS */;
UNLOCK TABLES;

--
-- Table structure for table `aim_user_tag_relation`
--

DROP TABLE IF EXISTS `aim_user_tag_relation`;
/*!40101 SET @saved_cs_client     = @@character_set_client */;
/*!40101 SET character_set_client = utf8 */;
CREATE TABLE `aim_user_tag_relation` (
  `tag_id` int(10) unsigned NOT NULL COMMENT '个性标签ID',
  `uid` int(10) unsigned NOT NULL DEFAULT '0' COMMENT '用户ID',
  `created_time` int(10) unsigned NOT NULL DEFAULT '0' COMMENT '创建时间',
  PRIMARY KEY (`uid`,`tag_id`),
  KEY `idx_createdtime` (`created_time`)
) ENGINE=MyISAM DEFAULT CHARSET=utf8 COMMENT='用户个人标签与用户的关系表';
/*!40101 SET character_set_client = @saved_cs_client */;

--
-- Dumping data for table `aim_user_tag_relation`
--

LOCK TABLES `aim_user_tag_relation` WRITE;
/*!40000 ALTER TABLE `aim_user_tag_relation` DISABLE KEYS */;
/*!40000 ALTER TABLE `aim_user_tag_relation` ENABLE KEYS */;
UNLOCK TABLES;

--
-- Table structure for table `aim_user_work`
--

DROP TABLE IF EXISTS `aim_user_work`;
/*!40101 SET @saved_cs_client     = @@character_set_client */;
/*!40101 SET character_set_client = utf8 */;
CREATE TABLE `aim_user_work` (
  `id` int(10) unsigned NOT NULL AUTO_INCREMENT,
  `uid` int(10) unsigned NOT NULL DEFAULT '0' COMMENT '用户ID',
  `company` varchar(100) NOT NULL DEFAULT '' COMMENT '公司名字',
  `starty` smallint(4) NOT NULL DEFAULT '0' COMMENT '开始年份',
  `endy` smallint(4) NOT NULL DEFAULT '0' COMMENT '结束年份',
  `startm` tinyint(2) NOT NULL DEFAULT '0' COMMENT '开始月份',
  `endm` tinyint(2) NOT NULL DEFAULT '0' COMMENT '结束月份',
  `zhiwei` char(50) DEFAULT NULL,
  `jingyan` char(100) DEFAULT NULL,
  PRIMARY KEY (`id`),
  KEY `idx_uid_starty_startm` (`uid`,`starty`,`startm`)
) ENGINE=MyISAM AUTO_INCREMENT=3 DEFAULT CHARSET=utf8 COMMENT='用户工作经历表';
/*!40101 SET character_set_client = @saved_cs_client */;

--
-- Dumping data for table `aim_user_work`
--

LOCK TABLES `aim_user_work` WRITE;
/*!40000 ALTER TABLE `aim_user_work` DISABLE KEYS */;
INSERT INTO `aim_user_work` VALUES (1,1,'盛大网络',1996,0,12,0,'总监','传奇'),(2,1,'网易',2001,0,11,0,'市场总监','大话西游2');
/*!40000 ALTER TABLE `aim_user_work` ENABLE KEYS */;
UNLOCK TABLES;

--
-- Table structure for table `aim_weibo`
--

DROP TABLE IF EXISTS `aim_weibo`;
/*!40101 SET @saved_cs_client     = @@character_set_client */;
/*!40101 SET character_set_client = utf8 */;
CREATE TABLE `aim_weibo` (
  `weibo_id` int(10) unsigned NOT NULL AUTO_INCREMENT,
  `src_id` int(10) unsigned NOT NULL DEFAULT '0',
  `content` text,
  `type` tinyint(3) unsigned NOT NULL DEFAULT '0',
  `comments` mediumint(8) unsigned NOT NULL DEFAULT '0',
  `extra` text,
  `like_count` mediumint(8) unsigned NOT NULL DEFAULT '0',
  `created_userid` int(10) unsigned NOT NULL DEFAULT '0',
  `created_username` varchar(15) NOT NULL DEFAULT '',
  `created_time` int(10) unsigned NOT NULL DEFAULT '0',
  PRIMARY KEY (`weibo_id`)
) ENGINE=MyISAM AUTO_INCREMENT=3 DEFAULT CHARSET=utf8 COMMENT='微薄表';
/*!40101 SET character_set_client = @saved_cs_client */;

--
-- Dumping data for table `aim_weibo`
--

LOCK TABLES `aim_weibo` WRITE;
/*!40000 ALTER TABLE `aim_weibo` DISABLE KEYS */;
INSERT INTO `aim_weibo` VALUES (1,0,'我很喜欢这个帖子，大家都来看看吧！[url=http://121.199.53.162/read.php?tid=83&fid=2]dnf罗斯特宠物属性[/url]',2,0,NULL,0,11,'筱筱太子妃',1372321445),(2,0,'我很喜欢这个帖子，大家都来看看吧！[url=http://121.199.53.162/read.php?tid=88&fid=2]宠物一天吃几个粮食？[/url]',2,0,NULL,0,1,'admin',1372398003);
/*!40000 ALTER TABLE `aim_weibo` ENABLE KEYS */;
UNLOCK TABLES;

--
-- Table structure for table `aim_weibo_comment`
--

DROP TABLE IF EXISTS `aim_weibo_comment`;
/*!40101 SET @saved_cs_client     = @@character_set_client */;
/*!40101 SET character_set_client = utf8 */;
CREATE TABLE `aim_weibo_comment` (
  `comment_id` int(10) unsigned NOT NULL AUTO_INCREMENT,
  `weibo_id` int(10) unsigned NOT NULL DEFAULT '0',
  `content` text,
  `extra` text,
  `created_userid` int(10) unsigned NOT NULL DEFAULT '0',
  `created_username` varchar(15) NOT NULL DEFAULT '',
  `created_time` int(10) unsigned NOT NULL DEFAULT '0',
  PRIMARY KEY (`comment_id`),
  KEY `idx_weiboid_createdtime` (`weibo_id`,`created_time`)
) ENGINE=MyISAM DEFAULT CHARSET=utf8 COMMENT='微薄评论表';
/*!40101 SET character_set_client = @saved_cs_client */;

--
-- Dumping data for table `aim_weibo_comment`
--

LOCK TABLES `aim_weibo_comment` WRITE;
/*!40000 ALTER TABLE `aim_weibo_comment` DISABLE KEYS */;
/*!40000 ALTER TABLE `aim_weibo_comment` ENABLE KEYS */;
UNLOCK TABLES;

--
-- Table structure for table `aim_windid_admin_auth`
--

DROP TABLE IF EXISTS `aim_windid_admin_auth`;
/*!40101 SET @saved_cs_client     = @@character_set_client */;
/*!40101 SET character_set_client = utf8 */;
CREATE TABLE `aim_windid_admin_auth` (
  `id` smallint(6) NOT NULL AUTO_INCREMENT,
  `uid` int(10) NOT NULL DEFAULT '0' COMMENT '用户ID',
  `username` varchar(15) NOT NULL DEFAULT '' COMMENT '用户名',
  `roles` varchar(255) NOT NULL DEFAULT '' COMMENT '角色',
  `created_time` int(10) unsigned NOT NULL DEFAULT '0' COMMENT '创建时间',
  `modified_time` int(10) unsigned NOT NULL DEFAULT '0' COMMENT '最后修改时间',
  PRIMARY KEY (`id`),
  KEY `idx_uid` (`uid`)
) ENGINE=MyISAM DEFAULT CHARSET=utf8 COMMENT='用户权限角色表';
/*!40101 SET character_set_client = @saved_cs_client */;

--
-- Dumping data for table `aim_windid_admin_auth`
--

LOCK TABLES `aim_windid_admin_auth` WRITE;
/*!40000 ALTER TABLE `aim_windid_admin_auth` DISABLE KEYS */;
/*!40000 ALTER TABLE `aim_windid_admin_auth` ENABLE KEYS */;
UNLOCK TABLES;

--
-- Table structure for table `aim_windid_admin_config`
--

DROP TABLE IF EXISTS `aim_windid_admin_config`;
/*!40101 SET @saved_cs_client     = @@character_set_client */;
/*!40101 SET character_set_client = utf8 */;
CREATE TABLE `aim_windid_admin_config` (
  `name` varchar(30) NOT NULL DEFAULT '' COMMENT '配置名称',
  `namespace` varchar(15) NOT NULL DEFAULT 'global' COMMENT '配置命名空间',
  `value` text COMMENT '缓存值',
  `vtype` enum('string','array','object') NOT NULL DEFAULT 'string' COMMENT '配置值类型',
  `description` text COMMENT '配置介绍',
  PRIMARY KEY (`namespace`,`name`)
) ENGINE=MyISAM DEFAULT CHARSET=utf8 COMMENT='网站配置表';
/*!40101 SET character_set_client = @saved_cs_client */;

--
-- Dumping data for table `aim_windid_admin_config`
--

LOCK TABLES `aim_windid_admin_config` WRITE;
/*!40000 ALTER TABLE `aim_windid_admin_config` DISABLE KEYS */;
/*!40000 ALTER TABLE `aim_windid_admin_config` ENABLE KEYS */;
UNLOCK TABLES;

--
-- Table structure for table `aim_windid_admin_custom`
--

DROP TABLE IF EXISTS `aim_windid_admin_custom`;
/*!40101 SET @saved_cs_client     = @@character_set_client */;
/*!40101 SET character_set_client = utf8 */;
CREATE TABLE `aim_windid_admin_custom` (
  `username` varchar(15) NOT NULL,
  `custom` text COMMENT '常用菜单项',
  PRIMARY KEY (`username`)
) ENGINE=MyISAM DEFAULT CHARSET=utf8 COMMENT='后台常用菜单表';
/*!40101 SET character_set_client = @saved_cs_client */;

--
-- Dumping data for table `aim_windid_admin_custom`
--

LOCK TABLES `aim_windid_admin_custom` WRITE;
/*!40000 ALTER TABLE `aim_windid_admin_custom` DISABLE KEYS */;
/*!40000 ALTER TABLE `aim_windid_admin_custom` ENABLE KEYS */;
UNLOCK TABLES;

--
-- Table structure for table `aim_windid_admin_role`
--

DROP TABLE IF EXISTS `aim_windid_admin_role`;
/*!40101 SET @saved_cs_client     = @@character_set_client */;
/*!40101 SET character_set_client = utf8 */;
CREATE TABLE `aim_windid_admin_role` (
  `id` smallint(6) NOT NULL AUTO_INCREMENT,
  `name` varchar(15) NOT NULL DEFAULT '' COMMENT '角色名',
  `auths` text COMMENT '权限点',
  `created_time` int(10) unsigned NOT NULL DEFAULT '0' COMMENT '创建时间',
  `modified_time` int(10) unsigned NOT NULL DEFAULT '0' COMMENT '最后修改时间',
  PRIMARY KEY (`id`),
  KEY `idx_name` (`name`)
) ENGINE=MyISAM DEFAULT CHARSET=utf8 COMMENT='后台用户角色表';
/*!40101 SET character_set_client = @saved_cs_client */;

--
-- Dumping data for table `aim_windid_admin_role`
--

LOCK TABLES `aim_windid_admin_role` WRITE;
/*!40000 ALTER TABLE `aim_windid_admin_role` DISABLE KEYS */;
/*!40000 ALTER TABLE `aim_windid_admin_role` ENABLE KEYS */;
UNLOCK TABLES;

--
-- Table structure for table `aim_windid_app`
--

DROP TABLE IF EXISTS `aim_windid_app`;
/*!40101 SET @saved_cs_client     = @@character_set_client */;
/*!40101 SET character_set_client = utf8 */;
CREATE TABLE `aim_windid_app` (
  `id` smallint(5) unsigned NOT NULL AUTO_INCREMENT,
  `name` varchar(30) NOT NULL DEFAULT '',
  `siteurl` varchar(128) NOT NULL DEFAULT '',
  `siteip` varchar(20) NOT NULL DEFAULT '',
  `secretkey` varchar(50) NOT NULL DEFAULT '',
  `apifile` varchar(128) NOT NULL DEFAULT '' COMMENT '通知接收文件',
  `charset` varchar(16) NOT NULL DEFAULT '' COMMENT '客户端编码',
  `issyn` tinyint(1) unsigned NOT NULL DEFAULT '0',
  `isnotify` tinyint(1) unsigned NOT NULL DEFAULT '0',
  PRIMARY KEY (`id`)
) ENGINE=MyISAM AUTO_INCREMENT=2 DEFAULT CHARSET=utf8 COMMENT='应用数据表';
/*!40101 SET character_set_client = @saved_cs_client */;

--
-- Dumping data for table `aim_windid_app`
--

LOCK TABLES `aim_windid_app` WRITE;
/*!40000 ALTER TABLE `aim_windid_app` DISABLE KEYS */;
INSERT INTO `aim_windid_app` VALUES (1,'aimfive','http://121.199.53.162','121.199.53.162','16582a0776b75aee0421aea9a6a93b60','windid.php','utf8',1,1);
/*!40000 ALTER TABLE `aim_windid_app` ENABLE KEYS */;
UNLOCK TABLES;

--
-- Table structure for table `aim_windid_application`
--

DROP TABLE IF EXISTS `aim_windid_application`;
/*!40101 SET @saved_cs_client     = @@character_set_client */;
/*!40101 SET character_set_client = utf8 */;
CREATE TABLE `aim_windid_application` (
  `app_id` char(20) NOT NULL DEFAULT '' COMMENT '应用id',
  `name` varchar(100) NOT NULL DEFAULT '' COMMENT '名称',
  `alias` varchar(100) NOT NULL DEFAULT '' COMMENT '别名',
  `logo` varchar(100) NOT NULL DEFAULT '' COMMENT '应用logo',
  `author_name` varchar(30) NOT NULL DEFAULT '' COMMENT '作者名',
  `author_icon` varchar(100) NOT NULL DEFAULT '' COMMENT '作者头像',
  `author_email` varchar(200) NOT NULL DEFAULT '' COMMENT '作者email',
  `website` varchar(200) NOT NULL DEFAULT '' COMMENT '开发者网站',
  `version` varchar(50) NOT NULL DEFAULT '' COMMENT '应用版本',
  `pwversion` varchar(50) NOT NULL DEFAULT '',
  `created_time` int(10) unsigned NOT NULL DEFAULT '0' COMMENT '创建时间',
  `modified_time` int(10) unsigned NOT NULL DEFAULT '0' COMMENT '修改时间',
  `status` tinyint(1) NOT NULL DEFAULT '0',
  `description` varchar(255) NOT NULL DEFAULT '' COMMENT '描述',
  PRIMARY KEY (`app_id`),
  UNIQUE KEY `alias` (`alias`)
) ENGINE=MyISAM DEFAULT CHARSET=utf8 COMMENT='本地应用信息表';
/*!40101 SET character_set_client = @saved_cs_client */;

--
-- Dumping data for table `aim_windid_application`
--

LOCK TABLES `aim_windid_application` WRITE;
/*!40000 ALTER TABLE `aim_windid_application` DISABLE KEYS */;
/*!40000 ALTER TABLE `aim_windid_application` ENABLE KEYS */;
UNLOCK TABLES;

--
-- Table structure for table `aim_windid_application_log`
--

DROP TABLE IF EXISTS `aim_windid_application_log`;
/*!40101 SET @saved_cs_client     = @@character_set_client */;
/*!40101 SET character_set_client = utf8 */;
CREATE TABLE `aim_windid_application_log` (
  `app_id` char(20) NOT NULL DEFAULT '' COMMENT '应用id',
  `log_type` char(10) NOT NULL DEFAULT '' COMMENT '日志类型',
  `data` text COMMENT '日志内容',
  `created_time` int(10) unsigned NOT NULL DEFAULT '0' COMMENT '创建时间',
  `modified_time` int(10) unsigned NOT NULL DEFAULT '0' COMMENT '修改时间',
  UNIQUE KEY `app_id` (`app_id`,`log_type`)
) ENGINE=MyISAM DEFAULT CHARSET=utf8 COMMENT='应用安装日志表';
/*!40101 SET character_set_client = @saved_cs_client */;

--
-- Dumping data for table `aim_windid_application_log`
--

LOCK TABLES `aim_windid_application_log` WRITE;
/*!40000 ALTER TABLE `aim_windid_application_log` DISABLE KEYS */;
/*!40000 ALTER TABLE `aim_windid_application_log` ENABLE KEYS */;
UNLOCK TABLES;

--
-- Table structure for table `aim_windid_area`
--

DROP TABLE IF EXISTS `aim_windid_area`;
/*!40101 SET @saved_cs_client     = @@character_set_client */;
/*!40101 SET character_set_client = utf8 */;
CREATE TABLE `aim_windid_area` (
  `areaid` mediumint(8) unsigned NOT NULL AUTO_INCREMENT COMMENT '地址ID',
  `name` varchar(50) NOT NULL DEFAULT '' COMMENT '地区名字',
  `joinname` varchar(100) NOT NULL DEFAULT '' COMMENT '地区路径的cache地址',
  `parentid` mediumint(8) unsigned NOT NULL DEFAULT '0' COMMENT '上级路径ID',
  `vieworder` smallint(5) unsigned NOT NULL DEFAULT '0' COMMENT '顺序',
  PRIMARY KEY (`areaid`),
  KEY `idx_name` (`name`),
  KEY `idx_parentid_vieworder` (`parentid`,`vieworder`)
) ENGINE=MyISAM AUTO_INCREMENT=820702 DEFAULT CHARSET=utf8 COMMENT='统一地区库';
/*!40101 SET character_set_client = @saved_cs_client */;

--
-- Dumping data for table `aim_windid_area`
--

LOCK TABLES `aim_windid_area` WRITE;
/*!40000 ALTER TABLE `aim_windid_area` DISABLE KEYS */;
INSERT INTO `aim_windid_area` VALUES (11,'北京','北京',0,1),(31,'上海','上海',0,2),(44,'广东','广东',0,3),(34,'安徽','安徽',0,4),(50,'重庆','重庆',0,5),(35,'福建','福建',0,6),(46,'海南','海南',0,7),(13,'河北','河北',0,8),(41,'河南','河南',0,9),(23,'黑龙江','黑龙江',0,10),(42,'湖北','湖北',0,11),(43,'湖南','湖南',0,12),(62,'甘肃','甘肃',0,13),(45,'广西','广西',0,14),(52,'贵州','贵州',0,15),(22,'吉林','吉林',0,16),(36,'江西','江西',0,17),(32,'江苏','江苏',0,18),(21,'辽宁','辽宁',0,19),(15,'内蒙古','内蒙古',0,20),(64,'宁夏','宁夏',0,21),(63,'青海','青海',0,22),(37,'山东','山东',0,23),(14,'山西','山西',0,24),(61,'陕西','陕西',0,25),(51,'四川','四川',0,26),(12,'天津','天津',0,27),(54,'西藏','西藏',0,28),(65,'新疆','新疆',0,29),(53,'云南','云南',0,30),(33,'浙江','浙江',0,31),(71,'台湾','台湾',0,32),(81,'香港','香港',0,33),(82,'澳门','澳门',0,34),(1129,'延庆','北京|延庆',11,18),(1128,'密云','北京|密云',11,17),(1127,'怀柔','北京|怀柔',11,16),(1126,'平谷','北京|平谷',11,15),(1124,'大兴','北京|大兴',11,14),(1121,'昌平','北京|昌平',11,13),(1113,'顺义','北京|顺义',11,12),(1112,'通州','北京|通州',11,11),(1111,'房山','北京|房山',11,10),(1109,'门头沟','北京|门头沟',11,9),(1108,'海淀','北京|海淀',11,8),(1107,'石景山','北京|石景山',11,7),(1106,'丰台','北京|丰台',11,6),(1105,'朝阳','北京|朝阳',11,5),(1104,'宣武','北京|宣武',11,4),(1103,'崇文','北京|崇文',11,3),(1102,'西城','北京|西城',11,2),(1101,'东城','北京|东城',11,1),(1201,'和平','天津|和平',12,1),(1202,'河东','天津|河东',12,2),(1203,'河西','天津|河西',12,3),(1204,'南开','天津|南开',12,4),(1205,'河北','天津|河北',12,5),(1206,'红桥','天津|红桥',12,6),(1207,'滨海新区','天津|滨海新区',12,7),(1210,'东丽','天津|东丽',12,8),(1211,'西青','天津|西青',12,9),(1212,'津南','天津|津南',12,10),(1213,'北辰','天津|北辰',12,11),(1221,'宁河','天津|宁河',12,12),(1222,'武清','天津|武清',12,13),(1223,'静海','天津|静海',12,14),(1224,'宝坻','天津|宝坻',12,15),(1225,'蓟县','天津|蓟县',12,16),(1301,'石家庄','河北|石家庄',13,1),(1302,'唐山','河北|唐山',13,2),(1303,'秦皇岛','河北|秦皇岛',13,3),(1304,'邯郸','河北|邯郸',13,4),(1305,'邢台','河北|邢台',13,5),(1306,'保定','河北|保定',13,6),(1307,'张家口','河北|张家口',13,7),(1308,'承德','河北|承德',13,8),(1309,'沧州','河北|沧州',13,9),(1310,'廊坊','河北|廊坊',13,10),(1311,'衡水','河北|衡水',13,11),(1401,'太原','山西|太原',14,1),(1402,'大同','山西|大同',14,2),(1403,'阳泉','山西|阳泉',14,3),(1404,'长治','山西|长治',14,4),(1405,'晋城','山西|晋城',14,5),(1406,'朔州','山西|朔州',14,6),(1407,'晋中','山西|晋中',14,7),(1408,'运城','山西|运城',14,8),(1409,'忻州','山西|忻州',14,9),(1410,'临汾','山西|临汾',14,10),(1411,'吕梁','山西|吕梁',14,11),(1501,'呼和浩特','内蒙古|呼和浩特',15,1),(1502,'包头','内蒙古|包头',15,2),(1503,'乌海','内蒙古|乌海',15,3),(1504,'赤峰','内蒙古|赤峰',15,4),(1505,'通辽','内蒙古|通辽',15,5),(1506,'鄂尔多斯','内蒙古|鄂尔多斯',15,6),(1507,'呼伦贝尔','内蒙古|呼伦贝尔',15,7),(1508,'巴彦淖尔','内蒙古|巴彦淖尔',15,8),(1509,'乌兰察布','内蒙古|乌兰察布',15,9),(1522,'兴安','内蒙古|兴安',15,10),(1525,'锡林郭勒','内蒙古|锡林郭勒',15,11),(1529,'阿拉善','内蒙古|阿拉善',15,12),(2101,'沈阳','辽宁|沈阳',21,1),(2102,'大连','辽宁|大连',21,2),(2103,'鞍山','辽宁|鞍山',21,3),(2104,'抚顺','辽宁|抚顺',21,4),(2105,'本溪','辽宁|本溪',21,5),(2106,'丹东','辽宁|丹东',21,6),(2107,'锦州','辽宁|锦州',21,7),(2108,'营口','辽宁|营口',21,8),(2109,'阜新','辽宁|阜新',21,9),(2110,'辽阳','辽宁|辽阳',21,10),(2111,'盘锦','辽宁|盘锦',21,11),(2112,'铁岭','辽宁|铁岭',21,12),(2113,'朝阳','辽宁|朝阳',21,13),(2114,'葫芦岛','辽宁|葫芦岛',21,14),(2201,'长春','吉林|长春',22,1),(2202,'吉林','吉林|吉林',22,2),(2203,'四平','吉林|四平',22,3),(2204,'辽源','吉林|辽源',22,4),(2205,'通化','吉林|通化',22,5),(2206,'白山','吉林|白山',22,6),(2207,'松原','吉林|松原',22,7),(2208,'白城','吉林|白城',22,8),(2224,'延边','吉林|延边',22,9),(2301,'哈尔滨','黑龙江|哈尔滨',23,1),(2302,'齐齐哈尔','黑龙江|齐齐哈尔',23,2),(2303,'鸡西','黑龙江|鸡西',23,3),(2304,'鹤岗','黑龙江|鹤岗',23,4),(2305,'双鸭山','黑龙江|双鸭山',23,5),(2306,'大庆','黑龙江|大庆',23,6),(2307,'伊春','黑龙江|伊春',23,7),(2308,'佳木斯','黑龙江|佳木斯',23,8),(2309,'七台河','黑龙江|七台河',23,9),(2310,'牡丹江','黑龙江|牡丹江',23,10),(2311,'黑河','黑龙江|黑河',23,11),(2312,'绥化','黑龙江|绥化',23,12),(2327,'大兴安岭','黑龙江|大兴安岭',23,13),(3101,'黄浦','上海|黄浦',31,1),(3103,'卢湾','上海|卢湾',31,2),(3104,'徐汇','上海|徐汇',31,3),(3105,'长宁','上海|长宁',31,4),(3106,'静安','上海|静安',31,5),(3107,'普陀','上海|普陀',31,6),(3108,'闸北','上海|闸北',31,7),(3109,'虹口','上海|虹口',31,8),(3110,'杨浦','上海|杨浦',31,9),(3112,'闵行','上海|闵行',31,10),(3113,'宝山','上海|宝山',31,11),(3114,'嘉定','上海|嘉定',31,12),(3115,'浦东新区','上海|浦东新区',31,13),(3116,'金山','上海|金山',31,14),(3117,'松江','上海|松江',31,15),(3126,'奉贤','上海|奉贤',31,16),(3129,'青浦','上海|青浦',31,17),(3130,'崇明','上海|崇明',31,18),(3201,'南京','江苏|南京',32,1),(3202,'无锡','江苏|无锡',32,2),(3203,'徐州','江苏|徐州',32,3),(3204,'常州','江苏|常州',32,4),(3205,'苏州','江苏|苏州',32,5),(3206,'南通','江苏|南通',32,6),(3207,'连云港','江苏|连云港',32,7),(3208,'淮安','江苏|淮安',32,8),(3209,'盐城','江苏|盐城',32,9),(3210,'扬州','江苏|扬州',32,10),(3211,'镇江','江苏|镇江',32,11),(3212,'泰州','江苏|泰州',32,12),(3213,'宿迁','江苏|宿迁',32,13),(3301,'杭州','浙江|杭州',33,1),(3302,'宁波','浙江|宁波',33,2),(3303,'温州','浙江|温州',33,3),(3304,'嘉兴','浙江|嘉兴',33,4),(3305,'湖州','浙江|湖州',33,5),(3306,'绍兴','浙江|绍兴',33,6),(3307,'金华','浙江|金华',33,7),(3308,'衢州','浙江|衢州',33,8),(3309,'舟山','浙江|舟山',33,9),(3310,'台州','浙江|台州',33,10),(3311,'丽水','浙江|丽水',33,11),(3401,'合肥','安徽|合肥',34,1),(3402,'芜湖','安徽|芜湖',34,2),(3403,'蚌埠','安徽|蚌埠',34,3),(3404,'淮南','安徽|淮南',34,4),(3405,'马鞍山','安徽|马鞍山',34,5),(3406,'淮北','安徽|淮北',34,6),(3407,'铜陵','安徽|铜陵',34,7),(3408,'安庆','安徽|安庆',34,8),(3410,'黄山','安徽|黄山',34,9),(3411,'滁州','安徽|滁州',34,10),(3412,'阜阳','安徽|阜阳',34,11),(3413,'宿州','安徽|宿州',34,12),(3414,'巢湖','安徽|巢湖',34,13),(3415,'六安','安徽|六安',34,14),(3416,'亳州','安徽|亳州',34,15),(3417,'池州','安徽|池州',34,16),(3418,'宣城','安徽|宣城',34,17),(3501,'福州','福建|福州',35,1),(3502,'厦门','福建|厦门',35,2),(3503,'莆田','福建|莆田',35,3),(3504,'三明','福建|三明',35,4),(3505,'泉州','福建|泉州',35,5),(3506,'漳州','福建|漳州',35,6),(3507,'南平','福建|南平',35,7),(3508,'龙岩','福建|龙岩',35,8),(3509,'宁德','福建|宁德',35,9),(3601,'南昌','江西|南昌',36,1),(3602,'景德镇','江西|景德镇',36,2),(3603,'萍乡','江西|萍乡',36,3),(3604,'九江','江西|九江',36,4),(3605,'新余','江西|新余',36,5),(3606,'鹰潭','江西|鹰潭',36,6),(3607,'赣州','江西|赣州',36,7),(3608,'吉安','江西|吉安',36,8),(3609,'宜春','江西|宜春',36,9),(3610,'抚州','江西|抚州',36,10),(3611,'上饶','江西|上饶',36,11),(3701,'济南','山东|济南',37,1),(3702,'青岛','山东|青岛',37,2),(3703,'淄博','山东|淄博',37,3),(3704,'枣庄','山东|枣庄',37,4),(3705,'东营','山东|东营',37,5),(3706,'烟台','山东|烟台',37,6),(3707,'潍坊','山东|潍坊',37,7),(3708,'济宁','山东|济宁',37,8),(3709,'泰安','山东|泰安',37,9),(3710,'威海','山东|威海',37,10),(3711,'日照','山东|日照',37,11),(3712,'莱芜','山东|莱芜',37,12),(3713,'临沂','山东|临沂',37,13),(3714,'德州','山东|德州',37,14),(3715,'聊城','山东|聊城',37,15),(3716,'滨州','山东|滨州',37,16),(3717,'菏泽','山东|菏泽',37,17),(4101,'郑州','河南|郑州',41,1),(4102,'开封','河南|开封',41,2),(4103,'洛阳','河南|洛阳',41,3),(4104,'平顶山','河南|平顶山',41,4),(4105,'安阳','河南|安阳',41,5),(4106,'鹤壁','河南|鹤壁',41,6),(4107,'新乡','河南|新乡',41,7),(4108,'焦作','河南|焦作',41,8),(4109,'濮阳','河南|濮阳',41,9),(4110,'许昌','河南|许昌',41,10),(4111,'漯河','河南|漯河',41,11),(4112,'三门峡','河南|三门峡',41,12),(4113,'南阳','河南|南阳',41,13),(4114,'商丘','河南|商丘',41,14),(4115,'信阳','河南|信阳',41,15),(4116,'周口','河南|周口',41,16),(4117,'驻马店','河南|驻马店',41,17),(4118,'济源','河南|济源',41,18),(4201,'武汉','湖北|武汉',42,1),(4202,'黄石','湖北|黄石',42,2),(4203,'十堰','湖北|十堰',42,3),(4205,'宜昌','湖北|宜昌',42,4),(4206,'襄樊','湖北|襄樊',42,5),(4207,'鄂州','湖北|鄂州',42,6),(4208,'荆门','湖北|荆门',42,7),(4209,'孝感','湖北|孝感',42,8),(4210,'荆州','湖北|荆州',42,9),(4211,'黄冈','湖北|黄冈',42,10),(4212,'咸宁','湖北|咸宁',42,11),(4213,'随州','湖北|随州',42,12),(4228,'恩施','湖北|恩施',42,13),(4229,'仙桃','湖北|仙桃',42,14),(4230,'潜江','湖北|潜江',42,15),(4231,'天门','湖北|天门',42,16),(4232,'神农架','湖北|神农架',42,17),(4301,'长沙','湖南|长沙',43,1),(4302,'株洲','湖南|株洲',43,2),(4303,'湘潭','湖南|湘潭',43,3),(4304,'衡阳','湖南|衡阳',43,4),(4305,'邵阳','湖南|邵阳',43,5),(4306,'岳阳','湖南|岳阳',43,6),(4307,'常德','湖南|常德',43,7),(4308,'张家界','湖南|张家界',43,8),(4309,'益阳','湖南|益阳',43,9),(4310,'郴州','湖南|郴州',43,10),(4311,'永州','湖南|永州',43,11),(4312,'怀化','湖南|怀化',43,12),(4313,'娄底','湖南|娄底',43,13),(4331,'湘西','湖南|湘西',43,14),(4401,'广州','广东|广州',44,1),(4402,'韶关','广东|韶关',44,2),(4403,'深圳','广东|深圳',44,3),(4404,'珠海','广东|珠海',44,4),(4405,'汕头','广东|汕头',44,5),(4406,'佛山','广东|佛山',44,6),(4407,'江门','广东|江门',44,7),(4408,'湛江','广东|湛江',44,8),(4409,'茂名','广东|茂名',44,9),(4412,'肇庆','广东|肇庆',44,10),(4413,'惠州','广东|惠州',44,11),(4414,'梅州','广东|梅州',44,12),(4415,'汕尾','广东|汕尾',44,13),(4416,'河源','广东|河源',44,14),(4417,'阳江','广东|阳江',44,15),(4418,'清远','广东|清远',44,16),(4419,'东莞','广东|东莞',44,17),(4420,'中山','广东|中山',44,18),(4451,'潮州','广东|潮州',44,19),(4452,'揭阳','广东|揭阳',44,20),(4453,'云浮','广东|云浮',44,21),(4501,'南宁','广西|南宁',45,1),(4502,'柳州','广西|柳州',45,2),(4503,'桂林','广西|桂林',45,3),(4504,'梧州','广西|梧州',45,4),(4505,'北海','广西|北海',45,5),(4506,'防城港','广西|防城港',45,6),(4507,'钦州','广西|钦州',45,7),(4508,'贵港','广西|贵港',45,8),(4509,'玉林','广西|玉林',45,9),(4510,'百色','广西|百色',45,10),(4511,'贺州','广西|贺州',45,11),(4512,'河池','广西|河池',45,12),(4513,'来宾','广西|来宾',45,13),(4514,'崇左','广西|崇左',45,14),(4601,'海口','海南|海口',46,1),(4602,'三亚','海南|三亚',46,2),(4603,'五指山','海南|五指山',46,3),(4604,'琼海','海南|琼海',46,4),(4605,'儋州','海南|儋州',46,5),(4606,'文昌','海南|文昌',46,6),(4607,'万宁','海南|万宁',46,7),(4608,'东方','海南|东方',46,8),(5001,'万州','重庆|万州',50,1),(5002,'涪陵','重庆|涪陵',50,2),(5003,'渝中','重庆|渝中',50,3),(5004,'大渡口','重庆|大渡口',50,4),(5005,'江北','重庆|江北',50,5),(5006,'沙坪坝','重庆|沙坪坝',50,6),(5007,'九龙坡','重庆|九龙坡',50,7),(5008,'南岸','重庆|南岸',50,8),(5009,'北碚','重庆|北碚',50,9),(5010,'万盛','重庆|万盛',50,10),(5011,'双桥','重庆|双桥',50,11),(5012,'渝北','重庆|渝北',50,12),(5013,'巴南','重庆|巴南',50,13),(5021,'长寿','重庆|长寿',50,14),(5022,'綦江','重庆|綦江',50,15),(5023,'潼南','重庆|潼南',50,16),(5024,'铜梁','重庆|铜梁',50,17),(5025,'大足','重庆|大足',50,18),(5026,'荣昌','重庆|荣昌',50,19),(5027,'璧山','重庆|璧山',50,20),(5028,'梁平','重庆|梁平',50,21),(5029,'城口','重庆|城口',50,22),(5030,'丰都','重庆|丰都',50,23),(5031,'垫江','重庆|垫江',50,24),(5032,'武隆','重庆|武隆',50,25),(5033,'忠县','重庆|忠县',50,26),(5034,'开县','重庆|开县',50,27),(5035,'云阳','重庆|云阳',50,28),(5036,'奉节','重庆|奉节',50,29),(5037,'巫山','重庆|巫山',50,30),(5038,'巫溪','重庆|巫溪',50,31),(5039,'黔江','重庆|黔江',50,32),(5040,'石柱','重庆|石柱',50,33),(5041,'秀山','重庆|秀山',50,34),(5042,'酉阳','重庆|酉阳',50,35),(5043,'彭水','重庆|彭水',50,36),(5081,'江津','重庆|江津',50,37),(5082,'合川','重庆|合川',50,38),(5083,'永川','重庆|永川',50,39),(5084,'南川','重庆|南川',50,40),(5101,'成都','四川|成都',51,1),(5103,'自贡','四川|自贡',51,2),(5104,'攀枝花','四川|攀枝花',51,3),(5105,'泸州','四川|泸州',51,4),(5106,'德阳','四川|德阳',51,5),(5107,'绵阳','四川|绵阳',51,6),(5108,'广元','四川|广元',51,7),(5109,'遂宁','四川|遂宁',51,8),(5110,'内江','四川|内江',51,9),(5111,'乐山','四川|乐山',51,10),(5113,'南充','四川|南充',51,11),(5114,'眉山','四川|眉山',51,12),(5115,'宜宾','四川|宜宾',51,13),(5116,'广安','四川|广安',51,14),(5117,'达州','四川|达州',51,15),(5118,'雅安','四川|雅安',51,16),(5119,'巴中','四川|巴中',51,17),(5120,'资阳','四川|资阳',51,18),(5132,'阿坝','四川|阿坝',51,19),(5133,'甘孜','四川|甘孜',51,20),(5134,'凉山','四川|凉山',51,21),(5201,'贵阳','贵州|贵阳',52,1),(5202,'六盘水','贵州|六盘水',52,2),(5203,'遵义','贵州|遵义',52,3),(5204,'安顺','贵州|安顺',52,4),(5222,'铜仁','贵州|铜仁',52,5),(5223,'黔西南','贵州|黔西南',52,6),(5224,'毕节','贵州|毕节',52,7),(5226,'黔东南','贵州|黔东南',52,8),(5227,'黔南','贵州|黔南',52,9),(5301,'昆明','云南|昆明',53,1),(5303,'曲靖','云南|曲靖',53,2),(5304,'玉溪','云南|玉溪',53,3),(5305,'保山','云南|保山',53,4),(5306,'昭通','云南|昭通',53,5),(5307,'丽江','云南|丽江',53,6),(5308,'普洱','云南|普洱',53,7),(5309,'临沧','云南|临沧',53,8),(5323,'楚雄','云南|楚雄',53,9),(5325,'红河','云南|红河',53,10),(5326,'文山','云南|文山',53,11),(5328,'西双版纳','云南|西双版纳',53,12),(5329,'大理','云南|大理',53,13),(5331,'德宏','云南|德宏',53,14),(5333,'怒江傈','云南|怒江傈',53,15),(5334,'迪庆','云南|迪庆',53,16),(5401,'拉萨','西藏|拉萨',54,1),(5421,'昌都','西藏|昌都',54,2),(5422,'山南','西藏|山南',54,3),(5423,'日喀则','西藏|日喀则',54,4),(5424,'那曲','西藏|那曲',54,5),(5425,'阿里','西藏|阿里',54,6),(5426,'林芝','西藏|林芝',54,7),(6101,'西安','陕西|西安',61,1),(6102,'铜川','陕西|铜川',61,2),(6103,'宝鸡','陕西|宝鸡',61,3),(6104,'咸阳','陕西|咸阳',61,4),(6105,'渭南','陕西|渭南',61,5),(6106,'延安','陕西|延安',61,6),(6107,'汉中','陕西|汉中',61,7),(6108,'榆林','陕西|榆林',61,8),(6109,'安康','陕西|安康',61,9),(6110,'商洛','陕西|商洛',61,10),(6201,'兰州','甘肃|兰州',62,1),(6202,'嘉峪关','甘肃|嘉峪关',62,2),(6203,'金昌','甘肃|金昌',62,3),(6204,'白银','甘肃|白银',62,4),(6205,'天水','甘肃|天水',62,5),(6206,'武威','甘肃|武威',62,6),(6207,'张掖','甘肃|张掖',62,7),(6208,'平凉','甘肃|平凉',62,8),(6209,'酒泉','甘肃|酒泉',62,9),(6210,'庆阳','甘肃|庆阳',62,10),(6211,'定西','甘肃|定西',62,11),(6212,'陇南','甘肃|陇南',62,12),(6229,'临夏','甘肃|临夏',62,13),(6230,'甘南','甘肃|甘南',62,14),(6301,'西宁','青海|西宁',63,1),(6321,'海东','青海|海东',63,2),(6322,'海北','青海|海北',63,3),(6323,'黄南','青海|黄南',63,4),(6325,'海南','青海|海南',63,5),(6326,'果洛','青海|果洛',63,6),(6327,'玉树','青海|玉树',63,7),(6328,'海西','青海|海西',63,8),(6401,'银川','宁夏|银川',64,1),(6402,'石嘴山','宁夏|石嘴山',64,2),(6403,'吴忠','宁夏|吴忠',64,3),(6404,'固原','宁夏|固原',64,4),(6405,'中卫','宁夏|中卫',64,5),(6501,'乌鲁木齐','新疆|乌鲁木齐',65,1),(6502,'克拉玛依','新疆|克拉玛依',65,2),(6521,'吐鲁番','新疆|吐鲁番',65,3),(6522,'哈密','新疆|哈密',65,4),(6523,'昌吉','新疆|昌吉',65,5),(6527,'博尔塔拉','新疆|博尔塔拉',65,6),(6528,'巴音郭楞','新疆|巴音郭楞',65,7),(6529,'阿克苏','新疆|阿克苏',65,8),(6530,'克孜勒苏','新疆|克孜勒苏',65,9),(6531,'喀什','新疆|喀什',65,10),(6532,'和田','新疆|和田',65,11),(6540,'伊犁','新疆|伊犁',65,12),(6542,'塔城','新疆|塔城',65,13),(6543,'阿勒泰','新疆|阿勒泰',65,14),(6544,'石河子','新疆|石河子',65,15),(6545,'阿拉尔','新疆|阿拉尔',65,16),(6546,'图木舒克','新疆|图木舒克',65,17),(6547,'五家渠','新疆|五家渠',65,18),(7101,'台北市','台湾|台北市',71,1),(7102,'高雄市','台湾|高雄市',71,2),(7103,'基隆市','台湾|基隆市',71,3),(7104,'台中市','台湾|台中市',71,4),(7105,'台南市','台湾|台南市',71,5),(7106,'新竹市','台湾|新竹市',71,6),(7107,'嘉义市','台湾|嘉义市',71,7),(7108,'台北县','台湾|台北县',71,8),(7109,'宜兰县','台湾|宜兰县',71,9),(7110,'新竹县','台湾|新竹县',71,10),(7111,'桃园县','台湾|桃园县',71,11),(7112,'苗栗县','台湾|苗栗县',71,12),(7113,'台中县','台湾|台中县',71,13),(7114,'彰化县','台湾|彰化县',71,14),(7115,'南投县','台湾|南投县',71,15),(7116,'嘉义县','台湾|嘉义县',71,16),(7117,'云林县','台湾|云林县',71,17),(7118,'台南县','台湾|台南县',71,18),(7119,'高雄县','台湾|高雄县',71,19),(7120,'屏东县','台湾|屏东县',71,20),(7121,'台东县','台湾|台东县',71,21),(7122,'花莲县','台湾|花莲县',71,22),(7123,'澎湖县','台湾|澎湖县',71,23),(8101,'中西区','香港|中西区',81,1),(8102,'东区','香港|东区',81,2),(8103,'九龙城区','香港|九龙城区',81,3),(8104,'观塘区','香港|观塘区',81,4),(8105,'南区','香港|南区',81,5),(8106,'深水区','香港|深水区',81,6),(8107,'湾仔区','香港|湾仔区',81,7),(8108,'黄大仙区','香港|黄大仙区',81,8),(8109,'油尖旺区','香港|油尖旺区',81,9),(8110,'离岛区','香港|离岛区',81,10),(8111,'葵青区','香港|葵青区',81,11),(8112,'北区','香港|北区',81,12),(8113,'西贡区','香港|西贡区',81,13),(8114,'沙田区','香港|沙田区',81,14),(8115,'屯门区','香港|屯门区',81,15),(8116,'大埔区','香港|大埔区',81,16),(8117,'荃湾区','香港|荃湾区',81,17),(8118,'元朗区','香港|元朗区',81,18),(8201,'花地玛堂区','澳门|花地玛堂区',82,1),(8202,'圣安多尼堂区','澳门|圣安多尼堂区',82,2),(8203,'大堂区','澳门|大堂区',82,3),(8204,'望德堂区','澳门|望德堂区',82,4),(8205,'风顺堂区','澳门|风顺堂区',82,5),(8206,'嘉模堂区','澳门|嘉模堂区',82,6),(8207,'圣方济各堂区','澳门|圣方济各堂区',82,7),(610424,'乾县','陕西|咸阳|乾县',6104,6),(610423,'泾阳县','陕西|咸阳|泾阳县',6104,5),(610422,'三原县','陕西|咸阳|三原县',6104,4),(610404,'渭城区','陕西|咸阳|渭城区',6104,3),(610403,'杨凌区','陕西|咸阳|杨凌区',6104,2),(610402,'秦都区','陕西|咸阳|秦都区',6104,1),(610331,'太白县','陕西|宝鸡|太白县',6103,12),(610330,'凤县','陕西|宝鸡|凤县',6103,11),(610329,'麟游县','陕西|宝鸡|麟游县',6103,10),(610328,'千阳县','陕西|宝鸡|千阳县',6103,9),(610327,'陇县','陕西|宝鸡|陇县',6103,8),(610326,'眉县','陕西|宝鸡|眉县',6103,7),(610324,'扶风县','陕西|宝鸡|扶风县',6103,6),(610323,'岐山县','陕西|宝鸡|岐山县',6103,5),(610322,'凤翔县','陕西|宝鸡|凤翔县',6103,4),(610304,'陈仓区','陕西|宝鸡|陈仓区',6103,3),(610303,'金台区','陕西|宝鸡|金台区',6103,2),(610302,'渭滨区','陕西|宝鸡|渭滨区',6103,1),(610222,'宜君县','陕西|铜川|宜君县',6102,4),(610204,'耀州区','陕西|铜川|耀州区',6102,3),(610203,'印台区','陕西|铜川|印台区',6102,2),(610202,'王益区','陕西|铜川|王益区',6102,1),(610126,'高陵县','陕西|西安|高陵县',6101,13),(610125,'户县','陕西|西安|户县',6101,12),(610124,'周至县','陕西|西安|周至县',6101,11),(610122,'蓝田县','陕西|西安|蓝田县',6101,10),(610116,'长安区','陕西|西安|长安区',6101,9),(610115,'临潼区','陕西|西安|临潼区',6101,8),(610114,'阎良区','陕西|西安|阎良区',6101,7),(610113,'雁塔区','陕西|西安|雁塔区',6101,6),(610112,'未央区','陕西|西安|未央区',6101,5),(610111,'灞桥区','陕西|西安|灞桥区',6101,4),(610104,'莲湖区','陕西|西安|莲湖区',6101,3),(610103,'碑林区','陕西|西安|碑林区',6101,2),(610102,'新城区','陕西|西安|新城区',6101,1),(542627,'朗县','西藏|林芝|朗县',5426,7),(542626,'察隅县','西藏|林芝|察隅县',5426,6),(542625,'波密县','西藏|林芝|波密县',5426,5),(542624,'墨脱县','西藏|林芝|墨脱县',5426,4),(542623,'米林县','西藏|林芝|米林县',5426,3),(542622,'工布江达县','西藏|林芝|工布江达县',5426,2),(542621,'林芝县','西藏|林芝|林芝县',5426,1),(542527,'措勤县','西藏|阿里|措勤县',5425,7),(542526,'改则县','西藏|阿里|改则县',5425,6),(542525,'革吉县','西藏|阿里|革吉县',5425,5),(542524,'日土县','西藏|阿里|日土县',5425,4),(542523,'噶尔县','西藏|阿里|噶尔县',5425,3),(542522,'札达县','西藏|阿里|札达县',5425,2),(542521,'普兰县','西藏|阿里|普兰县',5425,1),(542430,'尼玛县','西藏|那曲|尼玛县',5424,10),(542429,'巴青县','西藏|那曲|巴青县',5424,9),(542428,'班戈县','西藏|那曲|班戈县',5424,8),(542427,'索县','西藏|那曲|索县',5424,7),(542426,'申扎县','西藏|那曲|申扎县',5424,6),(542425,'安多县','西藏|那曲|安多县',5424,5),(542424,'聂荣县','西藏|那曲|聂荣县',5424,4),(542423,'比如县','西藏|那曲|比如县',5424,3),(542422,'嘉黎县','西藏|那曲|嘉黎县',5424,2),(542421,'那曲县','西藏|那曲|那曲县',5424,1),(542338,'岗巴县','西藏|日喀则|岗巴县',5423,18),(542337,'萨嘎县','西藏|日喀则|萨嘎县',5423,17),(542336,'聂拉木县','西藏|日喀则|聂拉木县',5423,16),(542335,'吉隆县','西藏|日喀则|吉隆县',5423,15),(542334,'亚东县','西藏|日喀则|亚东县',5423,14),(542333,'仲巴县','西藏|日喀则|仲巴县',5423,13),(542332,'定结县','西藏|日喀则|定结县',5423,12),(542331,'康马县','西藏|日喀则|康马县',5423,11),(542330,'仁布县','西藏|日喀则|仁布县',5423,10),(542329,'白朗县','西藏|日喀则|白朗县',5423,9),(542328,'谢通门县','西藏|日喀则|谢通门县',5423,8),(542327,'昂仁县','西藏|日喀则|昂仁县',5423,7),(542326,'拉孜县','西藏|日喀则|拉孜县',5423,6),(542325,'萨迦县','西藏|日喀则|萨迦县',5423,5),(542324,'定日县','西藏|日喀则|定日县',5423,4),(542323,'江孜县','西藏|日喀则|江孜县',5423,3),(542322,'南木林县','西藏|日喀则|南木林县',5423,2),(542301,'日喀则市','西藏|日喀则|日喀则市',5423,1),(542233,'浪卡子县','西藏|山南|浪卡子县',5422,12),(542232,'错那县','西藏|山南|错那县',5422,11),(542231,'隆子县','西藏|山南|隆子县',5422,10),(542229,'加查县','西藏|山南|加查县',5422,9),(542228,'洛扎县','西藏|山南|洛扎县',5422,8),(542227,'措美县','西藏|山南|措美县',5422,7),(542226,'曲松县','西藏|山南|曲松县',5422,6),(542225,'琼结县','西藏|山南|琼结县',5422,5),(542224,'桑日县','西藏|山南|桑日县',5422,4),(542223,'贡嘎县','西藏|山南|贡嘎县',5422,3),(542222,'扎囊县','西藏|山南|扎囊县',5422,2),(542221,'乃东县','西藏|山南|乃东县',5422,1),(542133,'边坝县','西藏|昌都|边坝县',5421,11),(542132,'洛隆县','西藏|昌都|洛隆县',5421,10),(542129,'芒康县','西藏|昌都|芒康县',5421,9),(542128,'左贡县','西藏|昌都|左贡县',5421,8),(542127,'八宿县','西藏|昌都|八宿县',5421,7),(542126,'察雅县','西藏|昌都|察雅县',5421,6),(542125,'丁青县','西藏|昌都|丁青县',5421,5),(542124,'类乌齐县','西藏|昌都|类乌齐县',5421,4),(542123,'贡觉县','西藏|昌都|贡觉县',5421,3),(542122,'江达县','西藏|昌都|江达县',5421,2),(542121,'昌都县','西藏|昌都|昌都县',5421,1),(540127,'墨竹工卡县','西藏|拉萨|墨竹工卡县',5401,8),(540126,'达孜县','西藏|拉萨|达孜县',5401,7),(540125,'堆龙德庆县','西藏|拉萨|堆龙德庆县',5401,6),(540124,'曲水县','西藏|拉萨|曲水县',5401,5),(540123,'尼木县','西藏|拉萨|尼木县',5401,4),(540122,'当雄县','西藏|拉萨|当雄县',5401,3),(540121,'林周县','西藏|拉萨|林周县',5401,2),(540102,'城关区','西藏|拉萨|城关区',5401,1),(533423,'维西傈僳族自治县','云南|迪庆|维西傈僳族自治县',5334,3),(533422,'德钦县','云南|迪庆|德钦县',5334,2),(533421,'香格里拉县','云南|迪庆|香格里拉县',5334,1),(533325,'兰坪白族普米族自治县','云南|怒江傈|兰坪白族普米族自治县',5333,4),(533324,'贡山独龙族怒族自治县','云南|怒江傈|贡山独龙族怒族自治县',5333,3),(533323,'福贡县','云南|怒江傈|福贡县',5333,2),(533321,'泸水县','云南|怒江傈|泸水县',5333,1),(533124,'陇川县','云南|德宏|陇川县',5331,5),(533123,'盈江县','云南|德宏|盈江县',5331,4),(533122,'梁河县','云南|德宏|梁河县',5331,3),(533103,'潞西市','云南|德宏|潞西市',5331,2),(533102,'瑞丽市','云南|德宏|瑞丽市',5331,1),(532932,'鹤庆县','云南|大理|鹤庆县',5329,12),(532931,'剑川县','云南|大理|剑川县',5329,11),(532930,'洱源县','云南|大理|洱源县',5329,10),(532929,'云龙县','云南|大理|云龙县',5329,9),(532928,'永平县','云南|大理|永平县',5329,8),(532927,'巍山彝族回族自治县','云南|大理|巍山彝族回族自治县',5329,7),(532926,'南涧彝族自治县','云南|大理|南涧彝族自治县',5329,6),(532925,'弥渡县','云南|大理|弥渡县',5329,5),(532924,'宾川县','云南|大理|宾川县',5329,4),(532923,'祥云县','云南|大理|祥云县',5329,3),(532922,'漾濞彝族自治县','云南|大理|漾濞彝族自治县',5329,2),(532901,'大理市','云南|大理|大理市',5329,1),(532823,'勐腊县','云南|西双版纳|勐腊县',5328,3),(532822,'勐海县','云南|西双版纳|勐海县',5328,2),(532801,'景洪市','云南|西双版纳|景洪市',5328,1),(532628,'富宁县','云南|文山|富宁县',5326,8),(532627,'广南县','云南|文山|广南县',5326,7),(532626,'丘北县','云南|文山|丘北县',5326,6),(532625,'马关县','云南|文山|马关县',5326,5),(532624,'麻栗坡县','云南|文山|麻栗坡县',5326,4),(532623,'西畴县','云南|文山|西畴县',5326,3),(532622,'砚山县','云南|文山|砚山县',5326,2),(532621,'文山县','云南|文山|文山县',5326,1),(532532,'河口瑶族自治县','云南|红河|河口瑶族自治县',5325,13),(532531,'绿春县','云南|红河|绿春县',5325,12),(532530,'金平苗族瑶族傣族自治县','云南|红河|金平苗族瑶族傣族自治县',5325,11),(532529,'红河县','云南|红河|红河县',5325,10),(532528,'元阳县','云南|红河|元阳县',5325,9),(532527,'泸西县','云南|红河|泸西县',5325,8),(532526,'弥勒县','云南|红河|弥勒县',5325,7),(532525,'石屏县','云南|红河|石屏县',5325,6),(532524,'建水县','云南|红河|建水县',5325,5),(532523,'屏边苗族自治县','云南|红河|屏边苗族自治县',5325,4),(532522,'蒙自县','云南|红河|蒙自县',5325,3),(532502,'开远市','云南|红河|开远市',5325,2),(532501,'个旧市','云南|红河|个旧市',5325,1),(532331,'禄丰县','云南|楚雄|禄丰县',5323,10),(532329,'武定县','云南|楚雄|武定县',5323,9),(532328,'元谋县','云南|楚雄|元谋县',5323,8),(532327,'永仁县','云南|楚雄|永仁县',5323,7),(532326,'大姚县','云南|楚雄|大姚县',5323,6),(532325,'姚安县','云南|楚雄|姚安县',5323,5),(532324,'南华县','云南|楚雄|南华县',5323,4),(532323,'牟定县','云南|楚雄|牟定县',5323,3),(532322,'双柏县','云南|楚雄|双柏县',5323,2),(532301,'楚雄市','云南|楚雄|楚雄市',5323,1),(530927,'沧源佤族自治县','云南|临沧|沧源佤族自治县',5309,8),(530926,'耿马傣族佤族自治县','云南|临沧|耿马傣族佤族自治县',5309,7),(530925,'双江拉祜族佤族布朗族傣族自治县','云南|临沧|双江拉祜族佤族布朗族傣族自治县',5309,6),(530924,'镇康县','云南|临沧|镇康县',5309,5),(530923,'永德县','云南|临沧|永德县',5309,4),(530922,'云县','云南|临沧|云县',5309,3),(530921,'凤庆县','云南|临沧|凤庆县',5309,2),(530902,'临翔区','云南|临沧|临翔区',5309,1),(530829,'西盟佤族自治县','云南|普洱|西盟佤族自治县',5308,10),(530828,'澜沧拉祜族自治县','云南|普洱|澜沧拉祜族自治县',5308,9),(530827,'孟连傣族拉祜族佤族自治县','云南|普洱|孟连傣族拉祜族佤族自治县',5308,8),(530826,'江城哈尼族彝族自治县','云南|普洱|江城哈尼族彝族自治县',5308,7),(530825,'镇沅彝族哈尼族拉祜族自治县','云南|普洱|镇沅彝族哈尼族拉祜族自治县',5308,6),(530824,'景谷傣族彝族自治县','云南|普洱|景谷傣族彝族自治县',5308,5),(530823,'景东彝族自治县','云南|普洱|景东彝族自治县',5308,4),(530822,'墨江哈尼族自治县','云南|普洱|墨江哈尼族自治县',5308,3),(530821,'宁洱镇','云南|普洱|宁洱镇',5308,2),(530802,'思茅区','云南|普洱|思茅区',5308,1),(530724,'宁蒗彝族自治县','云南|丽江|宁蒗彝族自治县',5307,5),(530723,'华坪县','云南|丽江|华坪县',5307,4),(530722,'永胜县','云南|丽江|永胜县',5307,3),(530721,'玉龙纳西族自治县','云南|丽江|玉龙纳西族自治县',5307,2),(530702,'古城区','云南|丽江|古城区',5307,1),(530630,'水富县','云南|昭通|水富县',5306,11),(530629,'威信县','云南|昭通|威信县',5306,10),(530628,'彝良县','云南|昭通|彝良县',5306,9),(530627,'镇雄县','云南|昭通|镇雄县',5306,8),(530626,'绥江县','云南|昭通|绥江县',5306,7),(530625,'永善县','云南|昭通|永善县',5306,6),(530624,'大关县','云南|昭通|大关县',5306,5),(530623,'盐津县','云南|昭通|盐津县',5306,4),(530622,'巧家县','云南|昭通|巧家县',5306,3),(530621,'鲁甸县','云南|昭通|鲁甸县',5306,2),(530602,'昭阳区','云南|昭通|昭阳区',5306,1),(530524,'昌宁县','云南|保山|昌宁县',5305,5),(530523,'龙陵县','云南|保山|龙陵县',5305,4),(530522,'腾冲县','云南|保山|腾冲县',5305,3),(530521,'施甸县','云南|保山|施甸县',5305,2),(530502,'隆阳区','云南|保山|隆阳区',5305,1),(530428,'元江哈尼族彝族傣族自治县','云南|玉溪|元江哈尼族彝族傣族自治县',5304,9),(530427,'新平彝族傣族自治县','云南|玉溪|新平彝族傣族自治县',5304,8),(530426,'峨山彝族自治县','云南|玉溪|峨山彝族自治县',5304,7),(530425,'易门县','云南|玉溪|易门县',5304,6),(530424,'华宁县','云南|玉溪|华宁县',5304,5),(530423,'通海县','云南|玉溪|通海县',5304,4),(530422,'澄江县','云南|玉溪|澄江县',5304,3),(530421,'江川县','云南|玉溪|江川县',5304,2),(530402,'红塔区','云南|玉溪|红塔区',5304,1),(530381,'宣威市','云南|曲靖|宣威市',5303,9),(530328,'沾益县','云南|曲靖|沾益县',5303,8),(530326,'会泽县','云南|曲靖|会泽县',5303,7),(530325,'富源县','云南|曲靖|富源县',5303,6),(530324,'罗平县','云南|曲靖|罗平县',5303,5),(530323,'师宗县','云南|曲靖|师宗县',5303,4),(530322,'陆良县','云南|曲靖|陆良县',5303,3),(530321,'马龙县','云南|曲靖|马龙县',5303,2),(530302,'麒麟区','云南|曲靖|麒麟区',5303,1),(530181,'安宁市','云南|昆明|安宁市',5301,14),(530129,'寻甸回族彝族自治县','云南|昆明|寻甸回族彝族自治县',5301,13),(530128,'禄劝彝族苗族自治县','云南|昆明|禄劝彝族苗族自治县',5301,12),(530127,'嵩明县','云南|昆明|嵩明县',5301,11),(530126,'石林彝族自治县','云南|昆明|石林彝族自治县',5301,10),(530125,'宜良县','云南|昆明|宜良县',5301,9),(530124,'富民县','云南|昆明|富民县',5301,8),(530122,'晋宁县','云南|昆明|晋宁县',5301,7),(530121,'呈贡县','云南|昆明|呈贡县',5301,6),(530113,'东川区','云南|昆明|东川区',5301,5),(530112,'西山区','云南|昆明|西山区',5301,4),(530111,'官渡区','云南|昆明|官渡区',5301,3),(530103,'盘龙区','云南|昆明|盘龙区',5301,2),(530102,'五华区','云南|昆明|五华区',5301,1),(522732,'三都水族自治县','贵州|黔南|三都水族自治县',5227,12),(522731,'惠水县','贵州|黔南|惠水县',5227,11),(522730,'龙里县','贵州|黔南|龙里县',5227,10),(522729,'长顺县','贵州|黔南|长顺县',5227,9),(522728,'罗甸县','贵州|黔南|罗甸县',5227,8),(522727,'平塘县','贵州|黔南|平塘县',5227,7),(522726,'独山县','贵州|黔南|独山县',5227,6),(522725,'瓮安县','贵州|黔南|瓮安县',5227,5),(522723,'贵定县','贵州|黔南|贵定县',5227,4),(522722,'荔波县','贵州|黔南|荔波县',5227,3),(522702,'福泉市','贵州|黔南|福泉市',5227,2),(522701,'都匀市','贵州|黔南|都匀市',5227,1),(522636,'丹寨县','贵州|黔东南|丹寨县',5226,16),(522635,'麻江县','贵州|黔东南|麻江县',5226,15),(522634,'雷山县','贵州|黔东南|雷山县',5226,14),(522633,'从江县','贵州|黔东南|从江县',5226,13),(522632,'榕江县','贵州|黔东南|榕江县',5226,12),(522631,'黎平县','贵州|黔东南|黎平县',5226,11),(522630,'台江县','贵州|黔东南|台江县',5226,10),(522629,'剑河县','贵州|黔东南|剑河县',5226,9),(522628,'锦屏县','贵州|黔东南|锦屏县',5226,8),(522627,'天柱县','贵州|黔东南|天柱县',5226,7),(522626,'岑巩县','贵州|黔东南|岑巩县',5226,6),(522625,'镇远县','贵州|黔东南|镇远县',5226,5),(522624,'三穗县','贵州|黔东南|三穗县',5226,4),(522623,'施秉县','贵州|黔东南|施秉县',5226,3),(522622,'黄平县','贵州|黔东南|黄平县',5226,2),(522601,'凯里市','贵州|黔东南|凯里市',5226,1),(522428,'赫章县','贵州|毕节|赫章县',5224,8),(522427,'威宁彝族回族苗族自治县','贵州|毕节|威宁彝族回族苗族自治县',5224,7),(522426,'纳雍县','贵州|毕节|纳雍县',5224,6),(522425,'织金县','贵州|毕节|织金县',5224,5),(522424,'金沙县','贵州|毕节|金沙县',5224,4),(522423,'黔西县','贵州|毕节|黔西县',5224,3),(522422,'大方县','贵州|毕节|大方县',5224,2),(522401,'毕节市','贵州|毕节|毕节市',5224,1),(522328,'安龙县','贵州|黔西南|安龙县',5223,8),(522327,'册亨县','贵州|黔西南|册亨县',5223,7),(522326,'望谟县','贵州|黔西南|望谟县',5223,6),(522325,'贞丰县','贵州|黔西南|贞丰县',5223,5),(522324,'晴隆县','贵州|黔西南|晴隆县',5223,4),(522323,'普安县','贵州|黔西南|普安县',5223,3),(522322,'兴仁县','贵州|黔西南|兴仁县',5223,2),(522301,'兴义市','贵州|黔西南|兴义市',5223,1),(522230,'万山特区','贵州|铜仁|万山特区',5222,10),(522229,'松桃苗族自治县','贵州|铜仁|松桃苗族自治县',5222,9),(522228,'沿河土家族自治县','贵州|铜仁|沿河土家族自治县',5222,8),(522227,'德江县','贵州|铜仁|德江县',5222,7),(522226,'印江土家族苗族自治县','贵州|铜仁|印江土家族苗族自治县',5222,6),(522225,'思南县','贵州|铜仁|思南县',5222,5),(522224,'石阡县','贵州|铜仁|石阡县',5222,4),(522223,'玉屏侗族自治县','贵州|铜仁|玉屏侗族自治县',5222,3),(522222,'江口县','贵州|铜仁|江口县',5222,2),(522201,'铜仁市','贵州|铜仁|铜仁市',5222,1),(520425,'紫云苗族布依族自治县','贵州|安顺|紫云苗族布依族自治县',5204,6),(520424,'关岭布依族苗族自治县','贵州|安顺|关岭布依族苗族自治县',5204,5),(520423,'镇宁布依族苗族自治县','贵州|安顺|镇宁布依族苗族自治县',5204,4),(520422,'普定县','贵州|安顺|普定县',5204,3),(520421,'平坝县','贵州|安顺|平坝县',5204,2),(520402,'西秀区','贵州|安顺|西秀区',5204,1),(520382,'仁怀市','贵州|遵义|仁怀市',5203,14),(520381,'赤水市','贵州|遵义|赤水市',5203,13),(520330,'习水县','贵州|遵义|习水县',5203,12),(520329,'余庆县','贵州|遵义|余庆县',5203,11),(520328,'湄潭县','贵州|遵义|湄潭县',5203,10),(520327,'凤冈县','贵州|遵义|凤冈县',5203,9),(520326,'务川仡佬族苗族自治县','贵州|遵义|务川仡佬族苗族自治县',5203,8),(520325,'道真仡佬族苗族自治县','贵州|遵义|道真仡佬族苗族自治县',5203,7),(520324,'正安县','贵州|遵义|正安县',5203,6),(520323,'绥阳县','贵州|遵义|绥阳县',5203,5),(520322,'桐梓县','贵州|遵义|桐梓县',5203,4),(520321,'遵义县','贵州|遵义|遵义县',5203,3),(520303,'汇川区','贵州|遵义|汇川区',5203,2),(520302,'红花岗区','贵州|遵义|红花岗区',5203,1),(520222,'盘县','贵州|六盘水|盘县',5202,4),(520221,'水城县','贵州|六盘水|水城县',5202,3),(520203,'六枝特区','贵州|六盘水|六枝特区',5202,2),(520201,'钟山区','贵州|六盘水|钟山区',5202,1),(520181,'清镇市','贵州|贵阳|清镇市',5201,10),(520123,'修文县','贵州|贵阳|修文县',5201,9),(520122,'息烽县','贵州|贵阳|息烽县',5201,8),(520121,'开阳县','贵州|贵阳|开阳县',5201,7),(520114,'小河区','贵州|贵阳|小河区',5201,6),(520113,'白云区','贵州|贵阳|白云区',5201,5),(520112,'乌当区','贵州|贵阳|乌当区',5201,4),(520111,'花溪区','贵州|贵阳|花溪区',5201,3),(520103,'云岩区','贵州|贵阳|云岩区',5201,2),(520102,'南明区','贵州|贵阳|南明区',5201,1),(513437,'雷波县','四川|凉山|雷波县',5134,17),(513436,'美姑县','四川|凉山|美姑县',5134,16),(513435,'甘洛县','四川|凉山|甘洛县',5134,15),(513434,'越西县','四川|凉山|越西县',5134,14),(513433,'冕宁县','四川|凉山|冕宁县',5134,13),(513432,'喜德县','四川|凉山|喜德县',5134,12),(513431,'昭觉县','四川|凉山|昭觉县',5134,11),(513430,'金阳县','四川|凉山|金阳县',5134,10),(513429,'布拖县','四川|凉山|布拖县',5134,9),(513428,'普格县','四川|凉山|普格县',5134,8),(513427,'宁南县','四川|凉山|宁南县',5134,7),(513426,'会东县','四川|凉山|会东县',5134,6),(513425,'会理县','四川|凉山|会理县',5134,5),(513424,'德昌县','四川|凉山|德昌县',5134,4),(513423,'盐源县','四川|凉山|盐源县',5134,3),(513422,'木里藏族自治县','四川|凉山|木里藏族自治县',5134,2),(513401,'西昌市','四川|凉山|西昌市',5134,1),(513338,'得荣县','四川|甘孜|得荣县',5133,18),(513337,'稻城县','四川|甘孜|稻城县',5133,17),(513336,'乡城县','四川|甘孜|乡城县',5133,16),(513335,'巴塘县','四川|甘孜|巴塘县',5133,15),(513334,'理塘县','四川|甘孜|理塘县',5133,14),(513333,'色达县','四川|甘孜|色达县',5133,13),(513332,'石渠县','四川|甘孜|石渠县',5133,12),(513331,'白玉县','四川|甘孜|白玉县',5133,11),(513330,'德格县','四川|甘孜|德格县',5133,10),(513329,'新龙县','四川|甘孜|新龙县',5133,9),(513328,'甘孜县','四川|甘孜|甘孜县',5133,8),(513327,'炉霍县','四川|甘孜|炉霍县',5133,7),(513326,'道孚县','四川|甘孜|道孚县',5133,6),(513325,'雅江县','四川|甘孜|雅江县',5133,5),(513324,'九龙县','四川|甘孜|九龙县',5133,4),(513323,'丹巴县','四川|甘孜|丹巴县',5133,3),(513322,'泸定县','四川|甘孜|泸定县',5133,2),(513321,'康定县','四川|甘孜|康定县',5133,1),(513233,'红原县','四川|阿坝|红原县',5132,13),(513232,'若尔盖县','四川|阿坝|若尔盖县',5132,12),(513231,'阿坝县','四川|阿坝|阿坝县',5132,11),(513230,'壤塘县','四川|阿坝|壤塘县',5132,10),(513229,'马尔康县','四川|阿坝|马尔康县',5132,9),(513228,'黑水县','四川|阿坝|黑水县',5132,8),(513227,'小金县','四川|阿坝|小金县',5132,7),(513226,'金川县','四川|阿坝|金川县',5132,6),(513225,'九寨沟县','四川|阿坝|九寨沟县',5132,5),(513224,'松潘县','四川|阿坝|松潘县',5132,4),(513223,'茂县','四川|阿坝|茂县',5132,3),(513222,'理县','四川|阿坝|理县',5132,2),(513221,'汶川县','四川|阿坝|汶川县',5132,1),(512081,'简阳市','四川|资阳|简阳市',5120,4),(512022,'乐至县','四川|资阳|乐至县',5120,3),(512021,'安岳县','四川|资阳|安岳县',5120,2),(512002,'雁江区','四川|资阳|雁江区',5120,1),(511923,'平昌县','四川|巴中|平昌县',5119,4),(511922,'南江县','四川|巴中|南江县',5119,3),(511921,'通江县','四川|巴中|通江县',5119,2),(511902,'巴州区','四川|巴中|巴州区',5119,1),(511827,'宝兴县','四川|雅安|宝兴县',5118,8),(511826,'芦山县','四川|雅安|芦山县',5118,7),(511825,'天全县','四川|雅安|天全县',5118,6),(511824,'石棉县','四川|雅安|石棉县',5118,5),(511823,'汉源县','四川|雅安|汉源县',5118,4),(511822,'荥经县','四川|雅安|荥经县',5118,3),(511821,'名山县','四川|雅安|名山县',5118,2),(511802,'雨城区','四川|雅安|雨城区',5118,1),(511781,'万源市','四川|达州|万源市',5117,7),(511725,'渠县','四川|达州|渠县',5117,6),(511724,'大竹县','四川|达州|大竹县',5117,5),(511723,'开江县','四川|达州|开江县',5117,4),(511722,'宣汉县','四川|达州|宣汉县',5117,3),(511721,'达县','四川|达州|达县',5117,2),(511702,'通川区','四川|达州|通川区',5117,1),(511681,'华蓥市','四川|广安|华蓥市',5116,5),(511623,'邻水县','四川|广安|邻水县',5116,4),(511622,'武胜县','四川|广安|武胜县',5116,3),(511621,'岳池县','四川|广安|岳池县',5116,2),(511602,'广安区','四川|广安|广安区',5116,1),(511529,'屏山县','四川|宜宾|屏山县',5115,10),(511528,'兴文县','四川|宜宾|兴文县',5115,9),(511527,'筠连县','四川|宜宾|筠连县',5115,8),(511526,'珙县','四川|宜宾|珙县',5115,7),(511525,'高县','四川|宜宾|高县',5115,6),(511524,'长宁县','四川|宜宾|长宁县',5115,5),(511523,'江安县','四川|宜宾|江安县',5115,4),(511522,'南溪县','四川|宜宾|南溪县',5115,3),(511521,'宜宾县','四川|宜宾|宜宾县',5115,2),(511502,'翠屏区','四川|宜宾|翠屏区',5115,1),(511425,'青神县','四川|眉山|青神县',5114,6),(511424,'丹棱县','四川|眉山|丹棱县',5114,5),(511423,'洪雅县','四川|眉山|洪雅县',5114,4),(511422,'彭山县','四川|眉山|彭山县',5114,3),(511421,'仁寿县','四川|眉山|仁寿县',5114,2),(511402,'东坡区','四川|眉山|东坡区',5114,1),(511381,'阆中市','四川|南充|阆中市',5113,9),(511325,'西充县','四川|南充|西充县',5113,8),(511324,'仪陇县','四川|南充|仪陇县',5113,7),(511323,'蓬安县','四川|南充|蓬安县',5113,6),(511322,'营山县','四川|南充|营山县',5113,5),(511321,'南部县','四川|南充|南部县',5113,4),(511304,'嘉陵区','四川|南充|嘉陵区',5113,3),(511303,'高坪区','四川|南充|高坪区',5113,2),(511302,'顺庆区','四川|南充|顺庆区',5113,1),(511181,'峨眉山市','四川|乐山|峨眉山市',5111,11),(511133,'马边彝族自治县','四川|乐山|马边彝族自治县',5111,10),(511132,'峨边彝族自治县','四川|乐山|峨边彝族自治县',5111,9),(511129,'沐川县','四川|乐山|沐川县',5111,8),(511126,'夹江县','四川|乐山|夹江县',5111,7),(511124,'井研县','四川|乐山|井研县',5111,6),(511123,'犍为县','四川|乐山|犍为县',5111,5),(511113,'金口河区','四川|乐山|金口河区',5111,4),(511112,'五通桥区','四川|乐山|五通桥区',5111,3),(511111,'沙湾区','四川|乐山|沙湾区',5111,2),(511102,'市中区','四川|乐山|市中区',5111,1),(511028,'隆昌县','四川|内江|隆昌县',5110,5),(511025,'资中县','四川|内江|资中县',5110,4),(511024,'威远县','四川|内江|威远县',5110,3),(511011,'东兴区','四川|内江|东兴区',5110,2),(511002,'市中区','四川|内江|市中区',5110,1),(510923,'大英县','四川|遂宁|大英县',5109,5),(510922,'射洪县','四川|遂宁|射洪县',5109,4),(510921,'蓬溪县','四川|遂宁|蓬溪县',5109,3),(510904,'安居区','四川|遂宁|安居区',5109,2),(510903,'船山区','四川|遂宁|船山区',5109,1),(510824,'苍溪县','四川|广元|苍溪县',5108,7),(510823,'剑阁县','四川|广元|剑阁县',5108,6),(510822,'青川县','四川|广元|青川县',5108,5),(510821,'旺苍县','四川|广元|旺苍县',5108,4),(510812,'朝天区','四川|广元|朝天区',5108,3),(510811,'元坝区','四川|广元|元坝区',5108,2),(510802,'利州区','四川|广元|利州区',5108,1),(510781,'江油市','四川|绵阳|江油市',5107,9),(510727,'平武县','四川|绵阳|平武县',5107,8),(510726,'北川羌族自治县','四川|绵阳|北川羌族自治县',5107,7),(510725,'梓潼县','四川|绵阳|梓潼县',5107,6),(510724,'安县','四川|绵阳|安县',5107,5),(510723,'盐亭县','四川|绵阳|盐亭县',5107,4),(510722,'三台县','四川|绵阳|三台县',5107,3),(510704,'游仙区','四川|绵阳|游仙区',5107,2),(510703,'涪城区','四川|绵阳|涪城区',5107,1),(510683,'绵竹市','四川|德阳|绵竹市',5106,6),(510682,'什邡市','四川|德阳|什邡市',5106,5),(510681,'广汉市','四川|德阳|广汉市',5106,4),(510626,'罗江县','四川|德阳|罗江县',5106,3),(510623,'中江县','四川|德阳|中江县',5106,2),(510603,'旌阳区','四川|德阳|旌阳区',5106,1),(510525,'古蔺县','四川|泸州|古蔺县',5105,7),(510524,'叙永县','四川|泸州|叙永县',5105,6),(510522,'合江县','四川|泸州|合江县',5105,5),(510521,'泸县','四川|泸州|泸县',5105,4),(510504,'龙马潭区','四川|泸州|龙马潭区',5105,3),(510503,'纳溪区','四川|泸州|纳溪区',5105,2),(510502,'江阳区','四川|泸州|江阳区',5105,1),(510422,'盐边县','四川|攀枝花|盐边县',5104,5),(510421,'米易县','四川|攀枝花|米易县',5104,4),(510411,'仁和区','四川|攀枝花|仁和区',5104,3),(510403,'西区','四川|攀枝花|西区',5104,2),(510402,'东区','四川|攀枝花|东区',5104,1),(510322,'富顺县','四川|自贡|富顺县',5103,6),(510321,'荣县','四川|自贡|荣县',5103,5),(510311,'沿滩区','四川|自贡|沿滩区',5103,4),(510304,'大安区','四川|自贡|大安区',5103,3),(510303,'贡井区','四川|自贡|贡井区',5103,2),(510302,'自流井区','四川|自贡|自流井区',5103,1),(510184,'崇州市','四川|成都|崇州市',5101,19),(510183,'邛崃市','四川|成都|邛崃市',5101,18),(510182,'彭州市','四川|成都|彭州市',5101,17),(510181,'都江堰市','四川|成都|都江堰市',5101,16),(510132,'新津县','四川|成都|新津县',5101,15),(510131,'蒲江县','四川|成都|蒲江县',5101,14),(510129,'大邑县','四川|成都|大邑县',5101,13),(510124,'郫县','四川|成都|郫县',5101,12),(510122,'双流县','四川|成都|双流县',5101,11),(510121,'金堂县','四川|成都|金堂县',5101,10),(510115,'温江区','四川|成都|温江区',5101,9),(510114,'新都区','四川|成都|新都区',5101,8),(510113,'青白江区','四川|成都|青白江区',5101,7),(510112,'龙泉驿区','四川|成都|龙泉驿区',5101,6),(510108,'成华区','四川|成都|成华区',5101,5),(510107,'武侯区','四川|成都|武侯区',5101,4),(510106,'金牛区','四川|成都|金牛区',5101,3),(510105,'青羊区','四川|成都|青羊区',5101,2),(510104,'锦江区','四川|成都|锦江区',5101,1),(508419,'南川区','重庆|南川|南川区',5084,1),(508318,'永川区','重庆|永川|永川区',5083,1),(508217,'合川区','重庆|合川|合川区',5082,1),(508116,'江津区','重庆|江津|江津区',5081,1),(504343,'彭水苗族土家族自治县','重庆|彭水|彭水苗族土家族自治县',5043,1),(504242,'酉阳土家族苗族自治县','重庆|酉阳|酉阳土家族苗族自治县',5042,1),(504141,'秀山土家族苗族自治县','重庆|秀山|秀山土家族苗族自治县',5041,1),(504040,'石柱土家族自治县','重庆|石柱|石柱土家族自治县',5040,1),(503914,'黔江区','重庆|黔江|黔江区',5039,1),(503838,'巫溪县','重庆|巫溪|巫溪县',5038,1),(503737,'巫山县','重庆|巫山|巫山县',5037,1),(503636,'奉节县','重庆|奉节|奉节县',5036,1),(503535,'云阳县','重庆|云阳|云阳县',5035,1),(503434,'开县','重庆|开县|开县',5034,1),(503333,'忠县','重庆|忠县|忠县',5033,1),(503232,'武隆县','重庆|武隆|武隆县',5032,1),(503131,'垫江县','重庆|垫江|垫江县',5031,1),(503030,'丰都县','重庆|丰都|丰都县',5030,1),(502929,'城口县','重庆|城口|城口县',5029,1),(502828,'梁平县','重庆|梁平|梁平县',5028,1),(502727,'璧山县','重庆|璧山|璧山县',5027,1),(502626,'荣昌县','重庆|荣昌|荣昌县',5026,1),(502525,'大足县','重庆|大足|大足县',5025,1),(502424,'铜梁县','重庆|铜梁|铜梁县',5024,1),(502323,'潼南县','重庆|潼南|潼南县',5023,1),(502222,'綦江县','重庆|綦江|綦江县',5022,1),(502115,'长寿区','重庆|长寿|长寿区',5021,1),(501313,'巴南区','重庆|巴南|巴南区',5013,1),(501212,'渝北区','重庆|渝北|渝北区',5012,1),(501111,'双桥区','重庆|双桥|双桥区',5011,1),(501010,'万盛区','重庆|万盛|万盛区',5010,1),(500909,'北碚区','重庆|北碚|北碚区',5009,1),(500808,'南岸区','重庆|南岸|南岸区',5008,1),(500707,'九龙坡区','重庆|九龙坡|九龙坡区',5007,1),(500606,'沙坪坝区','重庆|沙坪坝|沙坪坝区',5006,1),(500505,'江北区','重庆|江北|江北区',5005,1),(500104,'大渡口区','重庆|大渡口|大渡口区',5004,1),(500303,'渝中区','重庆|渝中|渝中区',5003,1),(500202,'涪陵区','重庆|涪陵|涪陵区',5002,1),(500101,'万州区','重庆|万州|万州区',5001,1),(460800,'东方','海南|东方|东方',4608,1),(460700,'万宁','海南|万宁|万宁',4607,1),(460600,'文昌','海南|文昌|文昌',4606,1),(460500,'儋州','海南|儋州|儋州',4605,1),(460400,'琼海','海南|琼海|琼海',4604,1),(460300,'五指山','海南|五指山|五指山',4603,1),(460200,'三亚市','海南|三亚|三亚市',4602,1),(460108,'美兰区','海南|海口|美兰区',4601,4),(460107,'琼山区','海南|海口|琼山区',4601,3),(460106,'龙华区','海南|海口|龙华区',4601,2),(460105,'秀英区','海南|海口|秀英区',4601,1),(451481,'凭祥市','广西|崇左|凭祥市',4514,7),(451425,'天等县','广西|崇左|天等县',4514,6),(451424,'大新县','广西|崇左|大新县',4514,5),(451423,'龙州县','广西|崇左|龙州县',4514,4),(451422,'宁明县','广西|崇左|宁明县',4514,3),(451421,'扶绥县','广西|崇左|扶绥县',4514,2),(451402,'江洲区','广西|崇左|江洲区',4514,1),(451381,'合山市','广西|来宾|合山市',4513,6),(451324,'金秀瑶族自治县','广西|来宾|金秀瑶族自治县',4513,5),(451323,'武宣县','广西|来宾|武宣县',4513,4),(451322,'象州县','广西|来宾|象州县',4513,3),(451321,'忻城县','广西|来宾|忻城县',4513,2),(451302,'兴宾区','广西|来宾|兴宾区',4513,1),(451281,'宜州市','广西|河池|宜州市',4512,11),(451229,'大化瑶族自治县','广西|河池|大化瑶族自治县',4512,10),(451228,'都安瑶族自治县','广西|河池|都安瑶族自治县',4512,9),(451227,'巴马瑶族自治县','广西|河池|巴马瑶族自治县',4512,8),(451226,'环江毛南族自治县','广西|河池|环江毛南族自治县',4512,7),(451225,'罗城仫佬族自治县','广西|河池|罗城仫佬族自治县',4512,6),(451224,'东兰县','广西|河池|东兰县',4512,5),(451223,'凤山县','广西|河池|凤山县',4512,4),(451222,'天峨县','广西|河池|天峨县',4512,3),(451221,'南丹县','广西|河池|南丹县',4512,2),(451202,'金城江区','广西|河池|金城江区',4512,1),(451123,'富川瑶族自治县','广西|贺州|富川瑶族自治县',4511,4),(451122,'钟山县','广西|贺州|钟山县',4511,3),(451121,'昭平县','广西|贺州|昭平县',4511,2),(451102,'八步区','广西|贺州|八步区',4511,1),(451031,'隆林各族自治县','广西|百色|隆林各族自治县',4510,12),(451030,'西林县','广西|百色|西林县',4510,11),(451029,'田林县','广西|百色|田林县',4510,10),(451028,'乐业县','广西|百色|乐业县',4510,9),(451027,'凌云县','广西|百色|凌云县',4510,8),(451026,'那坡县','广西|百色|那坡县',4510,7),(451025,'靖西县','广西|百色|靖西县',4510,6),(451024,'德保县','广西|百色|德保县',4510,5),(451023,'平果县','广西|百色|平果县',4510,4),(451022,'田东县','广西|百色|田东县',4510,3),(451021,'田阳县','广西|百色|田阳县',4510,2),(451002,'右江区','广西|百色|右江区',4510,1),(450981,'北流市','广西|玉林|北流市',4509,6),(450924,'兴业县','广西|玉林|兴业县',4509,5),(450923,'博白县','广西|玉林|博白县',4509,4),(450922,'陆川县','广西|玉林|陆川县',4509,3),(450921,'容县','广西|玉林|容县',4509,2),(450902,'玉州区','广西|玉林|玉州区',4509,1),(450881,'桂平市','广西|贵港|桂平市',4508,5),(450821,'平南县','广西|贵港|平南县',4508,4),(450804,'覃塘区','广西|贵港|覃塘区',4508,3),(450803,'港南区','广西|贵港|港南区',4508,2),(450802,'港北区','广西|贵港|港北区',4508,1),(450722,'浦北县','广西|钦州|浦北县',4507,4),(450721,'灵山县','广西|钦州|灵山县',4507,3),(450703,'钦北区','广西|钦州|钦北区',4507,2),(450702,'钦南区','广西|钦州|钦南区',4507,1),(450681,'东兴市','广西|防城港|东兴市',4506,4),(450621,'上思县','广西|防城港|上思县',4506,3),(450603,'防城区','广西|防城港|防城区',4506,2),(450602,'港口区','广西|防城港|港口区',4506,1),(450521,'合浦县','广西|北海|合浦县',4505,4),(450512,'铁山港区','广西|北海|铁山港区',4505,3),(450503,'银海区','广西|北海|银海区',4505,2),(450502,'海城区','广西|北海|海城区',4505,1),(450481,'岑溪市','广西|梧州|岑溪市',4504,7),(450423,'蒙山县','广西|梧州|蒙山县',4504,6),(450422,'藤县','广西|梧州|藤县',4504,5),(450421,'苍梧县','广西|梧州|苍梧县',4504,4),(450405,'长洲区','广西|梧州|长洲区',4504,3),(450404,'蝶山区','广西|梧州|蝶山区',4504,2),(450403,'万秀区','广西|梧州|万秀区',4504,1),(450332,'恭城瑶族自治县','广西|桂林|恭城瑶族自治县',4503,17),(450331,'荔蒲县','广西|桂林|荔蒲县',4503,16),(450330,'平乐县','广西|桂林|平乐县',4503,15),(450329,'资源县','广西|桂林|资源县',4503,14),(450328,'龙胜各族自治县','广西|桂林|龙胜各族自治县',4503,13),(450327,'灌阳县','广西|桂林|灌阳县',4503,12),(450326,'永福县','广西|桂林|永福县',4503,11),(450325,'兴安县','广西|桂林|兴安县',4503,10),(450324,'全州县','广西|桂林|全州县',4503,9),(450323,'灵川县','广西|桂林|灵川县',4503,8),(450322,'临桂县','广西|桂林|临桂县',4503,7),(450321,'阳朔县','广西|桂林|阳朔县',4503,6),(450311,'雁山区','广西|桂林|雁山区',4503,5),(450305,'七星区','广西|桂林|七星区',4503,4),(450304,'象山区','广西|桂林|象山区',4503,3),(450303,'叠彩区','广西|桂林|叠彩区',4503,2),(450302,'秀峰区','广西|桂林|秀峰区',4503,1),(450226,'三江侗族自治县','广西|柳州|三江侗族自治县',4502,10),(450225,'融水苗族自治县','广西|柳州|融水苗族自治县',4502,9),(450224,'融安县','广西|柳州|融安县',4502,8),(450223,'鹿寨县','广西|柳州|鹿寨县',4502,7),(450222,'柳城县','广西|柳州|柳城县',4502,6),(450221,'柳江县','广西|柳州|柳江县',4502,5),(450205,'柳北区','广西|柳州|柳北区',4502,4),(450204,'柳南区','广西|柳州|柳南区',4502,3),(450203,'鱼峰区','广西|柳州|鱼峰区',4502,2),(450202,'城中区','广西|柳州|城中区',4502,1),(450127,'横县','广西|南宁|横县',4501,12),(450126,'宾阳县','广西|南宁|宾阳县',4501,11),(450125,'上林县','广西|南宁|上林县',4501,10),(450124,'马山县','广西|南宁|马山县',4501,9),(450123,'隆安县','广西|南宁|隆安县',4501,8),(450122,'武鸣县','广西|南宁|武鸣县',4501,7),(450109,'邕宁区','广西|南宁|邕宁区',4501,6),(450108,'良庆区','广西|南宁|良庆区',4501,5),(450107,'西乡塘区','广西|南宁|西乡塘区',4501,4),(450105,'江南区','广西|南宁|江南区',4501,3),(450103,'青秀区','广西|南宁|青秀区',4501,2),(450102,'兴宁区','广西|南宁|兴宁区',4501,1),(445381,'罗定市','广东|云浮|罗定市',4453,5),(445323,'云安县','广东|云浮|云安县',4453,4),(445322,'郁南县','广东|云浮|郁南县',4453,3),(445321,'新兴县','广东|云浮|新兴县',4453,2),(445302,'云城区','广东|云浮|云城区',4453,1),(445281,'普宁市','广东|揭阳|普宁市',4452,5),(445224,'惠来县','广东|揭阳|惠来县',4452,4),(445222,'揭西县','广东|揭阳|揭西县',4452,3),(445221,'揭东县','广东|揭阳|揭东县',4452,2),(445202,'榕城区','广东|揭阳|榕城区',4452,1),(445122,'饶平县','广东|潮州|饶平县',4451,3),(445121,'潮安县','广东|潮州|潮安县',4451,2),(445102,'湘桥区','广东|潮州|湘桥区',4451,1),(442000,'中山市','广东|中山|中山市',4420,1),(441900,'东莞市','广东|东莞|东莞市',4419,1),(441882,'连州市','广东|清远|连州市',4418,8),(441881,'英德市','广东|清远|英德市',4418,7),(441827,'清新县','广东|清远|清新县',4418,6),(441826,'连南瑶族自治县','广东|清远|连南瑶族自治县',4418,5),(441825,'连山壮族瑶族自治县','广东|清远|连山壮族瑶族自治县',4418,4),(441823,'阳山县','广东|清远|阳山县',4418,3),(441821,'佛冈县','广东|清远|佛冈县',4418,2),(441802,'清城区','广东|清远|清城区',4418,1),(441781,'阳春市','广东|阳江|阳春市',4417,4),(441723,'阳东县','广东|阳江|阳东县',4417,3),(441721,'阳西县','广东|阳江|阳西县',4417,2),(441702,'江城区','广东|阳江|江城区',4417,1),(441625,'东源县','广东|河源|东源县',4416,6),(441624,'和平县','广东|河源|和平县',4416,5),(441623,'连平县','广东|河源|连平县',4416,4),(441622,'龙川县','广东|河源|龙川县',4416,3),(441621,'紫金县','广东|河源|紫金县',4416,2),(441602,'源城区','广东|河源|源城区',4416,1),(441581,'陆丰市','广东|汕尾|陆丰市',4415,4),(441523,'陆河县','广东|汕尾|陆河县',4415,3),(441521,'海丰县','广东|汕尾|海丰县',4415,2),(441502,'城区','广东|汕尾|城区',4415,1),(441481,'兴宁市','广东|梅州|兴宁市',4414,8),(441427,'蕉岭县','广东|梅州|蕉岭县',4414,7),(441426,'平远县','广东|梅州|平远县',4414,6),(441424,'五华县','广东|梅州|五华县',4414,5),(441423,'丰顺县','广东|梅州|丰顺县',4414,4),(441422,'大埔县','广东|梅州|大埔县',4414,3),(441421,'梅县','广东|梅州|梅县',4414,2),(441402,'梅江区','广东|梅州|梅江区',4414,1),(441324,'龙门县','广东|惠州|龙门县',4413,5),(441323,'惠东县','广东|惠州|惠东县',4413,4),(441322,'博罗县','广东|惠州|博罗县',4413,3),(441303,'惠阳区','广东|惠州|惠阳区',4413,2),(441302,'惠城区','广东|惠州|惠城区',4413,1),(441284,'四会市','广东|肇庆|四会市',4412,8),(441283,'高要市','广东|肇庆|高要市',4412,7),(441226,'德庆县','广东|肇庆|德庆县',4412,6),(441225,'封开县','广东|肇庆|封开县',4412,5),(441224,'怀集县','广东|肇庆|怀集县',4412,4),(441223,'广宁县','广东|肇庆|广宁县',4412,3),(441203,'鼎湖区','广东|肇庆|鼎湖区',4412,2),(441202,'端州区','广东|肇庆|端州区',4412,1),(440983,'信宜市','广东|茂名|信宜市',4409,6),(440982,'化州市','广东|茂名|化州市',4409,5),(440981,'高州市','广东|茂名|高州市',4409,4),(440923,'电白县','广东|茂名|电白县',4409,3),(440903,'茂港区','广东|茂名|茂港区',4409,2),(440902,'茂南区','广东|茂名|茂南区',4409,1),(440883,'吴川市','广东|湛江|吴川市',4408,9),(440882,'雷州市','广东|湛江|雷州市',4408,8),(440881,'廉江市','广东|湛江|廉江市',4408,7),(440825,'徐闻县','广东|湛江|徐闻县',4408,6),(440823,'遂溪县','广东|湛江|遂溪县',4408,5),(440811,'麻章区','广东|湛江|麻章区',4408,4),(440804,'坡头区','广东|湛江|坡头区',4408,3),(440803,'霞山区','广东|湛江|霞山区',4408,2),(440802,'赤坎区','广东|湛江|赤坎区',4408,1),(440785,'恩平市','广东|江门|恩平市',4407,7),(440784,'鹤山市','广东|江门|鹤山市',4407,6),(440783,'开平市','广东|江门|开平市',4407,5),(440781,'台山市','广东|江门|台山市',4407,4),(440705,'新会区','广东|江门|新会区',4407,3),(440704,'江海区','广东|江门|江海区',4407,2),(440703,'蓬江区','广东|江门|蓬江区',4407,1),(440608,'高明区','广东|佛山|高明区',4406,5),(440607,'三水区','广东|佛山|三水区',4406,4),(440606,'顺德区','广东|佛山|顺德区',4406,3),(440605,'南海区','广东|佛山|南海区',4406,2),(440604,'禅城区','广东|佛山|禅城区',4406,1),(440523,'南澳县','广东|汕头|南澳县',4405,7),(440515,'澄海区','广东|汕头|澄海区',4405,6),(440514,'潮南区','广东|汕头|潮南区',4405,5),(440513,'潮阳区','广东|汕头|潮阳区',4405,4),(440512,'濠江区','广东|汕头|濠江区',4405,3),(440511,'金平区','广东|汕头|金平区',4405,2),(440507,'龙湖区','广东|汕头|龙湖区',4405,1),(440404,'金湾区','广东|珠海|金湾区',4404,3),(440403,'斗门区','广东|珠海|斗门区',4404,2),(440402,'香洲区','广东|珠海|香洲区',4404,1),(440308,'盐田区','广东|深圳|盐田区',4403,6),(440307,'龙岗区','广东|深圳|龙岗区',4403,5),(440306,'宝安区','广东|深圳|宝安区',4403,4),(440305,'南山区','广东|深圳|南山区',4403,3),(440304,'福田区','广东|深圳|福田区',4403,2),(440303,'罗湖区','广东|深圳|罗湖区',4403,1),(440282,'南雄市','广东|韶关|南雄市',4402,10),(440281,'乐昌市','广东|韶关|乐昌市',4402,9),(440233,'新丰县','广东|韶关|新丰县',4402,8),(440232,'乳源瑶族自治县','广东|韶关|乳源瑶族自治县',4402,7),(440229,'翁源县','广东|韶关|翁源县',4402,6),(440224,'仁化县','广东|韶关|仁化县',4402,5),(440222,'始兴县','广东|韶关|始兴县',4402,4),(440205,'曲江区','广东|韶关|曲江区',4402,3),(440204,'浈江区','广东|韶关|浈江区',4402,2),(440203,'武江区','广东|韶关|武江区',4402,1),(440184,'从化市','广东|广州|从化市',4401,12),(440183,'增城市','广东|广州|增城市',4401,11),(440116,'萝岗区','广东|广州|萝岗区',4401,10),(440115,'南沙区','广东|广州|南沙区',4401,9),(440114,'花都区','广东|广州|花都区',4401,8),(440113,'番禺区','广东|广州|番禺区',4401,7),(440112,'黄埔区','广东|广州|黄埔区',4401,6),(440111,'白云区','广东|广州|白云区',4401,5),(440106,'天河区','广东|广州|天河区',4401,4),(440105,'海珠区','广东|广州|海珠区',4401,3),(440104,'越秀区','广东|广州|越秀区',4401,2),(440103,'荔湾区','广东|广州|荔湾区',4401,1),(433130,'龙山县','湖南|湘西|龙山县',4331,8),(433127,'永顺县','湖南|湘西|永顺县',4331,7),(433126,'古丈县','湖南|湘西|古丈县',4331,6),(433125,'保靖县','湖南|湘西|保靖县',4331,5),(433124,'花垣县','湖南|湘西|花垣县',4331,4),(433123,'凤凰县','湖南|湘西|凤凰县',4331,3),(433122,'泸溪县','湖南|湘西|泸溪县',4331,2),(433101,'吉首市','湖南|湘西|吉首市',4331,1),(431382,'涟源市','湖南|娄底|涟源市',4313,5),(431381,'冷水江市','湖南|娄底|冷水江市',4313,4),(431322,'新化县','湖南|娄底|新化县',4313,3),(431321,'双峰县','湖南|娄底|双峰县',4313,2),(431302,'娄星区','湖南|娄底|娄星区',4313,1),(431281,'洪江市','湖南|怀化|洪江市',4312,12),(431230,'通道侗族自治县','湖南|怀化|通道侗族自治县',4312,11),(431229,'靖州苗族侗族自治县','湖南|怀化|靖州苗族侗族自治县',4312,10),(431228,'芷江侗族自治县','湖南|怀化|芷江侗族自治县',4312,9),(431227,'新晃侗族自治县','湖南|怀化|新晃侗族自治县',4312,8),(431226,'麻阳苗族自治县','湖南|怀化|麻阳苗族自治县',4312,7),(431225,'会同县','湖南|怀化|会同县',4312,6),(431224,'溆浦县','湖南|怀化|溆浦县',4312,5),(431223,'辰溪县','湖南|怀化|辰溪县',4312,4),(431222,'沅陵县','湖南|怀化|沅陵县',4312,3),(431221,'中方县','湖南|怀化|中方县',4312,2),(431202,'鹤城区','湖南|怀化|鹤城区',4312,1),(431129,'江华瑶族自治县','湖南|永州|江华瑶族自治县',4311,11),(431128,'新田县','湖南|永州|新田县',4311,10),(431127,'蓝山县','湖南|永州|蓝山县',4311,9),(431126,'宁远县','湖南|永州|宁远县',4311,8),(431125,'江永县','湖南|永州|江永县',4311,7),(431124,'道县','湖南|永州|道县',4311,6),(431123,'双牌县','湖南|永州|双牌县',4311,5),(431122,'东安县','湖南|永州|东安县',4311,4),(431121,'祁阳县','湖南|永州|祁阳县',4311,3),(431103,'冷水滩区','湖南|永州|冷水滩区',4311,2),(431102,'零陵区','湖南|永州|零陵区',4311,1),(431081,'资兴市','湖南|郴州|资兴市',4310,11),(431028,'安仁县','湖南|郴州|安仁县',4310,10),(431027,'桂东县','湖南|郴州|桂东县',4310,9),(431026,'汝城县','湖南|郴州|汝城县',4310,8),(431025,'临武县','湖南|郴州|临武县',4310,7),(431024,'嘉禾县','湖南|郴州|嘉禾县',4310,6),(431023,'永兴县','湖南|郴州|永兴县',4310,5),(431022,'宜章县','湖南|郴州|宜章县',4310,4),(431021,'桂阳县','湖南|郴州|桂阳县',4310,3),(431003,'苏仙区','湖南|郴州|苏仙区',4310,2),(431002,'北湖区','湖南|郴州|北湖区',4310,1),(430981,'沅江市','湖南|益阳|沅江市',4309,6),(430923,'安化县','湖南|益阳|安化县',4309,5),(430922,'桃江县','湖南|益阳|桃江县',4309,4),(430921,'南县','湖南|益阳|南县',4309,3),(430903,'赫山区','湖南|益阳|赫山区',4309,2),(430902,'资阳区','湖南|益阳|资阳区',4309,1),(430822,'桑植县','湖南|张家界|桑植县',4308,4),(430821,'慈利县','湖南|张家界|慈利县',4308,3),(430811,'武陵源区','湖南|张家界|武陵源区',4308,2),(430802,'永定区','湖南|张家界|永定区',4308,1),(430781,'津市市','湖南|常德|津市市',4307,9),(430726,'石门县','湖南|常德|石门县',4307,8),(430725,'桃源县','湖南|常德|桃源县',4307,7),(430724,'临澧县','湖南|常德|临澧县',4307,6),(430723,'澧县','湖南|常德|澧县',4307,5),(430722,'汉寿县','湖南|常德|汉寿县',4307,4),(430721,'安乡县','湖南|常德|安乡县',4307,3),(430703,'鼎城区','湖南|常德|鼎城区',4307,2),(430702,'武陵区','湖南|常德|武陵区',4307,1),(430682,'临湘市','湖南|岳阳|临湘市',4306,9),(430681,'汨罗市','湖南|岳阳|汨罗市',4306,8),(430626,'平江县','湖南|岳阳|平江县',4306,7),(430624,'湘阴县','湖南|岳阳|湘阴县',4306,6),(430623,'华容县','湖南|岳阳|华容县',4306,5),(430621,'岳阳县','湖南|岳阳|岳阳县',4306,4),(430611,'君山区','湖南|岳阳|君山区',4306,3),(430603,'云溪区','湖南|岳阳|云溪区',4306,2),(430602,'岳阳楼区','湖南|岳阳|岳阳楼区',4306,1),(430581,'武冈市','湖南|邵阳|武冈市',4305,12),(430529,'城步苗族自治县','湖南|邵阳|城步苗族自治县',4305,11),(430528,'新宁县','湖南|邵阳|新宁县',4305,10),(430527,'绥宁县','湖南|邵阳|绥宁县',4305,9),(430525,'洞口县','湖南|邵阳|洞口县',4305,8),(430524,'隆回县','湖南|邵阳|隆回县',4305,7),(430523,'邵阳县','湖南|邵阳|邵阳县',4305,6),(430522,'新邵县','湖南|邵阳|新邵县',4305,5),(430521,'邵东县','湖南|邵阳|邵东县',4305,4),(430511,'北塔区','湖南|邵阳|北塔区',4305,3),(430503,'大祥区','湖南|邵阳|大祥区',4305,2),(430502,'双清区','湖南|邵阳|双清区',4305,1),(430482,'常宁市','湖南|衡阳|常宁市',4304,12),(430481,'耒阳市','湖南|衡阳|耒阳市',4304,11),(430426,'祁东县','湖南|衡阳|祁东县',4304,10),(430424,'衡东县','湖南|衡阳|衡东县',4304,9),(430423,'衡山县','湖南|衡阳|衡山县',4304,8),(430422,'衡南县','湖南|衡阳|衡南县',4304,7),(430421,'衡阳县','湖南|衡阳|衡阳县',4304,6),(430412,'南岳区','湖南|衡阳|南岳区',4304,5),(430408,'蒸湘区','湖南|衡阳|蒸湘区',4304,4),(430407,'石鼓区','湖南|衡阳|石鼓区',4304,3),(430406,'雁峰区','湖南|衡阳|雁峰区',4304,2),(430405,'珠晖区','湖南|衡阳|珠晖区',4304,1),(430382,'韶山市','湖南|湘潭|韶山市',4303,5),(430381,'湘乡市','湖南|湘潭|湘乡市',4303,4),(430321,'湘潭县','湖南|湘潭|湘潭县',4303,3),(430304,'岳塘区','湖南|湘潭|岳塘区',4303,2),(430302,'雨湖区','湖南|湘潭|雨湖区',4303,1),(430281,'醴陵市','湖南|株洲|醴陵市',4302,9),(430225,'炎陵县','湖南|株洲|炎陵县',4302,8),(430224,'茶陵县','湖南|株洲|茶陵县',4302,7),(430223,'攸县','湖南|株洲|攸县',4302,6),(430221,'株洲县','湖南|株洲|株洲县',4302,5),(430211,'天元区','湖南|株洲|天元区',4302,4),(430204,'石峰区','湖南|株洲|石峰区',4302,3),(430203,'芦淞区','湖南|株洲|芦淞区',4302,2),(430202,'荷塘区','湖南|株洲|荷塘区',4302,1),(430181,'浏阳市','湖南|长沙|浏阳市',4301,9),(430124,'宁乡县','湖南|长沙|宁乡县',4301,8),(430122,'望城县','湖南|长沙|望城县',4301,7),(430121,'长沙县','湖南|长沙|长沙县',4301,6),(430111,'雨花区','湖南|长沙|雨花区',4301,5),(430105,'开福区','湖南|长沙|开福区',4301,4),(430104,'岳麓区','湖南|长沙|岳麓区',4301,3),(430103,'天心区','湖南|长沙|天心区',4301,2),(430102,'芙蓉区','湖南|长沙|芙蓉区',4301,1),(423200,'神农架','湖北|神农架|神农架',4232,1),(423100,'天门','湖北|天门|天门',4231,1),(423000,'潜江','湖北|潜江|潜江',4230,1),(422900,'仙桃','湖北|仙桃|仙桃',4229,1),(422828,'鹤峰县','湖北|恩施|鹤峰县',4228,8),(422827,'来凤县','湖北|恩施|来凤县',4228,7),(422826,'咸丰县','湖北|恩施|咸丰县',4228,6),(422825,'宣恩县','湖北|恩施|宣恩县',4228,5),(422823,'巴东县','湖北|恩施|巴东县',4228,4),(422822,'建始县','湖北|恩施|建始县',4228,3),(422802,'利川市','湖北|恩施|利川市',4228,2),(422801,'恩施市','湖北|恩施|恩施市',4228,1),(421321,'随县','湖北|随州|随县',4213,3),(421381,'广水市','湖北|随州|广水市',4213,2),(421302,'曾都区','湖北|随州|曾都区',4213,1),(421281,'赤壁市','湖北|咸宁|赤壁市',4212,6),(421224,'通山县','湖北|咸宁|通山县',4212,5),(421223,'崇阳县','湖北|咸宁|崇阳县',4212,4),(421222,'通城县','湖北|咸宁|通城县',4212,3),(421221,'嘉鱼县','湖北|咸宁|嘉鱼县',4212,2),(421202,'咸安区','湖北|咸宁|咸安区',4212,1),(421182,'武穴市','湖北|黄冈|武穴市',4211,10),(421181,'麻城市','湖北|黄冈|麻城市',4211,9),(421127,'黄梅县','湖北|黄冈|黄梅县',4211,8),(421126,'蕲春县','湖北|黄冈|蕲春县',4211,7),(421125,'浠水县','湖北|黄冈|浠水县',4211,6),(421124,'英山县','湖北|黄冈|英山县',4211,5),(421123,'罗田县','湖北|黄冈|罗田县',4211,4),(421122,'红安县','湖北|黄冈|红安县',4211,3),(421121,'团风县','湖北|黄冈|团风县',4211,2),(421102,'黄州区','湖北|黄冈|黄州区',4211,1),(421087,'松滋市','湖北|荆州|松滋市',4210,8),(421083,'洪湖市','湖北|荆州|洪湖市',4210,7),(421081,'石首市','湖北|荆州|石首市',4210,6),(421024,'江陵县','湖北|荆州|江陵县',4210,5),(421023,'监利县','湖北|荆州|监利县',4210,4),(421022,'公安县','湖北|荆州|公安县',4210,3),(421003,'荆州区','湖北|荆州|荆州区',4210,2),(421002,'沙市区','湖北|荆州|沙市区',4210,1),(420984,'汉川市','湖北|孝感|汉川市',4209,7),(420982,'安陆市','湖北|孝感|安陆市',4209,6),(420981,'应城市','湖北|孝感|应城市',4209,5),(420923,'云梦县','湖北|孝感|云梦县',4209,4),(420922,'大悟县','湖北|孝感|大悟县',4209,3),(420921,'孝昌县','湖北|孝感|孝昌县',4209,2),(420902,'孝南区','湖北|孝感|孝南区',4209,1),(420881,'钟祥市','湖北|荆门|钟祥市',4208,5),(420822,'沙洋县','湖北|荆门|沙洋县',4208,4),(420821,'京山县','湖北|荆门|京山县',4208,3),(420804,'掇刀区','湖北|荆门|掇刀区',4208,2),(420802,'东宝区','湖北|荆门|东宝区',4208,1),(420704,'鄂城区','湖北|鄂州|鄂城区',4207,3),(420703,'华容区','湖北|鄂州|华容区',4207,2),(420702,'梁子湖区','湖北|鄂州|梁子湖区',4207,1),(420684,'宜城市','湖北|襄樊|宜城市',4206,9),(420683,'枣阳市','湖北|襄樊|枣阳市',4206,8),(420682,'老河口市','湖北|襄樊|老河口市',4206,7),(420626,'保康县','湖北|襄樊|保康县',4206,6),(420625,'谷城县','湖北|襄樊|谷城县',4206,5),(420624,'南漳县','湖北|襄樊|南漳县',4206,4),(420607,'襄阳区','湖北|襄樊|襄阳区',4206,3),(420606,'樊城区','湖北|襄樊|樊城区',4206,2),(420602,'襄城区','湖北|襄樊|襄城区',4206,1),(420583,'枝江市','湖北|宜昌|枝江市',4205,13),(420582,'当阳市','湖北|宜昌|当阳市',4205,12),(420581,'宜都市','湖北|宜昌|宜都市',4205,11),(420529,'五峰土家族自治县','湖北|宜昌|五峰土家族自治县',4205,10),(420528,'长阳土家族自治县','湖北|宜昌|长阳土家族自治县',4205,9),(420527,'秭归县','湖北|宜昌|秭归县',4205,8),(420526,'兴山县','湖北|宜昌|兴山县',4205,7),(420525,'远安县','湖北|宜昌|远安县',4205,6),(420506,'夷陵区','湖北|宜昌|夷陵区',4205,5),(420505,'猇亭区','湖北|宜昌|猇亭区',4205,4),(420504,'点军区','湖北|宜昌|点军区',4205,3),(420503,'伍家岗区','湖北|宜昌|伍家岗区',4205,2),(420502,'西陵区','湖北|宜昌|西陵区',4205,1),(420381,'丹江口市','湖北|十堰|丹江口市',4203,8),(420325,'房县','湖北|十堰|房县',4203,7),(420324,'竹溪县','湖北|十堰|竹溪县',4203,6),(420323,'竹山县','湖北|十堰|竹山县',4203,5),(420322,'郧西县','湖北|十堰|郧西县',4203,4),(420321,'郧县','湖北|十堰|郧县',4203,3),(420303,'张湾区','湖北|十堰|张湾区',4203,2),(420302,'茅箭区','湖北|十堰|茅箭区',4203,1),(420281,'大冶市','湖北|黄石|大冶市',4202,6),(420222,'阳新县','湖北|黄石|阳新县',4202,5),(420205,'铁山区','湖北|黄石|铁山区',4202,4),(420204,'下陆区','湖北|黄石|下陆区',4202,3),(420203,'西塞山区','湖北|黄石|西塞山区',4202,2),(420202,'黄石港区','湖北|黄石|黄石港区',4202,1),(420117,'新洲区','湖北|武汉|新洲区',4201,13),(420116,'黄陂区','湖北|武汉|黄陂区',4201,12),(420115,'江夏区','湖北|武汉|江夏区',4201,11),(420114,'蔡甸区','湖北|武汉|蔡甸区',4201,10),(420113,'汉南区','湖北|武汉|汉南区',4201,9),(420112,'东西湖区','湖北|武汉|东西湖区',4201,8),(420111,'洪山区','湖北|武汉|洪山区',4201,7),(420107,'青山区','湖北|武汉|青山区',4201,6),(420106,'武昌区','湖北|武汉|武昌区',4201,5),(420105,'汉阳区','湖北|武汉|汉阳区',4201,4),(420104,'硚口区','湖北|武汉|硚口区',4201,3),(420103,'江汉区','湖北|武汉|江汉区',4201,2),(420102,'江岸区','湖北|武汉|江岸区',4201,1),(411800,'济源','河南|济源|济源',4118,1),(411729,'新蔡县','河南|驻马店|新蔡县',4117,10),(411728,'遂平县','河南|驻马店|遂平县',4117,9),(411727,'汝南县','河南|驻马店|汝南县',4117,8),(411726,'泌阳县','河南|驻马店|泌阳县',4117,7),(411725,'确山县','河南|驻马店|确山县',4117,6),(411724,'正阳县','河南|驻马店|正阳县',4117,5),(411723,'平舆县','河南|驻马店|平舆县',4117,4),(411722,'上蔡县','河南|驻马店|上蔡县',4117,3),(411721,'西平县','河南|驻马店|西平县',4117,2),(411702,'驿城区','河南|驻马店|驿城区',4117,1),(411681,'项城市','河南|周口|项城市',4116,10),(411628,'鹿邑县','河南|周口|鹿邑县',4116,9),(411627,'太康县','河南|周口|太康县',4116,8),(411626,'淮阳县','河南|周口|淮阳县',4116,7),(411625,'郸城县','河南|周口|郸城县',4116,6),(411624,'沈丘县','河南|周口|沈丘县',4116,5),(411623,'商水县','河南|周口|商水县',4116,4),(411622,'西华县','河南|周口|西华县',4116,3),(411621,'扶沟县','河南|周口|扶沟县',4116,2),(411602,'川汇区','河南|周口|川汇区',4116,1),(411528,'息县','河南|信阳|息县',4115,10),(411527,'淮滨县','河南|信阳|淮滨县',4115,9),(411526,'潢川县','河南|信阳|潢川县',4115,8),(411525,'固始县','河南|信阳|固始县',4115,7),(411524,'商城县','河南|信阳|商城县',4115,6),(411523,'新县','河南|信阳|新县',4115,5),(411522,'光山县','河南|信阳|光山县',4115,4),(411521,'罗山县','河南|信阳|罗山县',4115,3),(411503,'平桥区','河南|信阳|平桥区',4115,2),(411502,'浉河区','河南|信阳|浉河区',4115,1),(411481,'永城市','河南|商丘|永城市',4114,9),(411426,'夏邑县','河南|商丘|夏邑县',4114,8),(411425,'虞城县','河南|商丘|虞城县',4114,7),(411424,'柘城县','河南|商丘|柘城县',4114,6),(411423,'宁陵县','河南|商丘|宁陵县',4114,5),(411422,'睢县','河南|商丘|睢县',4114,4),(411421,'民权县','河南|商丘|民权县',4114,3),(411403,'睢阳区','河南|商丘|睢阳区',4114,2),(411402,'梁园区','河南|商丘|梁园区',4114,1),(411381,'邓州市','河南|南阳|邓州市',4113,13),(411330,'桐柏县','河南|南阳|桐柏县',4113,12),(411329,'新野县','河南|南阳|新野县',4113,11),(411328,'唐河县','河南|南阳|唐河县',4113,10),(411327,'社旗县','河南|南阳|社旗县',4113,9),(411326,'淅川县','河南|南阳|淅川县',4113,8),(411325,'内乡县','河南|南阳|内乡县',4113,7),(411324,'镇平县','河南|南阳|镇平县',4113,6),(411323,'西峡县','河南|南阳|西峡县',4113,5),(411322,'方城县','河南|南阳|方城县',4113,4),(411321,'南召县','河南|南阳|南召县',4113,3),(411303,'卧龙区','河南|南阳|卧龙区',4113,2),(411302,'宛城区','河南|南阳|宛城区',4113,1),(411282,'灵宝市','河南|三门峡|灵宝市',4112,6),(411281,'义马市','河南|三门峡|义马市',4112,5),(411224,'卢氏县','河南|三门峡|卢氏县',4112,4),(411222,'陕县','河南|三门峡|陕县',4112,3),(411221,'渑池县','河南|三门峡|渑池县',4112,2),(411202,'湖滨区','河南|三门峡|湖滨区',4112,1),(411122,'临颍县','河南|漯河|临颍县',4111,5),(411121,'舞阳县','河南|漯河|舞阳县',4111,4),(411104,'召陵区','河南|漯河|召陵区',4111,3),(411103,'郾城区','河南|漯河|郾城区',4111,2),(411102,'源汇区','河南|漯河|源汇区',4111,1),(411082,'长葛市','河南|许昌|长葛市',4110,6),(411081,'禹州市','河南|许昌|禹州市',4110,5),(411025,'襄城县','河南|许昌|襄城县',4110,4),(411024,'鄢陵县','河南|许昌|鄢陵县',4110,3),(411023,'许昌县','河南|许昌|许昌县',4110,2),(411002,'魏都区','河南|许昌|魏都区',4110,1),(410928,'濮阳县','河南|濮阳|濮阳县',4109,6),(410927,'台前县','河南|濮阳|台前县',4109,5),(410926,'范县','河南|濮阳|范县',4109,4),(410923,'南乐县','河南|濮阳|南乐县',4109,3),(410922,'清丰县','河南|濮阳|清丰县',4109,2),(410902,'华龙区','河南|濮阳|华龙区',4109,1),(410883,'孟州市','河南|焦作|孟州市',4108,10),(410882,'沁阳市','河南|焦作|沁阳市',4108,9),(410825,'温县','河南|焦作|温县',4108,8),(410823,'武陟县','河南|焦作|武陟县',4108,7),(410822,'博爱县','河南|焦作|博爱县',4108,6),(410821,'修武县','河南|焦作|修武县',4108,5),(410811,'山阳区','河南|焦作|山阳区',4108,4),(410804,'马村区','河南|焦作|马村区',4108,3),(410803,'中站区','河南|焦作|中站区',4108,2),(410802,'解放区','河南|焦作|解放区',4108,1),(410782,'辉县市','河南|新乡|辉县市',4107,12),(410781,'卫辉市','河南|新乡|卫辉市',4107,11),(410728,'长垣县','河南|新乡|长垣县',4107,10),(410727,'封丘县','河南|新乡|封丘县',4107,9),(410726,'延津县','河南|新乡|延津县',4107,8),(410725,'原阳县','河南|新乡|原阳县',4107,7),(410724,'获嘉县','河南|新乡|获嘉县',4107,6),(410721,'新乡县','河南|新乡|新乡县',4107,5),(410711,'牧野区','河南|新乡|牧野区',4107,4),(410704,'凤泉区','河南|新乡|凤泉区',4107,3),(410703,'卫滨区','河南|新乡|卫滨区',4107,2),(410702,'红旗区','河南|新乡|红旗区',4107,1),(410622,'淇县','河南|鹤壁|淇县',4106,5),(410621,'浚县','河南|鹤壁|浚县',4106,4),(410611,'淇滨区','河南|鹤壁|淇滨区',4106,3),(410603,'山城区','河南|鹤壁|山城区',4106,2),(410602,'鹤山区','河南|鹤壁|鹤山区',4106,1),(410581,'林州市','河南|安阳|林州市',4105,9),(410527,'内黄县','河南|安阳|内黄县',4105,8),(410526,'滑县','河南|安阳|滑县',4105,7),(410523,'汤阴县','河南|安阳|汤阴县',4105,6),(410522,'安阳县','河南|安阳|安阳县',4105,5),(410506,'龙安区','河南|安阳|龙安区',4105,4),(410505,'殷都区','河南|安阳|殷都区',4105,3),(410503,'北关区','河南|安阳|北关区',4105,2),(410502,'文峰区','河南|安阳|文峰区',4105,1),(410482,'汝州市','河南|平顶山|汝州市',4104,10),(410481,'舞钢市','河南|平顶山|舞钢市',4104,9),(410425,'郏县','河南|平顶山|郏县',4104,8),(410423,'鲁山县','河南|平顶山|鲁山县',4104,7),(410422,'叶县','河南|平顶山|叶县',4104,6),(410421,'宝丰县','河南|平顶山|宝丰县',4104,5),(410411,'湛河区','河南|平顶山|湛河区',4104,4),(410404,'石龙区','河南|平顶山|石龙区',4104,3),(410403,'卫东区','河南|平顶山|卫东区',4104,2),(410402,'新华区','河南|平顶山|新华区',4104,1),(410381,'偃师市','河南|洛阳|偃师市',4103,15),(410329,'伊川县','河南|洛阳|伊川县',4103,14),(410328,'洛宁县','河南|洛阳|洛宁县',4103,13),(410327,'宜阳县','河南|洛阳|宜阳县',4103,12),(410326,'汝阳县','河南|洛阳|汝阳县',4103,11),(410325,'嵩县','河南|洛阳|嵩县',4103,10),(410324,'栾川县','河南|洛阳|栾川县',4103,9),(410323,'新安县','河南|洛阳|新安县',4103,8),(410322,'孟津县','河南|洛阳|孟津县',4103,7),(410307,'洛龙区','河南|洛阳|洛龙区',4103,6),(410306,'吉利区','河南|洛阳|吉利区',4103,5),(410305,'涧西区','河南|洛阳|涧西区',4103,4),(410304,'廛河回族区','河南|洛阳|廛河回族区',4103,3),(410303,'西工区','河南|洛阳|西工区',4103,2),(410302,'老城区','河南|洛阳|老城区',4103,1),(410225,'兰考县','河南|开封|兰考县',4102,10),(410224,'开封县','河南|开封|开封县',4102,9),(410223,'尉氏县','河南|开封|尉氏县',4102,8),(410222,'通许县','河南|开封|通许县',4102,7),(410221,'杞县','河南|开封|杞县',4102,6),(410211,'金明区','河南|开封|金明区',4102,5),(410205,'禹王台区','河南|开封|禹王台区',4102,4),(410204,'鼓楼区','河南|开封|鼓楼区',4102,3),(410203,'顺河回族区','河南|开封|顺河回族区',4102,2),(410202,'龙亭区','河南|开封|龙亭区',4102,1),(410185,'登封市','河南|郑州|登封市',4101,12),(410184,'新郑市','河南|郑州|新郑市',4101,11),(410183,'新密市','河南|郑州|新密市',4101,10),(410182,'荥阳市','河南|郑州|荥阳市',4101,9),(410181,'巩义市','河南|郑州|巩义市',4101,8),(410122,'中牟县','河南|郑州|中牟县',4101,7),(410108,'惠济区','河南|郑州|惠济区',4101,6),(410106,'上街区','河南|郑州|上街区',4101,5),(410105,'金水区','河南|郑州|金水区',4101,4),(410104,'管城回族区','河南|郑州|管城回族区',4101,3),(410103,'二七区','河南|郑州|二七区',4101,2),(410102,'中原区','河南|郑州|中原区',4101,1),(371728,'东明县','山东|菏泽|东明县',3717,9),(371727,'定陶县','山东|菏泽|定陶县',3717,8),(371726,'鄄城县','山东|菏泽|鄄城县',3717,7),(371725,'郓城县','山东|菏泽|郓城县',3717,6),(371724,'巨野县','山东|菏泽|巨野县',3717,5),(371723,'成武县','山东|菏泽|成武县',3717,4),(371722,'单县','山东|菏泽|单县',3717,3),(371721,'曹县','山东|菏泽|曹县',3717,2),(371702,'牡丹区','山东|菏泽|牡丹区',3717,1),(371626,'邹平县','山东|滨州|邹平县',3716,7),(371625,'博兴县','山东|滨州|博兴县',3716,6),(371624,'沾化县','山东|滨州|沾化县',3716,5),(371623,'无棣县','山东|滨州|无棣县',3716,4),(371622,'阳信县','山东|滨州|阳信县',3716,3),(371621,'惠民县','山东|滨州|惠民县',3716,2),(371602,'滨城区','山东|滨州|滨城区',3716,1),(371581,'临清市','山东|聊城|临清市',3715,8),(371526,'高唐县','山东|聊城|高唐县',3715,7),(371525,'冠县','山东|聊城|冠县',3715,6),(371524,'东阿县','山东|聊城|东阿县',3715,5),(371523,'茌平县','山东|聊城|茌平县',3715,4),(371522,'莘县','山东|聊城|莘县',3715,3),(371521,'阳谷县','山东|聊城|阳谷县',3715,2),(371502,'东昌府区','山东|聊城|东昌府区',3715,1),(371482,'禹城市','山东|德州|禹城市',3714,11),(371481,'乐陵市','山东|德州|乐陵市',3714,10),(371428,'武城县','山东|德州|武城县',3714,9),(371427,'夏津县','山东|德州|夏津县',3714,8),(371426,'平原县','山东|德州|平原县',3714,7),(371425,'齐河县','山东|德州|齐河县',3714,6),(371424,'临邑县','山东|德州|临邑县',3714,5),(371423,'庆云县','山东|德州|庆云县',3714,4),(371422,'宁津县','山东|德州|宁津县',3714,3),(371421,'陵县','山东|德州|陵县',3714,2),(371402,'德城区','山东|德州|德城区',3714,1),(371329,'临沭县','山东|临沂|临沭县',3713,12),(371328,'蒙阴县','山东|临沂|蒙阴县',3713,11),(371327,'莒南县','山东|临沂|莒南县',3713,10),(371326,'平邑县','山东|临沂|平邑县',3713,9),(371325,'费县','山东|临沂|费县',3713,8),(371324,'苍山县','山东|临沂|苍山县',3713,7),(371323,'沂水县','山东|临沂|沂水县',3713,6),(371322,'郯城县','山东|临沂|郯城县',3713,5),(371321,'沂南县','山东|临沂|沂南县',3713,4),(371312,'河东区','山东|临沂|河东区',3713,3),(371311,'罗庄区','山东|临沂|罗庄区',3713,2),(371302,'兰山区','山东|临沂|兰山区',3713,1),(371203,'钢城区','山东|莱芜|钢城区',3712,2),(371202,'莱城区','山东|莱芜|莱城区',3712,1),(371122,'莒县','山东|日照|莒县',3711,4),(371121,'五莲县','山东|日照|五莲县',3711,3),(371103,'岚山区','山东|日照|岚山区',3711,2),(371102,'东港区','山东|日照|东港区',3711,1),(371083,'乳山市','山东|威海|乳山市',3710,4),(371082,'荣成市','山东|威海|荣成市',3710,3),(371081,'文登市','山东|威海|文登市',3710,2),(371002,'环翠区','山东|威海|环翠区',3710,1),(370983,'肥城市','山东|泰安|肥城市',3709,6),(370982,'新泰市','山东|泰安|新泰市',3709,5),(370923,'东平县','山东|泰安|东平县',3709,4),(370921,'宁阳县','山东|泰安|宁阳县',3709,3),(370903,'岱岳区','山东|泰安|岱岳区',3709,2),(370902,'泰山区','山东|泰安|泰山区',3709,1),(370883,'邹城市','山东|济宁|邹城市',3708,12),(370882,'兖州市','山东|济宁|兖州市',3708,11),(370881,'曲阜市','山东|济宁|曲阜市',3708,10),(370832,'梁山县','山东|济宁|梁山县',3708,9),(370831,'泗水县','山东|济宁|泗水县',3708,8),(370830,'汶上县','山东|济宁|汶上县',3708,7),(370829,'嘉祥县','山东|济宁|嘉祥县',3708,6),(370828,'金乡县','山东|济宁|金乡县',3708,5),(370827,'鱼台县','山东|济宁|鱼台县',3708,4),(370826,'微山县','山东|济宁|微山县',3708,3),(370811,'任城区','山东|济宁|任城区',3708,2),(370802,'市中区','山东|济宁|市中区',3708,1),(370786,'昌邑市','山东|潍坊|昌邑市',3707,12),(370785,'高密市','山东|潍坊|高密市',3707,11),(370784,'安丘市','山东|潍坊|安丘市',3707,10),(370783,'寿光市','山东|潍坊|寿光市',3707,9),(370782,'诸城市','山东|潍坊|诸城市',3707,8),(370781,'青州市','山东|潍坊|青州市',3707,7),(370725,'昌乐县','山东|潍坊|昌乐县',3707,6),(370724,'临朐县','山东|潍坊|临朐县',3707,5),(370705,'奎文区','山东|潍坊|奎文区',3707,4),(370704,'坊子区','山东|潍坊|坊子区',3707,3),(370703,'寒亭区','山东|潍坊|寒亭区',3707,2),(370702,'潍城区','山东|潍坊|潍城区',3707,1),(370687,'海阳市','山东|烟台|海阳市',3706,12),(370686,'栖霞市','山东|烟台|栖霞市',3706,11),(370685,'招远市','山东|烟台|招远市',3706,10),(370684,'蓬莱市','山东|烟台|蓬莱市',3706,9),(370683,'莱州市','山东|烟台|莱州市',3706,8),(370682,'莱阳市','山东|烟台|莱阳市',3706,7),(370681,'龙口市','山东|烟台|龙口市',3706,6),(370634,'长岛县','山东|烟台|长岛县',3706,5),(370613,'莱山区','山东|烟台|莱山区',3706,4),(370612,'牟平区','山东|烟台|牟平区',3706,3),(370611,'福山区','山东|烟台|福山区',3706,2),(370602,'芝罘区','山东|烟台|芝罘区',3706,1),(370523,'广饶县','山东|东营|广饶县',3705,5),(370522,'利津县','山东|东营|利津县',3705,4),(370521,'垦利县','山东|东营|垦利县',3705,3),(370503,'河口区','山东|东营|河口区',3705,2),(370502,'东营区','山东|东营|东营区',3705,1),(370481,'滕州市','山东|枣庄|滕州市',3704,6),(370406,'山亭区','山东|枣庄|山亭区',3704,5),(370405,'台儿庄区','山东|枣庄|台儿庄区',3704,4),(370404,'峄城区','山东|枣庄|峄城区',3704,3),(370403,'薛城区','山东|枣庄|薛城区',3704,2),(370402,'市中区','山东|枣庄|市中区',3704,1),(370323,'沂源县','山东|淄博|沂源县',3703,8),(370322,'高青县','山东|淄博|高青县',3703,7),(370321,'桓台县','山东|淄博|桓台县',3703,6),(370306,'周村区','山东|淄博|周村区',3703,5),(370305,'临淄区','山东|淄博|临淄区',3703,4),(370304,'博山区','山东|淄博|博山区',3703,3),(370303,'张店区','山东|淄博|张店区',3703,2),(370302,'淄川区','山东|淄博|淄川区',3703,1),(370285,'莱西市','山东|青岛|莱西市',3702,12),(370284,'胶南市','山东|青岛|胶南市',3702,11),(370283,'平度市','山东|青岛|平度市',3702,10),(370282,'即墨市','山东|青岛|即墨市',3702,9),(370281,'胶州市','山东|青岛|胶州市',3702,8),(370214,'城阳区','山东|青岛|城阳区',3702,7),(370213,'李沧区','山东|青岛|李沧区',3702,6),(370212,'崂山区','山东|青岛|崂山区',3702,5),(370211,'黄岛区','山东|青岛|黄岛区',3702,4),(370205,'四方区','山东|青岛|四方区',3702,3),(370203,'市北区','山东|青岛|市北区',3702,2),(370202,'市南区','山东|青岛|市南区',3702,1),(370181,'章丘市','山东|济南|章丘市',3701,10),(370126,'商河县','山东|济南|商河县',3701,9),(370125,'济阳县','山东|济南|济阳县',3701,8),(370124,'平阴县','山东|济南|平阴县',3701,7),(370113,'长清区','山东|济南|长清区',3701,6),(370112,'历城区','山东|济南|历城区',3701,5),(370105,'天桥区','山东|济南|天桥区',3701,4),(370104,'槐荫区','山东|济南|槐荫区',3701,3),(370103,'市中区','山东|济南|市中区',3701,2),(370102,'历下区','山东|济南|历下区',3701,1),(361181,'德兴市','江西|上饶|德兴市',3611,12),(361130,'婺源县','江西|上饶|婺源县',3611,11),(361129,'万年县','江西|上饶|万年县',3611,10),(361128,'鄱阳县','江西|上饶|鄱阳县',3611,9),(361127,'余干县','江西|上饶|余干县',3611,8),(361126,'弋阳县','江西|上饶|弋阳县',3611,7),(361125,'横峰县','江西|上饶|横峰县',3611,6),(361124,'铅山县','江西|上饶|铅山县',3611,5),(361123,'玉山县','江西|上饶|玉山县',3611,4),(361122,'广丰县','江西|上饶|广丰县',3611,3),(361121,'上饶县','江西|上饶|上饶县',3611,2),(361102,'信州区','江西|上饶|信州区',3611,1),(361030,'广昌县','江西|抚州|广昌县',3610,11),(361029,'东乡县','江西|抚州|东乡县',3610,10),(361028,'资溪县','江西|抚州|资溪县',3610,9),(361027,'金溪县','江西|抚州|金溪县',3610,8),(361026,'宜黄县','江西|抚州|宜黄县',3610,7),(361025,'乐安县','江西|抚州|乐安县',3610,6),(361024,'崇仁县','江西|抚州|崇仁县',3610,5),(361023,'南丰县','江西|抚州|南丰县',3610,4),(361022,'黎川县','江西|抚州|黎川县',3610,3),(361021,'南城县','江西|抚州|南城县',3610,2),(361002,'临川区','江西|抚州|临川区',3610,1),(360983,'高安市','江西|宜春|高安市',3609,10),(360982,'樟树市','江西|宜春|樟树市',3609,9),(360981,'丰城市','江西|宜春|丰城市',3609,8),(360926,'铜鼓县','江西|宜春|铜鼓县',3609,7),(360925,'靖安县','江西|宜春|靖安县',3609,6),(360924,'宜丰县','江西|宜春|宜丰县',3609,5),(360923,'上高县','江西|宜春|上高县',3609,4),(360922,'万载县','江西|宜春|万载县',3609,3),(360921,'奉新县','江西|宜春|奉新县',3609,2),(360902,'袁州区','江西|宜春|袁州区',3609,1),(360881,'井冈山市','江西|吉安|井冈山市',3608,13),(360830,'永新县','江西|吉安|永新县',3608,12),(360829,'安福县','江西|吉安|安福县',3608,11),(360828,'万安县','江西|吉安|万安县',3608,10),(360827,'遂川县','江西|吉安|遂川县',3608,9),(360826,'泰和县','江西|吉安|泰和县',3608,8),(360825,'永丰县','江西|吉安|永丰县',3608,7),(360824,'新干县','江西|吉安|新干县',3608,6),(360823,'峡江县','江西|吉安|峡江县',3608,5),(360822,'吉水县','江西|吉安|吉水县',3608,4),(360821,'吉安县','江西|吉安|吉安县',3608,3),(360803,'青原区','江西|吉安|青原区',3608,2),(360802,'吉州区','江西|吉安|吉州区',3608,1),(360782,'南康市','江西|赣州|南康市',3607,18),(360781,'瑞金市','江西|赣州|瑞金市',3607,17),(360735,'石城县','江西|赣州|石城县',3607,16),(360734,'寻乌县','江西|赣州|寻乌县',3607,15),(360733,'会昌县','江西|赣州|会昌县',3607,14),(360732,'兴国县','江西|赣州|兴国县',3607,13),(360731,'于都县','江西|赣州|于都县',3607,12),(360730,'宁都县','江西|赣州|宁都县',3607,11),(360729,'全南县','江西|赣州|全南县',3607,10),(360728,'定南县','江西|赣州|定南县',3607,9),(360727,'龙南县','江西|赣州|龙南县',3607,8),(360726,'安远县','江西|赣州|安远县',3607,7),(360725,'崇义县','江西|赣州|崇义县',3607,6),(360724,'上犹县','江西|赣州|上犹县',3607,5),(360723,'大余县','江西|赣州|大余县',3607,4),(360722,'信丰县','江西|赣州|信丰县',3607,3),(360721,'赣县','江西|赣州|赣县',3607,2),(360702,'章贡区','江西|赣州|章贡区',3607,1),(360681,'贵溪市','江西|鹰潭|贵溪市',3606,3),(360622,'余江县','江西|鹰潭|余江县',3606,2),(360602,'月湖区','江西|鹰潭|月湖区',3606,1),(360521,'分宜县','江西|新余|分宜县',3605,2),(360502,'渝水区','江西|新余|渝水区',3605,1),(360481,'瑞昌市','江西|九江|瑞昌市',3604,12),(360430,'彭泽县','江西|九江|彭泽县',3604,11),(360429,'湖口县','江西|九江|湖口县',3604,10),(360428,'都昌县','江西|九江|都昌县',3604,9),(360427,'星子县','江西|九江|星子县',3604,8),(360426,'德安县','江西|九江|德安县',3604,7),(360425,'永修县','江西|九江|永修县',3604,6),(360424,'修水县','江西|九江|修水县',3604,5),(360423,'武宁县','江西|九江|武宁县',3604,4),(360421,'九江县','江西|九江|九江县',3604,3),(360403,'浔阳区','江西|九江|浔阳区',3604,2),(360402,'庐山区','江西|九江|庐山区',3604,1),(360323,'芦溪县','江西|萍乡|芦溪县',3603,5),(360322,'上栗县','江西|萍乡|上栗县',3603,4),(360321,'莲花县','江西|萍乡|莲花县',3603,3),(360313,'湘东区','江西|萍乡|湘东区',3603,2),(360302,'安源区','江西|萍乡|安源区',3603,1),(360281,'乐平市','江西|景德镇|乐平市',3602,4),(360222,'浮梁县','江西|景德镇|浮梁县',3602,3),(360203,'珠山区','江西|景德镇|珠山区',3602,2),(360202,'昌江区','江西|景德镇|昌江区',3602,1),(360124,'进贤县','江西|南昌|进贤县',3601,9),(360123,'安义县','江西|南昌|安义县',3601,8),(360122,'新建县','江西|南昌|新建县',3601,7),(360121,'南昌县','江西|南昌|南昌县',3601,6),(360111,'青山湖区','江西|南昌|青山湖区',3601,5),(360105,'湾里区','江西|南昌|湾里区',3601,4),(360104,'青云谱区','江西|南昌|青云谱区',3601,3),(360103,'西湖区','江西|南昌|西湖区',3601,2),(360102,'东湖区','江西|南昌|东湖区',3601,1),(350982,'福鼎市','福建|宁德|福鼎市',3509,9),(350981,'福安市','福建|宁德|福安市',3509,8),(350926,'柘荣县','福建|宁德|柘荣县',3509,7),(350925,'周宁县','福建|宁德|周宁县',3509,6),(350924,'寿宁县','福建|宁德|寿宁县',3509,5),(350923,'屏南县','福建|宁德|屏南县',3509,4),(350922,'古田县','福建|宁德|古田县',3509,3),(350921,'霞浦县','福建|宁德|霞浦县',3509,2),(350902,'蕉城区','福建|宁德|蕉城区',3509,1),(350881,'漳平市','福建|龙岩|漳平市',3508,7),(350825,'连城县','福建|龙岩|连城县',3508,6),(350824,'武平县','福建|龙岩|武平县',3508,5),(350823,'上杭县','福建|龙岩|上杭县',3508,4),(350822,'永定县','福建|龙岩|永定县',3508,3),(350821,'长汀县','福建|龙岩|长汀县',3508,2),(350802,'新罗区','福建|龙岩|新罗区',3508,1),(350784,'建阳市','福建|南平|建阳市',3507,10),(350783,'建瓯市','福建|南平|建瓯市',3507,9),(350782,'武夷山市','福建|南平|武夷山市',3507,8),(350781,'邵武市','福建|南平|邵武市',3507,7),(350725,'政和县','福建|南平|政和县',3507,6),(350724,'松溪县','福建|南平|松溪县',3507,5),(350723,'光泽县','福建|南平|光泽县',3507,4),(350722,'浦城县','福建|南平|浦城县',3507,3),(350721,'顺昌县','福建|南平|顺昌县',3507,2),(350702,'延平区','福建|南平|延平区',3507,1),(350681,'龙海市','福建|漳州|龙海市',3506,11),(350629,'华安县','福建|漳州|华安县',3506,10),(350628,'平和县','福建|漳州|平和县',3506,9),(350627,'南靖县','福建|漳州|南靖县',3506,8),(350626,'东山县','福建|漳州|东山县',3506,7),(350625,'长泰县','福建|漳州|长泰县',3506,6),(350624,'诏安县','福建|漳州|诏安县',3506,5),(350623,'漳浦县','福建|漳州|漳浦县',3506,4),(350622,'云霄县','福建|漳州|云霄县',3506,3),(350603,'龙文区','福建|漳州|龙文区',3506,2),(350602,'芗城区','福建|漳州|芗城区',3506,1),(350583,'南安市','福建|泉州|南安市',3505,12),(350582,'晋江市','福建|泉州|晋江市',3505,11),(350581,'石狮市','福建|泉州|石狮市',3505,10),(350527,'金门县','福建|泉州|金门县',3505,9),(350526,'德化县','福建|泉州|德化县',3505,8),(350525,'永春县','福建|泉州|永春县',3505,7),(350524,'安溪县','福建|泉州|安溪县',3505,6),(350521,'惠安县','福建|泉州|惠安县',3505,5),(350505,'泉港区','福建|泉州|泉港区',3505,4),(350504,'洛江区','福建|泉州|洛江区',3505,3),(350503,'丰泽区','福建|泉州|丰泽区',3505,2),(350502,'鲤城区','福建|泉州|鲤城区',3505,1),(350481,'永安市','福建|三明|永安市',3504,12),(350430,'建宁县','福建|三明|建宁县',3504,11),(350429,'泰宁县','福建|三明|泰宁县',3504,10),(350428,'将乐县','福建|三明|将乐县',3504,9),(350427,'沙县','福建|三明|沙县',3504,8),(350426,'尤溪县','福建|三明|尤溪县',3504,7),(350425,'大田县','福建|三明|大田县',3504,6),(350424,'宁化县','福建|三明|宁化县',3504,5),(350423,'清流县','福建|三明|清流县',3504,4),(350421,'明溪县','福建|三明|明溪县',3504,3),(350403,'三元区','福建|三明|三元区',3504,2),(350402,'梅列区','福建|三明|梅列区',3504,1),(350322,'仙游县','福建|莆田|仙游县',3503,5),(350305,'秀屿区','福建|莆田|秀屿区',3503,4),(350304,'荔城区','福建|莆田|荔城区',3503,3),(350303,'涵江区','福建|莆田|涵江区',3503,2),(350302,'城厢区','福建|莆田|城厢区',3503,1),(350213,'翔安区','福建|厦门|翔安区',3502,6),(350212,'同安区','福建|厦门|同安区',3502,5),(350211,'集美区','福建|厦门|集美区',3502,4),(350206,'湖里区','福建|厦门|湖里区',3502,3),(350205,'海沧区','福建|厦门|海沧区',3502,2),(350203,'思明区','福建|厦门|思明区',3502,1),(350182,'长乐市','福建|福州|长乐市',3501,13),(350181,'福清市','福建|福州|福清市',3501,12),(350128,'平潭县','福建|福州|平潭县',3501,11),(350125,'永泰县','福建|福州|永泰县',3501,10),(350124,'闽清县','福建|福州|闽清县',3501,9),(350123,'罗源县','福建|福州|罗源县',3501,8),(350122,'连江县','福建|福州|连江县',3501,7),(350121,'闽侯县','福建|福州|闽侯县',3501,6),(350111,'晋安区','福建|福州|晋安区',3501,5),(350105,'马尾区','福建|福州|马尾区',3501,4),(350104,'仓山区','福建|福州|仓山区',3501,3),(350103,'台江区','福建|福州|台江区',3501,2),(350102,'鼓楼区','福建|福州|鼓楼区',3501,1),(341881,'宁国市','安徽|宣城|宁国市',3418,7),(341825,'旌德县','安徽|宣城|旌德县',3418,6),(341824,'绩溪县','安徽|宣城|绩溪县',3418,5),(341823,'泾县','安徽|宣城|泾县',3418,4),(341822,'广德县','安徽|宣城|广德县',3418,3),(341821,'郎溪县','安徽|宣城|郎溪县',3418,2),(341802,'宣州区','安徽|宣城|宣州区',3418,1),(341723,'青阳县','安徽|池州|青阳县',3417,4),(341722,'石台县','安徽|池州|石台县',3417,3),(341721,'东至县','安徽|池州|东至县',3417,2),(341702,'贵池区','安徽|池州|贵池区',3417,1),(341623,'利辛县','安徽|亳州|利辛县',3416,4),(341622,'蒙城县','安徽|亳州|蒙城县',3416,3),(341621,'涡阳县','安徽|亳州|涡阳县',3416,2),(341602,'谯城区','安徽|亳州|谯城区',3416,1),(341525,'霍山县','安徽|六安|霍山县',3415,7),(341524,'金寨县','安徽|六安|金寨县',3415,6),(341523,'舒城县','安徽|六安|舒城县',3415,5),(341522,'霍邱县','安徽|六安|霍邱县',3415,4),(341521,'寿县','安徽|六安|寿县',3415,3),(341503,'裕安区','安徽|六安|裕安区',3415,2),(341502,'金安区','安徽|六安|金安区',3415,1),(341424,'和县','安徽|巢湖|和县',3414,5),(341423,'含山县','安徽|巢湖|含山县',3414,4),(341422,'无为县','安徽|巢湖|无为县',3414,3),(341421,'庐江县','安徽|巢湖|庐江县',3414,2),(341402,'居巢区','安徽|巢湖|居巢区',3414,1),(341324,'泗县','安徽|宿州|泗县',3413,5),(341323,'灵璧县','安徽|宿州|灵璧县',3413,4),(341322,'萧县','安徽|宿州|萧县',3413,3),(341321,'砀山县','安徽|宿州|砀山县',3413,2),(341302,'埇桥区','安徽|宿州|埇桥区',3413,1),(341282,'界首市','安徽|阜阳|界首市',3412,8),(341226,'颍上县','安徽|阜阳|颍上县',3412,7),(341225,'阜南县','安徽|阜阳|阜南县',3412,6),(341222,'太和县','安徽|阜阳|太和县',3412,5),(341221,'临泉县','安徽|阜阳|临泉县',3412,4),(341204,'颍泉区','安徽|阜阳|颍泉区',3412,3),(341203,'颍东区','安徽|阜阳|颍东区',3412,2),(341202,'颍州区','安徽|阜阳|颍州区',3412,1),(341182,'明光市','安徽|滁州|明光市',3411,8),(341181,'天长市','安徽|滁州|天长市',3411,7),(341126,'凤阳县','安徽|滁州|凤阳县',3411,6),(341125,'定远县','安徽|滁州|定远县',3411,5),(341124,'全椒县','安徽|滁州|全椒县',3411,4),(341122,'来安县','安徽|滁州|来安县',3411,3),(341103,'南谯区','安徽|滁州|南谯区',3411,2),(341102,'琅琊区','安徽|滁州|琅琊区',3411,1),(341024,'祁门县','安徽|黄山|祁门县',3410,7),(341023,'黟县','安徽|黄山|黟县',3410,6),(341022,'休宁县','安徽|黄山|休宁县',3410,5),(341021,'歙县','安徽|黄山|歙县',3410,4),(341004,'徽州区','安徽|黄山|徽州区',3410,3),(341003,'黄山区','安徽|黄山|黄山区',3410,2),(341002,'屯溪区','安徽|黄山|屯溪区',3410,1),(340881,'桐城市','安徽|安庆|桐城市',3408,11),(340828,'岳西县','安徽|安庆|岳西县',3408,10),(340827,'望江县','安徽|安庆|望江县',3408,9),(340826,'宿松县','安徽|安庆|宿松县',3408,8),(340825,'太湖县','安徽|安庆|太湖县',3408,7),(340824,'潜山县','安徽|安庆|潜山县',3408,6),(340823,'枞阳县','安徽|安庆|枞阳县',3408,5),(340822,'怀宁县','安徽|安庆|怀宁县',3408,4),(340811,'宜秀区','安徽|安庆|宜秀区',3408,3),(340803,'大观区','安徽|安庆|大观区',3408,2),(340802,'迎江区','安徽|安庆|迎江区',3408,1),(340721,'铜陵县','安徽|铜陵|铜陵县',3407,4),(340711,'郊区','安徽|铜陵|郊区',3407,3),(340703,'狮子山区','安徽|铜陵|狮子山区',3407,2),(340702,'铜官山区','安徽|铜陵|铜官山区',3407,1),(340621,'濉溪县','安徽|淮北|濉溪县',3406,4),(340604,'烈山区','安徽|淮北|烈山区',3406,3),(340603,'相山区','安徽|淮北|相山区',3406,2),(340602,'杜集区','安徽|淮北|杜集区',3406,1),(340521,'当涂县','安徽|马鞍山|当涂县',3405,4),(340504,'雨山区','安徽|马鞍山|雨山区',3405,3),(340503,'花山区','安徽|马鞍山|花山区',3405,2),(340502,'金家庄区','安徽|马鞍山|金家庄区',3405,1),(340421,'凤台县','安徽|淮南|凤台县',3404,6),(340406,'潘集区','安徽|淮南|潘集区',3404,5),(340405,'八公山区','安徽|淮南|八公山区',3404,4),(340404,'谢家集区','安徽|淮南|谢家集区',3404,3),(340403,'田家庵区','安徽|淮南|田家庵区',3404,2),(340402,'大通区','安徽|淮南|大通区',3404,1),(340323,'固镇县','安徽|蚌埠|固镇县',3403,7),(340322,'五河县','安徽|蚌埠|五河县',3403,6),(340321,'怀远县','安徽|蚌埠|怀远县',3403,5),(340311,'淮上区','安徽|蚌埠|淮上区',3403,4),(340304,'禹会区','安徽|蚌埠|禹会区',3403,3),(340303,'蚌山区','安徽|蚌埠|蚌山区',3403,2),(340302,'龙子湖区','安徽|蚌埠|龙子湖区',3403,1),(340223,'南陵县','安徽|芜湖|南陵县',3402,7),(340222,'繁昌县','安徽|芜湖|繁昌县',3402,6),(340221,'芜湖县','安徽|芜湖|芜湖县',3402,5),(340208,'三山区','安徽|芜湖|三山区',3402,4),(340207,'鸠江区','安徽|芜湖|鸠江区',3402,3),(340203,'弋江区','安徽|芜湖|弋江区',3402,2),(340202,'镜湖区','安徽|芜湖|镜湖区',3402,1),(340123,'肥西县','安徽|合肥|肥西县',3401,7),(340122,'肥东县','安徽|合肥|肥东县',3401,6),(340121,'长丰县','安徽|合肥|长丰县',3401,5),(340111,'包河区','安徽|合肥|包河区',3401,4),(340104,'蜀山区','安徽|合肥|蜀山区',3401,3),(340103,'庐阳区','安徽|合肥|庐阳区',3401,2),(340102,'瑶海区','安徽|合肥|瑶海区',3401,1),(331181,'龙泉市','浙江|丽水|龙泉市',3311,9),(331127,'景宁畲族自治县','浙江|丽水|景宁畲族自治县',3311,8),(331126,'庆元县','浙江|丽水|庆元县',3311,7),(331125,'云和县','浙江|丽水|云和县',3311,6),(331124,'松阳县','浙江|丽水|松阳县',3311,5),(331123,'遂昌县','浙江|丽水|遂昌县',3311,4),(331122,'缙云县','浙江|丽水|缙云县',3311,3),(331121,'青田县','浙江|丽水|青田县',3311,2),(331102,'莲都区','浙江|丽水|莲都区',3311,1),(331082,'临海市','浙江|台州|临海市',3310,9),(331081,'温岭市','浙江|台州|温岭市',3310,8),(331024,'仙居县','浙江|台州|仙居县',3310,7),(331023,'天台县','浙江|台州|天台县',3310,6),(331022,'三门县','浙江|台州|三门县',3310,5),(331021,'玉环县','浙江|台州|玉环县',3310,4),(331004,'路桥区','浙江|台州|路桥区',3310,3),(331003,'黄岩区','浙江|台州|黄岩区',3310,2),(331002,'椒江区','浙江|台州|椒江区',3310,1),(330922,'嵊泗县','浙江|舟山|嵊泗县',3309,4),(330921,'岱山县','浙江|舟山|岱山县',3309,3),(330903,'普陀区','浙江|舟山|普陀区',3309,2),(330902,'定海区','浙江|舟山|定海区',3309,1),(330881,'江山市','浙江|衢州|江山市',3308,6),(330825,'龙游县','浙江|衢州|龙游县',3308,5),(330824,'开化县','浙江|衢州|开化县',3308,4),(330822,'常山县','浙江|衢州|常山县',3308,3),(330803,'衢江区','浙江|衢州|衢江区',3308,2),(330802,'柯城区','浙江|衢州|柯城区',3308,1),(330784,'永康市','浙江|金华|永康市',3307,9),(330783,'东阳市','浙江|金华|东阳市',3307,8),(330782,'义乌市','浙江|金华|义乌市',3307,7),(330781,'兰溪市','浙江|金华|兰溪市',3307,6),(330727,'磐安县','浙江|金华|磐安县',3307,5),(330726,'浦江县','浙江|金华|浦江县',3307,4),(330723,'武义县','浙江|金华|武义县',3307,3),(330703,'金东区','浙江|金华|金东区',3307,2),(330702,'婺城区','浙江|金华|婺城区',3307,1),(330683,'嵊州市','浙江|绍兴|嵊州市',3306,6),(330682,'上虞市','浙江|绍兴|上虞市',3306,5),(330681,'诸暨市','浙江|绍兴|诸暨市',3306,4),(330624,'新昌县','浙江|绍兴|新昌县',3306,3),(330621,'绍兴县','浙江|绍兴|绍兴县',3306,2),(330602,'越城区','浙江|绍兴|越城区',3306,1),(330523,'安吉县','浙江|湖州|安吉县',3305,5),(330522,'长兴县','浙江|湖州|长兴县',3305,4),(330521,'德清县','浙江|湖州|德清县',3305,3),(330503,'南浔区','浙江|湖州|南浔区',3305,2),(330502,'吴兴区','浙江|湖州|吴兴区',3305,1),(330483,'桐乡市','浙江|嘉兴|桐乡市',3304,7),(330482,'平湖市','浙江|嘉兴|平湖市',3304,6),(330481,'海宁市','浙江|嘉兴|海宁市',3304,5),(330424,'海盐县','浙江|嘉兴|海盐县',3304,4),(330421,'嘉善县','浙江|嘉兴|嘉善县',3304,3),(330411,'秀洲区','浙江|嘉兴|秀洲区',3304,2),(330402,'南湖区','浙江|嘉兴|南湖区',3304,1),(330382,'乐清市','浙江|温州|乐清市',3303,11),(330381,'瑞安市','浙江|温州|瑞安市',3303,10),(330329,'泰顺县','浙江|温州|泰顺县',3303,9),(330328,'文成县','浙江|温州|文成县',3303,8),(330327,'苍南县','浙江|温州|苍南县',3303,7),(330326,'平阳县','浙江|温州|平阳县',3303,6),(330324,'永嘉县','浙江|温州|永嘉县',3303,5),(330322,'洞头县','浙江|温州|洞头县',3303,4),(330304,'瓯海区','浙江|温州|瓯海区',3303,3),(330303,'龙湾区','浙江|温州|龙湾区',3303,2),(330302,'鹿城区','浙江|温州|鹿城区',3303,1),(330283,'奉化市','浙江|宁波|奉化市',3302,11),(330282,'慈溪市','浙江|宁波|慈溪市',3302,10),(330281,'余姚市','浙江|宁波|余姚市',3302,9),(330226,'宁海县','浙江|宁波|宁海县',3302,8),(330225,'象山县','浙江|宁波|象山县',3302,7),(330212,'鄞州区','浙江|宁波|鄞州区',3302,6),(330211,'镇海区','浙江|宁波|镇海区',3302,5),(330206,'北仑区','浙江|宁波|北仑区',3302,4),(330205,'江北区','浙江|宁波|江北区',3302,3),(330204,'江东区','浙江|宁波|江东区',3302,2),(330203,'海曙区','浙江|宁波|海曙区',3302,1),(330185,'临安市','浙江|杭州|临安市',3301,13),(330183,'富阳市','浙江|杭州|富阳市',3301,12),(330182,'建德市','浙江|杭州|建德市',3301,11),(330127,'淳安县','浙江|杭州|淳安县',3301,10),(330122,'桐庐县','浙江|杭州|桐庐县',3301,9),(330110,'余杭区','浙江|杭州|余杭区',3301,8),(330109,'萧山区','浙江|杭州|萧山区',3301,7),(330108,'滨江区','浙江|杭州|滨江区',3301,6),(330106,'西湖区','浙江|杭州|西湖区',3301,5),(330105,'拱墅区','浙江|杭州|拱墅区',3301,4),(330104,'江干区','浙江|杭州|江干区',3301,3),(330103,'下城区','浙江|杭州|下城区',3301,2),(330102,'上城区','浙江|杭州|上城区',3301,1),(321324,'泗洪县','江苏|宿迁|泗洪县',3213,5),(321323,'泗阳县','江苏|宿迁|泗阳县',3213,4),(321322,'沭阳县','江苏|宿迁|沭阳县',3213,3),(321311,'宿豫区','江苏|宿迁|宿豫区',3213,2),(321302,'宿城区','江苏|宿迁|宿城区',3213,1),(321284,'姜堰市','江苏|泰州|姜堰市',3212,6),(321283,'泰兴市','江苏|泰州|泰兴市',3212,5),(321282,'靖江市','江苏|泰州|靖江市',3212,4),(321281,'兴化市','江苏|泰州|兴化市',3212,3),(321203,'高港区','江苏|泰州|高港区',3212,2),(321202,'海陵区','江苏|泰州|海陵区',3212,1),(321183,'句容市','江苏|镇江|句容市',3211,6),(321182,'扬中市','江苏|镇江|扬中市',3211,5),(321181,'丹阳市','江苏|镇江|丹阳市',3211,4),(321112,'丹徒区','江苏|镇江|丹徒区',3211,3),(321111,'润州区','江苏|镇江|润州区',3211,2),(321102,'京口区','江苏|镇江|京口区',3211,1),(321088,'江都市','江苏|扬州|江都市',3210,7),(321084,'高邮市','江苏|扬州|高邮市',3210,6),(321081,'仪征市','江苏|扬州|仪征市',3210,5),(321023,'宝应县','江苏|扬州|宝应县',3210,4),(321011,'维扬区','江苏|扬州|维扬区',3210,3),(321003,'邗江区','江苏|扬州|邗江区',3210,2),(321002,'广陵区','江苏|扬州|广陵区',3210,1),(320982,'大丰市','江苏|盐城|大丰市',3209,9),(320981,'东台市','江苏|盐城|东台市',3209,8),(320925,'建湖县','江苏|盐城|建湖县',3209,7),(320924,'射阳县','江苏|盐城|射阳县',3209,6),(320923,'阜宁县','江苏|盐城|阜宁县',3209,5),(320922,'滨海县','江苏|盐城|滨海县',3209,4),(320921,'响水县','江苏|盐城|响水县',3209,3),(320903,'盐都区','江苏|盐城|盐都区',3209,2),(320902,'亭湖区','江苏|盐城|亭湖区',3209,1),(320831,'金湖县','江苏|淮安|金湖县',3208,8),(320830,'盱眙县','江苏|淮安|盱眙县',3208,7),(320829,'洪泽县','江苏|淮安|洪泽县',3208,6),(320826,'涟水县','江苏|淮安|涟水县',3208,5),(320811,'清浦区','江苏|淮安|清浦区',3208,4),(320804,'淮阴区','江苏|淮安|淮阴区',3208,3),(320803,'楚州区','江苏|淮安|楚州区',3208,2),(320802,'清河区','江苏|淮安|清河区',3208,1),(320724,'灌南县','江苏|连云港|灌南县',3207,7),(320723,'灌云县','江苏|连云港|灌云县',3207,6),(320722,'东海县','江苏|连云港|东海县',3207,5),(320721,'赣榆县','江苏|连云港|赣榆县',3207,4),(320706,'海州区','江苏|连云港|海州区',3207,3),(320705,'新浦区','江苏|连云港|新浦区',3207,2),(320703,'连云区','江苏|连云港|连云区',3207,1),(320684,'海门市','江苏|南通|海门市',3206,8),(320683,'通州市','江苏|南通|通州市',3206,7),(320682,'如皋市','江苏|南通|如皋市',3206,6),(320681,'启东市','江苏|南通|启东市',3206,5),(320623,'如东县','江苏|南通|如东县',3206,4),(320621,'海安县','江苏|南通|海安县',3206,3),(320611,'港闸区','江苏|南通|港闸区',3206,2),(320602,'崇川区','江苏|南通|崇川区',3206,1),(320585,'太仓市','江苏|苏州|太仓市',3205,11),(320584,'吴江市','江苏|苏州|吴江市',3205,10),(320583,'昆山市','江苏|苏州|昆山市',3205,9),(320582,'张家港市','江苏|苏州|张家港市',3205,8),(320581,'常熟市','江苏|苏州|常熟市',3205,7),(320507,'相城区','江苏|苏州|相城区',3205,6),(320506,'吴中区','江苏|苏州|吴中区',3205,5),(320505,'虎丘区','江苏|苏州|虎丘区',3205,4),(320504,'金阊区','江苏|苏州|金阊区',3205,3),(320503,'平江区','江苏|苏州|平江区',3205,2),(320502,'沧浪区','江苏|苏州|沧浪区',3205,1),(320482,'金坛市','江苏|常州|金坛市',3204,7),(320481,'溧阳市','江苏|常州|溧阳市',3204,6),(320412,'武进区','江苏|常州|武进区',3204,5),(320411,'新北区','江苏|常州|新北区',3204,4),(320405,'戚墅堰区','江苏|常州|戚墅堰区',3204,3),(320404,'钟楼区','江苏|常州|钟楼区',3204,2),(320402,'天宁区','江苏|常州|天宁区',3204,1),(320382,'邳州市','江苏|徐州|邳州市',3203,11),(320381,'新沂市','江苏|徐州|新沂市',3203,10),(320324,'睢宁县','江苏|徐州|睢宁县',3203,9),(320323,'铜山县','江苏|徐州|铜山县',3203,8),(320322,'沛县','江苏|徐州|沛县',3203,7),(320321,'丰县','江苏|徐州|丰县',3203,6),(320311,'泉山区','江苏|徐州|泉山区',3203,5),(320305,'贾汪区','江苏|徐州|贾汪区',3203,4),(320304,'九里区','江苏|徐州|九里区',3203,3),(320303,'云龙区','江苏|徐州|云龙区',3203,2),(320302,'鼓楼区','江苏|徐州|鼓楼区',3203,1),(320282,'宜兴市','江苏|无锡|宜兴市',3202,8),(320281,'江阴市','江苏|无锡|江阴市',3202,7),(320211,'滨湖区','江苏|无锡|滨湖区',3202,6),(320206,'惠山区','江苏|无锡|惠山区',3202,5),(320205,'锡山区','江苏|无锡|锡山区',3202,4),(320204,'北塘区','江苏|无锡|北塘区',3202,3),(320203,'南长区','江苏|无锡|南长区',3202,2),(320202,'崇安区','江苏|无锡|崇安区',3202,1),(320125,'高淳县','江苏|南京|高淳县',3201,13),(320124,'溧水县','江苏|南京|溧水县',3201,12),(320116,'六合区','江苏|南京|六合区',3201,11),(320115,'江宁区','江苏|南京|江宁区',3201,10),(320114,'雨花台区','江苏|南京|雨花台区',3201,9),(320113,'栖霞区','江苏|南京|栖霞区',3201,8),(320111,'浦口区','江苏|南京|浦口区',3201,7),(320107,'下关区','江苏|南京|下关区',3201,6),(320106,'鼓楼区','江苏|南京|鼓楼区',3201,5),(320105,'建邺区','江苏|南京|建邺区',3201,4),(320104,'秦淮区','江苏|南京|秦淮区',3201,3),(320103,'白下区','江苏|南京|白下区',3201,2),(320102,'玄武区','江苏|南京|玄武区',3201,1),(313030,'崇明县','上海|崇明|崇明县',3130,1),(312918,'青浦区','上海|青浦|青浦区',3129,1),(312620,'奉贤区','上海|奉贤|奉贤区',3126,1),(311717,'松江区','上海|松江|松江区',3117,1),(311616,'金山区','上海|金山|金山区',3116,1),(311515,'浦东新区','上海|浦东新区|浦东新区',3115,1),(311414,'嘉定区','上海|嘉定|嘉定区',3114,1),(311313,'宝山区','上海|宝山|宝山区',3113,1),(311212,'闵行区','上海|闵行|闵行区',3112,1),(311010,'杨浦区','上海|杨浦|杨浦区',3110,1),(310909,'虹口区','上海|虹口|虹口区',3109,1),(310808,'闸北区','上海|闸北|闸北区',3108,1),(310707,'普陀区','上海|普陀|普陀区',3107,1),(310606,'静安区','上海|静安|静安区',3106,1),(310505,'长宁区','上海|长宁|长宁区',3105,1),(310404,'徐汇区','上海|徐汇|徐汇区',3104,1),(310303,'卢湾区','上海|卢湾|卢湾区',3103,1),(310101,'黄浦区','上海|黄浦|黄浦区',3101,1),(232723,'漠河县','黑龙江|大兴安岭|漠河县',2327,7),(232722,'塔河县','黑龙江|大兴安岭|塔河县',2327,6),(232721,'呼玛县','黑龙江|大兴安岭|呼玛县',2327,5),(232704,'呼中区','黑龙江|大兴安岭|呼中区',2327,4),(232703,'新林区','黑龙江|大兴安岭|新林区',2327,3),(232702,'松岭区','黑龙江|大兴安岭|松岭区',2327,2),(232701,'加格达奇区','黑龙江|大兴安岭|加格达奇区',2327,1),(231283,'海伦市','黑龙江|绥化|海伦市',2312,10),(231282,'肇东市','黑龙江|绥化|肇东市',2312,9),(231281,'安达市','黑龙江|绥化|安达市',2312,8),(231226,'绥棱县','黑龙江|绥化|绥棱县',2312,7),(231225,'明水县','黑龙江|绥化|明水县',2312,6),(231224,'庆安县','黑龙江|绥化|庆安县',2312,5),(231223,'青冈县','黑龙江|绥化|青冈县',2312,4),(231222,'兰西县','黑龙江|绥化|兰西县',2312,3),(231221,'望奎县','黑龙江|绥化|望奎县',2312,2),(231202,'北林区','黑龙江|绥化|北林区',2312,1),(231182,'五大连池市','黑龙江|黑河|五大连池市',2311,6),(231181,'北安市','黑龙江|黑河|北安市',2311,5),(231124,'孙吴县','黑龙江|黑河|孙吴县',2311,4),(231123,'逊克县','黑龙江|黑河|逊克县',2311,3),(231121,'嫩江县','黑龙江|黑河|嫩江县',2311,2),(231102,'爱辉区','黑龙江|黑河|爱辉区',2311,1),(231085,'穆棱市','黑龙江|牡丹江|穆棱市',2310,10),(231084,'宁安市','黑龙江|牡丹江|宁安市',2310,9),(231083,'海林市','黑龙江|牡丹江|海林市',2310,8),(231081,'绥芬河市','黑龙江|牡丹江|绥芬河市',2310,7),(231025,'林口县','黑龙江|牡丹江|林口县',2310,6),(231024,'东宁县','黑龙江|牡丹江|东宁县',2310,5),(231005,'西安区','黑龙江|牡丹江|西安区',2310,4),(231004,'爱民区','黑龙江|牡丹江|爱民区',2310,3),(231003,'阳明区','黑龙江|牡丹江|阳明区',2310,2),(231002,'东安区','黑龙江|牡丹江|东安区',2310,1),(230921,'勃利县','黑龙江|七台河|勃利县',2309,4),(230904,'茄子河区','黑龙江|七台河|茄子河区',2309,3),(230903,'桃山区','黑龙江|七台河|桃山区',2309,2),(230902,'新兴区','黑龙江|七台河|新兴区',2309,1),(230882,'富锦市','黑龙江|佳木斯|富锦市',2308,10),(230881,'同江市','黑龙江|佳木斯|同江市',2308,9),(230833,'抚远县','黑龙江|佳木斯|抚远县',2308,8),(230828,'汤原县','黑龙江|佳木斯|汤原县',2308,7),(230826,'桦川县','黑龙江|佳木斯|桦川县',2308,6),(230822,'桦南县','黑龙江|佳木斯|桦南县',2308,5),(230811,'郊区','黑龙江|佳木斯|郊区',2308,4),(230805,'东风区','黑龙江|佳木斯|东风区',2308,3),(230804,'前进区','黑龙江|佳木斯|前进区',2308,2),(230803,'向阳区','黑龙江|佳木斯|向阳区',2308,1),(230781,'铁力市','黑龙江|伊春|铁力市',2307,17),(230722,'嘉荫县','黑龙江|伊春|嘉荫县',2307,16),(230716,'上甘岭区','黑龙江|伊春|上甘岭区',2307,15),(230715,'红星区','黑龙江|伊春|红星区',2307,14),(230714,'乌伊岭区','黑龙江|伊春|乌伊岭区',2307,13),(230713,'带岭区','黑龙江|伊春|带岭区',2307,12),(230712,'汤旺河区','黑龙江|伊春|汤旺河区',2307,11),(230711,'乌马河区','黑龙江|伊春|乌马河区',2307,10),(230710,'五营区','黑龙江|伊春|五营区',2307,9),(230709,'金山屯区','黑龙江|伊春|金山屯区',2307,8),(230708,'美溪区','黑龙江|伊春|美溪区',2307,7),(230707,'新青区','黑龙江|伊春|新青区',2307,6),(230706,'翠峦区','黑龙江|伊春|翠峦区',2307,5),(230705,'西林区','黑龙江|伊春|西林区',2307,4),(230704,'友好区','黑龙江|伊春|友好区',2307,3),(230703,'南岔区','黑龙江|伊春|南岔区',2307,2),(230702,'伊春区','黑龙江|伊春|伊春区',2307,1),(230624,'杜尔伯特蒙古族自治县','黑龙江|大庆|杜尔伯特蒙古族自治县',2306,9),(230623,'林甸县','黑龙江|大庆|林甸县',2306,8),(230622,'肇源县','黑龙江|大庆|肇源县',2306,7),(230621,'肇州县','黑龙江|大庆|肇州县',2306,6),(230606,'大同区','黑龙江|大庆|大同区',2306,5),(230605,'红岗区','黑龙江|大庆|红岗区',2306,4),(230604,'让胡路区','黑龙江|大庆|让胡路区',2306,3),(230603,'龙凤区','黑龙江|大庆|龙凤区',2306,2),(230602,'萨尔图区','黑龙江|大庆|萨尔图区',2306,1),(230524,'饶河县','黑龙江|双鸭山|饶河县',2305,8),(230523,'宝清县','黑龙江|双鸭山|宝清县',2305,7),(230522,'友谊县','黑龙江|双鸭山|友谊县',2305,6),(230521,'集贤县','黑龙江|双鸭山|集贤县',2305,5),(230506,'宝山区','黑龙江|双鸭山|宝山区',2305,4),(230505,'四方台区','黑龙江|双鸭山|四方台区',2305,3),(230503,'岭东区','黑龙江|双鸭山|岭东区',2305,2),(230502,'尖山区','黑龙江|双鸭山|尖山区',2305,1),(230422,'绥滨县','黑龙江|鹤岗|绥滨县',2304,8),(230421,'萝北县','黑龙江|鹤岗|萝北县',2304,7),(230407,'兴山区','黑龙江|鹤岗|兴山区',2304,6),(230406,'东山区','黑龙江|鹤岗|东山区',2304,5),(230405,'兴安区','黑龙江|鹤岗|兴安区',2304,4),(230404,'南山区','黑龙江|鹤岗|南山区',2304,3),(230403,'工农区','黑龙江|鹤岗|工农区',2304,2),(230402,'向阳区','黑龙江|鹤岗|向阳区',2304,1),(230382,'密山市','黑龙江|鸡西|密山市',2303,9),(230381,'虎林市','黑龙江|鸡西|虎林市',2303,8),(230321,'鸡东县','黑龙江|鸡西|鸡东县',2303,7),(230307,'麻山区','黑龙江|鸡西|麻山区',2303,6),(230306,'城子河区','黑龙江|鸡西|城子河区',2303,5),(230305,'梨树区','黑龙江|鸡西|梨树区',2303,4),(230304,'滴道区','黑龙江|鸡西|滴道区',2303,3),(230303,'恒山区','黑龙江|鸡西|恒山区',2303,2),(230302,'鸡冠区','黑龙江|鸡西|鸡冠区',2303,1),(230281,'讷河市','黑龙江|齐齐哈尔|讷河市',2302,16),(230231,'拜泉县','黑龙江|齐齐哈尔|拜泉县',2302,15),(230230,'克东县','黑龙江|齐齐哈尔|克东县',2302,14),(230229,'克山县','黑龙江|齐齐哈尔|克山县',2302,13),(230227,'富裕县','黑龙江|齐齐哈尔|富裕县',2302,12),(230225,'甘南县','黑龙江|齐齐哈尔|甘南县',2302,11),(230224,'泰来县','黑龙江|齐齐哈尔|泰来县',2302,10),(230223,'依安县','黑龙江|齐齐哈尔|依安县',2302,9),(230221,'龙江县','黑龙江|齐齐哈尔|龙江县',2302,8),(230208,'梅里斯达斡尔族区','黑龙江|齐齐哈尔|梅里斯达斡尔族区',2302,7),(230207,'碾子山区','黑龙江|齐齐哈尔|碾子山区',2302,6),(230206,'富拉尔基区','黑龙江|齐齐哈尔|富拉尔基区',2302,5),(230205,'昂昂溪区','黑龙江|齐齐哈尔|昂昂溪区',2302,4),(230204,'铁锋区','黑龙江|齐齐哈尔|铁锋区',2302,3),(230203,'建华区','黑龙江|齐齐哈尔|建华区',2302,2),(230202,'龙沙区','黑龙江|齐齐哈尔|龙沙区',2302,1),(230184,'五常市','黑龙江|哈尔滨|五常市',2301,18),(230183,'尚志市','黑龙江|哈尔滨|尚志市',2301,17),(230182,'双城市','黑龙江|哈尔滨|双城市',2301,16),(230129,'延寿县','黑龙江|哈尔滨|延寿县',2301,15),(230128,'通河县','黑龙江|哈尔滨|通河县',2301,14),(230127,'木兰县','黑龙江|哈尔滨|木兰县',2301,13),(230126,'巴彦县','黑龙江|哈尔滨|巴彦县',2301,12),(230125,'宾县','黑龙江|哈尔滨|宾县',2301,11),(230124,'方正县','黑龙江|哈尔滨|方正县',2301,10),(230123,'依兰县','黑龙江|哈尔滨|依兰县',2301,9),(230112,'阿城区','黑龙江|哈尔滨|阿城区',2301,8),(230111,'呼兰区','黑龙江|哈尔滨|呼兰区',2301,7),(230110,'香坊区','黑龙江|哈尔滨|香坊区',2301,6),(230109,'松北区','黑龙江|哈尔滨|松北区',2301,5),(230108,'平房区','黑龙江|哈尔滨|平房区',2301,4),(230104,'道外区','黑龙江|哈尔滨|道外区',2301,3),(230103,'南岗区','黑龙江|哈尔滨|南岗区',2301,2),(230102,'道里区','黑龙江|哈尔滨|道里区',2301,1),(222426,'安图县','吉林|延边|安图县',2224,8),(222424,'汪清县','吉林|延边|汪清县',2224,7),(222406,'和龙市','吉林|延边|和龙市',2224,6),(222405,'龙井市','吉林|延边|龙井市',2224,5),(222404,'珲春市','吉林|延边|珲春市',2224,4),(222403,'敦化市','吉林|延边|敦化市',2224,3),(222402,'图们市','吉林|延边|图们市',2224,2),(222401,'延吉市','吉林|延边|延吉市',2224,1),(220882,'大安市','吉林|白城|大安市',2208,5),(220881,'洮南市','吉林|白城|洮南市',2208,4),(220822,'通榆县','吉林|白城|通榆县',2208,3),(220821,'镇赉县','吉林|白城|镇赉县',2208,2),(220802,'洮北区','吉林|白城|洮北区',2208,1),(220724,'扶余县','吉林|松原|扶余县',2207,5),(220723,'乾安县','吉林|松原|乾安县',2207,4),(220722,'长岭县','吉林|松原|长岭县',2207,3),(220721,'前郭尔罗斯蒙古族自治县','吉林|松原|前郭尔罗斯蒙古族自治县',2207,2),(220702,'宁江区','吉林|松原|宁江区',2207,1),(220681,'临江市','吉林|白山|临江市',2206,6),(220623,'长白朝鲜族自治县','吉林|白山|长白朝鲜族自治县',2206,5),(220622,'靖宇县','吉林|白山|靖宇县',2206,4),(220621,'抚松县','吉林|白山|抚松县',2206,3),(220604,'江源区','吉林|白山|江源区',2206,2),(220602,'八道江区','吉林|白山|八道江区',2206,1),(220582,'集安市','吉林|通化|集安市',2205,7),(220581,'梅河口市','吉林|通化|梅河口市',2205,6),(220524,'柳河县','吉林|通化|柳河县',2205,5),(220523,'辉南县','吉林|通化|辉南县',2205,4),(220521,'通化县','吉林|通化|通化县',2205,3),(220503,'二道江区','吉林|通化|二道江区',2205,2),(220502,'东昌区','吉林|通化|东昌区',2205,1),(220422,'东辽县','吉林|辽源|东辽县',2204,4),(220421,'东丰县','吉林|辽源|东丰县',2204,3),(220403,'西安区','吉林|辽源|西安区',2204,2),(220402,'龙山区','吉林|辽源|龙山区',2204,1),(220382,'双辽市','吉林|四平|双辽市',2203,6),(220381,'公主岭市','吉林|四平|公主岭市',2203,5),(220323,'伊通满族自治县','吉林|四平|伊通满族自治县',2203,4),(220322,'梨树县','吉林|四平|梨树县',2203,3),(220303,'铁东区','吉林|四平|铁东区',2203,2),(220302,'铁西区','吉林|四平|铁西区',2203,1),(220284,'磐石市','吉林|吉林|磐石市',2202,9),(220283,'舒兰市','吉林|吉林|舒兰市',2202,8),(220282,'桦甸市','吉林|吉林|桦甸市',2202,7),(220281,'蛟河市','吉林|吉林|蛟河市',2202,6),(220221,'永吉县','吉林|吉林|永吉县',2202,5),(220211,'丰满区','吉林|吉林|丰满区',2202,4),(220204,'船营区','吉林|吉林|船营区',2202,3),(220203,'龙潭区','吉林|吉林|龙潭区',2202,2),(220202,'昌邑区','吉林|吉林|昌邑区',2202,1),(220183,'德惠市','吉林|长春|德惠市',2201,10),(220182,'榆树市','吉林|长春|榆树市',2201,9),(220181,'九台市','吉林|长春|九台市',2201,8),(220122,'农安县','吉林|长春|农安县',2201,7),(220112,'双阳区','吉林|长春|双阳区',2201,6),(220106,'绿园区','吉林|长春|绿园区',2201,5),(220105,'二道区','吉林|长春|二道区',2201,4),(220104,'朝阳区','吉林|长春|朝阳区',2201,3),(220103,'宽城区','吉林|长春|宽城区',2201,2),(220102,'南关区','吉林|长春|南关区',2201,1),(211481,'兴城市','辽宁|葫芦岛|兴城市',2114,6),(211422,'建昌县','辽宁|葫芦岛|建昌县',2114,5),(211421,'绥中县','辽宁|葫芦岛|绥中县',2114,4),(211404,'南票区','辽宁|葫芦岛|南票区',2114,3),(211403,'龙港区','辽宁|葫芦岛|龙港区',2114,2),(211402,'连山区','辽宁|葫芦岛|连山区',2114,1),(211382,'凌源市','辽宁|朝阳|凌源市',2113,7),(211381,'北票市','辽宁|朝阳|北票市',2113,6),(211324,'喀喇沁左翼蒙古族自治县','辽宁|朝阳|喀喇沁左翼蒙古族自治县',2113,5),(211322,'建平县','辽宁|朝阳|建平县',2113,4),(211321,'朝阳县','辽宁|朝阳|朝阳县',2113,3),(211303,'龙城区','辽宁|朝阳|龙城区',2113,2),(211302,'双塔区','辽宁|朝阳|双塔区',2113,1),(211282,'开原市','辽宁|铁岭|开原市',2112,7),(211281,'调兵山市','辽宁|铁岭|调兵山市',2112,6),(211224,'昌图县','辽宁|铁岭|昌图县',2112,5),(211223,'西丰县','辽宁|铁岭|西丰县',2112,4),(211221,'铁岭县','辽宁|铁岭|铁岭县',2112,3),(211204,'清河区','辽宁|铁岭|清河区',2112,2),(211202,'银州区','辽宁|铁岭|银州区',2112,1),(211122,'盘山县','辽宁|盘锦|盘山县',2111,4),(211121,'大洼县','辽宁|盘锦|大洼县',2111,3),(211103,'兴隆台区','辽宁|盘锦|兴隆台区',2111,2),(211102,'双台子区','辽宁|盘锦|双台子区',2111,1),(211081,'灯塔市','辽宁|辽阳|灯塔市',2110,7),(211021,'辽阳县','辽宁|辽阳|辽阳县',2110,6),(211011,'太子河区','辽宁|辽阳|太子河区',2110,5),(211005,'弓长岭区','辽宁|辽阳|弓长岭区',2110,4),(211004,'宏伟区','辽宁|辽阳|宏伟区',2110,3),(211003,'文圣区','辽宁|辽阳|文圣区',2110,2),(211002,'白塔区','辽宁|辽阳|白塔区',2110,1),(210922,'彰武县','辽宁|阜新|彰武县',2109,7),(210921,'阜新蒙古族自治县','辽宁|阜新|阜新蒙古族自治县',2109,6),(210911,'细河区','辽宁|阜新|细河区',2109,5),(210905,'清河门区','辽宁|阜新|清河门区',2109,4),(210904,'太平区','辽宁|阜新|太平区',2109,3),(210903,'新邱区','辽宁|阜新|新邱区',2109,2),(210902,'海州区','辽宁|阜新|海州区',2109,1),(210882,'大石桥市','辽宁|营口|大石桥市',2108,6),(210881,'盖州市','辽宁|营口|盖州市',2108,5),(210811,'老边区','辽宁|营口|老边区',2108,4),(210804,'鲅鱼圈区','辽宁|营口|鲅鱼圈区',2108,3),(210803,'西市区','辽宁|营口|西市区',2108,2),(210802,'站前区','辽宁|营口|站前区',2108,1),(210782,'北镇市','辽宁|锦州|北镇市',2107,7),(210781,'凌海市','辽宁|锦州|凌海市',2107,6),(210727,'义县','辽宁|锦州|义县',2107,5),(210726,'黑山县','辽宁|锦州|黑山县',2107,4),(210711,'太和区','辽宁|锦州|太和区',2107,3),(210703,'凌河区','辽宁|锦州|凌河区',2107,2),(210702,'古塔区','辽宁|锦州|古塔区',2107,1),(210682,'凤城市','辽宁|丹东|凤城市',2106,6),(210681,'东港市','辽宁|丹东|东港市',2106,5),(210624,'宽甸满族自治县','辽宁|丹东|宽甸满族自治县',2106,4),(210604,'振安区','辽宁|丹东|振安区',2106,3),(210603,'振兴区','辽宁|丹东|振兴区',2106,2),(210602,'元宝区','辽宁|丹东|元宝区',2106,1),(210522,'桓仁满族自治县','辽宁|本溪|桓仁满族自治县',2105,6),(210521,'本溪满族自治县','辽宁|本溪|本溪满族自治县',2105,5),(210505,'南芬区','辽宁|本溪|南芬区',2105,4),(210504,'明山区','辽宁|本溪|明山区',2105,3),(210503,'溪湖区','辽宁|本溪|溪湖区',2105,2),(210502,'平山区','辽宁|本溪|平山区',2105,1),(210423,'清原满族自治县','辽宁|抚顺|清原满族自治县',2104,7),(210422,'新宾满族自治县','辽宁|抚顺|新宾满族自治县',2104,6),(210421,'抚顺县','辽宁|抚顺|抚顺县',2104,5),(210411,'顺城区','辽宁|抚顺|顺城区',2104,4),(210404,'望花区','辽宁|抚顺|望花区',2104,3),(210403,'东洲区','辽宁|抚顺|东洲区',2104,2),(210402,'新抚区','辽宁|抚顺|新抚区',2104,1),(210381,'海城市','辽宁|鞍山|海城市',2103,7),(210323,'岫岩满族自治县','辽宁|鞍山|岫岩满族自治县',2103,6),(210321,'台安县','辽宁|鞍山|台安县',2103,5),(210311,'千山区','辽宁|鞍山|千山区',2103,4),(210304,'立山区','辽宁|鞍山|立山区',2103,3),(210303,'铁西区','辽宁|鞍山|铁西区',2103,2),(210302,'铁东区','辽宁|鞍山|铁东区',2103,1),(210283,'庄河市','辽宁|大连|庄河市',2102,10),(210282,'普兰店市','辽宁|大连|普兰店市',2102,9),(210281,'瓦房店市','辽宁|大连|瓦房店市',2102,8),(210224,'长海县','辽宁|大连|长海县',2102,7),(210213,'金州区','辽宁|大连|金州区',2102,6),(210212,'旅顺口区','辽宁|大连|旅顺口区',2102,5),(210211,'甘井子区','辽宁|大连|甘井子区',2102,4),(210204,'沙河口区','辽宁|大连|沙河口区',2102,3),(210203,'西岗区','辽宁|大连|西岗区',2102,2),(210202,'中山区','辽宁|大连|中山区',2102,1),(210181,'新民市','辽宁|沈阳|新民市',2101,13),(210124,'法库县','辽宁|沈阳|法库县',2101,12),(210123,'康平县','辽宁|沈阳|康平县',2101,11),(210122,'辽中县','辽宁|沈阳|辽中县',2101,10),(210114,'于洪区','辽宁|沈阳|于洪区',2101,9),(210113,'新城子区','辽宁|沈阳|新城子区',2101,8),(210112,'东陵区','辽宁|沈阳|东陵区',2101,7),(210111,'苏家屯区','辽宁|沈阳|苏家屯区',2101,6),(210106,'铁西区','辽宁|沈阳|铁西区',2101,5),(210105,'皇姑区','辽宁|沈阳|皇姑区',2101,4),(210104,'大东区','辽宁|沈阳|大东区',2101,3),(210103,'沈河区','辽宁|沈阳|沈河区',2101,2),(210102,'和平区','辽宁|沈阳|和平区',2101,1),(152923,'额济纳旗','内蒙古|阿拉善|额济纳旗',1529,3),(152922,'阿拉善右旗','内蒙古|阿拉善|阿拉善右旗',1529,2),(152921,'阿拉善左旗','内蒙古|阿拉善|阿拉善左旗',1529,1),(152531,'多伦县','内蒙古|锡林郭勒|多伦县',1525,12),(152530,'正蓝旗','内蒙古|锡林郭勒|正蓝旗',1525,11),(152529,'正镶白旗','内蒙古|锡林郭勒|正镶白旗',1525,10),(152528,'镶黄旗','内蒙古|锡林郭勒|镶黄旗',1525,9),(152527,'太仆寺旗','内蒙古|锡林郭勒|太仆寺旗',1525,8),(152526,'西乌珠穆沁旗','内蒙古|锡林郭勒|西乌珠穆沁旗',1525,7),(152525,'东乌珠穆沁旗','内蒙古|锡林郭勒|东乌珠穆沁旗',1525,6),(152524,'苏尼特右旗','内蒙古|锡林郭勒|苏尼特右旗',1525,5),(152523,'苏尼特左旗','内蒙古|锡林郭勒|苏尼特左旗',1525,4),(152522,'阿巴嘎旗','内蒙古|锡林郭勒|阿巴嘎旗',1525,3),(152502,'锡林浩特市','内蒙古|锡林郭勒|锡林浩特市',1525,2),(152501,'二连浩特市','内蒙古|锡林郭勒|二连浩特市',1525,1),(152224,'突泉县','内蒙古|兴安|突泉县',1522,6),(152223,'扎赉特旗','内蒙古|兴安|扎赉特旗',1522,5),(152222,'科尔沁右翼中旗','内蒙古|兴安|科尔沁右翼中旗',1522,4),(152221,'科尔沁右翼前旗','内蒙古|兴安|科尔沁右翼前旗',1522,3),(152202,'阿尔山市','内蒙古|兴安|阿尔山市',1522,2),(152201,'乌兰浩特市','内蒙古|兴安|乌兰浩特市',1522,1),(150981,'丰镇市','内蒙古|乌兰察布|丰镇市',1509,11),(150929,'四子王旗','内蒙古|乌兰察布|四子王旗',1509,10),(150928,'察哈尔右翼后旗','内蒙古|乌兰察布|察哈尔右翼后旗',1509,9),(150927,'察哈尔右翼中旗','内蒙古|乌兰察布|察哈尔右翼中旗',1509,8),(150926,'察哈尔右翼前旗','内蒙古|乌兰察布|察哈尔右翼前旗',1509,7),(150925,'凉城县','内蒙古|乌兰察布|凉城县',1509,6),(150924,'兴和县','内蒙古|乌兰察布|兴和县',1509,5),(150923,'商都县','内蒙古|乌兰察布|商都县',1509,4),(150922,'化德县','内蒙古|乌兰察布|化德县',1509,3),(150921,'卓资县','内蒙古|乌兰察布|卓资县',1509,2),(150902,'集宁区','内蒙古|乌兰察布|集宁区',1509,1),(150826,'杭锦后旗','内蒙古|巴彦淖尔|杭锦后旗',1508,7),(150825,'乌拉特后旗','内蒙古|巴彦淖尔|乌拉特后旗',1508,6),(150824,'乌拉特中旗','内蒙古|巴彦淖尔|乌拉特中旗',1508,5),(150823,'乌拉特前旗','内蒙古|巴彦淖尔|乌拉特前旗',1508,4),(150822,'磴口县','内蒙古|巴彦淖尔|磴口县',1508,3),(150821,'五原县','内蒙古|巴彦淖尔|五原县',1508,2),(150802,'临河区','内蒙古|巴彦淖尔|临河区',1508,1),(150785,'根河市','内蒙古|呼伦贝尔|根河市',1507,13),(150784,'额尔古纳市','内蒙古|呼伦贝尔|额尔古纳市',1507,12),(150783,'扎兰屯市','内蒙古|呼伦贝尔|扎兰屯市',1507,11),(150782,'牙克石市','内蒙古|呼伦贝尔|牙克石市',1507,10),(150781,'满洲里市','内蒙古|呼伦贝尔|满洲里市',1507,9),(150727,'新巴尔虎右旗','内蒙古|呼伦贝尔|新巴尔虎右旗',1507,8),(150726,'新巴尔虎左旗','内蒙古|呼伦贝尔|新巴尔虎左旗',1507,7),(150725,'陈巴尔虎旗','内蒙古|呼伦贝尔|陈巴尔虎旗',1507,6),(150724,'鄂温克族自治旗','内蒙古|呼伦贝尔|鄂温克族自治旗',1507,5),(150723,'鄂伦春自治旗','内蒙古|呼伦贝尔|鄂伦春自治旗',1507,4),(150722,'莫力达瓦达斡尔族自治旗','内蒙古|呼伦贝尔|莫力达瓦达斡尔族自治旗',1507,3),(150721,'阿荣旗','内蒙古|呼伦贝尔|阿荣旗',1507,2),(150702,'海拉尔区','内蒙古|呼伦贝尔|海拉尔区',1507,1),(150627,'伊金霍洛旗','内蒙古|鄂尔多斯|伊金霍洛旗',1506,8),(150626,'乌审旗','内蒙古|鄂尔多斯|乌审旗',1506,7),(150625,'杭锦旗','内蒙古|鄂尔多斯|杭锦旗',1506,6),(150624,'鄂托克旗','内蒙古|鄂尔多斯|鄂托克旗',1506,5),(150623,'鄂托克前旗','内蒙古|鄂尔多斯|鄂托克前旗',1506,4),(150622,'准格尔旗','内蒙古|鄂尔多斯|准格尔旗',1506,3),(150621,'达拉特旗','内蒙古|鄂尔多斯|达拉特旗',1506,2),(150602,'东胜区','内蒙古|鄂尔多斯|东胜区',1506,1),(150581,'霍林郭勒市','内蒙古|通辽|霍林郭勒市',1505,8),(150526,'扎鲁特旗','内蒙古|通辽|扎鲁特旗',1505,7),(150525,'奈曼旗','内蒙古|通辽|奈曼旗',1505,6),(150524,'库伦旗','内蒙古|通辽|库伦旗',1505,5),(150523,'开鲁县','内蒙古|通辽|开鲁县',1505,4),(150522,'科尔沁左翼后旗','内蒙古|通辽|科尔沁左翼后旗',1505,3),(150521,'科尔沁左翼中旗','内蒙古|通辽|科尔沁左翼中旗',1505,2),(150502,'科尔沁区','内蒙古|通辽|科尔沁区',1505,1),(150430,'敖汉旗','内蒙古|赤峰|敖汉旗',1504,12),(150429,'宁城县','内蒙古|赤峰|宁城县',1504,11),(150428,'喀喇沁旗','内蒙古|赤峰|喀喇沁旗',1504,10),(150426,'翁牛特旗','内蒙古|赤峰|翁牛特旗',1504,9),(150425,'克什克腾旗','内蒙古|赤峰|克什克腾旗',1504,8),(150424,'林西县','内蒙古|赤峰|林西县',1504,7),(150423,'巴林右旗','内蒙古|赤峰|巴林右旗',1504,6),(150422,'巴林左旗','内蒙古|赤峰|巴林左旗',1504,5),(150421,'阿鲁科尔沁旗','内蒙古|赤峰|阿鲁科尔沁旗',1504,4),(150404,'松山区','内蒙古|赤峰|松山区',1504,3),(150403,'元宝山区','内蒙古|赤峰|元宝山区',1504,2),(150402,'红山区','内蒙古|赤峰|红山区',1504,1),(150304,'乌达区','内蒙古|乌海|乌达区',1503,3),(150303,'海南区','内蒙古|乌海|海南区',1503,2),(150302,'海勃湾区','内蒙古|乌海|海勃湾区',1503,1),(150223,'达尔罕茂明安联合旗','内蒙古|包头|达尔罕茂明安联合旗',1502,9),(150222,'固阳县','内蒙古|包头|固阳县',1502,8),(150221,'土默特右旗','内蒙古|包头|土默特右旗',1502,7),(150207,'九原区','内蒙古|包头|九原区',1502,6),(150206,'白云矿区','内蒙古|包头|白云矿区',1502,5),(150205,'石拐区','内蒙古|包头|石拐区',1502,4),(150204,'青山区','内蒙古|包头|青山区',1502,3),(150203,'昆都仑区','内蒙古|包头|昆都仑区',1502,2),(150202,'东河区','内蒙古|包头|东河区',1502,1),(150125,'武川县','内蒙古|呼和浩特|武川县',1501,9),(150124,'清水河县','内蒙古|呼和浩特|清水河县',1501,8),(150123,'和林格尔县','内蒙古|呼和浩特|和林格尔县',1501,7),(150122,'托克托县','内蒙古|呼和浩特|托克托县',1501,6),(150121,'土默特左旗','内蒙古|呼和浩特|土默特左旗',1501,5),(150105,'赛罕区','内蒙古|呼和浩特|赛罕区',1501,4),(150104,'玉泉区','内蒙古|呼和浩特|玉泉区',1501,3),(150103,'回民区','内蒙古|呼和浩特|回民区',1501,2),(150102,'新城区','内蒙古|呼和浩特|新城区',1501,1),(141182,'汾阳市','山西|吕梁|汾阳市',1411,13),(141181,'孝义市','山西|吕梁|孝义市',1411,12),(141130,'交口县','山西|吕梁|交口县',1411,11),(141129,'中阳县','山西|吕梁|中阳县',1411,10),(141128,'方山县','山西|吕梁|方山县',1411,9),(141127,'岚县','山西|吕梁|岚县',1411,8),(141126,'石楼县','山西|吕梁|石楼县',1411,7),(141125,'柳林县','山西|吕梁|柳林县',1411,6),(141124,'临县','山西|吕梁|临县',1411,5),(141123,'兴县','山西|吕梁|兴县',1411,4),(141122,'交城县','山西|吕梁|交城县',1411,3),(141121,'文水县','山西|吕梁|文水县',1411,2),(141102,'离石区','山西|吕梁|离石区',1411,1),(141082,'霍州市','山西|临汾|霍州市',1410,17),(141081,'侯马市','山西|临汾|侯马市',1410,16),(141034,'汾西县','山西|临汾|汾西县',1410,15),(141033,'蒲县','山西|临汾|蒲县',1410,14),(141032,'永和县','山西|临汾|永和县',1410,13),(141031,'隰县','山西|临汾|隰县',1410,12),(141030,'大宁县','山西|临汾|大宁县',1410,11),(141029,'乡宁县','山西|临汾|乡宁县',1410,10),(141028,'吉县','山西|临汾|吉县',1410,9),(141027,'浮山县','山西|临汾|浮山县',1410,8),(141026,'安泽县','山西|临汾|安泽县',1410,7),(141025,'古县','山西|临汾|古县',1410,6),(141024,'洪洞县','山西|临汾|洪洞县',1410,5),(141023,'襄汾县','山西|临汾|襄汾县',1410,4),(141022,'翼城县','山西|临汾|翼城县',1410,3),(141021,'曲沃县','山西|临汾|曲沃县',1410,2),(141002,'尧都区','山西|临汾|尧都区',1410,1),(140981,'原平市','山西|忻州|原平市',1409,14),(140932,'偏关县','山西|忻州|偏关县',1409,13),(140931,'保德县','山西|忻州|保德县',1409,12),(140930,'河曲县','山西|忻州|河曲县',1409,11),(140929,'岢岚县','山西|忻州|岢岚县',1409,10),(140928,'五寨县','山西|忻州|五寨县',1409,9),(140927,'神池县','山西|忻州|神池县',1409,8),(140926,'静乐县','山西|忻州|静乐县',1409,7),(140925,'宁武县','山西|忻州|宁武县',1409,6),(140924,'繁峙县','山西|忻州|繁峙县',1409,5),(140923,'代县','山西|忻州|代县',1409,4),(140922,'五台县','山西|忻州|五台县',1409,3),(140921,'定襄县','山西|忻州|定襄县',1409,2),(140902,'忻府区','山西|忻州|忻府区',1409,1),(140882,'河津市','山西|运城|河津市',1408,13),(140881,'永济市','山西|运城|永济市',1408,12),(140830,'芮城县','山西|运城|芮城县',1408,11),(140829,'平陆县','山西|运城|平陆县',1408,10),(140828,'夏县','山西|运城|夏县',1408,9),(140827,'垣曲县','山西|运城|垣曲县',1408,8),(140826,'绛县','山西|运城|绛县',1408,7),(140825,'新绛县','山西|运城|新绛县',1408,6),(140824,'稷山县','山西|运城|稷山县',1408,5),(140823,'闻喜县','山西|运城|闻喜县',1408,4),(140822,'万荣县','山西|运城|万荣县',1408,3),(140821,'临猗县','山西|运城|临猗县',1408,2),(140802,'盐湖区','山西|运城|盐湖区',1408,1),(140781,'介休市','山西|晋中|介休市',1407,11),(140729,'灵石县','山西|晋中|灵石县',1407,10),(140728,'平遥县','山西|晋中|平遥县',1407,9),(140727,'祁县','山西|晋中|祁县',1407,8),(140726,'太谷县','山西|晋中|太谷县',1407,7),(140725,'寿阳县','山西|晋中|寿阳县',1407,6),(140724,'昔阳县','山西|晋中|昔阳县',1407,5),(140723,'和顺县','山西|晋中|和顺县',1407,4),(140722,'左权县','山西|晋中|左权县',1407,3),(140721,'榆社县','山西|晋中|榆社县',1407,2),(140702,'榆次区','山西|晋中|榆次区',1407,1),(140624,'怀仁县','山西|朔州|怀仁县',1406,6),(140623,'右玉县','山西|朔州|右玉县',1406,5),(140622,'应县','山西|朔州|应县',1406,4),(140621,'山阴县','山西|朔州|山阴县',1406,3),(140603,'平鲁区','山西|朔州|平鲁区',1406,2),(140602,'朔城区','山西|朔州|朔城区',1406,1),(140581,'高平市','山西|晋城|高平市',1405,6),(140525,'泽州县','山西|晋城|泽州县',1405,5),(140524,'陵川县','山西|晋城|陵川县',1405,4),(140522,'阳城县','山西|晋城|阳城县',1405,3),(140521,'沁水县','山西|晋城|沁水县',1405,2),(140502,'城区','山西|晋城|城区',1405,1),(140481,'潞城市','山西|长治|潞城市',1404,13),(140431,'沁源县','山西|长治|沁源县',1404,12),(140430,'沁县','山西|长治|沁县',1404,11),(140429,'武乡县','山西|长治|武乡县',1404,10),(140428,'长子县','山西|长治|长子县',1404,9),(140427,'壶关县','山西|长治|壶关县',1404,8),(140426,'黎城县','山西|长治|黎城县',1404,7),(140425,'平顺县','山西|长治|平顺县',1404,6),(140424,'屯留县','山西|长治|屯留县',1404,5),(140423,'襄垣县','山西|长治|襄垣县',1404,4),(140421,'长治县','山西|长治|长治县',1404,3),(140411,'郊区','山西|长治|郊区',1404,2),(140402,'城区','山西|长治|城区',1404,1),(140322,'盂县','山西|阳泉|盂县',1403,5),(140321,'平定县','山西|阳泉|平定县',1403,4),(140311,'郊区','山西|阳泉|郊区',1403,3),(140303,'矿区','山西|阳泉|矿区',1403,2),(140302,'城区','山西|阳泉|城区',1403,1),(140227,'大同县','山西|大同|大同县',1402,11),(140226,'左云县','山西|大同|左云县',1402,10),(140225,'浑源县','山西|大同|浑源县',1402,9),(140224,'灵丘县','山西|大同|灵丘县',1402,8),(140223,'广灵县','山西|大同|广灵县',1402,7),(140222,'天镇县','山西|大同|天镇县',1402,6),(140221,'阳高县','山西|大同|阳高县',1402,5),(140212,'新荣区','山西|大同|新荣区',1402,4),(140211,'南郊区','山西|大同|南郊区',1402,3),(140203,'矿区','山西|大同|矿区',1402,2),(140202,'城区','山西|大同|城区',1402,1),(140181,'古交市','山西|太原|古交市',1401,10),(140123,'娄烦县','山西|太原|娄烦县',1401,9),(140122,'阳曲县','山西|太原|阳曲县',1401,8),(140121,'清徐县','山西|太原|清徐县',1401,7),(140110,'晋源区','山西|太原|晋源区',1401,6),(140109,'万柏林区','山西|太原|万柏林区',1401,5),(140108,'尖草坪区','山西|太原|尖草坪区',1401,4),(140107,'杏花岭区','山西|太原|杏花岭区',1401,3),(140106,'迎泽区','山西|太原|迎泽区',1401,2),(140105,'小店区','山西|太原|小店区',1401,1),(131182,'深州市','河北|衡水|深州市',1311,11),(131181,'冀州市','河北|衡水|冀州市',1311,10),(131128,'阜城县','河北|衡水|阜城县',1311,9),(131127,'景县','河北|衡水|景县',1311,8),(131126,'故城县','河北|衡水|故城县',1311,7),(131125,'安平县','河北|衡水|安平县',1311,6),(131124,'饶阳县','河北|衡水|饶阳县',1311,5),(131123,'武强县','河北|衡水|武强县',1311,4),(131122,'武邑县','河北|衡水|武邑县',1311,3),(131121,'枣强县','河北|衡水|枣强县',1311,2),(131102,'桃城区','河北|衡水|桃城区',1311,1),(131082,'三河市','河北|廊坊|三河市',1310,10),(131081,'霸州市','河北|廊坊|霸州市',1310,9),(131028,'大厂回族自治县','河北|廊坊|大厂回族自治县',1310,8),(131026,'文安县','河北|廊坊|文安县',1310,7),(131025,'大城县','河北|廊坊|大城县',1310,6),(131024,'香河县','河北|廊坊|香河县',1310,5),(131023,'永清县','河北|廊坊|永清县',1310,4),(131022,'固安县','河北|廊坊|固安县',1310,3),(131003,'广阳区','河北|廊坊|广阳区',1310,2),(131002,'安次区','河北|廊坊|安次区',1310,1),(130984,'河间市','河北|沧州|河间市',1309,16),(130983,'黄骅市','河北|沧州|黄骅市',1309,15),(130982,'任丘市','河北|沧州|任丘市',1309,14),(130981,'泊头市','河北|沧州|泊头市',1309,13),(130930,'孟村回族自治县','河北|沧州|孟村回族自治县',1309,12),(130929,'献县','河北|沧州|献县',1309,11),(130928,'吴桥县','河北|沧州|吴桥县',1309,10),(130927,'南皮县','河北|沧州|南皮县',1309,9),(130926,'肃宁县','河北|沧州|肃宁县',1309,8),(130925,'盐山县','河北|沧州|盐山县',1309,7),(130924,'海兴县','河北|沧州|海兴县',1309,6),(130923,'东光县','河北|沧州|东光县',1309,5),(130922,'青县','河北|沧州|青县',1309,4),(130921,'沧县','河北|沧州|沧县',1309,3),(130903,'运河区','河北|沧州|运河区',1309,2),(130902,'新华区','河北|沧州|新华区',1309,1),(130828,'围场满族蒙古族自治县','河北|承德|围场满族蒙古族自治县',1308,11),(130827,'宽城满族自治县','河北|承德|宽城满族自治县',1308,10),(130826,'丰宁满族自治县','河北|承德|丰宁满族自治县',1308,9),(130825,'隆化县','河北|承德|隆化县',1308,8),(130824,'滦平县','河北|承德|滦平县',1308,7),(130823,'平泉县','河北|承德|平泉县',1308,6),(130822,'兴隆县','河北|承德|兴隆县',1308,5),(130821,'承德县','河北|承德|承德县',1308,4),(130804,'鹰手营子矿区','河北|承德|鹰手营子矿区',1308,3),(130803,'双滦区','河北|承德|双滦区',1308,2),(130802,'双桥区','河北|承德|双桥区',1308,1),(130733,'崇礼县','河北|张家口|崇礼县',1307,17),(130732,'赤城县','河北|张家口|赤城县',1307,16),(130731,'涿鹿县','河北|张家口|涿鹿县',1307,15),(130730,'怀来县','河北|张家口|怀来县',1307,14),(130729,'万全县','河北|张家口|万全县',1307,13),(130728,'怀安县','河北|张家口|怀安县',1307,12),(130727,'阳原县','河北|张家口|阳原县',1307,11),(130726,'蔚县','河北|张家口|蔚县',1307,10),(130725,'尚义县','河北|张家口|尚义县',1307,9),(130724,'沽源县','河北|张家口|沽源县',1307,8),(130723,'康保县','河北|张家口|康保县',1307,7),(130722,'张北县','河北|张家口|张北县',1307,6),(130721,'宣化县','河北|张家口|宣化县',1307,5),(130706,'下花园区','河北|张家口|下花园区',1307,4),(130705,'宣化区','河北|张家口|宣化区',1307,3),(130703,'桥西区','河北|张家口|桥西区',1307,2),(130702,'桥东区','河北|张家口|桥东区',1307,1),(130684,'高碑店市','河北|保定|高碑店市',1306,25),(130683,'安国市','河北|保定|安国市',1306,24),(130682,'定州市','河北|保定|定州市',1306,23),(130681,'涿州市','河北|保定|涿州市',1306,22),(130638,'雄县','河北|保定|雄县',1306,21),(130637,'博野县','河北|保定|博野县',1306,20),(130636,'顺平县','河北|保定|顺平县',1306,19),(130635,'蠡县','河北|保定|蠡县',1306,18),(130634,'曲阳县','河北|保定|曲阳县',1306,17),(130633,'易县','河北|保定|易县',1306,16),(130632,'安新县','河北|保定|安新县',1306,15),(130631,'望都县','河北|保定|望都县',1306,14),(130630,'涞源县','河北|保定|涞源县',1306,13),(130629,'容城县','河北|保定|容城县',1306,12),(130628,'高阳县','河北|保定|高阳县',1306,11),(130627,'唐县','河北|保定|唐县',1306,10),(130626,'定兴县','河北|保定|定兴县',1306,9),(130625,'徐水县','河北|保定|徐水县',1306,8),(130624,'阜平县','河北|保定|阜平县',1306,7),(130623,'涞水县','河北|保定|涞水县',1306,6),(130622,'清苑县','河北|保定|清苑县',1306,5),(130621,'满城县','河北|保定|满城县',1306,4),(130604,'南市区','河北|保定|南市区',1306,3),(130603,'北市区','河北|保定|北市区',1306,2),(130602,'新市区','河北|保定|新市区',1306,1),(130582,'沙河市','河北|邢台|沙河市',1305,19),(130581,'南宫市','河北|邢台|南宫市',1305,18),(130535,'临西县','河北|邢台|临西县',1305,17),(130534,'清河县','河北|邢台|清河县',1305,16),(130533,'威县','河北|邢台|威县',1305,15),(130532,'平乡县','河北|邢台|平乡县',1305,14),(130531,'广宗县','河北|邢台|广宗县',1305,13),(130530,'新河县','河北|邢台|新河县',1305,12),(130529,'巨鹿县','河北|邢台|巨鹿县',1305,11),(130528,'宁晋县','河北|邢台|宁晋县',1305,10),(130527,'南和县','河北|邢台|南和县',1305,9),(130526,'任县','河北|邢台|任县',1305,8),(130525,'隆尧县','河北|邢台|隆尧县',1305,7),(130524,'柏乡县','河北|邢台|柏乡县',1305,6),(130523,'内丘县','河北|邢台|内丘县',1305,5),(130522,'临城县','河北|邢台|临城县',1305,4),(130521,'邢台县','河北|邢台|邢台县',1305,3),(130503,'桥西区','河北|邢台|桥西区',1305,2),(130502,'桥东区','河北|邢台|桥东区',1305,1),(130481,'武安市','河北|邯郸|武安市',1304,19),(130435,'曲周县','河北|邯郸|曲周县',1304,18),(130434,'魏县','河北|邯郸|魏县',1304,17),(130433,'馆陶县','河北|邯郸|馆陶县',1304,16),(130432,'广平县','河北|邯郸|广平县',1304,15),(130431,'鸡泽县','河北|邯郸|鸡泽县',1304,14),(130430,'邱县','河北|邯郸|邱县',1304,13),(130429,'永年县','河北|邯郸|永年县',1304,12),(130428,'肥乡县','河北|邯郸|肥乡县',1304,11),(130427,'磁县','河北|邯郸|磁县',1304,10),(130426,'涉县','河北|邯郸|涉县',1304,9),(130425,'大名县','河北|邯郸|大名县',1304,8),(130424,'成安县','河北|邯郸|成安县',1304,7),(130423,'临漳县','河北|邯郸|临漳县',1304,6),(130421,'邯郸县','河北|邯郸|邯郸县',1304,5),(130406,'峰峰矿区','河北|邯郸|峰峰矿区',1304,4),(130404,'复兴区','河北|邯郸|复兴区',1304,3),(130403,'丛台区','河北|邯郸|丛台区',1304,2),(130402,'邯山区','河北|邯郸|邯山区',1304,1),(130324,'卢龙县','河北|秦皇岛|卢龙县',1303,7),(130323,'抚宁县','河北|秦皇岛|抚宁县',1303,6),(130322,'昌黎县','河北|秦皇岛|昌黎县',1303,5),(130321,'青龙满族自治县','河北|秦皇岛|青龙满族自治县',1303,4),(130304,'北戴河区','河北|秦皇岛|北戴河区',1303,3),(130303,'山海关区','河北|秦皇岛|山海关区',1303,2),(130302,'海港区','河北|秦皇岛|海港区',1303,1),(130283,'迁安市','河北|唐山|迁安市',1302,14),(130281,'遵化市','河北|唐山|遵化市',1302,13),(130230,'唐海县','河北|唐山|唐海县',1302,12),(130229,'玉田县','河北|唐山|玉田县',1302,11),(130227,'迁西县','河北|唐山|迁西县',1302,10),(130225,'乐亭县','河北|唐山|乐亭县',1302,9),(130224,'滦南县','河北|唐山|滦南县',1302,8),(130223,'滦县','河北|唐山|滦县',1302,7),(130208,'丰润区','河北|唐山|丰润区',1302,6),(130207,'丰南区','河北|唐山|丰南区',1302,5),(130205,'开平区','河北|唐山|开平区',1302,4),(130204,'古冶区','河北|唐山|古冶区',1302,3),(130203,'路北区','河北|唐山|路北区',1302,2),(130202,'路南区','河北|唐山|路南区',1302,1),(130185,'鹿泉市','河北|石家庄|鹿泉市',1301,23),(130184,'新乐市','河北|石家庄|新乐市',1301,22),(130183,'晋州市','河北|石家庄|晋州市',1301,21),(130182,'藁城市','河北|石家庄|藁城市',1301,20),(130181,'辛集市','河北|石家庄|辛集市',1301,19),(130133,'赵县','河北|石家庄|赵县',1301,18),(130132,'元氏县','河北|石家庄|元氏县',1301,17),(130131,'平山县','河北|石家庄|平山县',1301,16),(130130,'无极县','河北|石家庄|无极县',1301,15),(130129,'赞皇县','河北|石家庄|赞皇县',1301,14),(130128,'深泽县','河北|石家庄|深泽县',1301,13),(130127,'高邑县','河北|石家庄|高邑县',1301,12),(130126,'灵寿县','河北|石家庄|灵寿县',1301,11),(130125,'行唐县','河北|石家庄|行唐县',1301,10),(130124,'栾城县','河北|石家庄|栾城县',1301,9),(130123,'正定县','河北|石家庄|正定县',1301,8),(130121,'井陉县','河北|石家庄|井陉县',1301,7),(130108,'裕华区','河北|石家庄|裕华区',1301,6),(130107,'井陉矿区','河北|石家庄|井陉矿区',1301,5),(130105,'新华区','河北|石家庄|新华区',1301,4),(130104,'桥西区','河北|石家庄|桥西区',1301,3),(130103,'桥东区','河北|石家庄|桥东区',1301,2),(130102,'长安区','河北|石家庄|长安区',1301,1),(122525,'蓟县','天津|蓟县|蓟县',1225,1),(122415,'宝坻区','天津|宝坻|宝坻区',1224,1),(122323,'静海县','天津|静海|静海县',1223,1),(122214,'武清区','天津|武清|武清区',1222,1),(122121,'宁河县','天津|宁河|宁河县',1221,1),(121313,'北辰区','天津|北辰|北辰区',1213,1),(121212,'津南区','天津|津南|津南区',1212,1),(121111,'西青区','天津|西青|西青区',1211,1),(121010,'东丽区','天津|东丽|东丽区',1210,1),(120707,'滨海新区','天津|滨海新区|滨海新区',1207,1),(120606,'红桥区','天津|红桥|红桥区',1206,1),(120505,'河北区','天津|河北|河北区',1205,1),(120404,'南开区','天津|南开|南开区',1204,1),(120303,'河西区','天津|河西|河西区',1203,1),(120202,'河东区','天津|河东|河东区',1202,1),(120101,'和平区','天津|和平|和平区',1201,1),(112929,'延庆县','北京|延庆|延庆县',1129,1),(112828,'密云县','北京|密云|密云县',1128,1),(112716,'怀柔区','北京|怀柔|怀柔区',1127,1),(112617,'平谷区','北京|平谷|平谷区',1126,1),(112415,'大兴区','北京|大兴|大兴区',1124,1),(112114,'昌平区','北京|昌平|昌平区',1121,1),(111313,'顺义区','北京|顺义|顺义区',1113,1),(111212,'通州区','北京|通州|通州区',1112,1),(111111,'房山区','北京|房山|房山区',1111,1),(110909,'门头沟区','北京|门头沟|门头沟区',1109,1),(110808,'海淀区','北京|海淀|海淀区',1108,1),(110707,'石景山区','北京|石景山|石景山区',1107,1),(110606,'丰台区','北京|丰台|丰台区',1106,1),(110505,'朝阳区','北京|朝阳|朝阳区',1105,1),(110404,'宣武区','北京|宣武|宣武区',1104,1),(110303,'崇文区','北京|崇文|崇文区',1103,1),(110202,'西城区','北京|西城|西城区',1102,1),(110101,'东城区','北京|东城|东城区',1101,1),(610425,'礼泉县','陕西|咸阳|礼泉县',6104,7),(610426,'永寿县','陕西|咸阳|永寿县',6104,8),(610427,'彬县','陕西|咸阳|彬县',6104,9),(610428,'长武县','陕西|咸阳|长武县',6104,10),(610429,'旬邑县','陕西|咸阳|旬邑县',6104,11),(610430,'淳化县','陕西|咸阳|淳化县',6104,12),(610431,'武功县','陕西|咸阳|武功县',6104,13),(610481,'兴平市','陕西|咸阳|兴平市',6104,14),(610502,'临渭区','陕西|渭南|临渭区',6105,1),(610521,'华县','陕西|渭南|华县',6105,2),(610522,'潼关县','陕西|渭南|潼关县',6105,3),(610523,'大荔县','陕西|渭南|大荔县',6105,4),(610524,'合阳县','陕西|渭南|合阳县',6105,5),(610525,'澄城县','陕西|渭南|澄城县',6105,6),(610526,'蒲城县','陕西|渭南|蒲城县',6105,7),(610527,'白水县','陕西|渭南|白水县',6105,8),(610528,'富平县','陕西|渭南|富平县',6105,9),(610581,'韩城市','陕西|渭南|韩城市',6105,10),(610582,'华阴市','陕西|渭南|华阴市',6105,11),(610602,'宝塔区','陕西|延安|宝塔区',6106,1),(610621,'延长县','陕西|延安|延长县',6106,2),(610622,'延川县','陕西|延安|延川县',6106,3),(610623,'子长县','陕西|延安|子长县',6106,4),(610624,'安塞县','陕西|延安|安塞县',6106,5),(610625,'志丹县','陕西|延安|志丹县',6106,6),(610626,'吴起县','陕西|延安|吴起县',6106,7),(610627,'甘泉县','陕西|延安|甘泉县',6106,8),(610628,'富县','陕西|延安|富县',6106,9),(610629,'洛川县','陕西|延安|洛川县',6106,10),(610630,'宜川县','陕西|延安|宜川县',6106,11),(610631,'黄龙县','陕西|延安|黄龙县',6106,12),(610632,'黄陵县','陕西|延安|黄陵县',6106,13),(610702,'汉台区','陕西|汉中|汉台区',6107,1),(610721,'南郑县','陕西|汉中|南郑县',6107,2),(610722,'城固县','陕西|汉中|城固县',6107,3),(610723,'洋县','陕西|汉中|洋县',6107,4),(610724,'西乡县','陕西|汉中|西乡县',6107,5),(610725,'勉县','陕西|汉中|勉县',6107,6),(610726,'宁强县','陕西|汉中|宁强县',6107,7),(610727,'略阳县','陕西|汉中|略阳县',6107,8),(610728,'镇巴县','陕西|汉中|镇巴县',6107,9),(610729,'留坝县','陕西|汉中|留坝县',6107,10),(610730,'佛坪县','陕西|汉中|佛坪县',6107,11),(610802,'榆阳区','陕西|榆林|榆阳区',6108,1),(610821,'神木县','陕西|榆林|神木县',6108,2),(610822,'府谷县','陕西|榆林|府谷县',6108,3),(610823,'横山县','陕西|榆林|横山县',6108,4),(610824,'靖边县','陕西|榆林|靖边县',6108,5),(610825,'定边县','陕西|榆林|定边县',6108,6),(610826,'绥德县','陕西|榆林|绥德县',6108,7),(610827,'米脂县','陕西|榆林|米脂县',6108,8),(610828,'佳县','陕西|榆林|佳县',6108,9),(610829,'吴堡县','陕西|榆林|吴堡县',6108,10),(610830,'清涧县','陕西|榆林|清涧县',6108,11),(610831,'子洲县','陕西|榆林|子洲县',6108,12),(610902,'汉滨区','陕西|安康|汉滨区',6109,1),(610921,'汉阴县','陕西|安康|汉阴县',6109,2),(610922,'石泉县','陕西|安康|石泉县',6109,3),(610923,'宁陕县','陕西|安康|宁陕县',6109,4),(610924,'紫阳县','陕西|安康|紫阳县',6109,5),(610925,'岚皋县','陕西|安康|岚皋县',6109,6),(610926,'平利县','陕西|安康|平利县',6109,7),(610927,'镇坪县','陕西|安康|镇坪县',6109,8),(610928,'旬阳县','陕西|安康|旬阳县',6109,9),(610929,'白河县','陕西|安康|白河县',6109,10),(611002,'商州区','陕西|商洛|商州区',6110,1),(611021,'洛南县','陕西|商洛|洛南县',6110,2),(611022,'丹凤县','陕西|商洛|丹凤县',6110,3),(611023,'商南县','陕西|商洛|商南县',6110,4),(611024,'山阳县','陕西|商洛|山阳县',6110,5),(611025,'镇安县','陕西|商洛|镇安县',6110,6),(611026,'柞水县','陕西|商洛|柞水县',6110,7),(620102,'城关区','甘肃|兰州|城关区',6201,1),(620103,'七里河区','甘肃|兰州|七里河区',6201,2),(620104,'西固区','甘肃|兰州|西固区',6201,3),(620105,'安宁区','甘肃|兰州|安宁区',6201,4),(620111,'红古区','甘肃|兰州|红古区',6201,5),(620121,'永登县','甘肃|兰州|永登县',6201,6),(620122,'皋兰县','甘肃|兰州|皋兰县',6201,7),(620123,'榆中县','甘肃|兰州|榆中县',6201,8),(620200,'嘉峪关市','甘肃|嘉峪关|嘉峪关市',6202,1),(620302,'金川区','甘肃|金昌|金川区',6203,1),(620321,'永昌县','甘肃|金昌|永昌县',6203,2),(620402,'白银区','甘肃|白银|白银区',6204,1),(620403,'平川区','甘肃|白银|平川区',6204,2),(620421,'靖远县','甘肃|白银|靖远县',6204,3),(620422,'会宁县','甘肃|白银|会宁县',6204,4),(620423,'景泰县','甘肃|白银|景泰县',6204,5),(620502,'秦城区','甘肃|天水|秦城区',6205,1),(620503,'麦积区','甘肃|天水|麦积区',6205,2),(620521,'清水县','甘肃|天水|清水县',6205,3),(620522,'秦安县','甘肃|天水|秦安县',6205,4),(620523,'甘谷县','甘肃|天水|甘谷县',6205,5),(620524,'武山县','甘肃|天水|武山县',6205,6),(620525,'张家川回族自治县','甘肃|天水|张家川回族自治县',6205,7),(620602,'凉州区','甘肃|武威|凉州区',6206,1),(620621,'民勤县','甘肃|武威|民勤县',6206,2),(620622,'古浪县','甘肃|武威|古浪县',6206,3),(620623,'天祝藏族自治县','甘肃|武威|天祝藏族自治县',6206,4),(620702,'甘州区','甘肃|张掖|甘州区',6207,1),(620721,'肃南裕固族自治县','甘肃|张掖|肃南裕固族自治县',6207,2),(620722,'民乐县','甘肃|张掖|民乐县',6207,3),(620723,'临泽县','甘肃|张掖|临泽县',6207,4),(620724,'高台县','甘肃|张掖|高台县',6207,5),(620725,'山丹县','甘肃|张掖|山丹县',6207,6),(620802,'崆峒区','甘肃|平凉|崆峒区',6208,1),(620821,'泾川县','甘肃|平凉|泾川县',6208,2),(620822,'灵台县','甘肃|平凉|灵台县',6208,3),(620823,'崇信县','甘肃|平凉|崇信县',6208,4),(620824,'华亭县','甘肃|平凉|华亭县',6208,5),(620825,'庄浪县','甘肃|平凉|庄浪县',6208,6),(620826,'静宁县','甘肃|平凉|静宁县',6208,7),(620902,'肃州区','甘肃|酒泉|肃州区',6209,1),(620921,'金塔县','甘肃|酒泉|金塔县',6209,2),(620922,'瓜州县','甘肃|酒泉|瓜州县',6209,3),(620923,'肃北蒙古族自治县','甘肃|酒泉|肃北蒙古族自治县',6209,4),(620924,'阿克塞哈萨克族自治县','甘肃|酒泉|阿克塞哈萨克族自治县',6209,5),(620981,'玉门市','甘肃|酒泉|玉门市',6209,6),(620982,'敦煌市','甘肃|酒泉|敦煌市',6209,7),(621002,'西峰区','甘肃|庆阳|西峰区',6210,1),(621021,'庆城县','甘肃|庆阳|庆城县',6210,2),(621022,'环县','甘肃|庆阳|环县',6210,3),(621023,'华池县','甘肃|庆阳|华池县',6210,4),(621024,'合水县','甘肃|庆阳|合水县',6210,5),(621025,'正宁县','甘肃|庆阳|正宁县',6210,6),(621026,'宁县','甘肃|庆阳|宁县',6210,7),(621027,'镇原县','甘肃|庆阳|镇原县',6210,8),(621102,'安定区','甘肃|定西|安定区',6211,1),(621121,'通渭县','甘肃|定西|通渭县',6211,2),(621122,'陇西县','甘肃|定西|陇西县',6211,3),(621123,'渭源县','甘肃|定西|渭源县',6211,4),(621124,'临洮县','甘肃|定西|临洮县',6211,5),(621125,'漳县','甘肃|定西|漳县',6211,6),(621126,'岷县','甘肃|定西|岷县',6211,7),(621202,'武都区','甘肃|陇南|武都区',6212,1),(621221,'成县','甘肃|陇南|成县',6212,2),(621222,'文县','甘肃|陇南|文县',6212,3),(621223,'宕昌县','甘肃|陇南|宕昌县',6212,4),(621224,'康县','甘肃|陇南|康县',6212,5),(621225,'西和县','甘肃|陇南|西和县',6212,6),(621226,'礼县','甘肃|陇南|礼县',6212,7),(621227,'徽县','甘肃|陇南|徽县',6212,8),(621228,'两当县','甘肃|陇南|两当县',6212,9),(622901,'临夏市','甘肃|临夏|临夏市',6229,1),(622921,'临夏县','甘肃|临夏|临夏县',6229,2),(622922,'康乐县','甘肃|临夏|康乐县',6229,3),(622923,'永靖县','甘肃|临夏|永靖县',6229,4),(622924,'广河县','甘肃|临夏|广河县',6229,5),(622925,'和政县','甘肃|临夏|和政县',6229,6),(622926,'东乡族自治县','甘肃|临夏|东乡族自治县',6229,7),(622927,'积石山保安族东乡族撒拉族自治县','甘肃|临夏|积石山保安族东乡族撒拉族自治县',6229,8),(623001,'合作市','甘肃|甘南|合作市',6230,1),(623021,'临潭县','甘肃|甘南|临潭县',6230,2),(623022,'卓尼县','甘肃|甘南|卓尼县',6230,3),(623023,'舟曲县','甘肃|甘南|舟曲县',6230,4),(623024,'迭部县','甘肃|甘南|迭部县',6230,5),(623025,'玛曲县','甘肃|甘南|玛曲县',6230,6),(623026,'碌曲县','甘肃|甘南|碌曲县',6230,7),(623027,'夏河县','甘肃|甘南|夏河县',6230,8),(630102,'城东区','青海|西宁|城东区',6301,1),(630103,'城中区','青海|西宁|城中区',6301,2),(630104,'城西区','青海|西宁|城西区',6301,3),(630105,'城北区','青海|西宁|城北区',6301,4),(630121,'大通回族土族自治县','青海|西宁|大通回族土族自治县',6301,5),(630122,'湟中县','青海|西宁|湟中县',6301,6),(630123,'湟源县','青海|西宁|湟源县',6301,7),(632121,'平安县','青海|海东|平安县',6321,1),(632122,'民和回族土族自治县','青海|海东|民和回族土族自治县',6321,2),(632123,'乐都县','青海|海东|乐都县',6321,3),(632126,'互助土族自治县','青海|海东|互助土族自治县',6321,4),(632127,'化隆回族自治县','青海|海东|化隆回族自治县',6321,5),(632128,'循化撒拉族自治县','青海|海东|循化撒拉族自治县',6321,6),(632221,'门源回族自治县','青海|海北|门源回族自治县',6322,1),(632222,'祁连县','青海|海北|祁连县',6322,2),(632223,'海晏县','青海|海北|海晏县',6322,3),(632224,'刚察县','青海|海北|刚察县',6322,4),(632321,'同仁县','青海|黄南|同仁县',6323,1),(632322,'尖扎县','青海|黄南|尖扎县',6323,2),(632323,'泽库县','青海|黄南|泽库县',6323,3),(632324,'河南蒙古族自治县','青海|黄南|河南蒙古族自治县',6323,4),(632521,'共和县','青海|海南|共和县',6325,1),(632522,'同德县','青海|海南|同德县',6325,2),(632523,'贵德县','青海|海南|贵德县',6325,3),(632524,'兴海县','青海|海南|兴海县',6325,4),(632525,'贵南县','青海|海南|贵南县',6325,5),(632621,'玛沁县','青海|果洛|玛沁县',6326,1),(632622,'班玛县','青海|果洛|班玛县',6326,2),(632623,'甘德县','青海|果洛|甘德县',6326,3),(632624,'达日县','青海|果洛|达日县',6326,4),(632625,'久治县','青海|果洛|久治县',6326,5),(632626,'玛多县','青海|果洛|玛多县',6326,6),(632721,'玉树县','青海|玉树|玉树县',6327,1),(632722,'杂多县','青海|玉树|杂多县',6327,2),(632723,'称多县','青海|玉树|称多县',6327,3),(632724,'治多县','青海|玉树|治多县',6327,4),(632725,'囊谦县','青海|玉树|囊谦县',6327,5),(632726,'曲麻莱县','青海|玉树|曲麻莱县',6327,6),(632801,'格尔木市','青海|海西|格尔木市',6328,1),(632802,'德令哈市','青海|海西|德令哈市',6328,2),(632821,'乌兰县','青海|海西|乌兰县',6328,3),(632822,'都兰县','青海|海西|都兰县',6328,4),(632823,'天峻县','青海|海西|天峻县',6328,5),(640104,'兴庆区','宁夏|银川|兴庆区',6401,1),(640105,'西夏区','宁夏|银川|西夏区',6401,2),(640106,'金凤区','宁夏|银川|金凤区',6401,3),(640121,'永宁县','宁夏|银川|永宁县',6401,4),(640122,'贺兰县','宁夏|银川|贺兰县',6401,5),(640181,'灵武市','宁夏|银川|灵武市',6401,6),(640202,'大武口区','宁夏|石嘴山|大武口区',6402,1),(640205,'惠农区','宁夏|石嘴山|惠农区',6402,2),(640221,'平罗县','宁夏|石嘴山|平罗县',6402,3),(640302,'利通区','宁夏|吴忠|利通区',6403,1),(640303,'红寺堡区','宁夏|吴忠|红寺堡区',6403,2),(640323,'盐池县','宁夏|吴忠|盐池县',6403,3),(640324,'同心县','宁夏|吴忠|同心县',6403,4),(640381,'青铜峡市','宁夏|吴忠|青铜峡市',6403,5),(640402,'原州区','宁夏|固原|原州区',6404,1),(640422,'西吉县','宁夏|固原|西吉县',6404,2),(640423,'隆德县','宁夏|固原|隆德县',6404,3),(640424,'泾源县','宁夏|固原|泾源县',6404,4),(640425,'彭阳县','宁夏|固原|彭阳县',6404,5),(640502,'沙坡头区','宁夏|中卫|沙坡头区',6405,1),(640521,'中宁县','宁夏|中卫|中宁县',6405,2),(640522,'海原县','宁夏|中卫|海原县',6405,3),(650102,'天山区','新疆|乌鲁木齐|天山区',6501,1),(650103,'沙依巴克区','新疆|乌鲁木齐|沙依巴克区',6501,2),(650104,'新市区','新疆|乌鲁木齐|新市区',6501,3),(650105,'水磨沟区','新疆|乌鲁木齐|水磨沟区',6501,4),(650106,'头屯河区','新疆|乌鲁木齐|头屯河区',6501,5),(650107,'达坂城区','新疆|乌鲁木齐|达坂城区',6501,6),(650109,'米东区','新疆|乌鲁木齐|米东区',6501,7),(650121,'乌鲁木齐县','新疆|乌鲁木齐|乌鲁木齐县',6501,8),(650202,'独山子区','新疆|克拉玛依|独山子区',6502,1),(650203,'克拉玛依区','新疆|克拉玛依|克拉玛依区',6502,2),(650204,'白碱滩区','新疆|克拉玛依|白碱滩区',6502,3),(650205,'乌尔禾区','新疆|克拉玛依|乌尔禾区',6502,4),(652101,'吐鲁番市','新疆|吐鲁番|吐鲁番市',6521,1),(652122,'鄯善县','新疆|吐鲁番|鄯善县',6521,2),(652123,'托克逊县','新疆|吐鲁番|托克逊县',6521,3),(652201,'哈密市','新疆|哈密|哈密市',6522,1),(652222,'巴里坤哈萨克自治县','新疆|哈密|巴里坤哈萨克自治县',6522,2),(652223,'伊吾县','新疆|哈密|伊吾县',6522,3),(652301,'昌吉市','新疆|昌吉|昌吉市',6523,1),(652302,'阜康市','新疆|昌吉|阜康市',6523,2),(652323,'呼图壁县','新疆|昌吉|呼图壁县',6523,3),(652324,'玛纳斯县','新疆|昌吉|玛纳斯县',6523,4),(652325,'奇台县','新疆|昌吉|奇台县',6523,5),(652327,'吉木萨尔县','新疆|昌吉|吉木萨尔县',6523,6),(652328,'木垒哈萨克自治县','新疆|昌吉|木垒哈萨克自治县',6523,7),(652701,'博乐市','新疆|博尔塔拉|博乐市',6527,1),(652722,'精河县','新疆|博尔塔拉|精河县',6527,2),(652723,'温泉县','新疆|博尔塔拉|温泉县',6527,3),(652801,'库尔勒市','新疆|巴音郭楞|库尔勒市',6528,1),(652822,'轮台县','新疆|巴音郭楞|轮台县',6528,2),(652823,'尉犁县','新疆|巴音郭楞|尉犁县',6528,3),(652824,'若羌县','新疆|巴音郭楞|若羌县',6528,4),(652825,'且末县','新疆|巴音郭楞|且末县',6528,5),(652826,'焉耆回族自治县','新疆|巴音郭楞|焉耆回族自治县',6528,6),(652827,'和静县','新疆|巴音郭楞|和静县',6528,7),(652828,'和硕县','新疆|巴音郭楞|和硕县',6528,8),(652829,'博湖县','新疆|巴音郭楞|博湖县',6528,9),(652901,'阿克苏市','新疆|阿克苏|阿克苏市',6529,1),(652922,'温宿县','新疆|阿克苏|温宿县',6529,2),(652923,'库车县','新疆|阿克苏|库车县',6529,3),(652924,'沙雅县','新疆|阿克苏|沙雅县',6529,4),(652925,'新和县','新疆|阿克苏|新和县',6529,5),(652926,'拜城县','新疆|阿克苏|拜城县',6529,6),(652927,'乌什县','新疆|阿克苏|乌什县',6529,7),(652928,'阿瓦提县','新疆|阿克苏|阿瓦提县',6529,8),(652929,'柯坪县','新疆|阿克苏|柯坪县',6529,9),(653001,'阿图什市','新疆|克孜勒苏|阿图什市',6530,1),(653022,'阿克陶县','新疆|克孜勒苏|阿克陶县',6530,2),(653023,'阿合奇县','新疆|克孜勒苏|阿合奇县',6530,3),(653024,'乌恰县','新疆|克孜勒苏|乌恰县',6530,4),(653101,'喀什市','新疆|喀什|喀什市',6531,1),(653121,'疏附县','新疆|喀什|疏附县',6531,2),(653122,'疏勒县','新疆|喀什|疏勒县',6531,3),(653123,'英吉沙县','新疆|喀什|英吉沙县',6531,4),(653124,'泽普县','新疆|喀什|泽普县',6531,5),(653125,'莎车县','新疆|喀什|莎车县',6531,6),(653126,'叶城县','新疆|喀什|叶城县',6531,7),(653127,'麦盖提县','新疆|喀什|麦盖提县',6531,8),(653128,'岳普湖县','新疆|喀什|岳普湖县',6531,9),(653129,'伽师县','新疆|喀什|伽师县',6531,10),(653130,'巴楚县','新疆|喀什|巴楚县',6531,11),(653131,'塔什库尔干县塔吉克自治','新疆|喀什|塔什库尔干县塔吉克自治',6531,12),(653201,'和田市','新疆|和田|和田市',6532,1),(653221,'和田县','新疆|和田|和田县',6532,2),(653222,'墨玉县','新疆|和田|墨玉县',6532,3),(653223,'皮山县','新疆|和田|皮山县',6532,4),(653224,'洛浦县','新疆|和田|洛浦县',6532,5),(653225,'策勒县','新疆|和田|策勒县',6532,6),(653226,'于田县','新疆|和田|于田县',6532,7),(653227,'民丰县','新疆|和田|民丰县',6532,8),(654002,'伊宁市','新疆|伊犁|伊宁市',6540,1),(654003,'奎屯市','新疆|伊犁|奎屯市',6540,2),(654021,'伊宁县','新疆|伊犁|伊宁县',6540,3),(654022,'察布查尔锡伯自治县','新疆|伊犁|察布查尔锡伯自治县',6540,4),(654023,'霍城县','新疆|伊犁|霍城县',6540,5),(654024,'巩留县','新疆|伊犁|巩留县',6540,6),(654025,'新源县','新疆|伊犁|新源县',6540,7),(654026,'昭苏县','新疆|伊犁|昭苏县',6540,8),(654027,'特克斯县','新疆|伊犁|特克斯县',6540,9),(654028,'尼勒克县','新疆|伊犁|尼勒克县',6540,10),(654201,'塔城市','新疆|塔城|塔城市',6542,1),(654202,'乌苏市','新疆|塔城|乌苏市',6542,2),(654221,'额敏县','新疆|塔城|额敏县',6542,3),(654223,'沙湾县','新疆|塔城|沙湾县',6542,4),(654224,'托里县','新疆|塔城|托里县',6542,5),(654225,'裕民县','新疆|塔城|裕民县',6542,6),(654226,'和布克赛尔蒙古自治县','新疆|塔城|和布克赛尔蒙古自治县',6542,7),(654301,'阿勒泰市','新疆|阿勒泰|阿勒泰市',6543,1),(654321,'布尔津县','新疆|阿勒泰|布尔津县',6543,2),(654322,'富蕴县','新疆|阿勒泰|富蕴县',6543,3),(654323,'福海县','新疆|阿勒泰|福海县',6543,4),(654324,'哈巴河县','新疆|阿勒泰|哈巴河县',6543,5),(654325,'青河县','新疆|阿勒泰|青河县',6543,6),(654326,'吉木乃县','新疆|阿勒泰|吉木乃县',6543,7),(654400,'石河子','新疆|石河子|石河子',6544,1),(654500,'阿拉尔','新疆|阿拉尔|阿拉尔',6545,1),(654600,'图木舒克','新疆|图木舒克|图木舒克',6546,1),(654700,'五家渠','新疆|五家渠|五家渠',6547,1),(710101,'台北市','台湾|台北市|台北市',7101,1),(710201,'高雄市','台湾|高雄市|高雄市',7102,1),(710301,'基隆市','台湾|基隆市|基隆市',7103,1),(710401,'台中市','台湾|台中市|台中市',7104,1),(710501,'台南市','台湾|台南市|台南市',7105,1),(710601,'新竹市','台湾|新竹市|新竹市',7106,1),(710701,'嘉义市','台湾|嘉义市|嘉义市',7107,1),(710801,'台北县','台湾|台北县|台北县',7108,1),(710901,'宜兰县','台湾|宜兰县|宜兰县',7109,1),(711001,'新竹县','台湾|新竹县|新竹县',7110,1),(711101,'桃园县','台湾|桃园县|桃园县',7111,1),(711201,'苗栗县','台湾|苗栗县|苗栗县',7112,1),(711301,'台中县','台湾|台中县|台中县',7113,1),(711401,'彰化县','台湾|彰化县|彰化县',7114,1),(711501,'南投县','台湾|南投县|南投县',7115,1),(711601,'嘉义县','台湾|嘉义县|嘉义县',7116,1),(711701,'云林县','台湾|云林县|云林县',7117,1),(711801,'台南县','台湾|台南县|台南县',7118,1),(711901,'高雄县','台湾|高雄县|高雄县',7119,1),(712001,'屏东县','台湾|屏东县|屏东县',7120,1),(712101,'台东县','台湾|台东县|台东县',7121,1),(712201,'花莲县','台湾|花莲县|花莲县',7122,1),(712301,'澎湖县','台湾|澎湖县|澎湖县',7123,1),(810101,'中西区','香港|中西区|中西区',8101,1),(810201,'东区','香港|东区|东区',8102,1),(810301,'九龙城区','香港|九龙城区|九龙城区',8103,1),(810401,'观塘区','香港|观塘区|观塘区',8104,1),(810501,'南区','香港|南区|南区',8105,1),(810601,'深水区','香港|深水区|深水区',8106,1),(810701,'湾仔区','香港|湾仔区|湾仔区',8107,1),(810801,'黄大仙区','香港|黄大仙区|黄大仙区',8108,1),(810901,'油尖旺区','香港|油尖旺区|油尖旺区',8109,1),(811001,'离岛区','香港|离岛区|离岛区',8110,1),(811101,'葵青区','香港|葵青区|葵青区',8111,1),(811201,'北区','香港|北区|北区',8112,1),(811301,'西贡区','香港|西贡区|西贡区',8113,1),(811401,'沙田区','香港|沙田区|沙田区',8114,1),(811501,'屯门区','香港|屯门区|屯门区',8115,1),(811601,'大埔区','香港|大埔区|大埔区',8116,1),(811701,'荃湾区','香港|荃湾区|荃湾区',8117,1),(811801,'元朗区','香港|元朗区|元朗区',8118,1),(820101,'花地玛堂区','澳门|花地玛堂区|花地玛堂区',8201,1),(820201,'圣安多尼堂区','澳门|圣安多尼堂区|圣安多尼堂区',8202,1),(820301,'大堂区','澳门|大堂区|大堂区',8203,1),(820401,'望德堂区','澳门|望德堂区|望德堂区',8204,1),(820501,'风顺堂区','澳门|风顺堂区|风顺堂区',8205,1),(820601,'嘉模堂区','澳门|嘉模堂区|嘉模堂区',8206,1),(820701,'圣方济各堂区','澳门|圣方济各堂区|圣方济各堂区',8207,1);
/*!40000 ALTER TABLE `aim_windid_area` ENABLE KEYS */;
UNLOCK TABLES;

--
-- Table structure for table `aim_windid_config`
--

DROP TABLE IF EXISTS `aim_windid_config`;
/*!40101 SET @saved_cs_client     = @@character_set_client */;
/*!40101 SET character_set_client = utf8 */;
CREATE TABLE `aim_windid_config` (
  `name` varchar(30) NOT NULL COMMENT '配置名字',
  `namespace` varchar(15) NOT NULL DEFAULT 'global' COMMENT '配置命名空间',
  `value` text COMMENT '值',
  `vtype` enum('string','array','object') NOT NULL DEFAULT 'string' COMMENT '配置值类型',
  `descrip` text COMMENT '描述',
  PRIMARY KEY (`namespace`,`name`)
) ENGINE=MyISAM DEFAULT CHARSET=utf8 COMMENT='windid配置表';
/*!40101 SET character_set_client = @saved_cs_client */;

--
-- Dumping data for table `aim_windid_config`
--

LOCK TABLES `aim_windid_config` WRITE;
/*!40000 ALTER TABLE `aim_windid_config` DISABLE KEYS */;
INSERT INTO `aim_windid_config` VALUES ('security.username.min','reg','3','string',''),('security.username.max','reg','15','string',''),('security.password.min','reg','6','string',''),('security.password.max','reg','15','string',''),('info.name','site','用户管理中心','string',''),('time.cv','site','0','string',''),('time.timezone','site','8','string',''),('cookie.domain','site','','string',''),('cookie.path','site','','string',''),('debug','site','0','string',''),('credits','credit','a:4:{i:1;a:2:{s:4:\"name\";s:6:\"点数\";s:4:\"unit\";s:3:\"点\";}i:2;a:2:{s:4:\"name\";s:6:\"积分\";s:4:\"unit\";s:3:\"点\";}i:3;a:2:{s:4:\"name\";s:6:\"能力\";s:4:\"unit\";s:3:\"点\";}i:4;a:2:{s:4:\"name\";s:6:\"贡献\";s:4:\"unit\";s:3:\"点\";}}','array',''),('storage','components','a:1:{s:4:\"path\";s:26:\"LIB:storage.PwStorageLocal\";}','array','本地存储。附件、图片等将存储在本地磁盘上，存储位置在 conf/directory.php 中定义。默认定义位置为 /www/attachment, 全局可访问附件路径常量为 ATTACH'),('storage.type','attachment','local','string',''),('avatarUrl','site','http://aimfive.com/windid/attachment','string',''),('hash','site','TWlc3CBQ','string',''),('cookie.pre','site','tGV','string',''),('security.ban.username','reg','创始人,管理员,版主,斑竹,admin','string',''),('security.password','reg','','string',NULL);
/*!40000 ALTER TABLE `aim_windid_config` ENABLE KEYS */;
UNLOCK TABLES;

--
-- Table structure for table `aim_windid_hook`
--

DROP TABLE IF EXISTS `aim_windid_hook`;
/*!40101 SET @saved_cs_client     = @@character_set_client */;
/*!40101 SET character_set_client = utf8 */;
CREATE TABLE `aim_windid_hook` (
  `name` varchar(50) NOT NULL DEFAULT '',
  `app_id` char(20) NOT NULL DEFAULT '' COMMENT '应用id',
  `app_name` varchar(100) NOT NULL DEFAULT '' COMMENT '应用名称',
  `created_time` int(10) unsigned NOT NULL DEFAULT '0' COMMENT '创建时间',
  `modified_time` int(10) unsigned NOT NULL DEFAULT '0' COMMENT '修改时间',
  `document` text COMMENT '钩子详细信息',
  PRIMARY KEY (`name`)
) ENGINE=MyISAM DEFAULT CHARSET=utf8 COMMENT='钩子基本信息表';
/*!40101 SET character_set_client = @saved_cs_client */;

--
-- Dumping data for table `aim_windid_hook`
--

LOCK TABLES `aim_windid_hook` WRITE;
/*!40000 ALTER TABLE `aim_windid_hook` DISABLE KEYS */;
/*!40000 ALTER TABLE `aim_windid_hook` ENABLE KEYS */;
UNLOCK TABLES;

--
-- Table structure for table `aim_windid_hook_inject`
--

DROP TABLE IF EXISTS `aim_windid_hook_inject`;
/*!40101 SET @saved_cs_client     = @@character_set_client */;
/*!40101 SET character_set_client = utf8 */;
CREATE TABLE `aim_windid_hook_inject` (
  `id` int(10) unsigned NOT NULL AUTO_INCREMENT,
  `app_id` char(20) NOT NULL DEFAULT '',
  `app_name` varchar(100) NOT NULL DEFAULT '',
  `hook_name` varchar(100) NOT NULL DEFAULT '' COMMENT '钩子名',
  `alias` varchar(100) NOT NULL DEFAULT '' COMMENT '挂载别名',
  `class` varchar(100) NOT NULL DEFAULT '' COMMENT '挂载类',
  `method` varchar(100) NOT NULL DEFAULT '' COMMENT '调用方法',
  `loadway` varchar(20) NOT NULL DEFAULT '' COMMENT '导入方式',
  `expression` varchar(100) NOT NULL DEFAULT '' COMMENT '条件表达式',
  `created_time` int(10) unsigned NOT NULL DEFAULT '0' COMMENT '创建时间',
  `modified_time` int(10) unsigned NOT NULL DEFAULT '0' COMMENT '修改时间',
  `description` varchar(255) NOT NULL DEFAULT '' COMMENT '描述',
  PRIMARY KEY (`id`),
  UNIQUE KEY `idx_hook_name` (`hook_name`,`alias`)
) ENGINE=MyISAM DEFAULT CHARSET=utf8 COMMENT='钩子挂载方法表';
/*!40101 SET character_set_client = @saved_cs_client */;

--
-- Dumping data for table `aim_windid_hook_inject`
--

LOCK TABLES `aim_windid_hook_inject` WRITE;
/*!40000 ALTER TABLE `aim_windid_hook_inject` DISABLE KEYS */;
/*!40000 ALTER TABLE `aim_windid_hook_inject` ENABLE KEYS */;
UNLOCK TABLES;

--
-- Table structure for table `aim_windid_message`
--

DROP TABLE IF EXISTS `aim_windid_message`;
/*!40101 SET @saved_cs_client     = @@character_set_client */;
/*!40101 SET character_set_client = utf8 */;
CREATE TABLE `aim_windid_message` (
  `message_id` int(10) unsigned NOT NULL AUTO_INCREMENT COMMENT '消息id',
  `from_uid` int(10) unsigned NOT NULL DEFAULT '0' COMMENT '发信人',
  `to_uid` int(10) unsigned NOT NULL DEFAULT '0',
  `content` text COMMENT '内容',
  `created_time` int(10) unsigned NOT NULL DEFAULT '0' COMMENT '时间',
  PRIMARY KEY (`message_id`),
  KEY `idx_fromuid_touid` (`from_uid`,`to_uid`)
) ENGINE=MyISAM AUTO_INCREMENT=7 DEFAULT CHARSET=utf8 COMMENT='消息内容表';
/*!40101 SET character_set_client = @saved_cs_client */;

--
-- Dumping data for table `aim_windid_message`
--

LOCK TABLES `aim_windid_message` WRITE;
/*!40000 ALTER TABLE `aim_windid_message` DISABLE KEYS */;
INSERT INTO `aim_windid_message` VALUES (1,11,12,'私信',1372316908),(2,1,11,'啊啊啊',1372386407),(3,12,1,'sss',1372396695),(4,12,11,'sss',1372396695),(5,1,12,'该行积极沟通',1372399357),(6,18,1,'test',1377144809);
/*!40000 ALTER TABLE `aim_windid_message` ENABLE KEYS */;
UNLOCK TABLES;

--
-- Table structure for table `aim_windid_message_dialog`
--

DROP TABLE IF EXISTS `aim_windid_message_dialog`;
/*!40101 SET @saved_cs_client     = @@character_set_client */;
/*!40101 SET character_set_client = utf8 */;
CREATE TABLE `aim_windid_message_dialog` (
  `dialog_id` int(10) unsigned NOT NULL AUTO_INCREMENT COMMENT '对话id',
  `to_uid` int(10) unsigned NOT NULL DEFAULT '0' COMMENT '收信人',
  `from_uid` int(10) unsigned NOT NULL DEFAULT '0' COMMENT '发信人',
  `unread_count` smallint(5) unsigned NOT NULL DEFAULT '0' COMMENT '未读数',
  `message_count` mediumint(8) unsigned NOT NULL DEFAULT '0' COMMENT '总对话数量',
  `last_message` text COMMENT '最新对话',
  `modified_time` int(10) unsigned NOT NULL DEFAULT '0' COMMENT '修改时间',
  PRIMARY KEY (`dialog_id`),
  UNIQUE KEY `idx_touid_fromuid` (`to_uid`,`from_uid`),
  KEY `idx_touid_modifiedtime` (`to_uid`,`modified_time`)
) ENGINE=MyISAM AUTO_INCREMENT=10 DEFAULT CHARSET=utf8 COMMENT='消息对话表';
/*!40101 SET character_set_client = @saved_cs_client */;

--
-- Dumping data for table `aim_windid_message_dialog`
--

LOCK TABLES `aim_windid_message_dialog` WRITE;
/*!40000 ALTER TABLE `aim_windid_message_dialog` DISABLE KEYS */;
INSERT INTO `aim_windid_message_dialog` VALUES (1,11,12,0,2,'a:5:{s:8:\"from_uid\";s:2:\"12\";s:13:\"from_username\";s:8:\"xiao1437\";s:6:\"to_uid\";s:2:\"11\";s:11:\"to_username\";s:15:\"筱筱太子妃\";s:7:\"content\";s:3:\"sss\";}',1372396695),(3,1,11,0,1,'a:5:{s:8:\"from_uid\";s:1:\"1\";s:13:\"from_username\";s:5:\"admin\";s:6:\"to_uid\";s:2:\"11\";s:11:\"to_username\";s:15:\"筱筱太子妃\";s:7:\"content\";s:9:\"啊啊啊\";}',1372386407),(4,11,1,0,1,'a:5:{s:8:\"from_uid\";s:1:\"1\";s:13:\"from_username\";s:5:\"admin\";s:6:\"to_uid\";s:2:\"11\";s:11:\"to_username\";s:15:\"筱筱太子妃\";s:7:\"content\";s:9:\"啊啊啊\";}',1372386407),(5,12,1,0,2,'a:5:{s:8:\"from_uid\";s:1:\"1\";s:13:\"from_username\";s:5:\"admin\";s:6:\"to_uid\";s:2:\"12\";s:11:\"to_username\";s:8:\"xiao1437\";s:7:\"content\";s:18:\"该行积极沟通\";}',1372399357),(6,1,12,0,2,'a:5:{s:8:\"from_uid\";s:1:\"1\";s:13:\"from_username\";s:5:\"admin\";s:6:\"to_uid\";s:2:\"12\";s:11:\"to_username\";s:8:\"xiao1437\";s:7:\"content\";s:18:\"该行积极沟通\";}',1372399357),(7,12,11,0,1,'a:5:{s:8:\"from_uid\";s:2:\"12\";s:13:\"from_username\";s:8:\"xiao1437\";s:6:\"to_uid\";s:2:\"11\";s:11:\"to_username\";s:15:\"筱筱太子妃\";s:7:\"content\";s:3:\"sss\";}',1372396695),(8,18,1,0,1,'a:5:{s:8:\"from_uid\";s:2:\"18\";s:13:\"from_username\";s:15:\"天意旋风腿\";s:6:\"to_uid\";s:1:\"1\";s:11:\"to_username\";s:5:\"admin\";s:7:\"content\";s:4:\"test\";}',1377144809),(9,1,18,1,1,'a:5:{s:8:\"from_uid\";s:2:\"18\";s:13:\"from_username\";s:15:\"天意旋风腿\";s:6:\"to_uid\";s:1:\"1\";s:11:\"to_username\";s:5:\"admin\";s:7:\"content\";s:4:\"test\";}',1377144809);
/*!40000 ALTER TABLE `aim_windid_message_dialog` ENABLE KEYS */;
UNLOCK TABLES;

--
-- Table structure for table `aim_windid_message_relation`
--

DROP TABLE IF EXISTS `aim_windid_message_relation`;
/*!40101 SET @saved_cs_client     = @@character_set_client */;
/*!40101 SET character_set_client = utf8 */;
CREATE TABLE `aim_windid_message_relation` (
  `id` int(10) unsigned NOT NULL AUTO_INCREMENT COMMENT '关系id',
  `dialog_id` int(10) unsigned NOT NULL DEFAULT '0' COMMENT '对话id',
  `message_id` int(10) unsigned NOT NULL DEFAULT '0' COMMENT '私信id',
  `is_read` tinyint(3) unsigned NOT NULL DEFAULT '0' COMMENT '是否已读',
  `is_send` tinyint(3) unsigned NOT NULL DEFAULT '0' COMMENT '是否为发送者私信',
  PRIMARY KEY (`id`),
  KEY `idx_dialogid` (`dialog_id`),
  KEY `idx_messageid` (`message_id`),
  KEY `idx_isread` (`is_read`),
  KEY `idx_issend` (`is_send`)
) ENGINE=MyISAM AUTO_INCREMENT=13 DEFAULT CHARSET=utf8 COMMENT='消息关系表';
/*!40101 SET character_set_client = @saved_cs_client */;

--
-- Dumping data for table `aim_windid_message_relation`
--

LOCK TABLES `aim_windid_message_relation` WRITE;
/*!40000 ALTER TABLE `aim_windid_message_relation` DISABLE KEYS */;
INSERT INTO `aim_windid_message_relation` VALUES (1,1,1,1,1),(3,3,2,1,1),(4,4,2,1,0),(5,5,3,1,1),(6,6,3,1,0),(7,7,4,1,1),(8,1,4,1,0),(9,6,5,1,1),(10,5,5,1,0),(11,8,6,1,1),(12,9,6,0,0);
/*!40000 ALTER TABLE `aim_windid_message_relation` ENABLE KEYS */;
UNLOCK TABLES;

--
-- Table structure for table `aim_windid_notify`
--

DROP TABLE IF EXISTS `aim_windid_notify`;
/*!40101 SET @saved_cs_client     = @@character_set_client */;
/*!40101 SET character_set_client = utf8 */;
CREATE TABLE `aim_windid_notify` (
  `nid` int(10) unsigned NOT NULL AUTO_INCREMENT,
  `appid` smallint(5) unsigned NOT NULL DEFAULT '0',
  `operation` varchar(50) NOT NULL DEFAULT '',
  `param` text COMMENT '消息参数',
  `timestamp` int(10) NOT NULL DEFAULT '0',
  PRIMARY KEY (`nid`)
) ENGINE=MyISAM AUTO_INCREMENT=310 DEFAULT CHARSET=utf8 COMMENT='通知队列表';
/*!40101 SET character_set_client = @saved_cs_client */;

--
-- Dumping data for table `aim_windid_notify`
--

LOCK TABLES `aim_windid_notify` WRITE;
/*!40000 ALTER TABLE `aim_windid_notify` DISABLE KEYS */;
INSERT INTO `aim_windid_notify` VALUES (1,1,'403','a:0:{}',1368070337),(2,1,'211','a:1:{s:3:\"uid\";i:1;}',1369362328),(3,1,'211','a:1:{s:3:\"uid\";i:1;}',1369363148),(4,1,'211','a:1:{s:3:\"uid\";i:1;}',1369363227),(5,1,'211','a:1:{s:3:\"uid\";i:1;}',1369363319),(6,1,'211','a:1:{s:3:\"uid\";i:1;}',1369366549),(7,1,'211','a:1:{s:3:\"uid\";i:1;}',1369384148),(8,1,'211','a:1:{s:3:\"uid\";i:1;}',1369384259),(9,1,'101','a:1:{s:3:\"uid\";i:2;}',1369388162),(10,1,'211','a:1:{s:3:\"uid\";i:2;}',1369388172),(11,1,'211','a:1:{s:3:\"uid\";i:1;}',1369621405),(12,1,'211','a:1:{s:3:\"uid\";i:1;}',1369641189),(13,1,'211','a:1:{s:3:\"uid\";i:1;}',1369641221),(14,1,'211','a:1:{s:3:\"uid\";i:1;}',1369642737),(15,1,'211','a:1:{s:3:\"uid\";i:1;}',1369711645),(16,1,'211','a:1:{s:3:\"uid\";i:1;}',1369724162),(17,1,'211','a:1:{s:3:\"uid\";i:1;}',1369724255),(18,1,'211','a:1:{s:3:\"uid\";i:1;}',1369724318),(19,1,'101','a:1:{s:3:\"uid\";i:3;}',1369724373),(20,1,'211','a:1:{s:3:\"uid\";i:2;}',1369724523),(21,1,'211','a:1:{s:3:\"uid\";i:2;}',1369724548),(22,1,'211','a:1:{s:3:\"uid\";i:2;}',1369724601),(23,1,'211','a:1:{s:3:\"uid\";i:1;}',1369724601),(24,1,'211','a:1:{s:3:\"uid\";i:1;}',1369724640),(25,1,'211','a:1:{s:3:\"uid\";i:2;}',1369724644),(26,1,'211','a:1:{s:3:\"uid\";i:2;}',1369725287),(27,1,'402','a:0:{}',1369725311),(28,1,'211','a:1:{s:3:\"uid\";i:2;}',1369725322),(29,1,'402','a:0:{}',1369725345),(30,1,'402','a:0:{}',1369725347),(31,1,'402','a:0:{}',1369725390),(32,1,'402','a:0:{}',1369725645),(33,1,'402','a:0:{}',1369725718),(34,1,'211','a:1:{s:3:\"uid\";i:2;}',1369736268),(35,1,'211','a:1:{s:3:\"uid\";i:1;}',1369738830),(36,1,'211','a:1:{s:3:\"uid\";i:1;}',1369738899),(37,1,'211','a:1:{s:3:\"uid\";i:1;}',1369739521),(38,1,'211','a:1:{s:3:\"uid\";i:1;}',1369739570),(39,1,'211','a:1:{s:3:\"uid\";i:1;}',1369739803),(40,1,'211','a:1:{s:3:\"uid\";i:1;}',1369740048),(41,1,'211','a:1:{s:3:\"uid\";i:1;}',1369740130),(42,1,'211','a:1:{s:3:\"uid\";i:1;}',1369740185),(43,1,'211','a:1:{s:3:\"uid\";i:1;}',1369740224),(44,1,'211','a:1:{s:3:\"uid\";i:1;}',1369740323),(45,1,'211','a:1:{s:3:\"uid\";i:1;}',1369740439),(46,1,'211','a:1:{s:3:\"uid\";i:1;}',1369740466),(47,1,'211','a:1:{s:3:\"uid\";i:1;}',1369740478),(48,1,'211','a:1:{s:3:\"uid\";i:1;}',1369740509),(49,1,'211','a:1:{s:3:\"uid\";i:1;}',1369741315),(50,1,'211','a:1:{s:3:\"uid\";i:1;}',1369741415),(51,1,'211','a:1:{s:3:\"uid\";i:1;}',1369742000),(52,1,'211','a:1:{s:3:\"uid\";i:1;}',1369742099),(53,1,'211','a:1:{s:3:\"uid\";i:1;}',1369742154),(54,1,'211','a:1:{s:3:\"uid\";i:1;}',1369742324),(55,1,'211','a:1:{s:3:\"uid\";i:1;}',1369794209),(56,1,'211','a:1:{s:3:\"uid\";i:1;}',1369798448),(57,1,'211','a:1:{s:3:\"uid\";i:1;}',1369798458),(58,1,'211','a:1:{s:3:\"uid\";i:1;}',1369799562),(59,1,'222','a:1:{s:3:\"uid\";i:3;}',1369799607),(60,1,'301','a:1:{s:3:\"uid\";i:3;}',1369799607),(61,1,'211','a:1:{s:3:\"uid\";i:2;}',1369799616),(62,1,'211','a:1:{s:3:\"uid\";i:2;}',1369799628),(63,1,'211','a:1:{s:3:\"uid\";i:2;}',1369799647),(64,1,'211','a:1:{s:3:\"uid\";i:1;}',1369806064),(65,1,'211','a:1:{s:3:\"uid\";i:1;}',1369807955),(66,1,'211','a:1:{s:3:\"uid\";i:1;}',1369808481),(67,1,'211','a:1:{s:3:\"uid\";i:1;}',1369879456),(68,1,'211','a:1:{s:3:\"uid\";i:1;}',1369897315),(69,1,'211','a:1:{s:3:\"uid\";i:1;}',1369898440),(70,1,'211','a:1:{s:3:\"uid\";i:1;}',1369898594),(71,1,'211','a:1:{s:3:\"uid\";i:1;}',1369900955),(72,1,'211','a:1:{s:3:\"uid\";i:1;}',1369900984),(73,1,'211','a:1:{s:3:\"uid\";i:1;}',1369907885),(74,1,'211','a:1:{s:3:\"uid\";i:1;}',1369966214),(75,1,'211','a:1:{s:3:\"uid\";i:1;}',1369967152),(76,1,'211','a:1:{s:3:\"uid\";i:1;}',1369967171),(77,1,'211','a:1:{s:3:\"uid\";i:1;}',1369967192),(78,1,'211','a:1:{s:3:\"uid\";i:1;}',1369967223),(79,1,'211','a:1:{s:3:\"uid\";i:1;}',1369971953),(80,1,'211','a:1:{s:3:\"uid\";i:1;}',1369972163),(81,1,'211','a:1:{s:3:\"uid\";i:1;}',1369978075),(82,1,'211','a:1:{s:3:\"uid\";i:1;}',1369992595),(83,1,'211','a:1:{s:3:\"uid\";i:1;}',1370225170),(84,1,'211','a:1:{s:3:\"uid\";i:1;}',1370227794),(85,1,'211','a:1:{s:3:\"uid\";i:1;}',1370311467),(86,1,'101','a:1:{s:3:\"uid\";i:4;}',1370335346),(87,1,'101','a:1:{s:3:\"uid\";i:5;}',1370335358),(88,1,'211','a:1:{s:3:\"uid\";i:4;}',1370335393),(89,1,'211','a:1:{s:3:\"uid\";i:4;}',1370335433),(90,1,'211','a:1:{s:3:\"uid\";i:4;}',1370335449),(91,1,'211','a:1:{s:3:\"uid\";i:2;}',1370335582),(92,1,'211','a:1:{s:3:\"uid\";i:5;}',1370335608),(93,1,'211','a:1:{s:3:\"uid\";i:5;}',1370335617),(94,1,'211','a:1:{s:3:\"uid\";i:1;}',1370397850),(95,1,'211','a:1:{s:3:\"uid\";i:1;}',1370483714),(96,1,'211','a:1:{s:3:\"uid\";i:2;}',1370499405),(97,1,'211','a:1:{s:3:\"uid\";i:4;}',1370499442),(98,1,'222','a:1:{s:3:\"uid\";i:2;}',1370499623),(99,1,'301','a:1:{s:3:\"uid\";i:2;}',1370499623),(100,1,'222','a:1:{s:3:\"uid\";i:4;}',1370499630),(101,1,'301','a:1:{s:3:\"uid\";i:4;}',1370499630),(102,1,'222','a:1:{s:3:\"uid\";i:5;}',1370499636),(103,1,'301','a:1:{s:3:\"uid\";i:5;}',1370499636),(104,1,'101','a:1:{s:3:\"uid\";i:6;}',1370499646),(105,1,'211','a:1:{s:3:\"uid\";i:6;}',1370499676),(106,1,'211','a:1:{s:3:\"uid\";i:6;}',1370501622),(107,1,'211','a:1:{s:3:\"uid\";i:1;}',1370570512),(108,1,'211','a:1:{s:3:\"uid\";i:6;}',1370573292),(109,1,'211','a:1:{s:3:\"uid\";i:6;}',1370573308),(110,1,'211','a:1:{s:3:\"uid\";i:1;}',1370589409),(111,1,'211','a:1:{s:3:\"uid\";i:1;}',1370589409),(112,1,'211','a:1:{s:3:\"uid\";i:1;}',1370598890),(113,1,'211','a:1:{s:3:\"uid\";i:1;}',1370656686),(114,1,'211','a:1:{s:3:\"uid\";i:1;}',1370672931),(115,1,'211','a:1:{s:3:\"uid\";i:6;}',1370673639),(116,1,'211','a:1:{s:3:\"uid\";i:1;}',1370674580),(117,1,'211','a:1:{s:3:\"uid\";i:1;}',1370674582),(118,1,'211','a:1:{s:3:\"uid\";i:1;}',1370674584),(119,1,'211','a:1:{s:3:\"uid\";i:1;}',1370674586),(120,1,'211','a:1:{s:3:\"uid\";i:1;}',1370674588),(121,1,'211','a:1:{s:3:\"uid\";i:1;}',1370676313),(122,1,'211','a:1:{s:3:\"uid\";i:6;}',1370676346),(123,1,'211','a:1:{s:3:\"uid\";i:6;}',1370676497),(124,1,'211','a:1:{s:3:\"uid\";i:6;}',1370676869),(125,1,'211','a:1:{s:3:\"uid\";i:6;}',1370677389),(126,1,'211','a:1:{s:3:\"uid\";i:1;}',1370677868),(127,1,'211','a:1:{s:3:\"uid\";i:1;}',1370678486),(128,1,'211','a:1:{s:3:\"uid\";i:1;}',1370679408),(129,1,'211','a:1:{s:3:\"uid\";i:1;}',1370679408),(130,1,'211','a:1:{s:3:\"uid\";i:1;}',1370680637),(131,1,'211','a:1:{s:3:\"uid\";i:1;}',1370682670),(132,1,'211','a:1:{s:3:\"uid\";i:1;}',1370682673),(133,1,'211','a:1:{s:3:\"uid\";i:1;}',1370682674),(134,1,'211','a:1:{s:3:\"uid\";i:1;}',1370741881),(135,1,'211','a:1:{s:3:\"uid\";i:6;}',1370746030),(136,1,'211','a:1:{s:3:\"uid\";i:1;}',1370746086),(137,1,'211','a:1:{s:3:\"uid\";i:1;}',1370747067),(138,1,'211','a:1:{s:3:\"uid\";i:1;}',1370747116),(139,1,'211','a:1:{s:3:\"uid\";i:1;}',1370747144),(140,1,'211','a:1:{s:3:\"uid\";i:1;}',1370747161),(141,1,'211','a:1:{s:3:\"uid\";i:1;}',1370747487),(142,1,'211','a:1:{s:3:\"uid\";i:1;}',1370748080),(143,1,'211','a:1:{s:3:\"uid\";i:1;}',1370748131),(144,1,'211','a:1:{s:3:\"uid\";i:1;}',1370748229),(145,1,'211','a:1:{s:3:\"uid\";i:1;}',1370748323),(146,1,'211','a:1:{s:3:\"uid\";i:1;}',1370748367),(147,1,'211','a:1:{s:3:\"uid\";i:1;}',1370756065),(148,1,'211','a:1:{s:3:\"uid\";i:1;}',1370756094),(149,1,'211','a:1:{s:3:\"uid\";i:1;}',1370756201),(150,1,'211','a:1:{s:3:\"uid\";i:1;}',1370756297),(151,1,'211','a:1:{s:3:\"uid\";i:1;}',1370756356),(152,1,'211','a:1:{s:3:\"uid\";i:1;}',1370756421),(153,1,'211','a:1:{s:3:\"uid\";i:1;}',1370756528),(154,1,'211','a:1:{s:3:\"uid\";i:1;}',1370756539),(155,1,'211','a:1:{s:3:\"uid\";i:6;}',1370764208),(156,1,'211','a:1:{s:3:\"uid\";i:6;}',1370764219),(157,1,'211','a:1:{s:3:\"uid\";i:1;}',1370769479),(158,1,'211','a:1:{s:3:\"uid\";i:1;}',1370770280),(159,1,'211','a:1:{s:3:\"uid\";i:1;}',1370770459),(160,1,'211','a:1:{s:3:\"uid\";i:1;}',1371089390),(161,1,'211','a:1:{s:3:\"uid\";i:1;}',1371174817),(162,1,'211','a:1:{s:3:\"uid\";i:1;}',1371434217),(163,1,'211','a:1:{s:3:\"uid\";i:1;}',1371979449),(164,1,'211','a:1:{s:3:\"uid\";i:1;}',1371979766),(165,1,'211','a:1:{s:3:\"uid\";i:1;}',1371979979),(166,1,'211','a:1:{s:3:\"uid\";i:1;}',1371980058),(167,1,'211','a:1:{s:3:\"uid\";i:6;}',1371988907),(168,1,'101','a:1:{s:3:\"uid\";i:7;}',1371998300),(169,1,'211','a:1:{s:3:\"uid\";i:7;}',1371998300),(170,1,'222','a:1:{s:3:\"uid\";i:7;}',1371998419),(171,1,'301','a:1:{s:3:\"uid\";i:7;}',1371998419),(172,1,'101','a:1:{s:3:\"uid\";i:8;}',1371998449),(173,1,'211','a:1:{s:3:\"uid\";i:8;}',1371998449),(174,1,'211','a:1:{s:3:\"uid\";i:8;}',1371998450),(175,1,'211','a:1:{s:3:\"uid\";i:1;}',1372004151),(176,1,'211','a:1:{s:3:\"uid\";i:8;}',1372005067),(177,1,'222','a:1:{s:3:\"uid\";i:6;}',1372064441),(178,1,'301','a:1:{s:3:\"uid\";i:6;}',1372064441),(179,1,'222','a:1:{s:3:\"uid\";i:8;}',1372064446),(180,1,'301','a:1:{s:3:\"uid\";i:8;}',1372064446),(181,1,'222','a:1:{s:3:\"uid\";i:1;}',1372064509),(182,1,'402','a:0:{}',1372064574),(183,1,'101','a:1:{s:3:\"uid\";i:9;}',1372066687),(184,1,'211','a:1:{s:3:\"uid\";i:9;}',1372066687),(185,1,'211','a:1:{s:3:\"uid\";i:9;}',1372066688),(186,1,'211','a:1:{s:3:\"uid\";i:1;}',1372125599),(187,1,'101','a:1:{s:3:\"uid\";i:10;}',1372128750),(188,1,'211','a:1:{s:3:\"uid\";i:10;}',1372128750),(189,1,'211','a:1:{s:3:\"uid\";i:10;}',1372128751),(190,1,'211','a:1:{s:3:\"uid\";i:1;}',1372211928),(191,1,'222','a:1:{s:3:\"uid\";i:10;}',1372217675),(192,1,'301','a:1:{s:3:\"uid\";i:10;}',1372217675),(193,1,'222','a:1:{s:3:\"uid\";i:9;}',1372217680),(194,1,'301','a:1:{s:3:\"uid\";i:9;}',1372217680),(195,0,'203','a:1:{s:3:\"uid\";i:1;}',1372242311),(196,0,'203','a:1:{s:3:\"uid\";i:1;}',1372242569),(197,0,'203','a:1:{s:3:\"uid\";i:1;}',1372242570),(198,0,'203','a:1:{s:3:\"uid\";i:1;}',1372242691),(199,0,'203','a:1:{s:3:\"uid\";i:1;}',1372242794),(200,1,'101','a:1:{s:3:\"uid\";i:11;}',1372242928),(201,1,'211','a:1:{s:3:\"uid\";i:11;}',1372242928),(202,1,'211','a:1:{s:3:\"uid\";i:11;}',1372242929),(203,0,'203','a:1:{s:3:\"uid\";i:11;}',1372242972),(204,0,'203','a:1:{s:3:\"uid\";i:11;}',1372242975),(205,1,'211','a:1:{s:3:\"uid\";i:1;}',1372300348),(206,1,'211','a:1:{s:3:\"uid\";i:11;}',1372300379),(207,0,'203','a:1:{s:3:\"uid\";i:11;}',1372309852),(208,0,'203','a:1:{s:3:\"uid\";i:1;}',1372309875),(209,1,'201','a:2:{s:3:\"uid\";s:2:\"11\";s:9:\"changepwd\";i:0;}',1372310163),(210,1,'101','a:1:{s:3:\"uid\";i:12;}',1372310582),(211,1,'211','a:1:{s:3:\"uid\";i:12;}',1372310582),(212,1,'211','a:1:{s:3:\"uid\";i:12;}',1372310582),(213,0,'203','a:1:{s:3:\"uid\";i:12;}',1372310615),(214,1,'222','a:1:{s:3:\"uid\";i:12;}',1372316908),(215,1,'222','a:1:{s:3:\"uid\";s:2:\"12\";}',1372316915),(216,1,'222','a:1:{s:3:\"uid\";s:2:\"12\";}',1372316936),(217,1,'201','a:2:{s:3:\"uid\";s:2:\"11\";s:9:\"changepwd\";i:1;}',1372322271),(218,1,'211','a:1:{s:3:\"uid\";i:1;}',1372385121),(219,1,'211','a:1:{s:3:\"uid\";i:12;}',1372386363),(220,1,'222','a:1:{s:3:\"uid\";i:11;}',1372386407),(221,1,'211','a:1:{s:3:\"uid\";i:11;}',1372386662),(222,1,'222','a:1:{s:3:\"uid\";s:2:\"11\";}',1372386712),(223,1,'222','a:1:{s:3:\"uid\";i:1;}',1372396695),(224,1,'222','a:1:{s:3:\"uid\";i:11;}',1372396695),(225,1,'222','a:1:{s:3:\"uid\";s:1:\"1\";}',1372396872),(226,1,'201','a:2:{s:3:\"uid\";s:1:\"1\";s:9:\"changepwd\";i:0;}',1372396872),(227,1,'222','a:1:{s:3:\"uid\";s:2:\"11\";}',1372398014),(228,1,'222','a:1:{s:3:\"uid\";i:12;}',1372399357),(229,1,'222','a:1:{s:3:\"uid\";s:2:\"12\";}',1372399956),(230,1,'101','a:1:{s:3:\"uid\";i:13;}',1372413346),(231,1,'211','a:1:{s:3:\"uid\";i:13;}',1372413346),(232,1,'211','a:1:{s:3:\"uid\";i:13;}',1372413346),(233,1,'211','a:1:{s:3:\"uid\";i:12;}',1372664580),(234,1,'211','a:1:{s:3:\"uid\";i:1;}',1372743892),(235,1,'201','a:2:{s:3:\"uid\";s:2:\"11\";s:9:\"changepwd\";i:1;}',1372746332),(236,1,'201','a:2:{s:3:\"uid\";s:2:\"11\";s:9:\"changepwd\";i:1;}',1372746333),(237,1,'211','a:1:{s:3:\"uid\";i:11;}',1372746350),(238,1,'211','a:1:{s:3:\"uid\";i:12;}',1372750767),(239,1,'101','a:1:{s:3:\"uid\";i:14;}',1373240384),(240,1,'211','a:1:{s:3:\"uid\";i:14;}',1373240384),(241,1,'211','a:1:{s:3:\"uid\";i:14;}',1373240385),(242,1,'101','a:1:{s:3:\"uid\";i:15;}',1373261761),(243,1,'211','a:1:{s:3:\"uid\";i:15;}',1373261761),(244,1,'211','a:1:{s:3:\"uid\";i:15;}',1373261761),(245,1,'211','a:1:{s:3:\"uid\";i:14;}',1373328133),(246,1,'211','a:1:{s:3:\"uid\";i:15;}',1373328439),(247,1,'211','a:1:{s:3:\"uid\";i:15;}',1373417394),(248,1,'211','a:1:{s:3:\"uid\";i:12;}',1373444074),(249,1,'211','a:1:{s:3:\"uid\";i:14;}',1373448932),(250,1,'211','a:1:{s:3:\"uid\";i:14;}',1373607562),(251,1,'211','a:1:{s:3:\"uid\";i:14;}',1373867943),(252,1,'211','a:1:{s:3:\"uid\";i:1;}',1373873228),(253,1,'211','a:1:{s:3:\"uid\";i:1;}',1373969071),(254,1,'201','a:2:{s:3:\"uid\";s:1:\"1\";s:9:\"changepwd\";i:0;}',1373969121),(255,1,'201','a:2:{s:3:\"uid\";s:1:\"1\";s:9:\"changepwd\";i:0;}',1373969140),(256,1,'211','a:1:{s:3:\"uid\";i:14;}',1374036998),(257,1,'211','a:1:{s:3:\"uid\";i:1;}',1374464128),(258,1,'211','a:1:{s:3:\"uid\";i:14;}',1374544231),(259,1,'101','a:1:{s:3:\"uid\";i:16;}',1374550047),(260,1,'211','a:1:{s:3:\"uid\";i:16;}',1374550047),(261,1,'211','a:1:{s:3:\"uid\";i:16;}',1374550197),(262,1,'201','a:2:{s:3:\"uid\";s:2:\"12\";s:9:\"changepwd\";i:1;}',1374555882),(263,1,'211','a:1:{s:3:\"uid\";i:12;}',1374555895),(264,1,'211','a:1:{s:3:\"uid\";i:14;}',1374755306),(265,1,'211','a:1:{s:3:\"uid\";i:1;}',1375350138),(266,1,'211','a:1:{s:3:\"uid\";i:1;}',1375435663),(267,1,'201','a:2:{s:3:\"uid\";s:2:\"12\";s:9:\"changepwd\";i:1;}',1375436475),(268,1,'211','a:1:{s:3:\"uid\";i:12;}',1375436486),(269,1,'211','a:1:{s:3:\"uid\";i:14;}',1375667335),(270,1,'211','a:1:{s:3:\"uid\";i:1;}',1376386927),(271,1,'211','a:1:{s:3:\"uid\";i:1;}',1376572463),(272,1,'211','a:1:{s:3:\"uid\";i:1;}',1376621538),(273,1,'211','a:1:{s:3:\"uid\";i:12;}',1376621798),(274,1,'211','a:1:{s:3:\"uid\";i:14;}',1376644919),(275,1,'211','a:1:{s:3:\"uid\";i:14;}',1376886610),(276,1,'101','a:1:{s:3:\"uid\";i:17;}',1376981184),(277,1,'211','a:1:{s:3:\"uid\";i:17;}',1376981184),(278,1,'211','a:1:{s:3:\"uid\";i:17;}',1376981203),(279,1,'101','a:1:{s:3:\"uid\";i:18;}',1376981353),(280,1,'211','a:1:{s:3:\"uid\";i:18;}',1376981353),(281,1,'211','a:1:{s:3:\"uid\";i:18;}',1376981361),(282,0,'203','a:1:{s:3:\"uid\";i:18;}',1376981443),(283,0,'203','a:1:{s:3:\"uid\";i:18;}',1376991060),(284,1,'211','a:1:{s:3:\"uid\";i:18;}',1377144678),(285,1,'222','a:1:{s:3:\"uid\";i:1;}',1377144809),(286,1,'211','a:1:{s:3:\"uid\";i:18;}',1377226120),(287,1,'211','a:1:{s:3:\"uid\";i:18;}',1377503828),(288,1,'211','a:1:{s:3:\"uid\";i:18;}',1377928226),(289,1,'211','a:1:{s:3:\"uid\";i:18;}',1378279264),(290,1,'211','a:1:{s:3:\"uid\";i:18;}',1378311262),(291,1,'211','a:1:{s:3:\"uid\";i:18;}',1378457058),(292,1,'211','a:1:{s:3:\"uid\";i:17;}',1378717542),(293,1,'211','a:1:{s:3:\"uid\";i:18;}',1378903460),(294,1,'211','a:1:{s:3:\"uid\";i:14;}',1379057615),(295,1,'211','a:1:{s:3:\"uid\";i:14;}',1379125629),(296,1,'211','a:1:{s:3:\"uid\";i:18;}',1379314203),(297,1,'211','a:1:{s:3:\"uid\";i:18;}',1380014452),(298,1,'211','a:1:{s:3:\"uid\";i:18;}',1380102808),(299,1,'211','a:1:{s:3:\"uid\";i:18;}',1380163816),(300,1,'211','a:1:{s:3:\"uid\";i:18;}',1380294445),(301,1,'101','a:1:{s:3:\"uid\";i:19;}',1380345263),(302,1,'211','a:1:{s:3:\"uid\";i:19;}',1380345263),(303,1,'101','a:1:{s:3:\"uid\";i:20;}',1380345748),(304,1,'211','a:1:{s:3:\"uid\";i:20;}',1380345748),(305,1,'211','a:1:{s:3:\"uid\";i:20;}',1380345772),(306,1,'101','a:1:{s:3:\"uid\";i:21;}',1381059202),(307,1,'211','a:1:{s:3:\"uid\";i:21;}',1381059202),(308,1,'211','a:1:{s:3:\"uid\";i:21;}',1381059220),(309,1,'211','a:1:{s:3:\"uid\";i:18;}',1381237331);
/*!40000 ALTER TABLE `aim_windid_notify` ENABLE KEYS */;
UNLOCK TABLES;

--
-- Table structure for table `aim_windid_notify_log`
--

DROP TABLE IF EXISTS `aim_windid_notify_log`;
/*!40101 SET @saved_cs_client     = @@character_set_client */;
/*!40101 SET character_set_client = utf8 */;
CREATE TABLE `aim_windid_notify_log` (
  `logid` int(10) unsigned NOT NULL AUTO_INCREMENT,
  `nid` int(10) unsigned NOT NULL DEFAULT '0',
  `appid` smallint(5) unsigned NOT NULL DEFAULT '0',
  `complete` tinyint(3) unsigned NOT NULL DEFAULT '0',
  `send_num` int(10) unsigned NOT NULL DEFAULT '0',
  `reason` varchar(16) NOT NULL DEFAULT '',
  PRIMARY KEY (`logid`),
  KEY `idx_complete` (`complete`),
  KEY `idx_appid` (`appid`),
  KEY `idx_nid` (`nid`)
) ENGINE=MyISAM AUTO_INCREMENT=13 DEFAULT CHARSET=utf8 COMMENT='通知发送记录表';
/*!40101 SET character_set_client = @saved_cs_client */;

--
-- Dumping data for table `aim_windid_notify_log`
--

LOCK TABLES `aim_windid_notify_log` WRITE;
/*!40000 ALTER TABLE `aim_windid_notify_log` DISABLE KEYS */;
INSERT INTO `aim_windid_notify_log` VALUES (1,195,1,1,1,''),(2,196,1,1,1,''),(3,197,1,1,1,''),(4,198,1,1,1,''),(5,199,1,1,1,''),(6,203,1,1,1,''),(7,204,1,1,1,''),(8,207,1,1,1,''),(9,208,1,1,1,''),(10,213,1,1,1,''),(11,282,1,1,1,''),(12,283,1,1,1,'');
/*!40000 ALTER TABLE `aim_windid_notify_log` ENABLE KEYS */;
UNLOCK TABLES;

--
-- Table structure for table `aim_windid_school`
--

DROP TABLE IF EXISTS `aim_windid_school`;
/*!40101 SET @saved_cs_client     = @@character_set_client */;
/*!40101 SET character_set_client = utf8 */;
CREATE TABLE `aim_windid_school` (
  `schoolid` int(10) unsigned NOT NULL AUTO_INCREMENT COMMENT '学校ID',
  `name` varchar(32) NOT NULL DEFAULT '' COMMENT '学校名字',
  `areaid` int(10) NOT NULL DEFAULT '0' COMMENT '地区ID',
  `typeid` tinyint(3) NOT NULL DEFAULT '0' COMMENT '类型：大学/高中/初中',
  `first_char` char(1) NOT NULL DEFAULT '' COMMENT '学校名字的首字母',
  PRIMARY KEY (`schoolid`),
  KEY `idx_areaid_firstchar` (`areaid`,`first_char`),
  KEY `idx_name_firstchar` (`name`,`first_char`)
) ENGINE=MyISAM AUTO_INCREMENT=1001292 DEFAULT CHARSET=utf8 COMMENT='统一的windid学校库';
/*!40101 SET character_set_client = @saved_cs_client */;

--
-- Dumping data for table `aim_windid_school`
--

LOCK TABLES `aim_windid_school` WRITE;
/*!40000 ALTER TABLE `aim_windid_school` DISABLE KEYS */;
INSERT INTO `aim_windid_school` VALUES (975673,'湖南省郴州市广播电视大学',43,3,'H'),(989889,'湖南省郴州市农业学校',43,3,'H'),(972525,'湖南省党校',43,3,'H'),(976117,'湖南省道县师范学校',43,3,'H'),(982327,'湖南省道州师范学院',43,3,'H'),(980231,'湖南省第一师范',43,3,'H'),(991861,'湖南省电大邵阳分校',43,3,'H'),(990479,'湖南省电子信息学校',43,3,'H'),(976981,'湖南省东江师范',43,3,'H'),(984192,'湖南省富岳外国语专修学院',43,3,'H'),(95369,'湖南省工业贸易学院',43,3,'H'),(95370,'湖南省工业职业技术学校',43,3,'H'),(977394,'湖南省公安高等专科学校',43,3,'H'),(985724,'湖南省公安学院',43,3,'H'),(983001,'湖南省广播电视大学郴州分校',43,3,'H'),(978020,'湖南省广播电视大学直属部',43,3,'H'),(977061,'湖南省衡阳供销学校',43,3,'H'),(970283,'湖南省衡阳经济贸易学校',43,3,'H'),(990799,'湖南省衡阳市第三师范学校',43,3,'H'),(979017,'湖南省衡阳市卫校',43,3,'H'),(990849,'湖南省怀化技工学校',43,3,'H'),(975611,'湖南省怀化市商贸管理学校',43,3,'H'),(971799,'湖南省机械工业技术学院',43,3,'H'),(985972,'湖南省机械工业厅职工大学',43,3,'H'),(980043,'湖南省建材工业学校',43,3,'H'),(976383,'湖南省交通技工学校',43,3,'H'),(867517,'湖南省交通职业技术学院',43,3,'H'),(982468,'湖南省教育学院',43,3,'H'),(976011,'湖南省经济管理干部学院',43,3,'H'),(969957,'湖南省警官学院',43,3,'H'),(979618,'湖南省刊授大学',43,3,'H'),(978918,'湖南省立第四师范学校',43,3,'H'),(973907,'湖南省粮食第二技工学校',43,3,'H'),(972213,'湖南省粮食第二技工学校',43,3,'H'),(977849,'湖南省粮食专科学校',43,3,'H'),(977850,'湖南省粮食专科学校',43,3,'H'),(984763,'湖南省农机校',43,3,'H'),(977543,'湖南省农业广播电视大学',43,3,'H'),(978034,'湖南省轻工技工学校',43,3,'H'),(980446,'湖南省轻工业高等专科学校',43,3,'H'),(993641,'湖南省轻工业职工大学',43,3,'H'),(979046,'湖南省轻工业专科学校',43,3,'H'),(975574,'湖南省三一工业职业技术学院',43,3,'H'),(991919,'湖南省商业干部管理学院',43,3,'H'),(94479,'湖南省商业技术学院',43,3,'H'),(980574,'湖南省邵阳高等工业专科学校',43,3,'H'),(977361,'湖南省邵阳高等专科学校',43,3,'H'),(976497,'湖南省邵阳经济贸易学校',43,3,'H'),(970181,'湖南省邵阳体育专修学院',43,3,'H'),(990909,'湖南省涉外经济管理学院',43,3,'H'),(970270,'湖南省石门县湘北职专',43,3,'H'),(992036,'湖南省石门县职业大学',43,3,'H'),(996763,'湖南省食品药品职业学院',43,3,'H'),(12005,'湖南省水利水电职业技术学院',43,3,'H'),(977208,'湖南省税务学校',43,3,'H'),(989349,'湖南省外贸职业学院',43,3,'H'),(995882,'湖南省委党校',43,3,'H'),(975781,'湖南省委党校',43,3,'H'),(971243,'湖南省委机关党校',43,3,'H'),(993519,'湖南省湘潭市粮食技工学校',43,3,'H'),(971305,'湖南省湘西州技工学院',43,3,'H'),(995888,'湖南省湘乡市湘南卫校',43,3,'H'),(984668,'湖南省新化广播电视大学',43,3,'H'),(992351,'湖南省行政学院',43,3,'H'),(995404,'湖南省医药技工学校',43,3,'H'),(971069,'湖南省医药职业学院',43,3,'H'),(992307,'湖南省永州市零陵公安干校',43,3,'H'),(993369,'湖南省永州市人民警察学校',43,3,'H'),(979057,'湖南省永州市政法干校',43,3,'H'),(992417,'湖南省政法管理干部学院',43,3,'H'),(996635,'湖南省中央党校',43,3,'H'),(992453,'湖南省资江化学工业学校',43,3,'H'),(867487,'湖南师大',43,3,'H'),(979532,'湖南师大人武学院',43,3,'H'),(976433,'湖南师大医学院',43,3,'H'),(985662,'湖南师大艺术学院',43,3,'H'),(867515,'湖南师范大学法学院',43,3,'H'),(984588,'湖南师范大学工学院',43,3,'H'),(989385,'湖南师范大学理学院',43,3,'H'),(77856,'湖南师范大学树达学院',43,3,'H'),(979008,'湖南师范大学外国语学院',43,3,'H'),(989445,'湖南师范大学职业技术学院',43,3,'H'),(12006,'湖南石油化工职业技术学院',43,3,'H'),(976455,'湖南食品药品职业学院',43,3,'H'),(972356,'湖南曙光电子信息学校',43,3,'H'),(969998,'湖南水利水电学校',43,3,'H'),(985847,'湖南水利水电职业技术学校',43,3,'H'),(95002,'湖南司法警官学院',43,3,'H'),(72072,'湖南体育职业学院',43,3,'H'),(12017,'湖南铁路科技职业技术学院',43,3,'H'),(11976,'湖南同德职业学院',43,3,'H'),(985743,'湖南托普信息学院',43,3,'H'),(94477,'湖南外国语职业学院',43,3,'H'),(970088,'湖南外贸职业学院',43,3,'H'),(11995,'湖南文理',43,3,'H'),(984927,'湖南文理学院成教学院',43,3,'H'),(977264,'湖南文理学院涵授院',43,3,'H'),(80876,'湖南文理学院芙蓉学院',43,3,'H'),(12000,'湖南现代物流职业技术学院',43,3,'H'),(977438,'湖南湘北女子职业学校',43,3,'H'),(987374,'湖南湘东职业技术学院',43,3,'H'),(12075,'湖南湘警学院',43,3,'H'),(982985,'湖南湘南大学',43,3,'H'),(979216,'湖南湘潭钢铁公司职工大学',43,3,'H'),(978950,'湖南湘潭高级技工学校',43,3,'H'),(982419,'湖南湘潭卫生学校',43,3,'H'),(985020,'湖南湘西州技工学校',43,3,'H'),(81525,'湖南湘中武术专科学院',43,3,'H'),(982462,'湖南信息工程学校',43,3,'H'),(11969,'湖南信息科学职业学院',43,3,'H'),(11970,'湖南信息职业技术学院',43,3,'H'),(867494,'湖南行政学院',43,3,'H'),(11973,'湖南冶金职业技术学院',43,3,'H'),(971585,'湖南医科大学',43,3,'H'),(995395,'湖南医科大学附属卫校',43,3,'H'),(977426,'湖南医药学校',43,3,'H'),(970331,'湖南医专',43,3,'H'),(12014,'湖南艺术职业学院',43,3,'H'),(68791,'湖南银河计算机学院',43,3,'H'),(895485,'湖南永州东安金桥技术学校',43,3,'H'),(970229,'湖南永州科技学院',43,3,'H'),(993565,'湖南永州育才科技专修学院',43,3,'H'),(971326,'湖南永州职业技术学院',43,3,'H'),(80877,'湖南永州职业学院',43,3,'H'),(983015,'湖南邮电学校',43,3,'H'),(94480,'湖南有色金属职工大学',43,3,'H'),(979192,'湖南有色金属职业技术学院',43,3,'H'),(977834,'湖南育才科技专修学院',43,3,'H'),(984981,'湖南政法干部管理学院',43,3,'H'),(992408,'湖南中山财经职业专修学院',43,3,'H'),(970458,'湖南中山外语专修学院',43,3,'H'),(80879,'湖南中央大学',43,3,'H'),(988315,'湖南中央党校',43,3,'H'),(867490,'湖南中医药',43,3,'H'),(867501,'湖南中医药大学湘杏学院',43,3,'H'),(11964,'湖南中医药高等专科学校',43,3,'H'),(989503,'湖南株洲工学院',43,3,'H'),(995771,'湖南株洲机械电子工业学校',43,3,'H'),(984560,'湖南株洲商业技工学校',43,3,'H'),(980515,'湖南浏阳师范学校',43,3,'H'),(98473,'湖南潇湘技师学院',43,3,'H'),(973344,'湖南潇湘学院',43,3,'H'),(983055,'湖永州卫校',43,3,'H'),(971577,'怀化长城学校',43,3,'H'),(972130,'怀化地区锅炉压力容器事故分析及汽车驾驶学校',43,3,'H'),(982367,'怀化工业学校',43,3,'H'),(971545,'怀化广播电视大学',43,3,'H'),(984170,'怀化经济管理干部职业学院',43,3,'H'),(996731,'怀化经济贸易学校',43,3,'H'),(973633,'怀化商校',43,3,'H'),(987360,'怀化商业学校',43,3,'H'),(982699,'怀化市经济贸易学校',43,3,'H'),(11958,'怀化学院',43,3,'H'),(11957,'怀化医学高等专科学校',43,3,'H'),(11959,'怀化职业技术学院',43,3,'H'),(970841,'环保职业技术学院',43,3,'H'),(986736,'婚姻大学',43,3,'H'),(972324,'鸡窝山湖南科贸',43,3,'J'),(984736,'吉隆坡建设大学',43,3,'J'),(11951,'吉首大学',43,3,'J'),(95094,'吉首大学师范学院',43,3,'J'),(867502,'吉首大学张家界学院',43,3,'J'),(973569,'吉首卫校',43,3,'J'),(986724,'江永县职业中学',43,3,'J'),(980396,'九嶷山文理进修学院',43,3,'J'),(971149,'九嶷山学院',43,3,'J'),(977341,'涟邵技校',43,3,'L'),(992292,'零陵廣播電視大學',43,3,'L'),(979993,'零陵财税学校',43,3,'L'),(986761,'零陵科技学校',43,3,'L'),(984582,'零陵师范',43,3,'L'),(12069,'零陵师范高等专科学校',43,3,'L'),(972603,'隆回华星职业技术校',43,3,'L'),(12065,'娄底机电工程学校',43,3,'L'),(996593,'娄底技师学院',43,3,'L'),(12066,'娄底经贸学校',43,3,'L'),(11952,'娄底理工学院',43,3,'L'),(12067,'娄底农业农机学校',43,3,'L'),(973468,'娄底人文科技学院',43,3,'L'),(976858,'娄底商务技术学校',43,3,'L'),(982562,'娄底商务学校',43,3,'L'),(12068,'娄底师范高等专科学校',43,3,'L'),(973290,'娄底市高级技工学校',43,3,'L'),(867495,'娄底市卫生学校',43,3,'L'),(980480,'娄底卫校',43,3,'L'),(11953,'娄底职业技术学院',43,3,'L'),(975651,'娄底潇湘职业学院',43,3,'L'),(95376,'南方大学',43,3,'N'),(867514,'南方动力机械公司职工工学院',43,3,'N'),(77859,'南方航空动力机械公司工学院',43,3,'N'),(11950,'南华大学',43,3,'N'),(867497,'南华大学船山学院',43,3,'N'),(980372,'宁乡赛兰女子文秘学校',43,3,'N'),(971082,'宁乡县三通女子学校',43,3,'N'),(971280,'农家大学',43,3,'N'),(972906,'清鱼潭大学',43,3,'Q'),(970407,'人文科技学院',43,3,'R'),(993504,'三一工业职业技术学院',43,3,'S'),(980016,'邵阳广播电视大学',43,3,'S'),(986812,'邵阳教育学院',43,3,'S'),(975991,'邵阳市宝都旅游学校',43,3,'S'),(988341,'邵阳市电视广播大学',43,3,'S'),(978623,'邵阳市交通技工学校',43,3,'S'),(972429,'邵阳市商业技工学校',43,3,'S'),(975712,'邵阳武术学校',43,3,'S'),(996222,'邵阳县卫校',43,3,'S'),(985593,'邵阳行政学院',43,3,'S'),(12027,'邵阳学院',43,3,'S'),(12026,'邵阳医学高等专科学校',43,3,'S'),(12028,'邵阳职业技术学院',43,3,'S'),(971765,'省乡村经济管理专科学校',43,3,'S'),(77855,'树达学院',43,3,'S'),(972808,'双峰党校',43,3,'S'),(976922,'双峰电大',43,3,'S'),(971805,'双峰广播电视大学',43,3,'S'),(979416,'双峰县致科职业技术学校',43,3,'S'),(975584,'桃江预科大学',43,3,'T'),(982500,'桃源职业技术学院',43,3,'T'),(988264,'天马山医学院',43,3,'T'),(972308,'威上模具工程师教育',43,3,'W'),(983060,'武冈技工学校',43,3,'W'),(996259,'武冈金泰科技学校',43,3,'W'),(984708,'武冈师范',43,3,'W'),(989780,'武冈师范',43,3,'W'),(986663,'武冈市电大',43,3,'W'),(982326,'武冈市建华职业技术学校',43,3,'W'),(995781,'武冈卫校',43,3,'W'),(977469,'武岗师范学校',43,3,'W'),(971439,'武警长沙指挥学校',43,3,'W'),(976144,'武警长沙指挥学院',43,3,'W'),(12061,'武陵高等专科学校',43,3,'W'),(976364,'武陵进修学院',43,3,'W'),(12062,'武威地区财贸学校',43,3,'W'),(985755,'湘北女子职业学校',43,3,'X'),(979738,'湘北女子职业学校',43,3,'X'),(984712,'湘东化工机械厂学校',43,3,'X'),(991913,'湘钢高级技工学校',43,3,'X'),(972376,'湘麓医药学校',43,3,'X'),(992135,'湘南兵工技校',43,3,'X'),(98660,'湘南科技专修学院',43,3,'X'),(972955,'湘南社会学院',43,3,'X'),(12019,'湘南学院',43,3,'X'),(95239,'湘南医学高等专科学校',43,3,'X'),(81526,'湘南致公专修大学',43,3,'X'),(95532,'湘穗电脑学院',43,3,'X'),(12020,'湘潭大学',43,3,'X'),(94481,'湘潭大学兴湘学院',43,3,'X'),(991858,'湘潭地区卫生技术学校',43,3,'X'),(987956,'湘潭纺织职业学校',43,3,'X'),(995360,'湘潭工程学院',43,3,'X'),(68780,'湘潭广播电视大学',43,3,'X'),(991034,'湘潭华光电子工业学院',43,3,'X'),(972896,'湘潭机电高等专科学校',43,3,'X'),(77863,'湘潭机电技术学院',43,3,'X'),(77862,'湘潭技师学院',43,3,'X'),(95367,'湘潭教育学院',43,3,'X'),(970136,'湘潭矿业学院',43,3,'X'),(996790,'湘潭職工大學',43,3,'X'),(976261,'湘潭农校',43,3,'X'),(995826,'湘潭商贸外语学院',43,3,'X'),(977193,'湘潭生物科技学校',43,3,'X'),(984949,'湘潭师范学院',43,3,'X'),(982447,'湘潭市卫生学校',43,3,'X'),(996273,'湘潭市湘钢技术学院',43,3,'X'),(77860,'湘潭铁路工程学院',43,3,'X'),(977460,'湘潭同升国济教育学院',43,3,'X'),(987813,'湘潭文理专修学院',43,3,'X'),(975833,'湘潭远大',43,3,'X'),(993180,'湘潭远大科技学院',43,3,'X'),(81529,'湘西民族广播电视大学',43,3,'X'),(867507,'湘西民族教师进修学院',43,3,'X'),(70687,'湘西民族职业技术学院',43,3,'X'),(986982,'湘西艺术职业学校',43,3,'X'),(971432,'湘乡市金天科技学校',43,3,'X'),(990447,'新化党校',43,3,'X'),(995495,'新田职业技术学院',43,3,'X'),(982810,'炎陵县北门垄大学',43,3,'Y'),(976841,'燕南学院',43,3,'Y'),(976773,'仰天湖大学',43,3,'Y'),(971308,'姚楼大学',43,3,'Y'),(972122,'益阳城市学院',43,3,'Y'),(98628,'益阳电子工业学校',43,3,'Y'),(976058,'益阳高等专科医学院',43,3,'Y'),(973464,'益阳高等专科院校',43,3,'Y'),(984757,'益阳高级技工学校',43,3,'Y'),(12046,'益阳广播电视大学',43,3,'Y'),(12047,'益阳教育学院',43,3,'Y'),(12048,'益阳农校',43,3,'Y'),(12049,'益阳师范高等专科学校',43,3,'Y'),(81547,'益阳市劳动职业中专',43,3,'Y'),(12023,'益阳职业技术学院',43,3,'Y'),(12063,'永州广播电视大学',43,3,'Y'),(995840,'永州科技学院',43,3,'Y'),(12064,'永州零陵学院',43,3,'Y'),(989694,'永州市人民警察学校',43,3,'Y'),(996512,'永州市委党校',43,3,'Y'),(976072,'永州信息管理工程学校',43,3,'Y'),(977859,'永州医学院',43,3,'Y'),(977262,'永州育才科技学院',43,3,'Y'),(980566,'永州育才科技专校',43,3,'Y'),(990801,'永州政法干校',43,3,'Y'),(78275,'永州职业技术学院商贸旅游校区',43,3,'Y'),(976184,'永洲职业技术学院医学院',43,3,'Y'),(976005,'预备役军校',43,3,'Y'),(976375,'岳麓山职业技术学院',43,3,'Y'),(980335,'岳阳高科职业技术学校',43,3,'Y'),(12042,'岳阳广播电视大学',43,3,'Y'),(12044,'岳阳科大',43,3,'Y'),(982443,'岳阳理工学院',43,3,'Y'),(12045,'岳阳师范学院',43,3,'Y'),(985276,'岳阳石油化工职业技术学院',43,3,'Y'),(976410,'岳阳市职业高等专科学校',43,3,'Y'),(984660,'岳阳湘北女校',43,3,'Y'),(11954,'岳阳职业技术学院',43,3,'Y'),(95378,'岳阳中南绣花学院',43,3,'Y'),(11956,'张家界航空工业职业技术学院',43,3,'Z'),(80882,'张家界航院',43,3,'Z'),(972528,'正大职业技术学校',43,3,'Z'),(987803,'中钢衡重职业技术学院',43,3,'Z'),(986833,'中钢集团衡阳重机职工大学',43,3,'Z'),(984630,'中共党校铁道涵授学院',43,3,'Z'),(971157,'中共湖南省委党校',43,3,'Z'),(993302,'中共湖南省委党校湖南行政学院',43,3,'Z'),(983624,'中国保险管理干部学院',43,3,'Z'),(985990,'中国国防科技大学',43,3,'Z'),(979047,'中国国土安全与防卫专科学校',43,3,'Z'),(972093,'中国金盆山大学',43,3,'Z'),(987793,'中国人民解放军长沙工程兵学院',43,3,'Z'),(986070,'中国人民解放军国防科技大学',43,3,'Z'),(976917,'中国人民解放军陆军兵种指挥学院',43,3,'Z'),(969912,'中国水电八局高级技工学校',43,3,'Z'),(985674,'中南大学铁道科技专修学院',43,3,'Z'),(971260,'中南大学铁道学院',43,3,'Z'),(984051,'中南大学网络学院',43,3,'Z'),(978198,'中南大学湘雅护理学院',43,3,'Z'),(970154,'中南大学湘雅医学院',43,3,'Z'),(980591,'中南大学艺术学院',43,3,'Z'),(992013,'中南电子技术学校',43,3,'Z'),(987365,'中南工学院',43,3,'Z'),(81527,'中南科技财经管理学院',43,3,'Z'),(972090,'中南林科技大学涉外学院',43,3,'Z'),(971740,'中南林学院',43,3,'Z'),(867491,'中南林业科大',43,3,'Z'),(11948,'中南林业科技大学',43,3,'Z'),(977903,'中南林业科技大学涉外学院',43,3,'Z'),(971681,'中南铁道学院',43,3,'Z'),(983003,'株州工学院',43,3,'Z'),(969911,'株洲北大青鸟',43,3,'Z'),(990996,'株洲工贸技术学院',43,3,'Z'),(980439,'株洲工业学校',43,3,'Z'),(12050,'株洲广播电视大学',43,3,'Z'),(867516,'株洲化工技术学院',43,3,'Z'),(975659,'株洲科技职业技术学院',43,3,'Z'),(11960,'株洲师范高等专科学校',43,3,'Z'),(971345,'株洲市南方技校',43,3,'Z'),(867512,'株洲市职工大学',43,3,'Z'),(979412,'株洲铁路电机学校',43,3,'Z'),(979482,'株洲冶金工业学校',43,3,'Z'),(12079,'株洲圆方电脑艺术设计学院',43,3,'Z'),(971066,'芷江民族职业技术学校',43,3,'Z'),(94499,'芷江师范',43,3,'Z'),(989684,'汨罗市财校',43,3,'Z'),(973706,'泠水江工业学院',43,3,'Z'),(971605,'澧县技工学校',43,3,'Z'),(982668,'长沙麓山学院',43,3,'C'),(979585,'榕成模具学校',43,3,'Z'),(78274,'耒阳师范',43,3,'Z'),(979427,'醴陵市高等进修学院',43,3,'Z'),(12580,'兰州大学',62,3,'L'),(12605,'西北民族大学',62,3,'X'),(12604,'西北师范大学',62,3,'X'),(12594,'甘肃中医学院',62,3,'G'),(12577,'兰州商院',62,3,'L'),(12599,'甘肃政法学院',62,3,'G'),(977961,'八冶电大技校',62,3,'B'),(996245,'白银矿冶职业技术学院',62,3,'B'),(80531,'白银矿业职业技术学院',62,3,'B'),(985722,'白银职专',62,3,'B'),(984892,'长庆桥石油技校',62,3,'C'),(98453,'长庆石油技师学院',62,3,'C'),(986756,'长庆石油学校',62,3,'C'),(12589,'定西师范高等专科学校',62,3,'D'),(80534,'定西师专',62,3,'D'),(986759,'定西市卫生学校',62,3,'D'),(988002,'定西市职业学校',62,3,'D'),(970183,'定西卫校',62,3,'D'),(990851,'法蒂赫大学',62,3,'F'),(980798,'甘肅煤炭工業技工學校',62,3,'G'),(985161,'甘南畜牧学校',62,3,'G'),(92706,'甘肃服装职工大学',62,3,'G'),(77933,'甘肃钢铁职业技术学院',62,3,'G'),(983790,'甘肃高级技师学院',62,3,'G'),(986630,'甘肃工业大学',62,3,'G'),(970844,'甘肃工业大学',62,3,'G'),(975756,'甘肃机电职业技术学院',62,3,'G'),(985615,'甘肃建筑工程技术学院',62,3,'G'),(12598,'甘肃建筑职业技术学院',62,3,'G'),(12619,'甘肃交通职业技术学院',62,3,'G'),(12609,'甘肃教育学院',62,3,'G'),(979436,'甘肃警察学院',62,3,'G'),(12603,'甘肃警察职业学院',62,3,'G'),(990593,'甘肃酒泉农垦技工学校',62,3,'G'),(92707,'甘肃就全职业技术学院',62,3,'G'),(98548,'甘肃科技学院',62,3,'G'),(990633,'甘肃兰州铁路机械学校',62,3,'G'),(976516,'甘肃理工大学',62,3,'G'),(12602,'甘肃联合大学',62,3,'G'),(982498,'甘肃联合大学电子信息工程学院',62,3,'G'),(12600,'甘肃林业职业技术学院',62,3,'G'),(98603,'甘肃民族师范学院',62,3,'G'),(12596,'甘肃农大',62,3,'G'),(98706,'甘肃农业大学',62,3,'G'),(12595,'甘肃农业职业技术学院',62,3,'G'),(973436,'甘肃秦陇',62,3,'G'),(989706,'甘肃省安宁职业技术学校',62,3,'G'),(992284,'甘肃省定西交通技工学校',62,3,'G'),(80530,'甘肃省钢铁职业技术学院',62,3,'G'),(993392,'甘肃省高级化工高级技工学校',62,3,'G'),(12617,'甘肃省广播电视大学',62,3,'G'),(979406,'甘肃省广播电视职业技术学院',62,3,'G'),(992459,'甘肃省国防教育学院',62,3,'G'),(12618,'甘肃省机械电子职工大学',62,3,'G'),(985605,'甘肃省机械技工学校',62,3,'G'),(972318,'甘肃省建筑工程学院',62,3,'G'),(12611,'甘肃省经济管理干部学院',62,3,'G'),(12612,'甘肃省酒泉教育学院',62,3,'G'),(888966,'甘肃省酒泉市卫生学校',62,3,'G'),(92708,'甘肃省兰州明达理工职业学院',62,3,'G'),(971009,'甘肃省兰州市联合中等专业学校',62,3,'G'),(976916,'甘肃省兰州市商业学校',62,3,'G'),(982418,'甘肃省兰州市卫生学校',62,3,'G'),(976465,'甘肃省理工大学',62,3,'G'),(987074,'甘肃省陇西师范院校',62,3,'G'),(991049,'甘肃省农业机械化学校',62,3,'G'),(993321,'甘肃省轻纺工业学校',62,3,'G'),(988047,'甘肃省轻工业学校',62,3,'G'),(978424,'甘肃省庆阳地区财政学校',62,3,'G'),(880685,'甘肃省山丹培黎学校',62,3,'G'),(971187,'甘肃省省卫校',62,3,'G'),(976013,'甘肃省水利学校',62,3,'G'),(980619,'甘肃省天水林业职业技术学院',62,3,'G'),(991862,'甘肃省天水市委党校',62,3,'G'),(985306,'甘肃省卫校',62,3,'G'),(80527,'甘肃省冶金高级技术学院',62,3,'G'),(94087,'甘肃省永登师范',62,3,'G'),(985242,'甘肃省邮电学校',62,3,'G'),(993404,'甘肃省幼儿师范学校',62,3,'G'),(972792,'甘肃省张家川回族自治县张家川穆斯林学校',62,3,'G'),(971807,'甘肃省张掖师范学校',62,3,'G'),(986016,'甘肃省正宁县职业技术学院',62,3,'G'),(992530,'甘肃省职工财经学院',62,3,'G'),(980718,'甘肃省中央党校',62,3,'G'),(982710,'甘肃石化工业学校',62,3,'G'),(985860,'甘肃石化技师学院',62,3,'G'),(979391,'甘肃石油化工学校',62,3,'G'),(984623,'甘肃武威卫校',62,3,'G'),(976059,'甘肃新科工业学校',62,3,'G'),(986311,'甘肃新科技工学校',62,3,'G'),(975618,'甘肃冶金高级技术学院',62,3,'G'),(973499,'甘肃冶金工业学校',62,3,'G'),(989413,'甘肃冶金工业学校',62,3,'G'),(971020,'甘肃银行学校',62,3,'G'),(983976,'甘肃有色冶金职业技术学院',62,3,'G'),(980771,'甘肃职工财经大学',62,3,'G'),(987686,'甘肃中央党校',62,3,'G'),(985209,'甘肃中医学院继续教育学院【天水】',62,3,'G'),(95051,'合作民族高等专科学院',62,3,'H'),(12587,'合作民族师范高等专科学校',62,3,'H'),(12593,'河西学院',62,3,'H'),(978472,'金昌市金川公司职工大学',62,3,'J'),(12623,'金城联合大学',62,3,'J'),(972364,'酒泉电大',62,3,'J'),(976950,'酒泉职业技术教育学院',62,3,'J'),(12606,'酒泉职业技术学院',62,3,'J'),(989956,'兰石技校',62,3,'L'),(984103,'兰铁运输技校',62,3,'L'),(972124,'兰州财经大学',62,3,'L'),(995644,'兰州财务专科学院',62,3,'L'),(986967,'兰州城建学校',62,3,'L'),(984735,'兰州城市建设学校',62,3,'L'),(12578,'兰州城市学院',62,3,'L'),(971474,'兰州城市学院化学与环境科学学院',62,3,'L'),(980836,'兰州大学网络教育学院',62,3,'L'),(970466,'兰州电大',62,3,'L'),(986601,'兰州电力技工学校',62,3,'L'),(970373,'兰州电力技师学院',62,3,'L'),(997241,'兰州电子工业学校',62,3,'L'),(77932,'兰州东方学院',62,3,'L'),(972377,'兰州高等专科学校',62,3,'L'),(980586,'兰州工学院',62,3,'L'),(12581,'兰州工业高等专科学校',62,3,'L'),(978302,'兰州航空工业大学',62,3,'L'),(80532,'兰州航空工业职工大学',62,3,'L'),(985233,'兰州化工职业技术学院',62,3,'L'),(867519,'兰州交大',62,3,'L'),(12575,'兰州交通大学',62,3,'L'),(12576,'兰州交通大学博文学院',62,3,'L'),(72030,'兰州教育学院',62,3,'L'),(996866,'兰州经济商贸学院',62,3,'L'),(980339,'兰州军警学院',62,3,'L'),(988069,'兰州军区军医学校',62,3,'L'),(980023,'兰州军区陆军学院',62,3,'L'),(12582,'兰州理工',62,3,'L'),(92709,'兰州理工大学成人教育学院',62,3,'L'),(980834,'兰州理工大学机电工程学院',62,3,'L'),(12583,'兰州理工大学技术工程学院',62,3,'L'),(991854,'兰州理工大学软件职业技术学院',62,3,'L'),(92710,'兰州明达职业技术学院',62,3,'L'),(978613,'兰州农业大学',62,3,'L'),(982878,'兰州女子职业学校',62,3,'L'),(92711,'兰州培黎石油技术学院',62,3,'L'),(92712,'兰州商学院',62,3,'L'),(72866,'兰州商学院长青学院',62,3,'L'),(70596,'兰州商学院陇桥学院',62,3,'L'),(970935,'兰州师范学校',62,3,'L'),(12584,'兰州石化职业技术学院',62,3,'L'),(985574,'兰州石油化工学院兰通分校',62,3,'L'),(979640,'兰州市工业职业技工学校',62,3,'L'),(976095,'兰州市航空航天工业技术学校',62,3,'L'),(976195,'兰州市卫生学校',62,3,'L'),(92713,'兰州市伊斯兰教经学院',62,3,'L'),(983100,'兰州市中医学院',62,3,'L'),(990706,'兰州市资源环境技术学院',62,3,'L'),(971361,'兰州铁道学院',62,3,'L'),(12620,'兰州铁路工程职工大学',62,3,'L'),(974058,'兰州铁路技师学院',62,3,'L'),(80528,'兰州铁路学院',62,3,'L'),(978024,'兰州铁路运输学校',62,3,'L'),(12579,'兰州外语职业学院',62,3,'L'),(983509,'兰州卫校',62,3,'L'),(996558,'兰州五泉专修学院',62,3,'L'),(971462,'兰州医学院',62,3,'L'),(982446,'兰州医学院成教学院',62,3,'L'),(12585,'兰州职业技术学院',62,3,'L'),(12586,'兰州资源环境职业技术学院',62,3,'L'),(977251,'兰洲政法大学',62,3,'L'),(993372,'礼县师范',62,3,'L'),(980307,'临夏师范学校',62,3,'L'),(986713,'临夏市职教中心',62,3,'L'),(984147,'临夏外国语学校',62,3,'L'),(987097,'临夏外国语学校分校',62,3,'L'),(975773,'临夏州民族学校',62,3,'L'),(989398,'临夏州卫校',62,3,'L'),(997242,'临洮师范',62,3,'L'),(12607,'陇东学院',62,3,'L'),(12608,'陇南师范高等专科学校',62,3,'L'),(78294,'陇西师范',62,3,'L'),(996546,'平凉广播电视大学',62,3,'P'),(986943,'平凉师范',62,3,'P'),(12590,'平凉医学高等专科学校',62,3,'P'),(80535,'平凉职教中心',62,3,'P'),(985317,'齐寿廖集大学',62,3,'Q'),(92714,'庆阳市广播电视大学',62,3,'Q'),(95280,'庆阳市卫生学校',62,3,'Q'),(986712,'特殊学院',62,3,'T'),(984993,'天水广播电视大学',62,3,'T'),(980765,'天水海林学院',62,3,'T'),(12588,'天水师院',62,3,'T'),(984876,'天水市广播电视大学',62,3,'T'),(986050,'天水市职业技术学校',62,3,'T'),(976896,'天水卫校',62,3,'T'),(980070,'天水职业技术学校',62,3,'T'),(977067,'天祝民族师范',62,3,'T'),(995686,'天祝师范',62,3,'T'),(971554,'武警兰州指挥学校',62,3,'W'),(979200,'武威教育学院',62,3,'W'),(996781,'武威市技工学校',62,3,'W'),(870910,'武威市凉州区卫生学校',62,3,'W'),(475687,'武威卫生学校',62,3,'W'),(12592,'武威职业学院',62,3,'W'),(975969,'西北电子工业学校',62,3,'X'),(997231,'西北航空兰州民航技校',62,3,'X'),(867518,'西北民大',62,3,'X'),(995653,'西北农业大学明德学院',62,3,'X'),(986804,'西北师大科教学院',62,3,'X'),(996668,'西北师大知行学院',62,3,'X'),(973870,'西北师大知行学院',62,3,'X'),(979662,'西北师范大学知行学院',62,3,'X'),(991856,'西北畜牧兽医学院',62,3,'X'),(984974,'西北职业技术学院',62,3,'X'),(982655,'窑街煤电公司矿务局技校',62,3,'Y'),(977421,'榆中师范',62,3,'Y'),(12591,'张掖医学高等专科学校',62,3,'Z'),(518806,'中共甘肃省委党校',62,3,'Z'),(982676,'中国人民解放军空军第五飞行学院',62,3,'Z'),(92715,'中国人民武装警察大学',62,3,'Z'),(990415,'中央党校甘肃分校',62,3,'Z'),(980411,'中央党校函授学院甘肃分院',62,3,'Z'),(969883,'中央电视大学',62,3,'Z'),(983889,'中央广播电视大学兰州分校',62,3,'Z'),(970507,'泾川县教师进修学校',62,3,'Z'),(12640,'广西大学',45,3,'G'),(12637,'广西医科大学',45,3,'G'),(12649,'广西民族大学',45,3,'G'),(12633,'广西中医学院',45,3,'G'),(12646,'广西师范学院',45,3,'G'),(12659,'广西财经学院',45,3,'G'),(978885,'扒泥大学',45,3,'B'),(978595,'百色交通学院',45,3,'B'),(12679,'百色学院',45,3,'B'),(80613,'百色职业学院',45,3,'B'),(983147,'北海航校',45,3,'B'),(12625,'北海宏源足球职业学院',45,3,'B'),(978969,'北海技工学校',45,3,'B'),(970189,'北海市师范进修学校',45,3,'B'),(973385,'北海市卫生学校',45,3,'B'),(980659,'北海卫校',45,3,'B'),(971005,'北海艺术设计学院',45,3,'B'),(12627,'北海艺术设计职业学院',45,3,'B'),(12626,'北海职业学院',45,3,'B'),(12624,'北京航空航天大学北海学院',45,3,'B'),(984084,'北京师范大学网络教育学院柳州分院',45,3,'B'),(978489,'博白县师范学校',45,3,'B'),(980823,'东罗技工学校',45,3,'D'),(976136,'高山大学',45,3,'G'),(996362,'广西安装工程技工学校',45,3,'G'),(983804,'广西百色经贸职业学校',45,3,'G'),(976772,'广西百色农业学校',45,3,'G'),(80608,'广西百色职业学院',45,3,'G'),(80611,'广西北海市职业学院',45,3,'G'),(80609,'广西财经大学',45,3,'G'),(993452,'广西测绘职业技术学校',45,3,'G'),(12639,'广西城市职业学院',45,3,'G'),(984546,'广西大新县职业技术学校',45,3,'G'),(80604,'广西大学行健文理学院',45,3,'G'),(996696,'广西大学资源于环境学院',45,3,'G'),(973795,'广西第二经济贸易学校',45,3,'G'),(972202,'广西电大',45,3,'G'),(971783,'广西电力学校',45,3,'G'),(12652,'广西电力职业技术学院',45,3,'G'),(976282,'广西电视广播大学',45,3,'G'),(972992,'广西电子技工学校',45,3,'G'),(985080,'广西电子技工学院',45,3,'G'),(977227,'广西电子学院',45,3,'G'),(80610,'广西东方外语学院',45,3,'G'),(98688,'广西东方外语职业技术学院',45,3,'G'),(12632,'广西东方外语职业学院',45,3,'G'),(978180,'广西二轻工业管理学校',45,3,'G'),(974047,'广西高级技工学校',45,3,'G'),(72083,'广西工程职业学院',45,3,'G'),(996860,'广西工贸职管理学校',45,3,'G'),(12642,'广西工商职业技术学院',45,3,'G'),(12643,'广西工学院',45,3,'G'),(80605,'广西工学院鹿山学院',45,3,'G'),(12641,'广西工业职业技术学院',45,3,'G'),(972641,'广西工艺美术学校',45,3,'G'),(980273,'广西公安干部管理学院',45,3,'G'),(72063,'广西广播电视大学',45,3,'G'),(995324,'广西广播电视大学防城港分校',45,3,'G'),(979348,'广西桂东机电工程学校',45,3,'G'),(980332,'广西桂东卫校',45,3,'G'),(982684,'广西桂林供销学校',45,3,'G'),(989864,'广西桂林陆军学院',45,3,'G'),(972542,'广西桂林全州龙水农业大学',45,3,'G'),(972639,'广西贵港成人卫生学校',45,3,'G'),(12638,'广西国际商务职业技术学院',45,3,'G'),(990497,'广西合浦师范',45,3,'G'),(985301,'广西河池地区机电工程学校',45,3,'G'),(970483,'广西河池供销学校',45,3,'G'),(995513,'广西河池民族农业学校',45,3,'G'),(12648,'广西机电职业技术学院',45,3,'G'),(976417,'广西计量学校',45,3,'G'),(80607,'广西建材学院',45,3,'G'),(989289,'广西建华技校',45,3,'G'),(12647,'广西建设职业技术学院',45,3,'G'),(982960,'广西建筑工程学校',45,3,'G'),(970330,'广西交通技术学院',45,3,'G'),(70681,'广西教育学院',45,3,'G'),(12653,'广西经济管理干部学院',45,3,'G'),(971717,'广西经贸委计算中心职业学校',45,3,'G'),(12654,'广西经贸职业技术学院',45,3,'G'),(975855,'广西警察学院',45,3,'G'),(977374,'广西科技大学',45,3,'G'),(81232,'广西理工学院',45,3,'G'),(77883,'广西理工职业技术学院',45,3,'G'),(976447,'广西林业学校',45,3,'G'),(970402,'广西灵山县卫生学校',45,3,'G'),(973411,'广西柳州供销技工学校',45,3,'G'),(978393,'广西柳州铁道技术学院',45,3,'G'),(988238,'广西柳州武警水电技术学校',45,3,'G'),(989423,'广西柳州畜牧兽医学校',45,3,'G'),(973819,'广西陆川职业学校',45,3,'G'),(989467,'广西贸易经济学校',45,3,'G'),(987191,'广西民盟职业技术学校',45,3,'G'),(77882,'广西民族大学相思湖学院',45,3,'G'),(12629,'广西民族师范学院',45,3,'G'),(984551,'广西南宁财经学院',45,3,'G'),(979709,'广西南宁地区技工学校',45,3,'G'),(973681,'广西南宁电大',45,3,'G'),(990632,'广西南宁电力职业技术学院',45,3,'G'),(993628,'广西南宁化工学校',45,3,'G'),(985586,'广西南宁机电工程学校',45,3,'G'),(984129,'广西南宁建设职业学院',45,3,'G'),(989627,'广西南宁民族师范学校',45,3,'G'),(977951,'广西南宁民族师院',45,3,'G'),(985626,'广西南宁南方高等职业学院',45,3,'G'),(976009,'广西南宁商贸技工学校',45,3,'G'),(986801,'广西南宁师范高等专科学校',45,3,'G'),(972884,'广西南宁市第二卫生学校',45,3,'G'),(986789,'广西南宁武警指挥学院',45,3,'G'),(986103,'广西南宁西南经济贸易管理学校',45,3,'G'),(993419,'广西农垦职工大学',45,3,'G'),(973340,'广西农业大学',45,3,'G'),(989414,'广西农业经济干部学校',45,3,'G'),(993423,'广西气象学校',45,3,'G'),(982861,'广西钦州高等师专',45,3,'G'),(979692,'广西轻工技师学院',45,3,'G'),(996238,'广西区皮研所卫校',45,3,'G'),(81234,'广西区直电大',45,3,'G'),(971749,'广西商贸技工学校',45,3,'G'),(977860,'广西社会大学',45,3,'G'),(12651,'广西生态工程职业技术学院',45,3,'G'),(976002,'广西生态学院',45,3,'G'),(12692,'广西省南宁市广西政法学院',45,3,'G'),(976863,'广西省南宁市政法学院',45,3,'G'),(12644,'广西师范大学',45,3,'G'),(12645,'广西师范大学漓江学院',45,3,'G'),(987283,'广西师范大学外国语学院',45,3,'G'),(972428,'广西师范大学育才校区',45,3,'G'),(81233,'广西师范学院师园学院',45,3,'G'),(990620,'广西石化高级技工学校（广西工业技师学院）',45,3,'G'),(975796,'广西石油化工高级技工学校',45,3,'G'),(976975,'广西水电学校',45,3,'G'),(990537,'广西水利电力院',45,3,'G'),(12650,'广西水利电力职业技术学院',45,3,'G'),(525601,'广西外国语学院',45,3,'G'),(973715,'广西外语职业学院',45,3,'G'),(973729,'广西外语职业学院',45,3,'G'),(970893,'广西韦芪大学',45,3,'G'),(72084,'广西卫生管理干部学院',45,3,'G'),(996713,'广西卫生职业技术学院',45,3,'G'),(986587,'广西卫生职业学院',45,3,'G'),(985190,'广西梧州电子科技学校',45,3,'G'),(986198,'广西梧州市苍梧县协达幼师学校',45,3,'G'),(98586,'广西梧州市第二职业中等专业学校',45,3,'G'),(976471,'广西梧州市现代科技学校',45,3,'G'),(993081,'广西武警指挥学校',45,3,'G'),(971129,'广西行政学院',45,3,'G'),(80606,'广西演艺职业学院',45,3,'G'),(68782,'广西药科学校',45,3,'G'),(12656,'广西艺术学院',45,3,'G'),(12657,'广西英华国际职业学院',45,3,'G'),(985271,'广西右江医学院',45,3,'G'),(972317,'广西幼儿师范高等专科学校',45,3,'G'),(980177,'广西幼儿师范高等专科学校平果校区',45,3,'G'),(983665,'广西玉林财经学校',45,3,'G'),(98696,'广西玉林高级技术学校',45,3,'G'),(977063,'广西玉林商贸技工学校',45,3,'G'),(995635,'广西玉林市机电工程学校',45,3,'G'),(970376,'广西玉林市岭南工业学校',45,3,'G'),(80612,'广西政法管理干部学院',45,3,'G'),(12655,'广西职业技术学院',45,3,'G'),(976453,'广西质量技术工程学校',45,3,'G'),(12634,'广西中医学院赛恩斯新医药学院',45,3,'G'),(984893,'广西壮族自治区人民医院附属卫生学校',45,3,'G'),(982346,'广西自来水技工学校',45,3,'G'),(12661,'广西邕江大学',45,3,'G'),(976786,'桂地教院',45,3,'G'),(977171,'桂东卫生学校',45,3,'G'),(990361,'桂林地区卫校',45,3,'G'),(976019,'桂林电子工业学院',45,3,'G'),(12672,'桂林电子科技大学',45,3,'G'),(12673,'桂林电子科技大学信息科技学院',45,3,'G'),(970870,'桂林高级技工学校',45,3,'G'),(972656,'桂林工学院',45,3,'G'),(68775,'桂林工学院博文管理学院',45,3,'G'),(12669,'桂林工学院南宁分院',45,3,'G'),(12674,'桂林航天工业高等专科学校',45,3,'G'),(986332,'桂林技师学院',45,3,'G'),(984536,'桂林空军高炮学院',45,3,'G'),(12689,'桂林空军学院',45,3,'G'),(12668,'桂林理工大学',45,3,'G'),(970819,'桂林理工大学博文管理学院',45,3,'G'),(980296,'桂林理工大学南宁空港校区',45,3,'G'),(971186,'桂林荔浦师范',45,3,'G'),(973364,'桂林陆军指挥学院',45,3,'G'),(12671,'桂林旅游高等专科学校',45,3,'G'),(12690,'桂林旅游学院',45,3,'G'),(12667,'桂林山水职业学院',45,3,'G'),(12670,'桂林师范高等专科学校',45,3,'G'),(980342,'桂林市第二技工学校',45,3,'G'),(980165,'桂林市高新工业科技职业技术学校',45,3,'G'),(12686,'桂林市广播电视大学',45,3,'G'),(978900,'桂林市交通技工学校',45,3,'G'),(977026,'桂林市社会福利大学',45,3,'G'),(985955,'桂林市卫生学校',45,3,'G'),(12687,'桂林市职工大学',45,3,'G'),(985028,'桂林冶金地质学院',45,3,'G'),(12666,'桂林医学院',45,3,'G'),(993046,'贵港白云职业学院',45,3,'G'),(979166,'贵港党校',45,3,'G'),(971151,'贵港市电子科技学院',45,3,'G'),(72043,'贵港职业学院',45,3,'G'),(12694,'合浦师范学校',45,3,'H'),(979217,'合浦卫校',45,3,'H'),(973542,'河池晨曦学院',45,3,'H'),(971278,'河池卫生学校',45,3,'H'),(971700,'河池现代职业学院',45,3,'H'),(12676,'河池学院',45,3,'H'),(979296,'河池职业学院',45,3,'H'),(867713,'河池职业学院',45,3,'H'),(980490,'贺州机电工程学校',45,3,'H'),(972834,'贺州市电子科技学院',45,3,'H'),(12680,'贺州学院',45,3,'H'),(987880,'贺州职业技术学校',45,3,'H'),(1001289,'横县职业教育中心',45,3,'H'),(990989,'金宝农业大学',45,3,'J'),(977311,'金秀职业技术学校',45,3,'J'),(978342,'鲤鱼市农业大学',45,3,'L'),(993050,'灵山大学',45,3,'L'),(867718,'柳州城市职业技术学院',45,3,'L'),(12693,'柳州城市职业学院',45,3,'L'),(979676,'柳州地区技工学校',45,3,'L'),(971490,'柳州第一职业技术学校',45,3,'L'),(970972,'柳州高等专科师范学院',45,3,'L'),(984503,'柳州高等专科学校附属卫生学校',45,3,'L'),(972567,'柳州工学院',45,3,'L'),(12684,'柳州广播电视大学',45,3,'L'),(12663,'柳州师范高等专科学校',45,3,'L'),(980540,'柳州市第二职业技术学校',45,3,'L'),(983851,'柳州市工业学校',45,3,'L'),(976937,'柳州市技工学校',45,3,'L'),(985859,'柳州市经济干部管理学校',45,3,'L'),(977407,'柳州市旅游外语学校',45,3,'L'),(993398,'柳州市汽车运输技工学校',45,3,'L'),(991895,'柳州市委党校',45,3,'L'),(996397,'柳州畜牧兽医学校',45,3,'L'),(12662,'柳州医学高等专科学校',45,3,'L'),(867714,'柳州运输职业技术学院',45,3,'L'),(12664,'柳州职业技术学院',45,3,'L'),(978984,'慕尼黑工业大学',45,3,'M'),(982643,'南地卫校',45,3,'N'),(977472,'南方高等职业学校',45,3,'N'),(977994,'南宁边防学校',45,3,'N'),(977916,'南宁边防指挥学校',45,3,'N'),(980869,'南宁财贸管理学院',45,3,'N'),(975928,'南宁地区财经学校',45,3,'N'),(976256,'南宁地区技工学校',45,3,'N'),(12628,'南宁地区教育学院',45,3,'N'),(987319,'南宁第二卫校',45,3,'N'),(976109,'南宁高等专科师范学院',45,3,'N'),(984521,'南宁机电工程学校',45,3,'N'),(972181,'南宁机电工程学校',45,3,'N'),(980027,'南宁机电技工学校',45,3,'N'),(970422,'南宁技工学校',45,3,'N'),(81231,'南宁九三工学院',45,3,'N'),(976004,'南宁科技学院',45,3,'N'),(982899,'南宁民族大学相思湖学院',45,3,'N'),(980218,'南宁南方电力职业技术学校',45,3,'N'),(986140,'南宁汽修职业技术学院',45,3,'N'),(976972,'南宁商贸学校',45,3,'N'),(976171,'南宁商业技工学校',45,3,'N'),(867715,'南宁师范高等专科学校',45,3,'N'),(990425,'南宁师范院校',45,3,'N'),(987876,'南宁市党校',45,3,'N'),(980036,'南宁市第一职业技术学校',45,3,'N'),(995791,'南宁市广播电视大学',45,3,'N'),(993038,'南宁市教育学院',45,3,'N'),(972618,'南宁市卫生学校',45,3,'N'),(979337,'南宁武警指挥学院',45,3,'N'),(12630,'南宁职业技术学院',45,3,'N'),(972990,'南宁中南电子职业学校',45,3,'N'),(989321,'南宁邕贸电子学校',45,3,'N'),(977827,'南晓大学',45,3,'N'),(973467,'泥巴大学',45,3,'N'),(887680,'平南县第二中等职业技术学校',45,3,'P'),(976810,'钦州机电工程学校',45,3,'Q'),(993521,'钦州经贸学校',45,3,'Q'),(972262,'钦州商贸学校',45,3,'Q'),(982874,'钦州市机电工程学校',45,3,'Q'),(98588,'钦州市卫生学校',45,3,'Q'),(12681,'钦州学院',45,3,'Q'),(988110,'赛科供应链职业技术学校',45,3,'S'),(993353,'上海大学国际商学院',45,3,'S'),(996574,'梧州电子科技学校',45,3,'W'),(990784,'梧州电子科技职业技术学校',45,3,'W'),(992165,'梧州师专',45,3,'W'),(983633,'梧州市电子工业学院',45,3,'W'),(94968,'梧州市广播电视大学',45,3,'W'),(995762,'梧州市贺州经济管理学校',45,3,'W'),(12675,'梧州学院',45,3,'W'),(979178,'武警广西南宁指挥学校',45,3,'W'),(987005,'武警南宁指挥学校',45,3,'W'),(992006,'武警水电学校',45,3,'W'),(991920,'西江联合大学',45,3,'X'),(984956,'西朗农业大学',45,3,'X'),(980029,'象州县职业学院',45,3,'X'),(988266,'新科电子工程学校',45,3,'X'),(989740,'右江民族商业学校',45,3,'Y'),(12631,'右江民族医学院',45,3,'Y'),(977037,'玉林电子工业学校',45,3,'Y'),(976038,'玉林高等师范学院',45,3,'Y'),(985270,'玉林机电工程学校',45,3,'Y'),(988056,'玉林机电工程学校',45,3,'Y'),(12678,'玉林师范学院',45,3,'Y'),(993021,'玉林市信息工程学校',45,3,'Y'),(980802,'中共中央南宁市委党校',45,3,'Z'),(989985,'中国人民解放军高炮学院',45,3,'Z'),(995332,'中国人民解放军桂林空军学院',45,3,'Z'),(982631,'中国人民解放军空军桂林学院',45,3,'Z'),(993520,'中央民族音乐学院',45,3,'Z'),(970234,'钟山党校',45,3,'Z'),(990811,'钟山县党校',45,3,'Z'),(867716,'邕江大学',45,3,'Z'),(12553,'贵州大学',52,3,'G'),(12564,'贵阳医学院',52,3,'G'),(12563,'贵阳中医学院',52,3,'G'),(12561,'贵州财经',52,3,'G'),(12555,'贵州民族',52,3,'G'),(12565,'贵阳学院',52,3,'G'),(978546,'安顺成人高等专科院校',52,3,'A'),(978444,'安顺党校',52,3,'A'),(12548,'安顺学院',52,3,'A'),(972772,'安顺余关中医学校',52,3,'A'),(972779,'安顺余官中医学校',52,3,'A'),(12549,'安顺职业技术学院',52,3,'A'),(970839,'毕节财校',52,3,'B'),(974041,'毕节地区卫生学校',52,3,'B'),(12550,'毕节学院',52,3,'B'),(867710,'毕节职业技术学院',52,3,'B'),(996545,'贵航高级技工学院',52,3,'G'),(977044,'贵航职业技术学院',52,3,'G'),(92636,'贵铝职业教育学院',52,3,'G'),(980404,'贵阳财经学院',52,3,'G'),(980739,'贵阳财院',52,3,'G'),(985886,'贵阳滇黔桂石油技工学校',52,3,'G'),(972557,'贵阳电力技工学校',52,3,'G'),(978590,'贵阳电子职业学校',52,3,'G'),(92637,'贵阳广播电视大学',52,3,'G'),(80630,'贵阳护理职业技术学院',52,3,'G'),(975638,'贵阳金筑大学',52,3,'G'),(971580,'贵阳师范专科学校',52,3,'G'),(976313,'贵阳师专',52,3,'G'),(988335,'贵阳市城乡建设学校',52,3,'G'),(984939,'贵阳市机械工业学校',52,3,'G'),(980588,'贵阳市金筑大学',52,3,'G'),(972939,'贵阳司法警官大学',52,3,'G'),(990357,'贵阳铁路高级技工学校',52,3,'G'),(980721,'贵阳铁路工程学校',52,3,'G'),(988058,'贵阳武警指挥学院',52,3,'G'),(988200,'贵阳亚泰学院',52,3,'G'),(867705,'贵阳医学院神奇民族医药学院',52,3,'G'),(77911,'贵阳职业技术学院',52,3,'G'),(867707,'贵阳中医学院时珍学院',52,3,'G'),(970019,'贵医附二卫校',52,3,'G'),(976163,'贵州财金学院商务学院',52,3,'G'),(80627,'贵州财经学院',52,3,'G'),(976123,'贵州财政学校',52,3,'G'),(988165,'贵州大学成教院',52,3,'G'),(989671,'贵州大学继续教育学院',52,3,'G'),(987102,'贵州大学明德学院',52,3,'G'),(867708,'贵州大学明德学院',52,3,'G'),(995407,'贵州大学农学院',52,3,'G'),(996587,'贵州大学农学院',52,3,'G'),(987367,'贵州大学艺术学院',52,3,'G'),(80628,'贵州电视广播大学',52,3,'G'),(979037,'贵州电子信息技术职业技术学院',52,3,'G'),(986100,'贵州高扥专科学校',52,3,'G'),(971418,'贵州工学院',52,3,'G'),(68822,'贵州工业大学',52,3,'G'),(77910,'贵州广播电视大学',52,3,'G'),(990810,'贵州国防工业干校',52,3,'G'),(986104,'贵州国防军事学校',52,3,'G'),(977148,'贵州国防军校',52,3,'G'),(92638,'贵州航空工业技师学院',52,3,'G'),(92639,'贵州航天学院',52,3,'G'),(12559,'贵州航天职业技术学院',52,3,'G'),(993685,'贵州环亚民族职业技术学校',52,3,'G'),(996552,'贵州机械工业职工大学',52,3,'G'),(12551,'贵州交通职业技术学院',52,3,'G'),(971763,'贵州教育学院',52,3,'G'),(12560,'贵州警官职业学院',52,3,'G'),(976363,'贵州警官职业学院消防分院',52,3,'G'),(976378,'贵州矿业大学',52,3,'G'),(987896,'贵州六盘水民族职业学校',52,3,'G'),(80624,'贵州民族学院',52,3,'G'),(92640,'贵州民族学院人文科技学院',52,3,'G'),(977819,'贵州农学院',52,3,'G'),(972119,'贵州农业大学',52,3,'G'),(12562,'贵州轻工职业技术学院',52,3,'G'),(979342,'贵州人民武装大学',52,3,'G'),(12552,'贵州商业高等专科学校',52,3,'G'),(992112,'贵州省安龙民族师范',52,3,'G'),(976384,'贵州省安顺民族师范学校',52,3,'G'),(990964,'贵州省毕节地委党校',52,3,'G'),(996471,'贵州省毕节师范学校',52,3,'G'),(992404,'贵州省毕节师专',52,3,'G'),(996695,'贵州省毕节市广播电视大学',52,3,'G'),(990976,'贵州省毕节行政管理学院',52,3,'G'),(992520,'贵州省财经学院',52,3,'G'),(867711,'贵州省财经学院商务学院',52,3,'G'),(976370,'贵州省党校',52,3,'G'),(985062,'贵州省地质学院',52,3,'G'),(985932,'贵州省钢绳技校',52,3,'G'),(983677,'贵州省工业管理学校',52,3,'G'),(971411,'贵州省公安干部学院',52,3,'G'),(77909,'贵州省广播电视大学',52,3,'G'),(992450,'贵州省贵定县贵定师范（都匀校区）',52,3,'G'),(979308,'贵州省交通大学',52,3,'G'),(972665,'贵州省教育学院',52,3,'G'),(92641,'贵州省经济管理干部学院',52,3,'G'),(980493,'贵州省经济学校',52,3,'G'),(95330,'贵州省林业学校',52,3,'G'),(973432,'贵州省牧畜兽医学校',52,3,'G'),(988210,'贵州省纳雍县职业技术学校',52,3,'G'),(970902,'贵州省黔东南民族行政管理学校',52,3,'G'),(80623,'贵州省黔东南洲民族学院',52,3,'G'),(978541,'贵州省黔南州高级技工学校',52,3,'G'),(972151,'贵州省黔西南民族职业技术学院',52,3,'G'),(980876,'贵州省人民警察学校',52,3,'G'),(989489,'贵州省人民警察职业学院',52,3,'G'),(988296,'贵州省人民医院护士学校',52,3,'G'),(977234,'贵州省社会主义学院',52,3,'G'),(990516,'贵州省水利电力学校',52,3,'G'),(12574,'贵州省体育运动学院',52,3,'G'),(975715,'贵州省铜仁民族学院',52,3,'G'),(975717,'贵州省铜仁农校',52,3,'G'),(985878,'贵州省外贸学校',52,3,'G'),(971759,'贵州省威宁民族师范学校',52,3,'G'),(971307,'贵州省委党校',52,3,'G'),(977055,'贵州省畜牧兽医学校',52,3,'G'),(12554,'贵州师大',52,3,'G'),(986705,'贵州师范大学',52,3,'G'),(995321,'贵州师范大学安顺学院',52,3,'G'),(991851,'贵州师范大学汉语言文学',52,3,'G'),(867704,'贵州师范大学求是学院',52,3,'G'),(975802,'贵州师范大学职业技术学院',52,3,'G'),(68830,'贵州师范学院',52,3,'G'),(971471,'贵州市财经学校',52,3,'G'),(985185,'贵州司法警官学校',52,3,'G'),(971570,'贵州铁路技术学校',52,3,'G'),(985914,'贵州无线电工业学校',52,3,'G'),(984013,'贵州无线电信息学院',52,3,'G'),(68798,'贵州亚泰职业学院',52,3,'G'),(970920,'贵州医学院',52,3,'G'),(989605,'贵州艺专',52,3,'G'),(983489,'贵州中山科技学校',52,3,'G'),(985638,'贵州中医学院',52,3,'G'),(985598,'贵族广播电视大学',52,3,'G'),(982499,'金筑学院',52,3,'J'),(975860,'锦屏农业大学',52,3,'J'),(970335,'凯里财贸学院',52,3,'K'),(978974,'凯里林校',52,3,'K'),(985201,'凯里四一八卫校分院',52,3,'K'),(12547,'凯里学院',52,3,'K'),(92642,'黎阳高等技术学院',52,3,'L'),(992195,'六盘水党校',52,3,'L'),(978517,'六盘水广播电视大学',52,3,'L'),(867702,'六盘水师范高等专科学校',52,3,'L'),(12546,'六盘水师范学院',52,3,'L'),(979540,'六盘水市财校',52,3,'L'),(980621,'六盘水市农业技术学校',52,3,'L'),(77913,'黔东南广播电视大学',52,3,'Q'),(977428,'黔东南民族行政管理学校',52,3,'Q'),(12569,'黔东南民族职业技术学院',52,3,'Q'),(989929,'黔东南州委党校',52,3,'Q'),(978420,'黔南电大',52,3,'Q'),(976898,'黔南民族师范学院',52,3,'Q'),(12570,'黔南民族师范学院',52,3,'Q'),(12571,'黔南民族医学高等专科学校',52,3,'Q'),(977549,'黔南医专',52,3,'Q'),(991830,'黔南州工业学校',52,3,'Q'),(77914,'黔南州社会大学',52,3,'Q'),(80626,'黔西南民族师范学院',52,3,'Q'),(80621,'黔西南民族职业技术学院',52,3,'Q'),(984908,'三穗大学',52,3,'S'),(972441,'社会实践大学',52,3,'S'),(978839,'十三亩大学',52,3,'S'),(986847,'石宝溪农业大学',52,3,'S'),(983710,'铜仁地区卫生学校',52,3,'T'),(984564,'铜仁仁学院',52,3,'T'),(12568,'铜仁学院',52,3,'T'),(77912,'铜仁职业技术学院',52,3,'T'),(972730,'威宁民族师范学校',52,3,'W'),(92643,'武警贵阳指挥学院',52,3,'W'),(975923,'武警贵阳指挥学院职业分校',52,3,'W'),(971567,'西秀区党校',52,3,'X'),(990862,'兴仁民族职业技术学校',52,3,'X'),(980371,'兴义民族师范学院',52,3,'X'),(792747,'兴义民族师范学院',52,3,'X'),(971218,'兴义民族师范学院',52,3,'X'),(992368,'兴义市卫生管理学校',52,3,'X'),(995544,'织金师范',52,3,'Z'),(969946,'中共贵州省委党校',52,3,'Z'),(98507,'中共贵州省委党校,贵州行政学院',52,3,'Z'),(987018,'中共中央贵州省党校函授学院',52,3,'Z'),(986840,'中国农业大学百兴镇校区',52,3,'Z'),(992214,'中央电视广播大学贵州省黔南大专分校',52,3,'Z'),(971579,'中央广播电视大学六盘水分校',52,3,'Z'),(971583,'中央广播电视大学六盘水市电视大学',52,3,'Z'),(996740,'中央农业广播电视大学',52,3,'Z'),(990400,'遵义财贸学校',52,3,'Z'),(989794,'遵义地委党校',52,3,'Z'),(976074,'遵义电大',52,3,'Z'),(977906,'遵义高等医药学校',52,3,'Z'),(982784,'遵义航天职业技术学院',52,3,'Z'),(12567,'遵义师范',52,3,'Z'),(80618,'遵义师范学院',52,3,'Z'),(973573,'遵义师范学院栋青园分院',52,3,'Z'),(94131,'遵义师范学院汇川分院',52,3,'Z'),(94132,'遵义师范学院南白分院',52,3,'Z'),(987700,'遵义市广播电视大学',52,3,'Z'),(80629,'遵义市职业技术学院',52,3,'Z'),(980133,'遵义卫生专科学院',52,3,'Z'),(975974,'遵义卫校',52,3,'Z'),(978879,'遵义县马家湾县职高业技术学校',52,3,'Z'),(12566,'遵义医学院',52,3,'Z'),(867706,'遵义医学院医学与科技学院',52,3,'Z'),(68794,'遵义医药高等专科学校',52,3,'Z'),(80625,'遵义职业技术学院',52,3,'Z'),(985845,'遵义中医学校',52,3,'Z'),(971387,'贵州城乡建筑学校',52,3,'G'),(988068,'榕江职业技术学院',52,3,'Z'),(11360,'吉林大学',22,3,'J'),(11380,'延边大学',22,3,'Y'),(11345,'东北师范大学',22,3,'D'),(11391,'长春大学',22,3,'C'),(11355,'吉林农业大学',22,3,'J'),(11388,'长春中医药',22,3,'C'),(11347,'东北电力大学',22,3,'D'),(986755,'安广师范',22,3,'A'),(992297,'白城财经学校',22,3,'B'),(11440,'白城工交职工大学',22,3,'B'),(976501,'白城工业交通大学',22,3,'B'),(986179,'白城粮校',22,3,'B'),(11383,'白城师范学院',22,3,'B'),(977170,'白城市工业技术学校',22,3,'B'),(972543,'白城卫校',22,3,'B'),(11382,'白城医学高等专科学校',22,3,'B'),(11384,'白城职业技术学院',22,3,'B'),(11441,'白求恩医科大学',22,3,'B'),(996341,'白山市广播电视大学',22,3,'B'),(990782,'白山市林业技工学校',22,3,'B'),(983139,'白山市师范学院',22,3,'B'),(94822,'白山市网络技术学院',22,3,'B'),(11348,'北华大学',22,3,'B'),(979422,'北华大学工学院',22,3,'B'),(80898,'北华大学师范分院',22,3,'B'),(979239,'北京国防科技大学',22,3,'B'),(80896,'长白山职业技术学院',22,3,'C'),(971348,'长城信息学校',22,3,'C'),(867258,'长春博文职业学院',22,3,'C'),(979363,'长春传媒大学',22,3,'C'),(975983,'长春大学成人教育学院',22,3,'C'),(11392,'长春大学光华学院',22,3,'C'),(11393,'长春大学旅游学院',22,3,'C'),(983834,'长春大学外国语学院',22,3,'C'),(976963,'长春大学职业技术学院',22,3,'C'),(92834,'长春地质学院',22,3,'C'),(970149,'长春电播电视大学',22,3,'C'),(976491,'长春电力学校',22,3,'C'),(978339,'长春东方大学医学院',22,3,'C'),(11387,'长春东方职业学院',22,3,'C'),(985982,'长春飞行学院',22,3,'C'),(971447,'长春干部管理学院',22,3,'C'),(972781,'长春高等地质专科学校',22,3,'C'),(867261,'长春高等汽车专科学校',22,3,'C'),(11396,'长春工程学院',22,3,'C'),(11394,'长春工业大学',22,3,'C'),(92835,'长春工业大学高等职业技术学院',22,3,'C'),(977047,'长春工业大学继续教育学院',22,3,'C'),(986953,'长春工业大学继续学院',22,3,'C'),(11395,'长春工业大学人文信息学院',22,3,'C'),(973806,'长春工业技术学院',22,3,'C'),(92847,'长春广播电视大学',22,3,'C'),(92849,'长春国际商务学院',22,3,'C'),(992312,'长春航空飞行学院',22,3,'C'),(92836,'长春技术学院',22,3,'C'),(970949,'长春技术职业学院',22,3,'C'),(987802,'长春建筑材料工业学院',22,3,'C'),(971018,'长春建筑学院',22,3,'C'),(867248,'长春教育学院',22,3,'C'),(11404,'长春金融高等专科学校',22,3,'C'),(992296,'长春金融管理干部学院',22,3,'C'),(92837,'长春经济管理干部学院',22,3,'C'),(976118,'长春警官学院',22,3,'C'),(989512,'长春军需大学',22,3,'C'),(972852,'长春军需大学',22,3,'C'),(973751,'长春科技大学',22,3,'C'),(11399,'长春理工大学',22,3,'C'),(11400,'长春理工大学光电信息学院',22,3,'C'),(984076,'长春理工商贸学院',22,3,'C'),(92838,'长春煤炭管理干部学院',22,3,'C'),(987378,'长春农行管理干部学院',22,3,'C'),(867259,'长春汽车高等专科学校',22,3,'C'),(11398,'长春汽车工业高等专科学校',22,3,'C'),(11397,'长春师范学院',22,3,'C'),(986060,'长春市达兴汽车专科学校',22,3,'C'),(976301,'长春市第二中等卫生职业技术学校',22,3,'C'),(990837,'长春市第一轻工业局技工学校',22,3,'C'),(971226,'长春市工业美术设计',22,3,'C'),(11437,'长春市公共关系学校',22,3,'C'),(992037,'长春市公用事业技工学校',22,3,'C'),(11439,'长春市吉林工商学院',22,3,'C'),(973813,'长春市技师学院',22,3,'C'),(867255,'长春市建筑职工业余大学',22,3,'C'),(970023,'长春市教育学院',22,3,'C'),(970941,'长春市净月资源管理中等学校',22,3,'C'),(985904,'长春市劳动和社会保障局高级技术学校',22,3,'C'),(867262,'长春市培林外国语职业学校',22,3,'C'),(970322,'长春市人民警察学校',22,3,'C'),(978338,'长春市人民警察学校',22,3,'C'),(985696,'长春市商务旅游学校',22,3,'C'),(92848,'长春市师范学院',22,3,'C'),(81552,'长春市水利电力学院',22,3,'C'),(970016,'长春市文理学院',22,3,'C'),(978235,'长春市兴业大学',22,3,'C'),(996709,'长春市职工大学',22,3,'C'),(995365,'长春市职工大学',22,3,'C'),(867254,'长春市直属机关业余大学',22,3,'C'),(92839,'长春市中医学院医学院',22,3,'C'),(11401,'长春税务',22,3,'C'),(982333,'长春税务学院',22,3,'C'),(977987,'长春孙进技校',22,3,'C'),(977286,'长春武警指挥学院',22,3,'C'),(973957,'长春现代技术专修学院',22,3,'C'),(996851,'长春现代商务职业技术学校',22,3,'C'),(11389,'长春信息技术职业学院',22,3,'C'),(995540,'长春冶金地质学校',22,3,'C'),(972783,'长春冶金地质专科学校',22,3,'C'),(986632,'长春冶金建筑学校',22,3,'C'),(11390,'长春医学高等专科学校',22,3,'C'),(976141,'长春医药化工工业技工学校',22,3,'C'),(867263,'长春艺术学校',22,3,'C'),(92840,'长春邮电学院',22,3,'C'),(70666,'长春幼儿师范学校',22,3,'C'),(867256,'长春职工大学',22,3,'C'),(986194,'长春职工医科大学',22,3,'C'),(867253,'长春职工医科大学',22,3,'C'),(990938,'长春中航工业技术学校',22,3,'C'),(976103,'长春中铁十三局技师学院',22,3,'C'),(92841,'长春中医药大学',22,3,'C'),(977563,'长春装甲兵技术学院',22,3,'C'),(989824,'长春装甲兵技术学院',22,3,'C'),(68824,'长影影视艺术学校',22,3,'C'),(992477,'东北师范大学对外经贸学院',22,3,'D'),(11346,'东北师范大学人文学院',22,3,'D'),(970356,'东北师范人文学院',22,3,'D'),(986790,'东北师范文学院',22,3,'D'),(979259,'敦化市成人高等专科学校',22,3,'D'),(977190,'丰满水电技术学校',22,3,'F'),(986081,'丰满水电技术学校',22,3,'F'),(988330,'公主岭师范',22,3,'G'),(972888,'管理干部学院',22,3,'G'),(94515,'国家检查官学院吉林省分院',22,3,'G'),(979030,'吉大外贸学院',22,3,'J'),(993529,'吉化集团公司技工学校',22,3,'J'),(972235,'吉林北华大学',22,3,'J'),(867260,'吉林北华管理学院',22,3,'J'),(98584,'吉林财经大学',22,3,'J'),(988091,'吉林财经大学经济信息学院',22,3,'J'),(11402,'吉林财经大学信息经济学院',22,3,'J'),(77652,'吉林财贸学院',22,3,'J'),(11410,'吉林财税高等专科学校',22,3,'J'),(979005,'吉林财政高等专科学校',22,3,'J'),(982376,'吉林长春光学精密机械学院',22,3,'J'),(989472,'吉林长春职工医科大学',22,3,'J'),(11411,'吉林传播学院',22,3,'J'),(867245,'吉林大学—莱姆顿学院',22,3,'J'),(970359,'吉林大学【函授】',22,3,'J'),(996547,'吉林大学白求恩医学院',22,3,'J'),(982921,'吉林大学博文专科艺术学院',22,3,'J'),(985656,'吉林大学地球科学学院',22,3,'J'),(978445,'吉林大学对外经济贸易学院',22,3,'J'),(11438,'吉林大学工商管理学院',22,3,'J'),(93650,'吉林大学工商管理学院-长飞校区',22,3,'J'),(980364,'吉林大学管理学院',22,3,'J'),(93658,'吉林大学和平校区',22,3,'J'),(995765,'吉林大学计算机科学与技术学院',22,3,'J'),(995325,'吉林大学计算机与技术学院',22,3,'J'),(990943,'吉林大学口腔医学院',22,3,'J'),(11361,'吉林大学莱姆顿学院',22,3,'J'),(77578,'吉林大学龙桥教育和平校区',22,3,'J'),(975896,'吉林大学南岭校区',22,3,'J'),(972622,'吉林大学商学院',22,3,'J'),(987236,'吉林大学生命科学学院',22,3,'J'),(983484,'吉林大学文学院',22,3,'J'),(973590,'吉林大学应用技术学院',22,3,'J'),(982916,'吉林第四军医学院',22,3,'J'),(984636,'吉林电子职业技术学院',22,3,'J'),(983641,'吉林东北电力技师学院',22,3,'J'),(92833,'吉林动画学院',22,3,'J'),(11362,'吉林对外经贸职业学院',22,3,'J'),(92845,'吉林俄语学院',22,3,'J'),(11413,'吉林俄语专修学院',22,3,'J'),(977829,'吉林高等商业专科学校',22,3,'J'),(972506,'吉林高等专科学校',22,3,'J'),(70706,'吉林工程技术师范学院',22,3,'J'),(976300,'吉林工程技术职业师范学院',22,3,'J'),(11367,'吉林工程师范',22,3,'J'),(977196,'吉林工贸学校',22,3,'J'),(68874,'吉林工商管理专修学院',22,3,'J'),(972180,'吉林工商学院',22,3,'J'),(11366,'吉林工商学院—财经校区',22,3,'J'),(11365,'吉林工商学院—工程校区',22,3,'J'),(11364,'吉林工商学院—商贸校区',22,3,'J'),(973438,'吉林工学院',22,3,'J'),(94920,'吉林工业大学',22,3,'J'),(971454,'吉林工业经济学校',22,3,'J'),(976430,'吉林工业职业化工管理学院',22,3,'J'),(11363,'吉林工业职业技术学院',22,3,'J'),(11351,'吉林公安高等专科学校',22,3,'J'),(11406,'吉林广播电视大学',22,3,'J'),(11414,'吉林国际语言文化学院',22,3,'J'),(11358,'吉林华桥外国语学院',22,3,'J'),(867244,'吉林华桥外语',22,3,'J'),(11356,'吉林化工',22,3,'J'),(978899,'吉林化工技工学校',22,3,'J'),(867252,'吉林化学工业公司职工大学',22,3,'J'),(980447,'吉林机械工业学校',22,3,'J'),(972150,'吉林技术工程师范学院',22,3,'J'),(11370,'吉林建工',22,3,'J'),(975858,'吉林建工城建学院',22,3,'J'),(966150,'吉林建筑工程学院',22,3,'J'),(11371,'吉林建筑工程学院城建学院',22,3,'J'),(11372,'吉林建筑工程学院建筑装饰学院',22,3,'J'),(11349,'吉林交通职业技术学院',22,3,'J'),(11375,'吉林经济管理干部学院',22,3,'J'),(975572,'吉林经济贸易学校',22,3,'J'),(993687,'吉林警察高等专科学校',22,3,'J'),(867264,'吉林警察学院',22,3,'J'),(971440,'吉林军星艺术学校',22,3,'J'),(11416,'吉林军医学院',22,3,'J'),(980096,'吉林科技大学',22,3,'J'),(977239,'吉林空军航空工程学校',22,3,'J'),(996647,'吉林空军医学专科高等学校',22,3,'J'),(985919,'吉林空军医学专科学校',22,3,'J'),(11418,'吉林粮食高等专科学校',22,3,'J'),(982338,'吉林林学院',22,3,'J'),(80895,'吉林农大发展学院',22,3,'J'),(991942,'吉林农垦特产高等专科学校',22,3,'J'),(11352,'吉林农业大学发展学院',22,3,'J'),(11353,'吉林农业工程职业技术学院',22,3,'J'),(11354,'吉林农业科技学院',22,3,'J'),(11419,'吉林商业高等专科学校',22,3,'J'),(983898,'吉林省白山市幼儿师范学院',22,3,'J'),(11420,'吉林省财税高等专科学校',22,3,'J'),(995910,'吉林省财政学校',22,3,'J'),(92843,'吉林省长春市博文职业技术学院',22,3,'J'),(986829,'吉林省长春市人民警察学校',22,3,'J'),(990412,'吉林省长春市装甲兵技术学院',22,3,'J'),(980824,'吉林省城市建设学校',22,3,'J'),(979282,'吉林省电大',22,3,'J'),(11421,'吉林省纺织工业学校',22,3,'J'),(986760,'吉林省工程高级技师学院',22,3,'J'),(986864,'吉林省工业设计学校',22,3,'J'),(983132,'吉林省公主岭市职业学校',22,3,'J'),(867265,'吉林省孤儿职业学校',22,3,'J'),(978925,'吉林省广播电视大学白山分校',22,3,'J'),(984218,'吉林省机械工业学校',22,3,'J'),(80899,'吉林省吉林市北华大学师范分院',22,3,'J'),(94146,'吉林省吉林市北华大学示范分院',22,3,'J'),(949589,'吉林省吉林市丰满电力工业学校',22,3,'J'),(11422,'吉林省吉林市空军吉林航空工程学校',22,3,'J'),(81551,'吉林省吉林职工医科大学',22,3,'J'),(990359,'吉林省计算机专修学院',22,3,'J'),(11374,'吉林省教育学院',22,3,'J'),(971689,'吉林省经济贸易高等专科学院',22,3,'J'),(971559,'吉林省劳动技术学校',22,3,'J'),(972604,'吉林省梨树技工学校',22,3,'J'),(989303,'吉林省粮食高等专科',22,3,'J'),(986823,'吉林省林业技工学校',22,3,'J'),(970163,'吉林省龙桥科技教育学院',22,3,'J'),(982575,'吉林省梅河口市技工学校',22,3,'J'),(982659,'吉林省前进技工学校',22,3,'J'),(991836,'吉林省轻工技术学院',22,3,'J'),(976166,'吉林省轻工业学校',22,3,'J'),(11424,'吉林省商业高等专科学校',22,3,'J'),(971712,'吉林省商业技工学校',22,3,'J'),(985857,'吉林省生物医药技工学校',22,3,'J'),(973425,'吉林省省委党校',22,3,'J'),(982998,'吉林省石油学校',22,3,'J'),(11407,'吉林省私立松花江大学',22,3,'J'),(976259,'吉林省司法警官学校',22,3,'J'),(973779,'吉林省四平市农业机械化学校',22,3,'J'),(983544,'吉林省四平市商业职工学校',22,3,'J'),(979651,'吉林省四平市医学院',22,3,'J'),(990767,'吉林省四平卫学校',22,3,'J'),(985641,'吉林省通化师范学院分院海龙分校',22,3,'J'),(996737,'吉林省通化市医药学院',22,3,'J'),(81553,'吉林省通话师范学院白山分院',22,3,'J'),(976525,'吉林省委党校',22,3,'J'),(985152,'吉林省物资学校',22,3,'J'),(993276,'吉林省物资学院',22,3,'J'),(11426,'吉林省戏曲学校',22,3,'J'),(92842,'吉林省信息工程学院',22,3,'J'),(11427,'吉林省行政干部管理学院',22,3,'J'),(867251,'吉林省行政管理干部学院',22,3,'J'),(993472,'吉林省医学院白城分院',22,3,'J'),(11428,'吉林省邮电学校',22,3,'J'),(982388,'吉林省中共省委党校',22,3,'J'),(979291,'吉林省中央党校',22,3,'J'),(985273,'吉林省中医学校',22,3,'J'),(984904,'吉林省中医药学校',22,3,'J'),(11429,'吉林省中医药专修学院',22,3,'J'),(983617,'吉林省蛟河市卫校',22,3,'J'),(11368,'吉林师范',22,3,'J'),(11369,'吉林师范大学博达学院',22,3,'J'),(98095,'吉林师范大学分院',22,3,'J'),(991052,'吉林师范大学继续教育学院',22,3,'J'),(988148,'吉林师范大学美术学院',22,3,'J'),(78225,'吉林师范大学松原分院',22,3,'J'),(92831,'吉林师范大学应用工程学院',22,3,'J'),(966151,'吉林师范学院',22,3,'J'),(990403,'吉林石化工程学院',22,3,'J'),(972522,'吉林市电子信息工程学院',22,3,'J'),(971365,'吉林市工商管理学院',22,3,'J'),(990505,'吉林市广播电视大学',22,3,'J'),(992272,'吉林市化工技工学校',22,3,'J'),(979153,'吉林市江南师范学院',22,3,'J'),(980484,'吉林市经济贸易学校',22,3,'J'),(11409,'吉林市联合大学',22,3,'J'),(995692,'吉林市旅游学校',22,3,'J'),(973371,'吉林市女子职业学校',22,3,'J'),(970003,'吉林市人民警察学校',22,3,'J'),(979439,'吉林市委党校',22,3,'J'),(980367,'吉林市艺术幼儿师范学校',22,3,'J'),(982594,'吉林市永吉师范学校',22,3,'J'),(985143,'吉林市职工大学',22,3,'J'),(973905,'吉林市综艺广播艺术专修学校',22,3,'J'),(996220,'吉林市蛟河卫校',22,3,'J'),(11359,'吉林司法警官职业学院',22,3,'J'),(92850,'吉林体育学院',22,3,'J'),(11350,'吉林体院',22,3,'J'),(11378,'吉林铁道职业技术学院',22,3,'J'),(972880,'吉林铁路经济学校',22,3,'J'),(991850,'吉林铁路职业技术学院',22,3,'J'),(988320,'吉林延吉市委党校',22,3,'J'),(990354,'吉林冶金工业学校',22,3,'J'),(978036,'吉林医学高等专科学校',22,3,'J'),(11357,'吉林医药学院',22,3,'J'),(11376,'吉林艺术学院',22,3,'J'),(987726,'吉林艺术学院',22,3,'J'),(94921,'吉林艺术学院城市艺术学院',22,3,'J'),(11377,'吉林艺术学院动画学院',22,3,'J'),(970228,'吉林艺术学院现代传媒学院',22,3,'J'),(995363,'吉林油田技工学校',22,3,'J'),(77658,'吉林职工医科大学',22,3,'J'),(867257,'吉林职业师范学院',22,3,'J'),(979002,'吉林职业医科大学',22,3,'J'),(976243,'吉林装甲兵技术学院',22,3,'J'),(94922,'解放军农牧大学',22,3,'J'),(980109,'九台文波职校',22,3,'J'),(984781,'空军长春第二航空学院',22,3,'K'),(980499,'空军长春飞行学院',22,3,'K'),(988283,'空军第二工程学院',22,3,'K'),(77654,'空军航空大学',22,3,'K'),(867249,'梨树农村成人高等专科学校',22,3,'L'),(972313,'梨树师范',22,3,'L'),(988074,'梨树师范学校',22,3,'L'),(11434,'辽源广播电视大学',22,3,'L'),(988082,'辽源商业学校',22,3,'L'),(995529,'辽源商业学校',22,3,'L'),(11435,'辽源师范学院',22,3,'L'),(985773,'辽源卫校',22,3,'L'),(11385,'辽源职业技术学院',22,3,'L'),(94093,'农安师范',22,3,'N'),(970114,'农行长春管理干部学院',22,3,'N'),(970817,'磐石农业技术学校',22,3,'P'),(990644,'磐石市电视大学',22,3,'P'),(871338,'磐石市职业教育中心',22,3,'P'),(80905,'前郭蒙师松原师范',22,3,'Q'),(996270,'舒兰矿务局职工大学',22,3,'S'),(980715,'舒兰矿务局职工大学',22,3,'S'),(986722,'双辽市职业中专',22,3,'S'),(11430,'四平大学',22,3,'S'),(11431,'四平广播电视大学',22,3,'S'),(982720,'四平农机学校',22,3,'S'),(11432,'四平师范学院',22,3,'S'),(971150,'四平市法律函授进修学院',22,3,'S'),(80897,'四平市祥云科学技术学院',22,3,'S'),(978594,'四平卫校',22,3,'S'),(985584,'四平乡镇卫生学校',22,3,'S'),(11379,'四平职业大学',22,3,'S'),(993450,'松原电大',22,3,'S'),(993602,'松原广播电视大学',22,3,'S'),(976060,'松原市广播电视大学',22,3,'S'),(11381,'松原职业技术学院',22,3,'S'),(92846,'孙进技术学院',22,3,'S'),(972117,'通化地区教育学院',22,3,'T'),(867247,'通化钢铁公司职工大学',22,3,'T'),(977911,'通化工业学校',22,3,'T'),(11408,'通化广播电视大学',22,3,'T'),(986225,'通化教育学院',22,3,'T'),(11386,'通化师范',22,3,'T'),(81554,'通化师范学校白山分院',22,3,'T'),(94145,'通化师范学院白山分院',22,3,'T'),(982466,'通化市党校',22,3,'T'),(867246,'通化市职工大学',22,3,'T'),(95409,'通化市职业教育中心',22,3,'T'),(987996,'通榆师范',22,3,'T'),(985989,'武警长春指挥学校',22,3,'W'),(975987,'雅贤楼茶艺师学校',22,3,'Y'),(977826,'延边财经学校',22,3,'Y'),(991960,'延边大学护理学院',22,3,'Y'),(978043,'延边大学师范分院',22,3,'Y'),(991867,'延边大学医学院',22,3,'Y'),(983856,'延边工业学校',22,3,'Y'),(976870,'延边广播电视大学',22,3,'Y'),(973656,'延边警校',22,3,'Y'),(986635,'延边科学技术大学',22,3,'Y'),(867250,'延边黎明农民大学',22,3,'Y'),(975992,'延边卫校',22,3,'Y'),(978323,'延边医学院',22,3,'Y'),(92832,'延边职工大学',22,3,'Y'),(972448,'延边职业技术学院',22,3,'Y'),(984761,'延吉国际合作技术学校',22,3,'Y'),(11442,'延吉文理专修学院',22,3,'Y'),(986594,'榆树市技工学校',22,3,'Y'),(979171,'中共吉林省委党校',22,3,'Z'),(988187,'中国第四军医大学',22,3,'Z'),(970299,'中国人民解放军军需大学',22,3,'Z'),(978209,'中国人民解放军农牧大学',22,3,'Z'),(92844,'中铁十三局技师学院',22,3,'Z'),(995770,'中央党校长春分校',22,3,'Z'),(996793,'中央党校吉林市分校',22,3,'Z'),(995384,'桦甸卫校',22,3,'Z'),(977507,'蛟河广播电视大学',22,3,'Z'),(11070,'江西财经',36,3,'J'),(11011,'南昌大学',36,3,'N'),(11009,'华东交通大学',36,3,'H'),(11016,'南昌航空大学',36,3,'N'),(11013,'南昌工程学院',36,3,'N'),(11015,'南昌理工',36,3,'N'),(80971,'安源学院',36,3,'A'),(984584,'安远县职业学校',36,3,'A'),(973010,'长城学院',36,3,'C'),(985078,'长江理工科技学院',36,3,'C'),(971353,'城建学院',36,3,'C'),(11003,'东华理工大学',36,3,'D'),(11004,'东华理工大学长江学院',36,3,'D'),(72034,'东华理工大学行知分院',36,3,'D'),(989767,'都昌职业技术学校',36,3,'D'),(983813,'丰城党校',36,3,'F'),(70677,'丰良国际艺术学院',36,3,'F'),(973703,'抚州地质学院',36,3,'F'),(980079,'抚州广播电视大学',36,3,'F'),(70678,'抚州职业技术学院',36,3,'F'),(976920,'富奇汽校',36,3,'F'),(983955,'赣北学校',36,3,'G'),(982324,'赣北育才科技学校',36,3,'G'),(11082,'赣南教育学院',36,3,'G'),(11080,'赣南师范学院',36,3,'G'),(996892,'赣南师范学院继续教育学院',36,3,'G'),(11081,'赣南师范学院科技学院',36,3,'G'),(11079,'赣南医学院',36,3,'G'),(993483,'赣南专修学院',36,3,'G'),(11083,'赣西科技职业学院',36,3,'G'),(77776,'赣西学院',36,3,'G'),(971357,'赣县电子工程学院',36,3,'G'),(976146,'赣县职业技术学校',36,3,'G'),(977322,'赣州电子工业技校',36,3,'G'),(975824,'赣州广播电视大学电大',36,3,'G'),(985308,'赣州师范学校',36,3,'G'),(972580,'赣州市环境学院',36,3,'G'),(979616,'赣州市菊艺服装艺术学校',36,3,'G'),(995401,'高安师范',36,3,'G'),(93196,'护理学院',36,3,'H'),(11010,'华东交通大学理工学院',36,3,'H'),(94839,'华海专修学院',36,3,'H'),(983532,'会昌职校',36,3,'H'),(993642,'吉安大学',36,3,'J'),(93197,'吉安广播电视大学',36,3,'J'),(978021,'吉安女子商贸学校',36,3,'J'),(95095,'吉安师范',36,3,'J'),(979016,'吉安市技工学校',36,3,'J'),(973750,'吉安市实验技校',36,3,'J'),(987819,'吉安信息工程学校',36,3,'J'),(970310,'吉水南方少林武术国际学校',36,3,'J'),(976513,'吉州区委党校',36,3,'J'),(979705,'江南财经管理干部学院',36,3,'J'),(989519,'江南财贸大学',36,3,'J'),(973413,'江南财贸专修学院',36,3,'J'),(979223,'江铜高级技工学校',36,3,'J'),(93198,'江西财经大学',36,3,'J'),(986107,'江西财经大学成教学院',36,3,'J'),(988331,'江西财经大学工商管理学院',36,3,'J'),(94973,'江西财经大学金融学院',36,3,'J'),(982471,'江西财经大学统计学院',36,3,'J'),(11071,'江西财经大学现代经济管理学院',36,3,'J'),(95228,'江西财经理工学院',36,3,'J'),(979053,'江西财经理工专修学院',36,3,'J'),(94172,'江西财经学院九江分院',36,3,'J'),(11072,'江西财经职业学院',36,3,'J'),(992337,'江西财税学校',36,3,'J'),(11037,'江西城市学院',36,3,'J'),(93199,'江西城市职业技术学院',36,3,'J'),(93200,'江西城市职业学院',36,3,'J'),(978066,'江西大学应用科学学院',36,3,'J'),(11039,'江西大宇学院',36,3,'J'),(93201,'江西大宇职业技术学院',36,3,'J'),(990760,'江西党校',36,3,'J'),(976297,'江西电大',36,3,'J'),(93202,'江西电力技师学院',36,3,'J'),(980679,'江西电力学院',36,3,'J'),(11060,'江西电力职业技术学院',36,3,'J'),(93203,'江西电信学院',36,3,'J'),(987242,'江西电子信息工程学校',36,3,'J'),(976312,'江西电子信息学院',36,3,'J'),(871506,'江西东华科技学院',36,3,'J'),(93204,'江西翻译学院',36,3,'J'),(80965,'江西翻译专修学院',36,3,'J'),(982970,'江西纺织工业学院',36,3,'J'),(989322,'江西纺织技术学校',36,3,'J'),(93205,'江西枫林涉外经贸职业学院',36,3,'J'),(93206,'江西枫林涉外职业技术学院',36,3,'J'),(11052,'江西服装学院',36,3,'J'),(867667,'江西服装职业技术学院',36,3,'J'),(986752,'江西抚州富奇汽车职业学校',36,3,'J'),(978245,'江西抚州农业学校',36,3,'J'),(982754,'江西赣江大学',36,3,'J'),(11073,'江西赣江职业技术学院',36,3,'J'),(980398,'江西赣南专修学院',36,3,'J'),(993547,'江西赣州菊艺服装职业学校',36,3,'J'),(971313,'江西高等学院',36,3,'J'),(978389,'江西高级工程技工学校',36,3,'J'),(987305,'江西工程高级技工学校',36,3,'J'),(11043,'江西工程职业学院',36,3,'J'),(93208,'江西工贸学院',36,3,'J'),(985899,'江西工学院',36,3,'J'),(11040,'江西工业工程职业技术学院',36,3,'J'),(11042,'江西工业贸易职业技术学院',36,3,'J'),(971052,'江西工业学院',36,3,'J'),(11041,'江西工业职业技术学院',36,3,'J'),(970859,'江西供应职业技术学院',36,3,'J'),(972350,'江西共产主义劳动大学',36,3,'J'),(980489,'江西光明中西医结合专修学院',36,3,'J'),(93209,'江西广播电视大学',36,3,'J'),(81622,'江西广播电视大学吉安分校',36,3,'J'),(978280,'江西广播电视大学萍乡分校',36,3,'J'),(80960,'江西海联大学',36,3,'J'),(982914,'江西航海船舶技术学校',36,3,'J'),(11067,'江西航空职业技术学院',36,3,'J'),(94544,'江西航天技师学院',36,3,'J'),(93210,'江西护理学院',36,3,'J'),(11049,'江西护理职业技术学院',36,3,'J'),(984654,'江西华海专修学院',36,3,'J'),(973663,'江西华侨学院',36,3,'J'),(979623,'江西华伍职业技术学校',36,3,'J'),(80969,'江西华夏英才软件学院',36,3,'J'),(973400,'江西华忆电子科技学院',36,3,'J'),(979032,'江西环境工程学院',36,3,'J'),(11055,'江西环境工程职业学院',36,3,'J'),(11053,'江西机电职业技术学院',36,3,'J'),(987140,'江西机械职工大学',36,3,'J'),(979514,'江西技师学院',36,3,'J'),(990688,'江西技师学院',36,3,'J'),(11048,'江西建设职业技术学院',36,3,'J'),(985842,'江西建筑工程技术学院',36,3,'J'),(11027,'江西交通职业技术学院',36,3,'J'),(11050,'江西教育学院',36,3,'J'),(98925,'江西金鼎科技学院',36,3,'J'),(98926,'江西金鼎科技学院九江分院',36,3,'J'),(986260,'江西金融职工大学',36,3,'J'),(992044,'江西经管专修学院',36,3,'J'),(11065,'江西经济管理干部学院',36,3,'J'),(982714,'江西经济管理学院',36,3,'J'),(11066,'江西经济管理职业学院',36,3,'J'),(94538,'江西经济管理专修学院',36,3,'J'),(93211,'江西井冈山师范学院',36,3,'J'),(972351,'江西警察学院',36,3,'J'),(975654,'江西警察学院',36,3,'J'),(11030,'江西警察学院',36,3,'J'),(986668,'江西景德镇市卫生学校',36,3,'J'),(971632,'江西景德镇陶瓷学院',36,3,'J'),(973550,'江西九江阿阳音乐学院',36,3,'J'),(979201,'江西九江广播电视大学',36,3,'J'),(970540,'江西九江学院',36,3,'J'),(975947,'江西科技大学',36,3,'J'),(11062,'江西科技师范学院',36,3,'J'),(11063,'江西科技师范学院理工学院',36,3,'J'),(93212,'江西科技示范学院',36,3,'J'),(11064,'江西科技职业学院',36,3,'J'),(975783,'江西蓝昌大学技术学院',36,3,'J'),(93213,'江西蓝天豪杰学院',36,3,'J'),(970883,'江西蓝天学院',36,3,'J'),(993343,'江西劳动技工学院',36,3,'J'),(885524,'江西理工大学',36,3,'J'),(93967,'江西理工大学南昌校区',36,3,'J'),(11058,'江西理工大学应用科学学院',36,3,'J'),(979280,'江西龙南职专',36,3,'J'),(80967,'江西旅游商贸学院',36,3,'J'),(11051,'江西旅游商贸职业学院',36,3,'J'),(975566,'江西煤炭工业学校',36,3,'J'),(984855,'江西美术专修学院',36,3,'J'),(982619,'江西南昌财经大学',36,3,'J'),(93214,'江西南昌城市学院',36,3,'J'),(995538,'江西南昌服装学院',36,3,'J'),(989984,'江西南昌钢铁技术学校',36,3,'J'),(978478,'江西南昌工学院',36,3,'J'),(986237,'江西南昌公安专科学院',36,3,'J'),(993471,'江西南昌航空工业大学',36,3,'J'),(11035,'江西南昌教育学院',36,3,'J'),(970485,'江西南昌经济管理大学',36,3,'J'),(989524,'江西南昌旅游商贸职业学院',36,3,'J'),(979241,'江西南昌南飞工学院',36,3,'J'),(986006,'江西南昌外贸专修学院',36,3,'J'),(973474,'江西南昌职业学院',36,3,'J'),(867666,'江西农大',36,3,'J'),(11033,'江西农业大学',36,3,'J'),(11031,'江西农业大学南昌商学院',36,3,'J'),(11032,'江西农业工程职业学院',36,3,'J'),(970529,'江西女子专校',36,3,'J'),(11076,'江西青年职业学院',36,3,'J'),(11074,'江西轻工职业技术学院',36,3,'J'),(985570,'江西清林学院',36,3,'J'),(978223,'江西清林专修学院',36,3,'J'),(992276,'江西三江电子学院',36,3,'J'),(976246,'江西商贸旅游职业学院',36,3,'J'),(93215,'江西涉外经贸职业学院',36,3,'J'),(980116,'江西社会职业学院',36,3,'J'),(11059,'江西生物科技职业学院',36,3,'J'),(971426,'江西省兵器技工学校',36,3,'J'),(992469,'江西省兵器技术学院',36,3,'J'),(975904,'江西省第一工业学校',36,3,'J'),(989500,'江西省第一工业学校',36,3,'J'),(986286,'江西省电子信息工程学院',36,3,'J'),(95159,'江西省电子信息技师学院',36,3,'J'),(971037,'江西省赣中科技学校',36,3,'J'),(987841,'江西省工学院',36,3,'J'),(985176,'江西省工艺职业技术美术学院',36,3,'J'),(980366,'江西省共产主义劳动大学',36,3,'J'),(989528,'江西省光明中西医结合学院',36,3,'J'),(11061,'江西省广播电视大学',36,3,'J'),(93216,'江西省国防科技工业学院',36,3,'J'),(93217,'江西省护理职业技术学院',36,3,'J'),(93218,'江西省华忆科技学院',36,3,'J'),(94542,'江西省化工技术学院',36,3,'J'),(970380,'江西省吉安市师范专科学校',36,3,'J'),(980694,'江西省吉安卫校永丰分校',36,3,'J'),(93219,'江西省计算机科学院',36,3,'J'),(971616,'江西省建筑工程技术学校',36,3,'J'),(987822,'江西省建筑工程技术学院',36,3,'J'),(971405,'江西省景德镇市陶瓷专修学校',36,3,'J'),(983113,'江西省九江市外事旅游学校',36,3,'J'),(976945,'江西省粮食学校',36,3,'J'),(98081,'江西省龙南县职业中等专业学校',36,3,'J'),(980857,'江西省旅游管理学院',36,3,'J'),(976926,'江西省煤炭工业学校',36,3,'J'),(979424,'江西省煤炭技术学校',36,3,'J'),(975762,'江西省民政学校',36,3,'J'),(972229,'江西省南昌城市建设学校',36,3,'J'),(978510,'江西省南昌市城建学院',36,3,'J'),(77767,'江西省南昌市教育学院',36,3,'J'),(980425,'江西省南昌市绳金塔职业学校',36,3,'J'),(980442,'江西省南昌市业余大学',36,3,'J'),(970382,'江西省南昌铁路卫生学校',36,3,'J'),(68898,'江西省宁都师范学校',36,3,'J'),(986121,'江西省轻工业技工学校',36,3,'J'),(986939,'江西省人民警察学院',36,3,'J'),(988101,'江西省人民武装学校',36,3,'J'),(94974,'江西省涉外商学院',36,3,'J'),(93220,'江西省生物科技职业学院',36,3,'J'),(976520,'江西省水利工程技师学院',36,3,'J'),(983696,'江西省泰和师范',36,3,'J'),(95407,'江西省陶瓷工艺美术职业技术学院',36,3,'J'),(973556,'江西省委党校萍乡分院',36,3,'J'),(976389,'江西省文艺学校',36,3,'J'),(996701,'江西省无线电高级技工学校',36,3,'J'),(977176,'江西省无线电高级技工学院',36,3,'J'),(975723,'江西省无线电技工学院',36,3,'J'),(972284,'江西省新闻出版学院',36,3,'J'),(80413,'江西省新余市冶金技师学院',36,3,'J'),(978904,'江西省信息科技学校',36,3,'J'),(973410,'江西省畜牧水产学校',36,3,'J'),(972223,'江西省冶金技师学院',36,3,'J'),(94545,'江西省冶金技术学院',36,3,'J'),(986858,'江西省宜春地区卫生学校',36,3,'J'),(986296,'江西省宜春地区卫生学校',36,3,'J'),(993385,'江西省宜春华东科技学院',36,3,'J'),(977228,'江西省宜春师范高等专科学校',36,3,'J'),(980675,'江西省永新师范学校',36,3,'J'),(995670,'江西省渝州电子工业学院',36,3,'J'),(94543,'江西省中医药技术学院',36,3,'J'),(11044,'江西师大',36,3,'J'),(973758,'江西师大鹰潭分院',36,3,'J'),(992240,'江西师大鹰潭分院',36,3,'J'),(93221,'江西师范大学',36,3,'J'),(11045,'江西师范大学科学技术学院',36,3,'J'),(983674,'江西师范大学商学院',36,3,'J'),(93222,'江西师范大学鹰潭学院',36,3,'J'),(11036,'江西司法警官职业学院',36,3,'J'),(990612,'江西司法警院',36,3,'J'),(68840,'江西泰豪动漫职业学院',36,3,'J'),(980509,'江西泰和师范',36,3,'J'),(980528,'江西太阳能科技学院',36,3,'J'),(995696,'江西太阳能科技职业学院',36,3,'J'),(11075,'江西陶瓷工艺美术职业学院',36,3,'J'),(93223,'江西陶瓷职业美术技术学院',36,3,'J'),(980126,'江西特种防卫学校',36,3,'J'),(971626,'江西外经贸学院',36,3,'J'),(975596,'江西外贸专修学院',36,3,'J'),(77769,'江西外语外贸学院',36,3,'J'),(11038,'江西外语外贸职业学院',36,3,'J'),(11086,'江西万年师范学院',36,3,'J'),(988013,'江西万年职业技术学校',36,3,'J'),(970269,'江西卫生卫生职业技术学校',36,3,'J'),(11029,'江西先锋软件职业技术学院',36,3,'J'),(93224,'江西先锋软件职业学院',36,3,'J'),(93225,'江西现代学院',36,3,'J'),(11056,'江西现代职业技术学院',36,3,'J'),(72858,'江西新华电脑学院',36,3,'J'),(80958,'江西新科学院',36,3,'J'),(972290,'江西新闻出版学院',36,3,'J'),(80959,'江西新闻出版职业技术学院',36,3,'J'),(980105,'江西新亚职业技术学院',36,3,'J'),(984123,'江西新余高等专科学校',36,3,'J'),(978030,'江西新余科技职业学院',36,3,'J'),(983767,'江西新余中山学院',36,3,'J'),(93226,'江西信息学院',36,3,'J'),(93227,'江西信息应用技术学院',36,3,'J'),(11028,'江西信息应用职业技术学院',36,3,'J'),(983046,'江西兴国卫生学校',36,3,'J'),(11069,'江西行政管理干部学院',36,3,'J'),(973675,'江西冶金学院',36,3,'J'),(976859,'江西冶金职业技术学院',36,3,'J'),(11085,'江西医学院',36,3,'J'),(72082,'江西医学院上饶分院',36,3,'J'),(979674,'江西宜春师范学院',36,3,'J'),(986210,'江西宜春卫生学校',36,3,'J'),(94847,'江西艺术设计学院',36,3,'J'),(11068,'江西艺术职业学院',36,3,'J'),(93228,'江西应用工程职业技术学院',36,3,'J'),(11046,'江西应用工程职业学院',36,3,'J'),(93229,'江西应用技术学院',36,3,'J'),(93230,'江西应用职业学院',36,3,'J'),(986588,'江西渝州电子工业学院',36,3,'J'),(80970,'江西渝州科技学院',36,3,'J'),(11054,'江西渝州科技职业学院',36,3,'J'),(93231,'江西育才技术学院',36,3,'J'),(11034,'江西制造职业技术学院',36,3,'J'),(992207,'江西治金技术学院',36,3,'J'),(80966,'江西中山技术职业学院',36,3,'J'),(973462,'江西中山学院',36,3,'J'),(11024,'江西中医学院',36,3,'J'),(11025,'江西中医学院科技学院',36,3,'J'),(990507,'江西中医药高等专科学校',36,3,'J'),(11026,'江西中医药高等专科学校',36,3,'J'),(80968,'江西专修长城学院',36,3,'J'),(978898,'解放军企业管理学校',36,3,'J'),(11008,'井冈山大学',36,3,'J'),(989741,'井冈山大学医学院',36,3,'J'),(93232,'井冈山学院',36,3,'J'),(995755,'井冈山医学高等专科学校',36,3,'J'),(989866,'井冈山职业技术学院',36,3,'J'),(11023,'景德镇高等专科学校',36,3,'J'),(982844,'景德镇技工学校',36,3,'J'),(996807,'景德镇师范学校',36,3,'J'),(993097,'景德镇市卫校',36,3,'J'),(93233,'景德镇陶瓷工艺美术技术学院',36,3,'J'),(93234,'景德镇陶瓷科技艺术学院',36,3,'J'),(11021,'景德镇陶瓷学院',36,3,'J'),(11022,'景德镇陶瓷学院科技艺术学院',36,3,'J'),(982473,'九江财经高等专科学校',36,3,'J'),(93235,'九江广播电视大学',36,3,'J'),(975962,'九江航务工程学院',36,3,'J'),(980097,'九江轻工业化工技校',36,3,'J'),(975721,'九江师范',36,3,'J'),(971715,'九江师范学院',36,3,'J'),(995838,'九江师范专科学校',36,3,'J'),(972690,'九江师专',36,3,'J'),(988179,'九江市机械技工学校',36,3,'J'),(979140,'九江卫校',36,3,'J'),(93236,'九江县火电大学',36,3,'J'),(11005,'九江学院',36,3,'J'),(95336,'九江医学院',36,3,'J'),(11006,'九江职业大学',36,3,'J'),(11007,'九江职业技术学院',36,3,'J'),(11078,'蓝天学院',36,3,'L'),(93237,'蓝天职业技术学院',36,3,'L'),(976369,'劳动大学',36,3,'L'),(996247,'乐平大学',36,3,'L'),(986726,'龙回中学',36,3,'L'),(996842,'罗坊农业大学',36,3,'L'),(995878,'南昌八一军校',36,3,'N'),(81611,'南昌大学抚州医学分院',36,3,'N'),(93238,'南昌大学高等职业技术学院',36,3,'N'),(80963,'南昌大学共青学院',36,3,'N'),(93239,'南昌大学继续教育学院',36,3,'N'),(93240,'南昌大学科技学院',36,3,'N'),(11012,'南昌大学科学技术学院',36,3,'N'),(993632,'南昌大学前湖校区',36,3,'N'),(80979,'南昌大学青山湖校区',36,3,'N'),(80962,'南昌大学人民武装学院',36,3,'N'),(81608,'南昌大学医学院',36,3,'N'),(992234,'南昌德能制造技工学校',36,3,'N'),(980472,'南昌第二师范学校',36,3,'N'),(971229,'南昌二师',36,3,'N'),(94541,'南昌钢铁厂职工大学',36,3,'N'),(867668,'南昌钢铁职工大学',36,3,'N'),(995622,'南昌高等专科学校',36,3,'N'),(971027,'南昌工学院',36,3,'N'),(93207,'南昌工学院',36,3,'N'),(972539,'南昌工学院(江西赣江职业技术学院)',36,3,'N'),(94976,'南昌广播电视大学',36,3,'N'),(94977,'南昌海联学院',36,3,'N'),(11017,'南昌航空大学科技学院',36,3,'N'),(970429,'南昌机械工程学院',36,3,'N'),(980319,'南昌技工学院',36,3,'N'),(94539,'南昌经济管理学院',36,3,'N'),(68894,'南昌科技大学',36,3,'N'),(93242,'南昌理工学院',36,3,'N'),(81610,'南昌陆军学院',36,3,'N'),(93243,'南昌陆军指挥学院',36,3,'N'),(973352,'南昌农业大学',36,3,'N'),(11014,'南昌师范高等专科学校',36,3,'N'),(973496,'南昌师范学院',36,3,'N'),(94540,'南昌市广播电视大学',36,3,'N'),(976869,'南昌市经济学校',36,3,'N'),(971386,'南昌市人民警察学校',36,3,'N'),(973723,'南昌市卫校',36,3,'N'),(867669,'南昌市业余大学',36,3,'N'),(77770,'南昌市职工科技大学',36,3,'N'),(984785,'南昌铁路卫校',36,3,'N'),(986865,'南昌外国语学校',36,3,'N'),(972562,'南昌无线电工业学校',36,3,'N'),(992374,'南昌武警指挥学校',36,3,'N'),(970528,'南昌有色金属学校',36,3,'N'),(972214,'南昌职工科技大学',36,3,'N'),(976241,'南昌职校',36,3,'N'),(987176,'南昌职业技术师范学院',36,3,'N'),(972092,'南昌职业学院',36,3,'N'),(991891,'南城党校',36,3,'N'),(975745,'南方冶金学院',36,3,'N'),(11077,'萍乡高等专科学校',36,3,'P'),(80964,'萍乡高高级技术学院',36,3,'P'),(94869,'萍乡广播电视大学',36,3,'P'),(990401,'萍乡机械电子工业学校',36,3,'P'),(80961,'萍乡市技术学院',36,3,'P'),(984760,'萍乡卫校',36,3,'P'),(80980,'全南梅子屾社会学阮',36,3,'Q'),(980684,'瑞金职业技术学校',36,3,'R'),(68789,'上饶广播电视大学',36,3,'S'),(11001,'上饶师范学院',36,3,'S'),(983680,'上饶市人民警察学校',36,3,'S'),(995728,'上饶市铁路职业技术学校',36,3,'S'),(995533,'上饶卫校（江西医学院上饶分院）',36,3,'S'),(11002,'上饶职业技术学院',36,3,'S'),(93244,'天工科技学院',36,3,'T'),(98550,'梧州市轻工技工学校',36,3,'W'),(984027,'武警南昌指挥学校',36,3,'W'),(77780,'新钢职工大学',36,3,'X'),(867670,'新余钢铁有限责任公司职工大学',36,3,'X'),(986975,'新余高等专科学校',36,3,'X'),(77775,'新余广播电视大学',36,3,'X'),(980598,'新余市中山学院',36,3,'X'),(94546,'新余司法警官学院',36,3,'X'),(11020,'新余学院',36,3,'X'),(992275,'信丰县农学院林技校',36,3,'X'),(98820,'宜春广播电视大学',36,3,'Y'),(980041,'宜春华东科技学校',36,3,'Y'),(970862,'宜春师范',36,3,'Y'),(988076,'宜春师范专科学校',36,3,'Y'),(11018,'宜春学院',36,3,'Y'),(11019,'宜春职业技术学院',36,3,'Y'),(978274,'宜丰第三职业技术学校',36,3,'Y'),(77781,'鹰潭广播电视大学',36,3,'Y'),(990464,'鹰潭农校',36,3,'Y'),(995559,'鹰潭师范',36,3,'Y'),(93245,'鹰潭学院',36,3,'Y'),(11084,'鹰潭职业技术学院',36,3,'Y'),(995503,'鹰谭应用工程学院',36,3,'Y'),(979725,'永丰吉州吉安创新科技大学',36,3,'Y'),(996672,'渝工学院',36,3,'Y'),(992265,'渝州电子工业学院',36,3,'Y'),(77777,'渝州科技学院',36,3,'Y'),(93246,'渝洲科技技术学院',36,3,'Y'),(984116,'渝洲学院',36,3,'Y'),(973576,'中共江西省委党校',36,3,'Z'),(986122,'中共江西省委党校',36,3,'Z'),(986129,'中共江西省委党校',36,3,'Z'),(972574,'中共江西省委学校',36,3,'Z'),(986312,'中共中央党校函授学院江西学区新余分院',36,3,'Z'),(983567,'中国人民解放军南昌陆军学院',36,3,'Z'),(976994,'中国人民解放军南昌陆军指挥院',36,3,'Z'),(993676,'中国人民解放军企业管理学校',36,3,'Z'),(992151,'中央党校函授学院江西分校',36,3,'Z'),(992463,'中央党校江西省新余市分宜分校',36,3,'Z'),(991981,'中央党校宜春分校',36,3,'Z'),(970980,'中英文学校',36,3,'Z'),(973369,'陆军军官学校',36,3,'L'),(10628,'南京大学',32,3,'N'),(10705,'河海大学',32,3,'H'),(10611,'东南大学',32,3,'D'),(10616,'南航科技学校',32,3,'N'),(10614,'中国药科大学',32,3,'Z'),(68828,'南京航空航天大学',32,3,'N'),(10638,'南京理工大学',32,3,'N'),(10625,'南京农业大学',32,3,'N'),(10634,'南京师范大学',32,3,'N'),(10722,'苏州大学',32,3,'S'),(10684,'江南大学',32,3,'J'),(973979,'解放军南京陆军指挥学院',32,3,'J'),(987137,'扬州工程建筑学校',32,3,'Y'),(81576,'宝应电大',32,3,'B'),(98395,'北大青鸟徐州中博',32,3,'B'),(980276,'北京工程高等职业学校',32,3,'B'),(980681,'滨海党校',32,3,'B'),(985935,'滨海县广播电视大学',32,3,'B'),(982756,'博学教育',32,3,'B'),(983098,'常纺莱佛士国际学院',32,3,'C'),(982780,'常熟服装学校',32,3,'C'),(10785,'常熟广播电视大学',32,3,'C'),(10656,'常熟理工',32,3,'C'),(93022,'常熟理工学院',32,3,'C'),(990345,'常熟市总工会大学',32,3,'C'),(975767,'常铁机校',32,3,'C'),(977901,'常州财政学校',32,3,'C'),(10690,'常州大学',32,3,'C'),(975934,'常州大学怀德学院',32,3,'C'),(971566,'常州纺织服装技术学院',32,3,'C'),(10654,'常州纺织服装职业技术学院',32,3,'C'),(976860,'常州纺织职业技术学院',32,3,'C'),(996262,'常州高等职业艺术学校',32,3,'C'),(982456,'常州高等职业艺术学校',32,3,'C'),(976188,'常州工程技术学院',32,3,'C'),(10652,'常州工程职业技术学院',32,3,'C'),(10651,'常州工学院',32,3,'C'),(10766,'常州广播电视大学',32,3,'C'),(995595,'常州化工技校',32,3,'C'),(10753,'常州化工学校',32,3,'C'),(10653,'常州机电职业技术学院',32,3,'C'),(972517,'常州机械学院',32,3,'C'),(10767,'常州机械职工大学',32,3,'C'),(70653,'常州建设高等职业技术学校',32,3,'C'),(980290,'常州交通大学',32,3,'C'),(976185,'常州莱佛士国际学校',32,3,'C'),(68869,'常州刘国钧高等职业技术学校',32,3,'C'),(975984,'常州旅游高等职业技术学校',32,3,'C'),(982798,'常州旅游商贸高等职业技术学校',32,3,'C'),(984780,'常州轻工职工大学',32,3,'C'),(10655,'常州轻工职业技术学院',32,3,'C'),(10768,'常州市电子职工大学',32,3,'C'),(987048,'常州市工贸技工学校',32,3,'C'),(971453,'常州市建东职业技术学院',32,3,'C'),(10779,'常州市旅游商贸高等职业技术学校',32,3,'C'),(973846,'常州市轻工技工学校',32,3,'C'),(985030,'常州市医药技工学院',32,3,'C'),(990637,'常州市艺术高等职业学校',32,3,'C'),(10769,'常州市职工大学',32,3,'C'),(10754,'常州铁道高等职业技术学校',32,3,'C'),(995730,'常州卫生高等职业技术学院',32,3,'C'),(10755,'常州卫生学校',32,3,'C'),(977839,'常州文化艺术学院',32,3,'C'),(971791,'常州文艺学校',32,3,'C'),(978506,'常州新华石油化工储运学院',32,3,'C'),(10650,'常州信息职业技术学院',32,3,'C'),(989314,'常州医药技工学校',32,3,'C'),(987167,'常州幼儿师范学校',32,3,'C'),(973991,'常州职业技术学院',32,3,'C'),(973672,'长里建校',32,3,'C'),(983446,'楚州广播电视大学',32,3,'C'),(985621,'大丰市广播电视大学',32,3,'D'),(72088,'大丰职业技术教育中心',32,3,'D'),(982725,'大韩民国顺天乡大学较',32,3,'D'),(970260,'丹徒供销学校',32,3,'D'),(980378,'丹徒旅游贸易学校',32,3,'D'),(984926,'丹阳成人教育专校',32,3,'D'),(984931,'丹阳市委党校',32,3,'D'),(980793,'德国弗莱堡大学',32,3,'D'),(93024,'登云科技技术学院',32,3,'D'),(971778,'地球村社会大学',32,3,'D'),(489981,'第二军医大学南京军医学院',32,3,'D'),(977885,'电子科学研究院',32,3,'D'),(77688,'东方文理高等研修学院',32,3,'D'),(80931,'东南大学成贤学院',32,3,'D'),(986989,'东南大学无锡分校',32,3,'D'),(992054,'东南大学医学院',32,3,'D'),(970930,'东南电子中等专业学校',32,3,'D'),(95251,'东南文理学院',32,3,'D'),(991946,'东台技校',32,3,'D'),(94979,'东台师范',32,3,'D'),(68896,'阜宁高等师范',32,3,'F'),(996759,'阜宁县卫生学校',32,3,'F'),(979408,'赣榆县委党校',32,3,'G'),(987907,'高博软件职业技术学院',32,3,'G'),(978413,'高邮师范',32,3,'G'),(996723,'灌南卫校',32,3,'G'),(95034,'灌南县教育中心学院',32,3,'G'),(976867,'光华职业技术学校',32,3,'G'),(77706,'硅湖大学',32,3,'G'),(10718,'硅湖职业技术学院',32,3,'G'),(92875,'国际贸易商学院',32,3,'G'),(977272,'海安技校',32,3,'H'),(977891,'海安县商业学校',32,3,'H'),(970847,'海军电子工程学院',32,3,'H'),(81575,'海军技术工程学院',32,3,'H'),(977305,'海军医学高等专科学校',32,3,'H'),(972897,'海军指挥学院',32,3,'H'),(983972,'海门建筑学校',32,3,'H'),(990608,'海门卫校',32,3,'H'),(978278,'海提大学',32,3,'H'),(10706,'河海大学常州校区',32,3,'H'),(867400,'河海大学继续教育学院',32,3,'H'),(985023,'洪泽县卫生学院',32,3,'H'),(977948,'洪泽职校技术学校',32,3,'H'),(987980,'华东船舶工业学院',32,3,'H'),(10773,'华东船院',32,3,'H'),(996518,'华东农林科技大学',32,3,'H'),(979449,'华东信息工程学院',32,3,'H'),(989945,'淮安工学院',32,3,'H'),(974000,'淮安广播电视大学',32,3,'H'),(992216,'淮安洪泽职业技工学校',32,3,'H'),(971080,'淮安化工学院',32,3,'H'),(93025,'淮安技师学院',32,3,'H'),(93026,'淮安军星科技学院',32,3,'H'),(93027,'淮安商业学院',32,3,'H'),(80925,'淮安生物工程学院',32,3,'H'),(81592,'淮安师范',32,3,'H'),(93028,'淮安师范学院',32,3,'H'),(978236,'淮安市楚州广播电视大学',32,3,'H'),(990717,'淮安市楚州卫生技术学校',32,3,'H'),(10763,'淮安市广播电视大学',32,3,'H'),(984994,'淮安市华清职业技术学校',32,3,'H'),(987040,'淮安市建筑工程学校',32,3,'H'),(10764,'淮安市军星科技学校',32,3,'H'),(93029,'淮安市职业技师学院',32,3,'H'),(10709,'淮安信息职业技术学院',32,3,'H'),(92863,'淮安职业技术学院',32,3,'H'),(10710,'淮海工学院',32,3,'H'),(989306,'淮海工学院苍梧校区',32,3,'H'),(10745,'淮海工学院东港学院',32,3,'H'),(970888,'淮海技师学院',32,3,'H'),(987698,'淮阴高等职业卫生学校',32,3,'H'),(10711,'淮阴工学院',32,3,'H'),(979156,'淮阴工学院继续教育学院',32,3,'H'),(979491,'淮阴华中公关学院',32,3,'H'),(77710,'淮阴教育学院',32,3,'H'),(10762,'淮阴农业学校',32,3,'H'),(989970,'淮阴商业学院',32,3,'H'),(10712,'淮阴师范',32,3,'H'),(969908,'淮阴师范学院',32,3,'H'),(977882,'淮阴食品学校',32,3,'H'),(987903,'淮阴市技工学校',32,3,'H'),(70600,'淮阴卫生高等职业技术学校',32,3,'H'),(971456,'淮阴文化艺术学校',32,3,'H'),(10617,'健雄职业技术学院',32,3,'J'),(77701,'建东学院',32,3,'J'),(10658,'建东职业技术学院',32,3,'J'),(93031,'建湖大学',32,3,'J'),(970932,'姜堰市劳动技校',32,3,'J'),(94521,'江都城市职业学院',32,3,'J'),(80920,'江都广播电视大学',32,3,'J'),(10686,'江海职业技术学院',32,3,'J'),(972228,'江南大学继续教育学院',32,3,'J'),(80932,'江南大学马山分院',32,3,'J'),(984919,'江南大学青山湾校区',32,3,'J'),(77692,'江南大学太湖学院',32,3,'J'),(986254,'江南社会学院',32,3,'J'),(10685,'江南影视艺术职业学院',32,3,'J'),(987243,'江宁高级技工学校',32,3,'J'),(975808,'江宁广播大学',32,3,'J'),(990453,'江宁广播电视大学',32,3,'J'),(985579,'江宁区党校',32,3,'J'),(993542,'江浦职业技术学院',32,3,'J'),(10701,'江苏财经职业技术学院',32,3,'J'),(995562,'江苏常州技工学校',32,3,'J'),(976169,'江苏城市学院',32,3,'J'),(70630,'江苏城市职业技术学院',32,3,'J'),(972158,'江苏城市职业技术学院（宿迁电大办学点）',32,3,'J'),(984600,'江苏城市职业技术学院应天校区',32,3,'J'),(10781,'江苏城市职业学院',32,3,'J'),(972669,'江苏城市职业学院吴中校区',32,3,'J'),(867402,'江苏城镇建设学校',32,3,'J'),(10689,'江苏大学',32,3,'J'),(971751,'江苏大学电气学院',32,3,'J'),(867388,'江苏大学京江学院',32,3,'J'),(867411,'江苏电大通州学院',32,3,'J'),(867379,'江苏电力职工大学',32,3,'J'),(969902,'江苏电视广播大学',32,3,'J'),(93032,'江苏电视广播大学宿迁学院',32,3,'J'),(867409,'江苏东南科技专修学院',32,3,'J'),(971601,'江苏都市建设学院',32,3,'J'),(80923,'江苏工贸高等技术学院',32,3,'J'),(979644,'江苏工贸技师学院',32,3,'J'),(989547,'江苏工业大学',32,3,'J'),(975615,'江苏工业学院',32,3,'J'),(867384,'江苏工业学院怀德学院',32,3,'J'),(984530,'江苏公安高等专科学校',32,3,'J'),(975640,'江苏公安专科学院',32,3,'J'),(982641,'江苏广播电视大',32,3,'J'),(10691,'江苏广播电视大学',32,3,'J'),(81569,'江苏广播电视大学江都学院',32,3,'J'),(78237,'江苏广播电视大学靖江分校',32,3,'J'),(996564,'江苏广播电视大学昆山学院',32,3,'J'),(98554,'江苏广播电视大学沛县学院',32,3,'J'),(992253,'江苏广播电视大学如东分院',32,3,'J'),(992266,'江苏广播电视大学如东学院',32,3,'J'),(984527,'江苏广播电视大学如皋分校',32,3,'J'),(992209,'江苏广播电视大学苏州学院',32,3,'J'),(973359,'江苏广播电视大学无锡分校',32,3,'J'),(70638,'江苏广播电视大学武进学院',32,3,'J'),(10757,'江苏广播电视大学张家港学院',32,3,'J'),(92852,'江苏广播电视大学溧阳学院',32,3,'J'),(996269,'江苏广电视大学阜宁分校',32,3,'J'),(77686,'江苏海事学院',32,3,'J'),(985249,'江苏海事学院职业技术学院',32,3,'J'),(10694,'江苏海事职业技术学院',32,3,'J'),(985138,'江苏华瑞技工学校',32,3,'J'),(984944,'江苏淮安广播电视大学',32,3,'J'),(977034,'江苏淮阴食品职业技术学院',32,3,'J'),(979350,'江苏技师学院',32,3,'J'),(10692,'江苏技术师范',32,3,'J'),(985739,'江苏技术师范大学',32,3,'J'),(867404,'江苏技术师范东方学院',32,3,'J'),(92854,'江苏技术师范学院',32,3,'J'),(996340,'江苏技术师范学院东方学院',32,3,'J'),(990586,'江苏健康职业学院',32,3,'J'),(980497,'江苏建材工业学校',32,3,'J'),(971560,'江苏建康学院',32,3,'J'),(976017,'江苏建设高等职业技术学校',32,3,'J'),(970284,'江苏建院',32,3,'J'),(984049,'江苏建筑材料工业学校',32,3,'J'),(10665,'江苏建筑职业技术学院',32,3,'J'),(986690,'江苏交通高等职业技术学校',32,3,'J'),(93033,'江苏交通技师学院',32,3,'J'),(10693,'江苏教育学院',32,3,'J'),(986230,'江苏经济管理干部学院',32,3,'J'),(10698,'江苏经贸职业技术学院',32,3,'J'),(10700,'江苏警官学院',32,3,'J'),(10697,'江苏科大',32,3,'J'),(98565,'江苏科技大学',32,3,'J'),(867385,'江苏科技大学南徐学院',32,3,'J'),(979027,'江苏科技大学张家港校区',32,3,'J'),(867398,'江苏科技经贸专修学院',32,3,'J'),(975576,'江苏理工',32,3,'J'),(70690,'江苏联合职业技术学院',32,3,'J'),(993140,'江苏联合职业技术学院扬州商务分院',32,3,'J'),(989404,'江苏连云港水产学校',32,3,'J'),(976806,'江苏粮食学校',32,3,'J'),(970887,'江苏牧医学院',32,3,'J'),(81570,'江苏南方科技专修学院',32,3,'J'),(971047,'江苏南京晓庄师范',32,3,'J'),(986774,'江苏南通纺织工学院',32,3,'J'),(985042,'江苏南通供销学校',32,3,'J'),(971675,'江苏南通海事学院',32,3,'J'),(10688,'江苏农林职业技术学院',32,3,'J'),(990605,'江苏汽车高级技工学校',32,3,'J'),(985732,'江苏汽车工业学院科技学院',32,3,'J'),(978943,'江苏汽院（宿迁汽车工程学校）',32,3,'J'),(976110,'江苏商业管理干部学院',32,3,'J'),(976382,'江苏省爱园农业大学',32,3,'J'),(984934,'江苏省宝应工业学院',32,3,'J'),(980320,'江苏省常州技师学院轻工校区',32,3,'J'),(986641,'江苏省常州市财经学校',32,3,'J'),(92855,'江苏省常州市高等职业建设技术学院',32,3,'J'),(970797,'江苏省常州市武进区教师进修学校',32,3,'J'),(984145,'江苏省丹阳师范',32,3,'J'),(982520,'江苏省党校',32,3,'J'),(982741,'江苏省纺织职工工业大学',32,3,'J'),(986802,'江苏省阜宁师范学校',32,3,'J'),(977230,'江苏省妇女干部学校',32,3,'J'),(970378,'江苏省干部函授学院',32,3,'J'),(984544,'江苏省高邮师范学校',32,3,'J'),(867374,'江苏省广播电视大学',32,3,'J'),(10761,'江苏省广播电视大学淮阴分校',32,3,'J'),(993378,'江苏省海安工艺学院',32,3,'J'),(93034,'江苏省淮安技师学院',32,3,'J'),(973296,'江苏省淮阴财经学校',32,3,'J'),(979043,'江苏省黄河科技专修学院',32,3,'J'),(995915,'江苏省建筑职业技术学院',32,3,'J'),(10770,'江苏省交通技师学院',32,3,'J'),(988324,'江苏省劳动经济学校',32,3,'J'),(966147,'江苏省联合技术学院',32,3,'J'),(983019,'江苏省联合技术学院南京卫生学校分院',32,3,'J'),(10744,'江苏省连云港财经高等职业技术学校',32,3,'J'),(986931,'江苏省连云港旅游学校',32,3,'J'),(10776,'江苏省连云港市中医药高等职学校',32,3,'J'),(971077,'江苏省旅游职业技术学校',32,3,'J'),(977862,'江苏省南京市轻纺学院',32,3,'J'),(72052,'江苏省南通商贸高等职业学校',32,3,'J'),(973615,'江苏省农业广播电视学校',32,3,'J'),(95333,'江苏省青年干部管理学院',32,3,'J'),(92864,'江苏省青年管理干部学院',32,3,'J'),(984153,'江苏省人民武装学院',32,3,'J'),(984548,'江苏省商业技工学校',32,3,'J'),(10696,'江苏省省级机关管理干部学院',32,3,'J'),(983942,'江苏省税务学校',32,3,'J'),(72040,'江苏省司法警官高等职业学校',32,3,'J'),(977335,'江苏省司法学校',32,3,'J'),(93035,'江苏省宿迁高等经贸技术学院',32,3,'J'),(10777,'江苏省宿迁高等师范学校',32,3,'J'),(992163,'江苏省泰兴市供销职业技术学校',32,3,'J'),(985992,'江苏省外贸学校',32,3,'J'),(867399,'江苏省无锡交通高等职业技术学校',32,3,'J'),(80915,'江苏省无锡交通高等职业技术学院',32,3,'J'),(989650,'江苏省无锡市东南技术学校',32,3,'J'),(971074,'江苏省无锡市南洋技术学院',32,3,'J'),(982990,'江苏省戏剧学院',32,3,'J'),(972427,'江苏省戏曲学校',32,3,'J'),(982636,'江苏省新苏师范',32,3,'J'),(987288,'江苏省行政学院',32,3,'J'),(10783,'江苏省徐州市技师学院',32,3,'J'),(975709,'江苏省盐城工学院',32,3,'J'),(80913,'江苏省盐城市技师学院',32,3,'J'),(980648,'江苏省盐城市建筑学院',32,3,'J'),(976826,'江苏省盐城市射阳广播电视大学',32,3,'J'),(987336,'江苏省盐城市卫生学院',32,3,'J'),(978991,'江苏省扬州旅游商贸学校',32,3,'J'),(72839,'江苏省扬州商务高等职业学校',32,3,'J'),(971683,'江苏省扬州师范学校',32,3,'J'),(93036,'江苏省扬州市技师学院',32,3,'J'),(982645,'江苏省宜兴经济学校',32,3,'J'),(985583,'江苏省宜兴市轻工业学院',32,3,'J'),(986116,'江苏省邮电学校',32,3,'J'),(81564,'江苏省运河师范学院',32,3,'J'),(991874,'江苏省镇江市化工学校',32,3,'J'),(996234,'江苏省镇江市司法警官高等职业学校',32,3,'J'),(973293,'江苏省镇江卫生学校',32,3,'J'),(93037,'江苏省中医药高等职业技术学院',32,3,'J'),(971708,'江苏省邳州市广播电视大学',32,3,'J'),(988387,'江苏师范大学',32,3,'J'),(980275,'江苏师范学院',32,3,'J'),(983511,'江苏石油化工学院',32,3,'J'),(980661,'江苏石油化工学院',32,3,'J'),(977559,'江苏石油勘探高级技师学院',32,3,'J'),(93038,'江苏食品学院',32,3,'J'),(10702,'江苏食品职业技术学院',32,3,'J'),(867397,'江苏苏州广播电视大学',32,3,'J'),(995715,'江苏宿迁市淮海经济学院',32,3,'J'),(977546,'江苏无锡高等技术学校',32,3,'J'),(976131,'江苏吴中教育中心校',32,3,'J'),(989775,'江苏新闻出版学校',32,3,'J'),(10687,'江苏信息职业技术学院',32,3,'J'),(975600,'江苏徐州机电高等职业学院',32,3,'J'),(984223,'江苏徐州建院',32,3,'J'),(979230,'江苏徐州建筑学院',32,3,'J'),(978483,'江苏徐州理工大学',32,3,'J'),(978349,'江苏徐州能源学校',32,3,'J'),(10695,'江苏畜牧兽医职业技术学院',32,3,'J'),(93039,'江苏畜牧职业技术学院',32,3,'J'),(95334,'江苏学院',32,3,'J'),(969976,'江苏盐城高级技师学院',32,3,'J'),(81589,'江苏盐城广播电视大学东台分校',32,3,'J'),(982408,'江苏盐城盐都医药技术学校',32,3,'J'),(973726,'江苏盐城职业技术卫生学院',32,3,'J'),(982793,'江苏盐业学校',32,3,'J'),(92877,'江苏宜兴广播电视大学',32,3,'J'),(996520,'江苏镇江广播电视大学',32,3,'J'),(10699,'江苏职工医科大学',32,3,'J'),(980298,'江阴澄西技工学校',32,3,'J'),(973000,'江阴青阳华姿职业学校',32,3,'J'),(996712,'江阴市旅游学校',32,3,'J'),(10703,'江阴职业技术学院',32,3,'J'),(81571,'解放军国际关系学院',32,3,'J'),(986037,'解放军理工大学工程兵工程学院',32,3,'J'),(986150,'解放军理工大学指挥自动化学院',32,3,'J'),(970010,'解放军南京国际关系学院',32,3,'J'),(979723,'解放军南京理工大学',32,3,'J'),(970533,'解放军南京陆军学院',32,3,'J'),(95026,'解放军南京政治学院',32,3,'J'),(70637,'解放军炮兵学院南京分院',32,3,'J'),(93040,'解放军镇江船艇学院',32,3,'J'),(80922,'金肯技术学院',32,3,'J'),(10734,'金肯职业技术学院',32,3,'J'),(10736,'金陵科技学院',32,3,'J'),(92865,'金陵科技专修学院',32,3,'J'),(10735,'金陵旅馆管理干部学院',32,3,'J'),(971175,'金陵协和神学院',32,3,'J'),(1001245,'金陵协和神学院',32,3,'J'),(1001244,'金陵协和神学院',32,3,'J'),(987281,'金陵职业大学',32,3,'J'),(10733,'金山职业技术学院',32,3,'J'),(10786,'金坛市广播电视大学',32,3,'J'),(81566,'今肯职业技术学院',32,3,'J'),(93041,'靖江电大职业技术学院',32,3,'J'),(10615,'九州职业技术学院',32,3,'J'),(975902,'句容市广播电视大学',32,3,'J'),(971216,'空军俆州后勤学院',32,3,'K'),(867373,'空军第一职工大学',32,3,'K'),(996531,'空军勤务学院',32,3,'K'),(979742,'空军职工大学',32,3,'K'),(976519,'空军职业大学',32,3,'K'),(10680,'昆山登云科技职业学院',32,3,'K'),(972095,'昆山第一职业技术学院',32,3,'K'),(81578,'昆山电大',32,3,'K'),(990041,'昆山电视广播大学',32,3,'K'),(95155,'昆山托普职业技术学院',32,3,'K'),(10746,'连云港工高等职业技术贸学校',32,3,'L'),(93042,'连云港广播电视大学',32,3,'L'),(10747,'连云港化工高等专科学校',32,3,'L'),(10731,'连云港师范高等专科学校',32,3,'L'),(970915,'连云港市党校',32,3,'L'),(992491,'连云港市工业学院',32,3,'L'),(974040,'连云港市灌南卫校',32,3,'L'),(10743,'连云港市广播电视大学',32,3,'L'),(969907,'连云港市职业技术学院',32,3,'L'),(10732,'连云港职业技术学院',32,3,'L'),(986664,'涟水县高极职业高校',32,3,'L'),(977565,'涟水县职业学校',32,3,'L'),(983084,'梁寨学校',32,3,'L'),(92853,'刘国均高等职业学院',32,3,'L'),(970822,'龙城技术专修学院',32,3,'L'),(80934,'洛阳外院',32,3,'L'),(978380,'民办鼓楼女子卫生学院',32,3,'M'),(10683,'民办明达职业技术学院',32,3,'M'),(93043,'明办明达职业技术学院',32,3,'M'),(10765,'南充广播电视大学',32,3,'N'),(94517,'南方科技学院',32,3,'N'),(10760,'南方摄影学院',32,3,'N'),(976043,'南航三院',32,3,'N'),(975552,'南京奥美科技管理专修学院',32,3,'N'),(990822,'南京兵工物资管理学校',32,3,'N'),(10641,'南京财经',32,3,'N'),(93044,'南京财经大学',32,3,'N'),(970251,'南京财经大学福建路校区',32,3,'N'),(80908,'南京财经大学红山学院',32,3,'N'),(80921,'南京长江电脑专修学院',32,3,'N'),(989802,'南京长通导航职业技术学院',32,3,'N'),(883528,'南京城建中等专业学校',32,3,'N'),(10771,'南京城市职业学院',32,3,'N'),(80918,'南京大学金陵学院',32,3,'N'),(92866,'南京大学生命科学学院',32,3,'N'),(989399,'南京电力工程学院',32,3,'N'),(80909,'南京东方文理学院',32,3,'N'),(867413,'南京东方文理研修学院',32,3,'N'),(970074,'南京东南大学',32,3,'N'),(867370,'南京动力高等专科学校',32,3,'N'),(977254,'南京纺织大学',32,3,'N'),(972496,'南京纺织技工学院',32,3,'N'),(77570,'南京高等职业技术学校',32,3,'N'),(867381,'南京工程兵工程学校',32,3,'N'),(70654,'南京工程高等职业学校',32,3,'N'),(10632,'南京工程学院',32,3,'N'),(867365,'南京工大',32,3,'N'),(10631,'南京工业大学',32,3,'N'),(995697,'南京工业技术学校',32,3,'N'),(867405,'南京工业职业技术学校',32,3,'N'),(10630,'南京工业职业技术学院',32,3,'N'),(988215,'南京鼓楼职业学校',32,3,'N'),(92858,'南京广播电视大学',32,3,'N'),(990468,'南京广播电视大学江宁分校',32,3,'N'),(980578,'南京国际关系学院',32,3,'N'),(987953,'南京海军技术指挥学院',32,3,'N'),(989995,'南京海军医学高等专科学校',32,3,'N'),(972073,'南京海军指挥学院',32,3,'N'),(972925,'南京海事职业技术学院',32,3,'N'),(974019,'南京海运学校',32,3,'N'),(854263,'南京航海技术学校',32,3,'N'),(77687,'南京航空航天大学金城学院',32,3,'N'),(98471,'南京航天管理干部学院',32,3,'N'),(983096,'南京航务工程专科学校',32,3,'N'),(988182,'南京航务工程专科学校',32,3,'N'),(979403,'南京航运学校',32,3,'N'),(972259,'南京河海大学',32,3,'N'),(971798,'南京河海大学常州分校',32,3,'N'),(970071,'南京化工大学',32,3,'N'),(977496,'南京化工高级技工学校',32,3,'N'),(972592,'南京化工学院',32,3,'N'),(10626,'南京化工职业技术学院',32,3,'N'),(70619,'南京机电职业技术学院',32,3,'N'),(995788,'南京机械高等专科学校',32,3,'N'),(92862,'南京机械工业职工大学',32,3,'N'),(77682,'南京建筑工程学院',32,3,'N'),(989427,'南京江宁广播电视大学',32,3,'N'),(973769,'南京交通学院',32,3,'N'),(10620,'南京交通职业技术学院',32,3,'N'),(979258,'南京教育学院',32,3,'N'),(980879,'南京解放军工院',32,3,'N'),(971553,'南京解放军国际公共关系学院',32,3,'N'),(972392,'南京解放军国际关系学院',32,3,'N'),(976507,'南京解放军理工大学',32,3,'N'),(987807,'南京金陵酒店管理学院',32,3,'N'),(970100,'南京金陵科技学院',32,3,'N'),(92867,'南京金陵科技专修学院',32,3,'N'),(867375,'南京金陵旅馆管理干部学院',32,3,'N'),(976224,'南京金陵职业大学',32,3,'N'),(992329,'南京金融高等专科学校',32,3,'N'),(982377,'南京经济贸易学校',32,3,'N'),(982847,'南京经济贸易专业学校',32,3,'N'),(977555,'南京经济学院',32,3,'N'),(970953,'南京经贸技术学院',32,3,'N'),(983576,'南京经贸职业技术学院',32,3,'N'),(982761,'南京警官学院',32,3,'N'),(983892,'南京军区陆军指挥学院',32,3,'N'),(987771,'南京军区政治学院',32,3,'N'),(982409,'南京军事学院',32,3,'N'),(975648,'南京军医学校',32,3,'N'),(989522,'南京空军气象学院',32,3,'N'),(983829,'南京空军政治学院',32,3,'N'),(94875,'南京蓝天专修学院',32,3,'N'),(867363,'南京理工',32,3,'N'),(94516,'南京理工大学继续教育学院',32,3,'N'),(77715,'南京理工大学泰州科技学院',32,3,'N'),(77685,'南京理工大学紫金学院',32,3,'N'),(867378,'南京联合职工大学',32,3,'N'),(10780,'南京林业大学',32,3,'N'),(979685,'南京林业公安高等专科学校',32,3,'N'),(984106,'南京陆军学院',32,3,'N'),(969919,'南京陆军指挥学院',32,3,'N'),(78232,'南京陆军指挥学院信息管理分院',32,3,'N'),(80917,'南京旅游职业学院',32,3,'N'),(867366,'南京农大',32,3,'N'),(978355,'南京农大苏州商学院',32,3,'N'),(93675,'南京农业大学浦口校区',32,3,'N'),(975948,'南京农业机械工程学院',32,3,'N'),(80906,'南京炮兵学院',32,3,'N'),(983847,'南京气象学院',32,3,'N'),(10621,'南京人口管理干部学院',32,3,'N'),(970051,'南京三江学院',32,3,'N'),(976409,'南京三江学院艺术学院',32,3,'N'),(979458,'南京森林公安高等专科学校',32,3,'N'),(10636,'南京森林警察学院',32,3,'N'),(985077,'南京商校',32,3,'N'),(988208,'南京商业技工学校',32,3,'N'),(10629,'南京审计学院',32,3,'N'),(867382,'南京审计学院金审学院',32,3,'N'),(979079,'南京审记学院',32,3,'N'),(976983,'南京师范大学继续教育学院',32,3,'N'),(990884,'南京师范大学浦口校区',32,3,'N'),(80916,'南京师范大学尚学院',32,3,'N'),(72863,'南京师范大学泰州学院',32,3,'N'),(980390,'南京师范大学泰州学院',32,3,'N'),(996509,'南京师范大学物科院',32,3,'N'),(81567,'南京师范大学中北学院',32,3,'N'),(987722,'南京市公共事业技工学校',32,3,'N'),(989641,'南京市公用事业技术学校',32,3,'N'),(10633,'南京市广播电视大学',32,3,'N'),(982788,'南京市国际关系学院',32,3,'N'),(970417,'南京市技师学院',32,3,'N'),(987109,'南京市江宁技工学校',32,3,'N'),(92868,'南京市解放军国际关系学院',32,3,'N'),(77683,'南京市金陵科技学院',32,3,'N'),(993340,'南京市经济学院',32,3,'N'),(993511,'南京市空军第一职工大学',32,3,'N'),(68805,'南京市莫愁中等专业学校',32,3,'N'),(977899,'南京市农业专科学校',32,3,'N'),(976093,'南京市栖霞区新港职校尧化门校区',32,3,'N'),(990740,'南京市秦淮区委党校',32,3,'N'),(976942,'南京市师萃职校',32,3,'N'),(867377,'南京市职工大学',32,3,'N'),(973429,'南京视觉学院',32,3,'N'),(10640,'南京视觉艺术职业学院',32,3,'N'),(980607,'南京特殊教育师范',32,3,'N'),(10637,'南京特殊教育职业技术学院',32,3,'N'),(10622,'南京体院',32,3,'N'),(987817,'南京铁道车辆技工学校',32,3,'N'),(977007,'南京铁道医学院',32,3,'N'),(10642,'南京铁道职业技术学院',32,3,'N'),(70652,'南京铁道职业技术学院苏州校区',32,3,'N'),(867380,'南京外贸',32,3,'N'),(987368,'南京卫校',32,3,'N'),(980688,'南京无线电工业学院',32,3,'N'),(982657,'南京五洲制冷技工学校',32,3,'N'),(977535,'南京五洲制冷学校',32,3,'N'),(988361,'南京消防指挥学校',32,3,'N'),(987147,'南京消防指挥学校',32,3,'N'),(992311,'南京晓庄继续教育学院',32,3,'N'),(970058,'南京晓庄师范',32,3,'N'),(10681,'南京晓庄学院',32,3,'N'),(10623,'南京信息工程大学',32,3,'N'),(867390,'南京信息工程大学滨江学院',32,3,'N'),(94518,'南京信息技术职业学院',32,3,'N'),(10624,'南京信息职业技术学院',32,3,'N'),(975670,'南京药科大学',32,3,'N'),(978862,'南京冶金技术学校',32,3,'N'),(867364,'南京医科大',32,3,'N'),(10627,'南京医科大学',32,3,'N'),(867392,'南京医科大学康达学院',32,3,'N'),(10639,'南京艺术学院',32,3,'N'),(996571,'南京英华美学院',32,3,'N'),(973658,'南京应天职业技术学院',32,3,'N'),(80912,'南京邮电大学',32,3,'N'),(993585,'南京邮电大学继续教育学院',32,3,'N'),(867386,'南京邮电大学通达学院',32,3,'N'),(987676,'南京邮电大学通达学院',32,3,'N'),(983052,'南京邮电大学吴江学院',32,3,'N'),(10618,'南京邮电学院',32,3,'N'),(975814,'南京造冰学院',32,3,'N'),(975774,'南京正德学院',32,3,'N'),(990404,'南京政院',32,3,'N'),(92859,'南京政治学院',32,3,'N'),(92856,'南京职工大学',32,3,'N'),(986862,'南京中山文理专修学院',32,3,'N'),(867396,'南京中天专修学院',32,3,'N'),(867368,'南京中医药',32,3,'N'),(10619,'南京中医药大学',32,3,'N'),(92860,'南京中医药大学',32,3,'N'),(867391,'南京中医药大学翰林学院',32,3,'N'),(972153,'南京钟山外国语专修学院',32,3,'N'),(990513,'南京钟山学院',32,3,'N'),(970914,'南就邮电大学',32,3,'N'),(970066,'南农工学院',32,3,'N'),(988325,'南通城市职业学院',32,3,'N'),(10644,'南通大学',32,3,'N'),(987146,'南通大学理学院',32,3,'N'),(971271,'南通大学师范学院',32,3,'N'),(979180,'南通电大',32,3,'N'),(70610,'南通电大启东分校',32,3,'N'),(978074,'南通电视广播大学',32,3,'N'),(972247,'南通纺校',32,3,'N'),(80935,'南通纺院',32,3,'N'),(10645,'南通纺织职业技术学院',32,3,'N'),(10778,'南通高等师范学校',32,3,'N'),(996288,'南通工程学院',32,3,'N'),(982805,'南通工贸技师学院',32,3,'N'),(985690,'南通工学院',32,3,'N'),(77708,'南通广播电视大学',32,3,'N'),(971300,'南通航运职业技术学院',32,3,'N'),(10647,'南通航运职业技术学院',32,3,'N'),(978273,'南通建筑学院',32,3,'N'),(993578,'南通教育学院',32,3,'N'),(10643,'南通农业职业技术学院',32,3,'N'),(990657,'南通市高级技工学校',32,3,'N'),(987239,'南通市工贸技师学院',32,3,'N'),(989338,'南通市工贸学校',32,3,'N'),(867376,'南通市工人业余大学',32,3,'N'),(80919,'南通市广播电视大学',32,3,'N'),(989319,'南通市机械技工学校',32,3,'N'),(990623,'南通市技工学校',32,3,'N'),(867394,'南通市中等专业学校',32,3,'N'),(987254,'南通体臣卫校',32,3,'N'),(94947,'南通业余大学',32,3,'N'),(985629,'南通医学院',32,3,'N'),(10646,'南通职业大学',32,3,'N'),(978470,'南通中医药大学如东分校',32,3,'N'),(93045,'南邮吴江学院',32,3,'N'),(10648,'培尔职业技术学院',32,3,'P'),(969910,'沛县师范学校',32,3,'P'),(983916,'沛县卫校',32,3,'P'),(10787,'彭城职业大学',32,3,'P'),(983000,'桥林大学',32,3,'Q'),(973322,'仁宝大学',32,3,'R'),(980481,'如东电视广播学院',32,3,'R'),(986200,'如东卫校',32,3,'R'),(995852,'如东县广播电视大学',32,3,'R'),(68862,'如皋高等师范学校',32,3,'R'),(980725,'如皋建工学院',32,3,'R'),(987688,'如皋师范',32,3,'R'),(10610,'三江学院',32,3,'S'),(10758,'沙州职业工学院',32,3,'S'),(93046,'沙洲工学院',32,3,'S'),(10704,'沙洲职业工学院',32,3,'S'),(81572,'射阳明达职业技术学院',32,3,'S'),(973589,'社会心理学院',32,3,'S'),(93047,'苏州蚕桑专科学院',32,3,'S'),(973985,'苏州长风技工学校',32,3,'S'),(80930,'苏州城建环保学院',32,3,'S'),(983468,'苏州大学独墅湖校区',32,3,'S'),(980618,'苏州大学凤凰传媒学院',32,3,'S'),(867406,'苏州大学宿迁学院',32,3,'S'),(10775,'苏州大学文正学院',32,3,'S'),(93048,'苏州大学应用技术学院',32,3,'S'),(982567,'苏州第二卫生学校（常熟卫校）',32,3,'S'),(969949,'苏州电大',32,3,'S'),(93049,'苏州东吴外国语师范学院',32,3,'S'),(10727,'苏州港大思培科技职业学院',32,3,'S'),(10772,'苏州高博软件技术职业学院',32,3,'S'),(988169,'苏州高级工业学校',32,3,'S'),(98601,'苏州工业园区服务外包职业学院',32,3,'S'),(10723,'苏州工业园区职业技术学院',32,3,'S'),(10724,'苏州工业职业技术学院',32,3,'S'),(10725,'苏州工艺美术职业技术学院',32,3,'S'),(986595,'苏州广播电视大学',32,3,'S'),(972470,'苏州机械工业技工学校',32,3,'S'),(985120,'苏州机械职业大学',32,3,'S'),(77585,'苏州建设交通高等职业技术学校',32,3,'S'),(93050,'苏州建设交通职业技术学院',32,3,'S'),(77705,'苏州建筑职工大学',32,3,'S'),(92870,'苏州教育学院',32,3,'S'),(10729,'苏州经贸职业技术学院',32,3,'S'),(10728,'苏州科技大学',32,3,'S'),(986017,'苏州科技大学成人教育学院',32,3,'S'),(988036,'苏州科技工业学院',32,3,'S'),(867389,'苏州科技学院天平学院',32,3,'S'),(982901,'苏州理工',32,3,'S'),(72075,'苏州旅游与财经高等职业技术学校',32,3,'S'),(10720,'苏州农业职业技术学院',32,3,'S'),(996548,'苏州轻工业学校',32,3,'S'),(980448,'苏州商业技工学校',32,3,'S'),(92871,'苏州市高级技术学院',32,3,'S'),(68887,'苏州市广播电视大学',32,3,'S'),(972058,'苏州市园林技工学校',32,3,'S'),(977321,'苏州市职工大学',32,3,'S'),(92872,'苏州市职工科技大学',32,3,'S'),(977323,'苏州市职工业余大学',32,3,'S'),(970199,'苏州市职业大学',32,3,'S'),(972280,'苏州市职业工业学校',32,3,'S'),(977392,'苏州丝绸工学院',32,3,'S'),(978511,'苏州铁道师范学院',32,3,'S'),(985663,'苏州铁路机械学校',32,3,'S'),(10726,'苏州托普信息职业技术学院',32,3,'S'),(80928,'苏州托普信息职业学院',32,3,'S'),(93051,'苏州拓扑信息技术学院',32,3,'S'),(10721,'苏州卫生职业技术学院',32,3,'S'),(973585,'苏州卫校',32,3,'S'),(970232,'苏州吴中服装学校',32,3,'S'),(95253,'苏州吴中职业技术学院',32,3,'S'),(983014,'苏州新苏师范',32,3,'S'),(70693,'苏州信息职业技术学院',32,3,'S'),(983837,'苏州医学院',32,3,'S'),(995787,'苏州幼儿高等师范学校',32,3,'S'),(92873,'苏州园区职业技术学院',32,3,'S'),(972274,'苏州职工科技大学',32,3,'S'),(972206,'苏州职工科技大学',32,3,'S'),(10730,'苏州职业大学',32,3,'S'),(92874,'苏州中山进修学院',32,3,'S'),(995576,'苏卅市广播电视大学',32,3,'S'),(971481,'宿迁电视广播大学',32,3,'S'),(81573,'宿迁纺织职业技术学院',32,3,'S'),(95196,'宿迁高等师范学院',32,3,'S'),(969926,'宿迁技工学院',32,3,'S'),(987861,'宿迁经贸高等职业技术学校',32,3,'S'),(80924,'宿迁经贸学院',32,3,'S'),(93052,'宿迁市电视广播大学',32,3,'S'),(93053,'宿迁市广播电视大学',32,3,'S'),(93054,'宿迁市技术学院',32,3,'S'),(992410,'宿迁市泽达职业技术学院',32,3,'S'),(966507,'宿迁市泗阳广播电视大学',32,3,'S'),(10649,'宿迁学院',32,3,'S'),(977907,'宿迁泽达职业技术学院',32,3,'S'),(78238,'宿迁职业技术学院',32,3,'S'),(975606,'宿迁职业学院',32,3,'S'),(973478,'宿迁泗洪卫校',32,3,'S'),(986606,'泰兴师范学校',32,3,'T'),(979260,'泰兴市技工学校',32,3,'T'),(77566,'泰州大学',32,3,'T'),(871081,'泰州机电高等职业技术学校',32,3,'T'),(94522,'泰州技师学院',32,3,'T'),(94537,'泰州牧院',32,3,'T'),(10707,'泰州师范高等专科学校',32,3,'T'),(72069,'泰州市广播电视大学',32,3,'T'),(10708,'泰州职业技术学院',32,3,'T'),(93056,'泰洲畜牧兽医学院',32,3,'T'),(93055,'太仓健雄职业技术学院',32,3,'T'),(980505,'太仓卫校',32,3,'T'),(980014,'太仓职业卫生专业学校',32,3,'T'),(867395,'太湖创意职业技术学院',32,3,'T'),(77690,'太湖学院',32,3,'T'),(973654,'通州农业综合技术学校',32,3,'T'),(92880,'铜山职业技术学院',32,3,'T'),(978856,'王庄高科技教育学院',32,3,'W'),(989712,'文林大学',32,3,'W'),(984211,'无锡城建职工大学',32,3,'W'),(984525,'无锡城市学院',32,3,'W'),(10675,'无锡城市职业技术学院',32,3,'W'),(80936,'无锡电大',32,3,'W'),(979460,'无锡高等职业技术学校',32,3,'W'),(92878,'无锡工艺职业技师学院',32,3,'W'),(10676,'无锡工艺职业技术学院',32,3,'W'),(971004,'无锡广播电视大学',32,3,'W'),(995701,'无锡宏源技师学院',32,3,'W'),(98059,'无锡技师学院',32,3,'W'),(92876,'无锡江南影视学院',32,3,'W'),(10749,'无锡教育学院(无锡市江南大学)',32,3,'W'),(94519,'无锡经济专修学院',32,3,'W'),(972828,'无锡警校',32,3,'W'),(972281,'无锡科技学院',32,3,'W'),(10677,'无锡科技职业学院',32,3,'W'),(973608,'无锡科院',32,3,'W'),(68774,'无锡旅游商贸高等职业技术学校',32,3,'W'),(10673,'无锡南洋职业技术学院',32,3,'W'),(978542,'无锡汽车交通学院',32,3,'W'),(10679,'无锡轻工大学',32,3,'W'),(982721,'无锡轻工技校',32,3,'W'),(10674,'无锡商业职业技术学院',32,3,'W'),(976817,'无锡商院',32,3,'W'),(94094,'无锡师范',32,3,'W'),(977990,'无锡市城建职工大学',32,3,'W'),(98666,'无锡市崇安区职工学校',32,3,'W'),(990888,'无锡市电子技校',32,3,'W'),(974075,'无锡市工业高级技工学校',32,3,'W'),(10748,'无锡市广播电视大学',32,3,'W'),(980785,'无锡市机电工业高级技工学校',32,3,'W'),(977242,'无锡市建设技术学校',32,3,'W'),(68863,'无锡市旅游商贸高等职业学校',32,3,'W'),(982435,'无锡市轻工技工学校',32,3,'W'),(991054,'无锡市人民警察学校',32,3,'W'),(978961,'无锡市体育运动学校',32,3,'W'),(984637,'无锡市天元技工学校',32,3,'W'),(978490,'无锡市天元技校',32,3,'W'),(978073,'无锡数控专科学校',32,3,'W'),(995710,'无锡太湖技工学校',32,3,'W'),(980314,'无锡太湖技工学校',32,3,'W'),(970967,'无锡太湖学院',32,3,'W'),(72081,'无锡卫生高等职业技术学校',32,3,'W'),(993592,'无锡卫生高等职业学校',32,3,'W'),(980359,'无锡信息学院',32,3,'W'),(975819,'无锡行知科技学校',32,3,'W'),(996722,'无锡行知科技专修学院',32,3,'W'),(984224,'无锡行知学院',32,3,'W'),(10678,'无锡职业技术学院',32,3,'W'),(996839,'无锡中央广播电视大学',32,3,'W'),(975545,'吴江师范',32,3,'W'),(81574,'吴中广播电视大学',32,3,'W'),(970471,'武警南京总队指挥学院',32,3,'W'),(971170,'武警侦察学院',32,3,'W'),(992130,'西交利物浦',32,3,'X'),(68823,'西交利物浦大学',32,3,'X'),(10784,'锡山市广播电视大学',32,3,'X'),(977448,'仙林大学',32,3,'X'),(92869,'新东方烹饪学院',32,3,'X'),(975594,'兴化教师进修学校',32,3,'X'),(77693,'徐海学院',32,3,'X'),(979220,'徐州博大科技纂修学校',32,3,'X'),(10740,'徐州财经高等职业技术学校',32,3,'X'),(977189,'徐州丰沛技校',32,3,'X'),(996300,'徐州丰县卫生学校',32,3,'X'),(72070,'徐州高等师范学校',32,3,'X'),(92882,'徐州高等职业技术学院',32,3,'X'),(867369,'徐州工程',32,3,'X'),(80929,'徐州工程兵指挥学院',32,3,'X'),(10662,'徐州工程学院',32,3,'X'),(10660,'徐州工业职业技术学院',32,3,'X'),(80926,'徐州工业职业继续教育学院',32,3,'X'),(867371,'徐州广播电视大学',32,3,'X'),(982671,'徐州淮海专修学院',32,3,'X'),(10774,'徐州机电工程高等职业学校',32,3,'X'),(990697,'徐州技工学校',32,3,'X'),(976440,'徐州建筑学院',32,3,'X'),(10666,'徐州教育学院',32,3,'X'),(10741,'徐州经济管理干部学院',32,3,'X'),(72068,'徐州经贸高等职业学校',32,3,'X'),(95226,'徐州九州职业技术学院',32,3,'X'),(72870,'徐州空军后勤学院',32,3,'X'),(987666,'徐州立本进修学院',32,3,'X'),(993149,'徐州彭城大学',32,3,'X'),(977976,'徐州商业技工学校',32,3,'X'),(72867,'徐州生物工程高等职业技术学校',32,3,'X'),(77696,'徐州生物工程学院',32,3,'X'),(10663,'徐州师大',32,3,'X'),(970890,'徐州师范大学汉语言文学专业',32,3,'X'),(867387,'徐州师范大学科文学院',32,3,'X'),(972534,'徐州师范高等专科学校',32,3,'X'),(987786,'徐州市纺织技工学校',32,3,'X'),(996384,'徐州市纺织职工大学',32,3,'X'),(10742,'徐州市工程兵指挥学院',32,3,'X'),(10739,'徐州市广播电视大学',32,3,'X'),(990835,'徐州市能源学校',32,3,'X'),(988152,'徐州市委党校',32,3,'X'),(982897,'徐州铁路运输学院',32,3,'X'),(969924,'徐州新聚焦电脑学校',32,3,'X'),(971339,'徐州新沂医学院',32,3,'X'),(10659,'徐州医学院',32,3,'X'),(867407,'徐州医学院华方学院',32,3,'X'),(92879,'徐州职业技术学院',32,3,'X'),(975740,'盐城电大',32,3,'Y'),(10717,'盐城纺织职业技术学院',32,3,'Y'),(70605,'盐城高等师范学校',32,3,'Y'),(10715,'盐城工学院',32,3,'Y'),(979714,'盐城技工学校',32,3,'Y'),(989931,'盐城技师学院',32,3,'Y'),(80914,'盐城交通技师学院',32,3,'Y'),(973886,'盐城教育学院',32,3,'Y'),(977813,'盐城粮校',32,3,'Y'),(977971,'盐城明达职业技术学院',32,3,'Y'),(10751,'盐城农业学校',32,3,'Y'),(10752,'盐城生物工程高等职业技术学校',32,3,'Y'),(867410,'盐城生物工程高等职业技术学院',32,3,'Y'),(979319,'盐城生物工程学院',32,3,'Y'),(10716,'盐城师范学院',32,3,'Y'),(980652,'盐城市城区电大',32,3,'Y'),(489979,'盐城市高级职业学校',32,3,'Y'),(986805,'盐城市广播电视大学盐都分校',32,3,'Y'),(995553,'盐城市轻工业学院',32,3,'Y'),(990716,'盐城市轻工业业学校',32,3,'Y'),(972810,'盐城市体育运动学校',32,3,'Y'),(10714,'盐城卫生职业技术学院',32,3,'Y'),(978537,'盐城盐阜职业学校',32,3,'Y'),(985901,'盐城政法干校',32,3,'Y'),(10750,'盐城职业大学',32,3,'Y'),(984995,'盐都区广播电视大学',32,3,'Y'),(980418,'盐都医药技术学校',32,3,'Y'),(972286,'盐海大学',32,3,'Y'),(10713,'炎黄职业技术学院',32,3,'Y'),(979462,'杨州化工学校',32,3,'Y'),(10667,'扬州大学',32,3,'Y'),(93057,'扬州大学广陵学院',32,3,'Y'),(975791,'扬州大学热能与动力工程学院',32,3,'Y'),(983492,'扬州大学师范学院',32,3,'Y'),(972253,'扬州大学水利学院',32,3,'Y'),(975759,'扬州高等商务职业学校',32,3,'Y'),(970907,'扬州高等职业电子信息技术学校',32,3,'Y'),(973885,'扬州高等职业技术学校',32,3,'Y'),(977346,'扬州工学院',32,3,'Y'),(10668,'扬州工业职业技术学院',32,3,'Y'),(77712,'扬州广播电视大学',32,3,'Y'),(982999,'扬州坏境资源职业技术学院',32,3,'Y'),(10670,'扬州环境资源管理学院',32,3,'Y'),(93058,'扬州环境资源学院',32,3,'Y'),(10671,'扬州环境资源职业技术学院',32,3,'Y'),(80927,'扬州江海技术学院',32,3,'Y'),(80911,'扬州江海学院',32,3,'Y'),(985311,'扬州江阳学院',32,3,'Y'),(10669,'扬州教育学院',32,3,'Y'),(93059,'扬州科技学院',32,3,'Y'),(976197,'扬州旅游商贸学校',32,3,'Y'),(991887,'扬州汽车技工学校',32,3,'Y'),(976299,'扬州润扬职业技术学校',32,3,'Y'),(973727,'扬州师范大学',32,3,'Y'),(973449,'扬州师范学院',32,3,'Y'),(986130,'扬州市双桥职业技术学校',32,3,'Y'),(980153,'扬州市太平洋重工技工学校',32,3,'Y'),(979718,'扬州市政法干校',32,3,'Y'),(80937,'扬州水院',32,3,'Y'),(982722,'扬州税务学院',32,3,'Y'),(989874,'扬州太平洋重工技工学校',32,3,'Y'),(985987,'扬州医学院',32,3,'Y'),(10672,'扬州职业大学',32,3,'Y'),(984852,'冶金学院',32,3,'Y'),(979390,'仪征技师学院',32,3,'Y'),(94520,'仪征市广播电视大学',32,3,'Y'),(973843,'宜兴立信会计学校',32,3,'Y'),(971574,'宜兴市教师进修学校',32,3,'Y'),(975593,'宜兴陶瓷艺术学院',32,3,'Y'),(92857,'应天学院',32,3,'Y'),(10657,'应天职业技术学院',32,3,'Y'),(867412,'运河高等师范学校',32,3,'Y'),(989523,'张家港工贸高级学校',32,3,'Z'),(95386,'张家港沙洲职业工学院',32,3,'Z'),(982717,'张家港职业沙洲工学院',32,3,'Z'),(93060,'镇江机电高等职业学院',32,3,'Z'),(990735,'镇江江天技工学校',32,3,'Z'),(985281,'镇江交通技术学校',32,3,'Z'),(978602,'镇江旅游学校',32,3,'Z'),(10738,'镇江市高等专科学校',32,3,'Z'),(93061,'镇江市高级技师学院',32,3,'Z'),(993382,'镇江市高级职业技术学校',32,3,'Z'),(983023,'镇江市经济干部学院',32,3,'Z'),(986693,'镇江市委党校',32,3,'Z'),(973862,'镇江市冶金技校',32,3,'Z'),(972467,'镇江卫校',32,3,'Z'),(986692,'镇江冶金学院',32,3,'Z'),(10682,'正德职业技术学院',32,3,'Z'),(93062,'职业技术应用学院',32,3,'Z'),(975908,'中共江苏省委党校',32,3,'Z'),(985606,'中共江苏省委党校',32,3,'Z'),(970489,'中共泰州市委党校',32,3,'Z'),(72085,'中共中央党校函授学院',32,3,'Z'),(10612,'中国传媒大学南广学院',32,3,'Z'),(980336,'中国佛学院灵岩山分院',32,3,'Z'),(979628,'中国佛学院南京栖霞山分院',32,3,'Z'),(989971,'中国佛学院栖霞山分院',32,3,'Z'),(992012,'中国工程大学',32,3,'Z'),(68885,'中国计算机函授学院',32,3,'Z'),(971697,'中国家务学院',32,3,'Z'),(81568,'中国经济学院',32,3,'Z'),(996383,'中国科学技术大学苏州研究院',32,3,'Z'),(970989,'中国矿业大学',32,3,'Z'),(10613,'中国矿业大学',32,3,'Z'),(975935,'中国矿业大学（徐州）成人教育学院',32,3,'Z'),(867408,'中国矿业大学徐海学院',32,3,'Z'),(867403,'中国人民大学国际学院',32,3,'Z'),(80910,'中国人民解放军船艇学院',32,3,'Z'),(95227,'中国人民解放军工程兵指挥学院',32,3,'Z'),(993326,'中国人民解放军国际关系学院',32,3,'Z'),(995569,'中国人民解放军海军指挥学院',32,3,'Z'),(971669,'中国人民解放军空军第一职工大学',32,3,'Z'),(68873,'中国人民解放军理工大学',32,3,'Z'),(973602,'中国人民解放军理工大学工程兵学院',32,3,'Z'),(81565,'中国人民解放军理工大学通信工程学院',32,3,'Z'),(988196,'中国人民解放军南京军政院校',32,3,'Z'),(978908,'中国人民解放军南京陆军指挥学院',32,3,'Z'),(970137,'中国人民解放军南京炮兵学院',32,3,'Z'),(95028,'中国人民解放军南京政治学院',32,3,'Z'),(78233,'中国人民解放军炮兵学院南京分院',32,3,'Z'),(10782,'中国人民解放军徐州空军学院',32,3,'Z'),(93063,'中国人民解放军镇江船艇学院',32,3,'Z'),(971091,'中国人民解放装甲兵学院',32,3,'Z'),(973755,'中国商贸管理学院',32,3,'Z'),(980547,'中国社会实践大学',32,3,'Z'),(95116,'中华公共关系进修学院',32,3,'Z'),(978551,'中华人民共和国理工大学',32,3,'Z'),(988191,'中央党校函授学院南京军区分院',32,3,'Z'),(990744,'中央江苏省委党校函授学院',32,3,'Z'),(92861,'钟山学院',32,3,'Z'),(10737,'钟山职业技术学院',32,3,'Z'),(10719,'紫琅职业技术学院',32,3,'Z'),(81577,'邗江电大',32,3,'Z'),(976441,'邳州大学',32,3,'Z'),(98310,'邳州市职业技术教育中心',32,3,'Z'),(980300,'邳州运河师范学校',32,3,'Z'),(980702,'沭阳师范',32,3,'Z'),(993553,'沭阳卫校',32,3,'Z'),(973426,'沭阳银河学校',32,3,'Z'),(995375,'泗阳电视大学',32,3,'Z'),(982855,'溧阳市旅游学校',32,3,'Z'),(990570,'盱眙技师学院',32,3,'Z'),(11104,'大连理工大学',21,3,'D'),(11089,'东北大学',21,3,'D'),(11146,'辽宁大学',21,3,'L'),(11090,'东北财经',21,3,'D'),(11098,'大连大学',21,3,'D'),(11103,'大连海事大学',21,3,'D'),(979681,'鞍钢党校',21,3,'A'),(92883,'鞍钢职工大学',21,3,'A'),(979346,'鞍山财经学校',21,3,'A'),(867299,'鞍山钢铁集团公司职工大学',21,3,'A'),(11211,'鞍山钢铁学院',21,3,'A'),(11209,'鞍山广播电视大学',21,3,'A'),(982317,'鞍山机械职工大学',21,3,'A'),(11172,'鞍山科技大学',21,3,'A'),(985764,'鞍山科技大学成教院',21,3,'A'),(973960,'鞍山旅游学校',21,3,'A'),(992523,'鞍山师范附属卫生学院',21,3,'A'),(971060,'鞍山师范高等专科学院',21,3,'A'),(11171,'鞍山师范学院',21,3,'A'),(993594,'鞍山师范学院附属卫生学校',21,3,'A'),(979570,'鞍山市财经学校',21,3,'A'),(11170,'鞍山市高等职业专科学校',21,3,'A'),(978094,'鞍山市公用事业局技校',21,3,'A'),(990363,'鞍山市委党校',21,3,'A'),(971078,'鞍山市岫岩技工学校',21,3,'A'),(982566,'鞍山冶金管理干部学院',21,3,'A'),(975612,'鞍山冶金运输学校',21,3,'A'),(971586,'北京师范大学大连分院',21,3,'B'),(94147,'北京师范大学网络教育学院大连分院',21,3,'B'),(989417,'北票市卫生学校',21,3,'B'),(77646,'本钢工学院',21,3,'B'),(982397,'本钢石灰石矿技工学院',21,3,'B'),(987673,'本溪财贸服务学校',21,3,'B'),(985187,'本溪大学',21,3,'B'),(983545,'本溪党校',21,3,'B'),(971258,'本溪第一职业技术学校',21,3,'B'),(980605,'本溪纺织技工学校',21,3,'B'),(867301,'本溪钢铁公司职工工学院',21,3,'B'),(92885,'本溪广播电视大学',21,3,'B'),(980432,'本溪交通学校',21,3,'B'),(990752,'本溪商贸服务学校',21,3,'B'),(976052,'本溪商专',21,3,'B'),(971382,'本溪师专',21,3,'B'),(990912,'本溪市职工大学',21,3,'B'),(971036,'本溪冶金高等专科学校',21,3,'B'),(92921,'博亚外语学院',21,3,'B'),(971346,'渤海船舶技术学院',21,3,'B'),(11132,'渤海大学',21,3,'B'),(77647,'渤海大学高职学院',21,3,'B'),(92908,'渤海大学培训学院',21,3,'B'),(11133,'渤海大学文理学院',21,3,'B'),(987303,'朝阳党校',21,3,'C'),(991971,'朝阳第一师范学校',21,3,'C'),(975868,'朝阳农业学校',21,3,'C'),(11112,'朝阳师范高等专科学校',21,3,'C'),(991980,'朝阳市第一师范学校',21,3,'C'),(11212,'朝阳市广播电视大学',21,3,'C'),(867298,'朝阳职工工学院',21,3,'C'),(991999,'大连大学成人教育学院',21,3,'D'),(990850,'大连大学师范学院',21,3,'D'),(991848,'大连大学医学院',21,3,'D'),(98703,'大连第二师范学校',21,3,'D'),(92892,'大连东方外国语学院',21,3,'D'),(992506,'大连东方专修学院',21,3,'D'),(970492,'大连东软',21,3,'D'),(970208,'大连东软信息技术职业学院',21,3,'D'),(11093,'大连东软信息学院',21,3,'D'),(972862,'大连翻译学院',21,3,'D'),(11106,'大连翻译职业技术学院',21,3,'D'),(867278,'大连枫叶职业技术学院',21,3,'D'),(70673,'大连港务专修学院',21,3,'D'),(867269,'大连工大',21,3,'D'),(92893,'大连工人大学',21,3,'D'),(11099,'大连工业大学',21,3,'D'),(92886,'大连工业大学艺术与信息工程学院',21,3,'D'),(979238,'大连工业大学职业技术学院',21,3,'D'),(982484,'大连管理干部学院',21,3,'D'),(11100,'大连广播电视大学',21,3,'D'),(989875,'大连广告职业技术学院',21,3,'D'),(979430,'大连国防高级技师学院',21,3,'D'),(979680,'大连海军舰艇学院',21,3,'D'),(988240,'大连海军政治学院',21,3,'D'),(969997,'大连海军职工大学',21,3,'D'),(982993,'大连海浪模特艺术学校',21,3,'D'),(972835,'大连海事大学继续教育学院',21,3,'D'),(11102,'大连海洋大学',21,3,'D'),(94559,'大连海洋科技大学',21,3,'D'),(989736,'大连航空学院',21,3,'D'),(98695,'大连航运职业技术学院',21,3,'D'),(94561,'大连机车技师学院',21,3,'D'),(92894,'大连技师学院',21,3,'D'),(77643,'大连舰艇学院',21,3,'D'),(972311,'大连建工学院',21,3,'D'),(978611,'大连建设学校',21,3,'D'),(980763,'大连建筑工程学校',21,3,'D'),(11094,'大连交大',21,3,'D'),(92918,'大连交通大学',21,3,'D'),(972738,'大连交通大学轨道交通技术学院',21,3,'D'),(94820,'大连交通大学信息工程学院',21,3,'D'),(98718,'大连交通学校',21,3,'D'),(77642,'大连教育学院',21,3,'D'),(70632,'大连经贸外语学院',21,3,'D'),(978406,'大连警校',21,3,'D'),(971645,'大连军医学校',21,3,'D'),(970852,'大连科技学院',21,3,'D'),(977255,'大连劳动局技工学校',21,3,'D'),(867266,'大连理工',21,3,'D'),(11105,'大连理工大学城市学院',21,3,'D'),(979566,'大连陆军学校',21,3,'D'),(972062,'大连陆军指挥学院',21,3,'D'),(11101,'大连民族学院',21,3,'D'),(975856,'大连女子学院',21,3,'D'),(988085,'大连女子职业技术学院',21,3,'D'),(983127,'大连皮口卫生学校',21,3,'D'),(973674,'大连汽车职业技术学院',21,3,'D'),(94563,'大连轻工业学院',21,3,'D'),(990746,'大连日语翻译专修学校',21,3,'D'),(92899,'大连软件职业技术学院',21,3,'D'),(11109,'大连软件职业学院',21,3,'D'),(11096,'大连商务职业学院',21,3,'D'),(984228,'大连师范学校',21,3,'D'),(986614,'大连师范专科学校',21,3,'D'),(985733,'大连市财经学校',21,3,'D'),(985076,'大连市城建学校',21,3,'D'),(490002,'大连市房地产学校',21,3,'D'),(984961,'大连市甘井子区劳动和社会保障局技校',21,3,'D'),(92895,'大连市技师学院',21,3,'D'),(92896,'大连市计算机职业学院',21,3,'D'),(867297,'大连市教育学院',21,3,'D'),(976503,'大连市经济贸易学校',21,3,'D'),(980482,'大连市空军通信学校院',21,3,'D'),(970126,'大连市劳动和社会保障局技工学校',21,3,'D'),(984220,'大连市皮口卫生学校',21,3,'D'),(978628,'大连市商业学校',21,3,'D'),(987042,'大连市师范学校',21,3,'D'),(990606,'大连市中山区劳动局技校',21,3,'D'),(978584,'大连水产学院',21,3,'D'),(971437,'大连水产学院职业技术学院',21,3,'D'),(970982,'大连体育运动学校',21,3,'D'),(989954,'大连铁道技工学校',21,3,'D'),(977897,'大连铁道学院',21,3,'D'),(991975,'大连铁路卫生学校',21,3,'D'),(81627,'大连通才职业技术学院',21,3,'D'),(984861,'大连通信学院',21,3,'D'),(977952,'大连瓦房店师范学校',21,3,'D'),(11097,'大连外国语学院',21,3,'D'),(995861,'大连外国语学院继续教育学院',21,3,'D'),(979421,'大连外事旅游学校',21,3,'D'),(984866,'大连外事专修学院',21,3,'D'),(997208,'大连完美动力学院',21,3,'D'),(867267,'大连医大',21,3,'D'),(11095,'大连医科大学',21,3,'D'),(92890,'大连医科大学中山学院',21,3,'D'),(867311,'大连艺术学院',21,3,'D'),(11108,'大连艺术职业学院',21,3,'D'),(92891,'大连职工大学',21,3,'D'),(11107,'大连职业技术学院',21,3,'D'),(977039,'大连指挥学院',21,3,'D'),(98346,'大连装备制造职业技术学院',21,3,'D'),(832835,'大连综合中等专业学校',21,3,'D'),(11214,'丹东电子工业职工大学',21,3,'D'),(989471,'丹东纺织高等专科学校',21,3,'D'),(92900,'丹东广播电视大学',21,3,'D'),(977466,'丹东市二职专',21,3,'D'),(92901,'丹东市辽宁机电职业技术学院',21,3,'D'),(971143,'丹东市卫生学校',21,3,'D'),(970242,'丹东卫生学院',21,3,'D'),(11215,'丹东职业技术学院',21,3,'D'),(979679,'调兵山技校',21,3,'D'),(986747,'东北财经大学',21,3,'D'),(92887,'东北财经大学津桥商学院',21,3,'D'),(977253,'东北财经大学网络教育学院',21,3,'D'),(980278,'东北财经津桥商学院',21,3,'D'),(95281,'东北财经学院',21,3,'D'),(80984,'东北大学大连艺术学院',21,3,'D'),(867317,'东北大学东软信息学院',21,3,'D'),(11216,'东北大学网络教育学院',21,3,'D'),(993446,'东北电业职工大学',21,3,'D'),(990737,'东北工学院',21,3,'D'),(990829,'凤城师范学校',21,3,'F'),(986798,'凤城卫校',21,3,'F'),(979702,'抚顺财贸技校',21,3,'F'),(11207,'抚顺大学',21,3,'F'),(970247,'抚顺党政电视大学',21,3,'F'),(978622,'抚顺电视广播大学',21,3,'F'),(867312,'抚顺高等专科学校',21,3,'F'),(11208,'抚顺广播电视大学',21,3,'F'),(977393,'抚顺技校',21,3,'F'),(992441,'抚顺矿务局高级技校',21,3,'F'),(991038,'抚顺矿务局卫生学校',21,3,'F'),(867302,'抚顺矿务局职工工学院',21,3,'F'),(996621,'抚顺矿业技工学校',21,3,'F'),(992173,'抚顺煤炭工业学校',21,3,'F'),(971549,'抚顺煤炭技术学校',21,3,'F'),(970379,'抚顺煤校',21,3,'F'),(11110,'抚顺师范高等专科学校',21,3,'F'),(92902,'抚顺石油化工公司职工大学',21,3,'F'),(983586,'抚顺石油化工学院',21,3,'F'),(974034,'抚顺石油学院',21,3,'F'),(990868,'抚顺石油学院',21,3,'F'),(98667,'抚顺市技师学院',21,3,'F'),(92905,'抚顺市矿务局职工工学院',21,3,'F'),(991883,'抚顺市石化技校',21,3,'F'),(11210,'抚顺市石油学院',21,3,'F'),(989585,'抚顺市卫生学校',21,3,'F'),(95188,'抚顺卫生学校',21,3,'F'),(980001,'抚顺现代服务学校',21,3,'F'),(985731,'抚顺一职专',21,3,'F'),(11169,'阜新高等专科学校',21,3,'F'),(867294,'阜新矿务局职工大学',21,3,'F'),(995773,'阜新矿业集团职工大学',21,3,'F'),(970423,'阜新辽宁矿业学院',21,3,'F'),(984768,'阜新煤矿技校',21,3,'F'),(973321,'阜新煤炭工业学校',21,3,'F'),(867295,'阜新煤炭职工医学专科学校',21,3,'F'),(973657,'阜新农业学校',21,3,'F'),(993093,'阜新市财贸学校',21,3,'F'),(970898,'阜新市第一职专',21,3,'F'),(975664,'阜新市机械技校',21,3,'F'),(11204,'阜新市煤炭医学专科学校',21,3,'F'),(993457,'阜新市商业学校',21,3,'F'),(990417,'阜新市体育运动体校',21,3,'F'),(77641,'港务学院',21,3,'G'),(77648,'国考大学',21,3,'G'),(80983,'海军大连舰艇学院',21,3,'H'),(996673,'海军第二炮兵学院（前身是抗日军政大学）',21,3,'H'),(971301,'海军飞行学院',21,3,'H'),(975815,'海军航空兵飞行学院',21,3,'H'),(867293,'海军职工大学',21,3,'H'),(970478,'葫芦岛市委党校',21,3,'H'),(81628,'葫芦岛职业技术专修学院',21,3,'H'),(983129,'解放军大连医学高等专科学校',21,3,'J'),(991058,'金南外语学院',21,3,'J'),(973409,'金州电大',21,3,'J'),(979417,'金州国防技师学院',21,3,'J'),(979447,'今治明德短期大学',21,3,'J'),(970434,'锦州财经',21,3,'J'),(986815,'锦州第一师范学校',21,3,'J'),(987689,'锦州电力工业学校',21,3,'J'),(11205,'锦州广播电视大学',21,3,'J'),(972382,'锦州机电工程技术学校',21,3,'J'),(980017,'锦州农业机械化学校',21,3,'J'),(11167,'锦州商务职业学院',21,3,'J'),(970207,'锦州师范',21,3,'J'),(11168,'锦州师范高等专科学校',21,3,'J'),(92909,'锦州石油化工职工大学',21,3,'J'),(982557,'锦州市第一师范学校',21,3,'J'),(985093,'锦州市高级电力学院',21,3,'J'),(990638,'锦州市商业高等专科学校',21,3,'J'),(982647,'锦州市体育运动学校',21,3,'J'),(978995,'锦州市一职专',21,3,'J'),(979987,'锦州一职专',21,3,'J'),(94564,'锦州医学院',21,3,'J'),(867318,'锦州医学院畜牧兽医学院',21,3,'J'),(986040,'锦州育才专修学院',21,3,'J'),(990603,'锦州运输学校',21,3,'J'),(986220,'锦州职工大学',21,3,'J'),(987327,'空军第三飞行学院',21,3,'K'),(972302,'空军第三飞行学院',21,3,'K'),(80988,'辽北技师学院',21,3,'L'),(11137,'辽东学院',21,3,'L'),(990733,'辽河油田机修总厂技工学校',21,3,'L'),(979055,'辽河油田职工大学',21,3,'L'),(94565,'辽河油田职业技术学院',21,3,'L'),(94821,'辽南技师学院',21,3,'L'),(973925,'辽宁北方专修学院',21,3,'L'),(989538,'辽宁本溪冶金高等专科学校',21,3,'L'),(973583,'辽宁兵器工业大学',21,3,'L'),(867300,'辽宁兵器工业职工大学',21,3,'L'),(92915,'辽宁渤海学院',21,3,'L'),(11122,'辽宁财贸学院',21,3,'L'),(867296,'辽宁财贸职工大学',21,3,'L'),(11180,'辽宁财政高等专科学校',21,3,'L'),(984183,'辽宁朝阳职工大学',21,3,'L'),(973628,'辽宁城市建设职业技术学院',21,3,'L'),(975724,'辽宁大连瓦房店哈佛',21,3,'L'),(985765,'辽宁大连外国语学院大黑山分院',21,3,'L'),(982630,'辽宁大学北方广告学院',21,3,'L'),(982495,'辽宁大学成人教育学院',21,3,'L'),(987106,'辽宁大学经济学院',21,3,'L'),(983902,'辽宁党校省委',21,3,'L'),(70633,'辽宁地质工程职业学院',21,3,'L'),(976420,'辽宁电视广播大学',21,3,'L'),(982701,'辽宁电子竞技大学',21,3,'L'),(867314,'辽宁东方中医学院',21,3,'L'),(92926,'辽宁东方中医专修学院',21,3,'L'),(80985,'辽宁对外经贸大学',21,3,'L'),(77644,'辽宁对外经贸学院',21,3,'L'),(94558,'辽宁丰田金杯技师学院',21,3,'L'),(94556,'辽宁高职专修学院',21,3,'L'),(985035,'辽宁歌剧院',21,3,'L'),(92906,'辽宁工程技术大学',21,3,'L'),(11177,'辽宁工程技术大学（原阜新矿业学院）',21,3,'L'),(11148,'辽宁工大',21,3,'L'),(11147,'辽宁工业大学',21,3,'L'),(987731,'辽宁工业大学继续教育学院',21,3,'L'),(94148,'辽宁工业继续教育大连分院',21,3,'L'),(94557,'辽宁工运学院',21,3,'L'),(995898,'辽宁供销职工干部学校',21,3,'L'),(867315,'辽宁公安司法干部管理学院',21,3,'L'),(11141,'辽宁公安司法管理干部学院',21,3,'L'),(11151,'辽宁广播电视大学',21,3,'L'),(867305,'辽宁广告设计学院',21,3,'L'),(11150,'辽宁广告职业学院',21,3,'L'),(976149,'辽宁何氏视学科学学院',21,3,'L'),(980429,'辽宁何氏医学院',21,3,'L'),(986182,'辽宁何氏医学院',21,3,'L'),(11181,'辽宁华海专修学院',21,3,'L'),(11152,'辽宁机电职业技术学院',21,3,'L'),(11178,'辽宁建设职工大学',21,3,'L'),(92912,'辽宁建筑职业技术学院',21,3,'L'),(11139,'辽宁交通高等专科学校',21,3,'L'),(11182,'辽宁教育学院',21,3,'L'),(11163,'辽宁金融职业学院',21,3,'L'),(92910,'辽宁锦州渤海大学',21,3,'L'),(92911,'辽宁锦州高教自考学院',21,3,'L'),(983691,'辽宁经济干部管理学院',21,3,'L'),(11183,'辽宁经济管理干部学院',21,3,'L'),(11158,'辽宁经济职业技术学院',21,3,'L'),(11162,'辽宁警官高等专科学校',21,3,'L'),(972076,'辽宁刊授党校',21,3,'L'),(867277,'辽宁科大',21,3,'L'),(11156,'辽宁科技大学',21,3,'L'),(72832,'辽宁科技大学信息技术学院',21,3,'L'),(11157,'辽宁科技学院',21,3,'L'),(80986,'辽宁劳动保障技师学院',21,3,'L'),(971787,'辽宁理工职业技术学院',21,3,'L'),(975837,'辽宁理工职业学院',21,3,'L'),(984783,'辽宁辽阳警官学校',21,3,'L'),(11159,'辽宁美术职业学院',21,3,'L'),(972060,'辽宁牧专',21,3,'L'),(11184,'辽宁农业管理干部学院',21,3,'L'),(987714,'辽宁农业广播电视学校',21,3,'L'),(92928,'辽宁农业学院',21,3,'L'),(11142,'辽宁农业职业技术学院',21,3,'L'),(992446,'辽宁女子文化专修学院',21,3,'L'),(978604,'辽宁欧美服装学院',21,3,'L'),(975790,'辽宁欧美国际服装学校',21,3,'L'),(985643,'辽宁青年管理干部学院',21,3,'L'),(11179,'辽宁轻工职工大学',21,3,'L'),(975792,'辽宁商贸学院',21,3,'L'),(95052,'辽宁商贸职业技术学院',21,3,'L'),(11144,'辽宁商贸职业学院',21,3,'L'),(11185,'辽宁商务职业学院',21,3,'L'),(977979,'辽宁商业高等专科学校',21,3,'L'),(81626,'辽宁沈阳华商经济学院',21,3,'L'),(976995,'辽宁沈阳交通经济学校',21,3,'L'),(976904,'辽宁省财政学校',21,3,'L'),(971517,'辽宁省朝鲜族师范范学校',21,3,'L'),(980401,'辽宁省城市建设学院',21,3,'L'),(867309,'辽宁省城市建设职业技术学院',21,3,'L'),(970024,'辽宁省大连陆军学院',21,3,'L'),(970928,'辽宁省大连市女子师范学院',21,3,'L'),(978621,'辽宁省纺织工业学校',21,3,'L'),(975713,'辽宁省阜新市党校',21,3,'L'),(989578,'辽宁省阜新市商业职专',21,3,'L'),(867313,'辽宁省高等专科学校',21,3,'L'),(976930,'辽宁省工委党校',21,3,'L'),(975957,'辽宁省广告职业学院',21,3,'L'),(979195,'辽宁省葫芦岛市南票区技术学校',21,3,'L'),(489985,'辽宁省建筑材料工业学校',21,3,'L'),(867308,'辽宁省交通高等专科学校',21,3,'L'),(971766,'辽宁省锦州市第一师范学校',21,3,'L'),(983452,'辽宁省锦州市农业经济学校',21,3,'L'),(995326,'辽宁省酒店管理学校',21,3,'L'),(978521,'辽宁省刊授党校',21,3,'L'),(993617,'辽宁省辽阳中医药学校',21,3,'L'),(995648,'辽宁省旅游服务学校',21,3,'L'),(990389,'辽宁省农业职业技术学院',21,3,'L'),(94562,'辽宁省涉外旅游管理学院',21,3,'L'),(987989,'辽宁省省委党校',21,3,'L'),(92919,'辽宁省体育运动技术学院',21,3,'L'),(982819,'辽宁省卫生职工医学院',21,3,'L'),(995430,'辽宁省戏剧学校',21,3,'L'),(971657,'辽宁省熊岳农业高等专科学校',21,3,'L'),(971801,'辽宁省艺术学校',21,3,'L'),(970487,'辽宁省艺术幼儿师范',21,3,'L'),(992251,'辽宁省营口市高等职业专科学校',21,3,'L'),(982980,'辽宁省邮电干部学校',21,3,'L'),(976193,'辽宁省政府机关干部大学',21,3,'L'),(970319,'辽宁省职业运动技术学院',21,3,'L'),(980312,'辽宁省直属机关职工大学',21,3,'L'),(867268,'辽宁师大',21,3,'L'),(11149,'辽宁师范大学',21,3,'L'),(965312,'辽宁师范大学附属职业中专',21,3,'L'),(867288,'辽宁师范大学海华学院',21,3,'L'),(989672,'辽宁师范大学开发区分院',21,3,'L'),(94560,'辽宁师范学院',21,3,'L'),(11154,'辽宁石化',21,3,'L'),(92903,'辽宁石化大学',21,3,'L'),(11155,'辽宁石化职业技术学院',21,3,'L'),(72056,'辽宁石油化工大学',21,3,'L'),(92904,'辽宁石油化工大学顺华能源学院',21,3,'L'),(989695,'辽宁石油化工大学职业技术学院',21,3,'L'),(971780,'辽宁石油职业技学院',21,3,'L'),(11187,'辽宁税务高等专科学校',21,3,'L'),(867279,'辽宁体育运动职业技术学院',21,3,'L'),(81629,'辽宁铁道职业技术学院',21,3,'L'),(977281,'辽宁铁岭财经学校',21,3,'L'),(11145,'辽宁外经贸',21,3,'L'),(984026,'辽宁卫生职业技术学院',21,3,'L'),(970997,'辽宁文华工艺美术学校',21,3,'L'),(867291,'辽宁文化艺术职工大学',21,3,'L'),(975975,'辽宁现代服务技术学院',21,3,'L'),(995554,'辽宁现代服务职业技术学院',21,3,'L'),(977481,'辽宁现代服务职业技术学院',21,3,'L'),(92884,'辽宁冶金工业技术学院',21,3,'L'),(80982,'辽宁冶金技师学院',21,3,'L'),(992513,'辽宁冶金职业技术学院',21,3,'L'),(11143,'辽宁医学院',21,3,'L'),(975844,'辽宁医学院动物医学',21,3,'L'),(867285,'辽宁医学院医疗学院',21,3,'L'),(11188,'辽宁艺术职业学院',21,3,'L'),(92929,'辽宁营口职业技术学院',21,3,'L'),(11160,'辽宁职业学院',21,3,'L'),(867272,'辽宁中医药',21,3,'L'),(11138,'辽宁中医药大学',21,3,'L'),(867286,'辽宁中医药大学杏林学院',21,3,'L'),(11161,'辽宁装备制造职业技术学院',21,3,'L'),(990293,'辽阳党校',21,3,'L'),(980383,'辽阳广播电视大学',21,3,'L'),(989402,'辽阳教育学院',21,3,'L'),(978609,'辽阳农机技校',21,3,'L'),(971240,'辽阳师范高等专科学校',21,3,'L'),(11189,'辽阳石油化工高等专科学校',21,3,'L'),(978369,'辽阳卫校',21,3,'L'),(11165,'辽阳职业技术学院',21,3,'L'),(92913,'辽阳职业学院',21,3,'L'),(978846,'辽阳中医药学校',21,3,'L'),(979643,'陵水路技校',21,3,'L'),(867310,'鲁迅美术学院',21,3,'L'),(11173,'鲁迅美院',21,3,'L'),(989803,'煤炭科学研究总院',21,3,'M'),(867280,'青岛峻通科技专修学院',21,3,'Q'),(92888,'清华大学继续教育学院',21,3,'Q'),(971647,'秋祥焊接学院',21,3,'Q'),(970397,'商都学院',21,3,'S'),(980508,'沈阳砲兵学院',21,3,'S'),(11117,'沈阳大学',21,3,'S'),(979528,'沈阳大学财经学院',21,3,'S'),(996754,'沈阳大学科技工程',21,3,'S'),(867290,'沈阳大学科技工程学院',21,3,'S'),(983554,'沈阳大学美术学院（艺术工程学院）',21,3,'S'),(11118,'沈阳大学师范学院',21,3,'S'),(979347,'沈阳东方传媒学校',21,3,'S'),(977512,'沈阳对外贸易学校',21,3,'S'),(867274,'沈阳工程',21,3,'S'),(11120,'沈阳工程大学',21,3,'S'),(98882,'沈阳工程学院',21,3,'S'),(867270,'沈阳工大',21,3,'S'),(11190,'沈阳工贸学校',21,3,'S'),(11119,'沈阳工业大学',21,3,'S'),(867306,'沈阳工业大学（辽阳校区）',21,3,'S'),(94573,'沈阳工业大学辽阳分校',21,3,'S'),(92914,'沈阳工业经济大学',21,3,'S'),(11123,'沈阳广播电视大学',21,3,'S'),(95365,'沈阳广告职业学院',21,3,'S'),(867303,'沈阳国际科学技术专修学院',21,3,'S'),(985611,'沈阳国际商务学校',21,3,'S'),(867281,'沈阳航空工业学院北方科技学院',21,3,'S'),(971011,'沈阳航空航天大学',21,3,'S'),(11128,'沈阳航空航天大学',21,3,'S'),(995579,'沈阳航空航天大学北方科技学院',21,3,'S'),(11129,'沈阳航空职业技术学院',21,3,'S'),(996541,'沈阳航空职业技术学院沈飞校区',21,3,'S'),(11115,'沈阳化工',21,3,'S'),(986720,'沈阳化工大学',21,3,'S'),(975702,'沈阳化工大学科亚学院',21,3,'S'),(989696,'沈阳化工学院辽阳化纤分院',21,3,'S'),(986964,'沈阳化工研究院',21,3,'S'),(990700,'沈阳化学工业学校',21,3,'S'),(11191,'沈阳黄金学院',21,3,'S'),(92923,'沈阳机械工业职工大学',21,3,'S'),(995487,'沈阳技师学院',21,3,'S'),(95074,'沈阳建筑城市建设学院',21,3,'S'),(11124,'沈阳建筑大学',21,3,'S'),(80981,'沈阳建筑大学城市建设学院',21,3,'S'),(980628,'沈阳建筑大学继续教育学院',21,3,'S'),(92922,'沈阳建筑工程学院',21,3,'S'),(987869,'沈阳交通大学',21,3,'S'),(11192,'沈阳教育学院',21,3,'S'),(969921,'沈阳金融学院',21,3,'S'),(92916,'沈阳金融职业学院',21,3,'S'),(993535,'沈阳军功学校',21,3,'S'),(977953,'沈阳军区大连医学高等专科学校',21,3,'S'),(977430,'沈阳军区学院',21,3,'S'),(989721,'沈阳科技干部进修学院',21,3,'S'),(982888,'沈阳劳动经济学校',21,3,'S'),(11125,'沈阳理工',21,3,'S'),(11126,'沈阳理工大学应用技术学院',21,3,'S'),(970961,'沈阳理工业学院高等专科学校',21,3,'S'),(987240,'沈阳联合职工大学',21,3,'S'),(984607,'沈阳隆泰苹果电脑职业专修学校',21,3,'S'),(980755,'沈阳民族艺术学校',21,3,'S'),(867271,'沈阳农大',21,3,'S'),(11175,'沈阳农业大学',21,3,'S'),(77639,'沈阳农业大学高等职业学院',21,3,'S'),(867283,'沈阳农业大学科学技术学院',21,3,'S'),(985159,'沈阳欧美艺术学院',21,3,'S'),(11195,'沈阳炮兵学院',21,3,'S'),(986292,'沈阳商学院',21,3,'S'),(11121,'沈阳师范',21,3,'S'),(92907,'沈阳师范渤海学院',21,3,'S'),(986710,'沈阳师范大学',21,3,'S'),(867289,'沈阳师范大学渤海学院',21,3,'S'),(984176,'沈阳师联艺术幼师学校',21,3,'S'),(982908,'沈阳市财经学院',21,3,'S'),(976316,'沈阳市纺织轻工工业学校',21,3,'S'),(982782,'沈阳市护士学校',21,3,'S'),(995377,'沈阳市化工大学科亚学院',21,3,'S'),(92917,'沈阳市黄金学院',21,3,'S'),(977229,'沈阳市机电学校',21,3,'S'),(970327,'沈阳市警官学校',21,3,'S'),(986631,'沈阳市商业服务学校',21,3,'S'),(984975,'沈阳市外贸学校',21,3,'S'),(969983,'沈阳市外事服务学校',21,3,'S'),(977424,'沈阳市委党校',21,3,'S'),(11196,'沈阳市雄狮艺术设计学院',21,3,'S'),(972169,'沈阳市医药学校',21,3,'S'),(972232,'沈阳市医药学校',21,3,'S'),(986178,'沈阳市幼儿师范',21,3,'S'),(990381,'沈阳市园林学校',21,3,'S'),(980812,'沈阳市职工医学院',21,3,'S'),(92924,'沈阳市职业技术学院计算机学院',21,3,'S'),(980138,'沈阳孙进技术学院',21,3,'S'),(11197,'沈阳体育学院',21,3,'S'),(867275,'沈阳体院',21,3,'S'),(983594,'沈阳外事服务学校',21,3,'S'),(977064,'沈阳新闻出版学校',21,3,'S'),(978224,'沈阳学业大学',21,3,'S'),(867273,'沈阳药科',21,3,'S'),(11130,'沈阳药科大学',21,3,'S'),(985243,'沈阳冶金机械专科学校',21,3,'S'),(11116,'沈阳医学院',21,3,'S'),(987879,'沈阳医学院附属卫生学校',21,3,'S'),(867287,'沈阳医学院何氏视觉科学学院',21,3,'S'),(976807,'沈阳医学院何氏视觉科学学院',21,3,'S'),(985048,'沈阳伊斯兰教经学院',21,3,'S'),(980333,'沈阳艺术幼儿师范',21,3,'S'),(11131,'沈阳音乐学院',21,3,'S'),(867319,'沈阳音乐学院附属大连音乐舞蹈学校',21,3,'S'),(94819,'沈阳英才专修学院',21,3,'S'),(973880,'沈阳职工大学',21,3,'S'),(92925,'沈阳职业技术学院计算机学院',21,3,'S'),(980131,'沈阳职业技术学院软件学院',21,3,'S'),(980295,'沈阳中医药大学',21,3,'S'),(11193,'沈阳菁华商业管理学校',21,3,'S'),(972757,'省委党校',21,3,'S'),(971347,'顺城职专',21,3,'S'),(11199,'铁岭广播电视大学',21,3,'T'),(92927,'铁岭技师学院',21,3,'T'),(980391,'铁岭农学院',21,3,'T'),(11201,'铁岭农业职业技术学院',21,3,'T'),(11166,'铁岭师范高等专科学校',21,3,'T'),(985614,'铁岭市交通局技工学校',21,3,'T'),(976346,'铁岭市教育学院',21,3,'T'),(987122,'铁岭市涉外旅游学校',21,3,'T'),(979438,'铁岭市市委党校',21,3,'T'),(11200,'铁岭市职工大学',21,3,'T'),(977197,'铁岭卫生学校',21,3,'T'),(973460,'铁岭卫生职业学院',21,3,'T'),(984056,'武警沈阳士官指挥学院',21,3,'W'),(77549,'武警沈阳指挥学院',21,3,'W'),(94101,'新民师范',21,3,'X'),(11203,'营口电视广播大学',21,3,'Y'),(993290,'营口技师学院',21,3,'Y'),(979539,'营口市经济技术学校',21,3,'Y'),(980108,'营口市卫生校',21,3,'Y'),(980095,'营口卫校',21,3,'Y'),(11136,'营口职业技术学院',21,3,'Y'),(971482,'育才专修学院',21,3,'Y'),(971610,'振兴专修学校',21,3,'Z'),(987775,'中共辽宁党校',21,3,'Z'),(971713,'中共辽宁省委党校',21,3,'Z'),(988177,'中共沈阳市委党校',21,3,'Z'),(970235,'中国的西点军校—大连陆军学院',21,3,'Z'),(92920,'中国航材大学',21,3,'Z'),(98856,'中国科学院金属研究所',21,3,'Z'),(976451,'中国人民解放军大连空军通信士官学校',21,3,'Z'),(973995,'中国人民解放军大连陆军学院',21,3,'Z'),(81625,'中国人民解放军海军职工大学',21,3,'Z'),(983971,'中国人民解放军陆军东陵炮兵学院',21,3,'Z'),(982920,'中国武警学院',21,3,'Z'),(11091,'中国刑警学院',21,3,'Z'),(989951,'中国刑事警察学院',21,3,'Z'),(867276,'中国医科大',21,3,'Z'),(11092,'中国医科大学',21,3,'Z'),(977220,'中国医科大学临床医药学院',21,3,'Z'),(976989,'中央党校函授学院附属函授学院',21,3,'Z'),(990034,'中央党校葫芦岛市行政学院',21,3,'Z'),(982851,'中央党校辽宁分校',21,3,'Z'),(980338,'中央党校沈阳分院',21,3,'Z'),(992010,'中央党校沈阳军区分校',21,3,'Z'),(989776,'中央党校营口分院',21,3,'Z'),(12463,'内蒙古大学',15,3,'N'),(12464,'内蒙古工业大学',15,3,'N'),(12459,'内蒙古农业大学',15,3,'N'),(12465,'内蒙古师范大学',15,3,'N'),(12461,'内蒙古医学院',15,3,'N'),(12474,'内蒙古财经',15,3,'N'),(990318,'巴盟教育学院',15,3,'B'),(12503,'巴盟师范学校(河套大学)',15,3,'B'),(974018,'巴彦淖尔教育学院',15,3,'B'),(990002,'巴彦淖尔盟临河市技工学校',15,3,'B'),(988220,'巴彦淖尔市建筑工程技术学校',15,3,'B'),(12505,'包钢职工大学',15,3,'B'),(993655,'包头服务管理学校',15,3,'B'),(92932,'包头钢铁学院',15,3,'B'),(12477,'包头钢铁职业技术学院',15,3,'B'),(984641,'包头广播电视大学',15,3,'B'),(980410,'包头机械工业学校',15,3,'B'),(12476,'包头轻工职业技术学院',15,3,'B'),(867726,'包头师范学院',15,3,'B'),(980801,'包头市服务管理职业学校',15,3,'B'),(990385,'包头市工业学校',15,3,'B'),(986014,'包头市广播电视大学',15,3,'B'),(12486,'包头市和华商贸外语学院',15,3,'B'),(12487,'包头市师范学院',15,3,'B'),(982402,'包头市委党校',15,3,'B'),(993036,'包头市职工大学',15,3,'B'),(973008,'包头铁工校',15,3,'B'),(985692,'包头铁路职业技术学院',15,3,'B'),(992334,'包头卫校',15,3,'B'),(12489,'包头医学院',15,3,'B'),(979021,'包头职工大学',15,3,'B'),(12475,'包头职业技术学院',15,3,'B'),(972856,'赤峰工业职业技术学院',15,3,'C'),(992129,'赤峰华夏职业学校',15,3,'C'),(976913,'赤峰粮校',15,3,'C'),(92936,'赤峰农牧学院',15,3,'C'),(12481,'赤峰学院',15,3,'C'),(990044,'赤峰医学院',15,3,'C'),(92937,'赤峰职业技术学院',15,3,'C'),(12500,'大兴安岭广播电视大学',15,3,'D'),(989845,'大兴安岭林业卫校',15,3,'D'),(979287,'东北职业学院',15,3,'D'),(12506,'鄂尔多斯教育学院',15,3,'E'),(979734,'鄂尔多斯煤炭技工学校',15,3,'E'),(992208,'鄂尔多斯蒙藏医药学校',15,3,'E'),(986768,'鄂尔多斯农牧学校',15,3,'E'),(972359,'鄂尔多斯卫校',15,3,'E'),(518807,'鄂尔多斯职业学院',15,3,'E'),(973825,'鄂尔多斯职业艺术学院',15,3,'E'),(990388,'哈尔滨地质大学',15,3,'H'),(971340,'哈呼大学',15,3,'H'),(990757,'海拉尔蒙医卫校',15,3,'H'),(12480,'河套大学',15,3,'H'),(94575,'呼和浩特工程职业技术学院',15,3,'H'),(971506,'呼和浩特机电职业学院',15,3,'H'),(971754,'呼和浩特交通学校',15,3,'H'),(980717,'呼和浩特教育学院',15,3,'H'),(975553,'呼和浩特青城大学',15,3,'H'),(984946,'呼和浩特市管理干部学院',15,3,'H'),(12504,'呼和浩特市广播电视大学',15,3,'H'),(987764,'呼和浩特市司法警察学校',15,3,'H'),(970993,'呼和浩特市卫生学校',15,3,'H'),(92948,'呼和浩特体育职业学院',15,3,'H'),(12493,'呼和浩特预备役军校',15,3,'H'),(12479,'呼和浩特职业学院',15,3,'H'),(990596,'呼伦贝尔高级技工学校',15,3,'H'),(982389,'呼伦贝尔警察学校',15,3,'H'),(92950,'呼伦贝尔市民族艺术学院',15,3,'H'),(12478,'呼伦贝尔学院',15,3,'H'),(92951,'呼伦贝尔学院外国语学院',15,3,'H'),(989312,'呼伦贝蒙医学校',15,3,'H'),(975636,'呼蒙教育学院',15,3,'H'),(970831,'呼盟粮食学校',15,3,'H'),(987089,'呼市教育学院',15,3,'H'),(980387,'呼市民族艺术学院',15,3,'H'),(976829,'呼市商业学校',15,3,'H'),(997226,'华北传媒学院',15,3,'H'),(995311,'华北医科大学',15,3,'H'),(867725,'集宁师范学院',15,3,'J'),(12483,'集宁师范学院',15,3,'J'),(867720,'科尔沁艺术职业学院',15,3,'K'),(979339,'科左后旗职业技术学院',15,3,'K'),(978056,'临河市技校',15,3,'L'),(991998,'临河市盟卫校',15,3,'L'),(989783,'蒙古国文华艺术大学',15,3,'M'),(989782,'蒙古国音乐舞蹈学院',15,3,'M'),(982987,'蒙古民族幼儿师范',15,3,'M'),(983150,'内蒙财经学院',15,3,'N'),(985850,'内蒙财经学院西区',15,3,'N'),(94577,'内蒙古巴河套大学',15,3,'N'),(978079,'内蒙古巴彦淖尔职业技术学院',15,3,'N'),(989318,'内蒙古包钢技校',15,3,'N'),(975623,'内蒙古包头市城建技校',15,3,'N'),(80997,'内蒙古财经学院',15,3,'N'),(12473,'内蒙古财税职业学院',15,3,'N'),(989679,'内蒙古赤峰黄金技工学校',15,3,'N'),(81653,'内蒙古大学创业学院',15,3,'N'),(92939,'内蒙古大学鄂尔多斯学院',15,3,'N'),(978926,'内蒙古大学交通学院',15,3,'N'),(976404,'内蒙古大学律师函授学院',15,3,'N'),(976189,'内蒙古大学满洲里学院',15,3,'N'),(992131,'内蒙古大学艺术学院',15,3,'N'),(986636,'内蒙古党校函授学院',15,3,'N'),(984162,'内蒙古党校通辽函授学院',15,3,'N'),(990684,'内蒙古电力通讯职业技术学校',15,3,'N'),(12470,'内蒙古电子信息职业技术学院',15,3,'N'),(92941,'内蒙古电子职业技术职业学院',15,3,'N'),(990963,'内蒙古鄂尔多斯卫校',15,3,'N'),(975602,'内蒙古法律函授学院',15,3,'N'),(977024,'内蒙古纺织学院',15,3,'N'),(92942,'内蒙古丰州学院',15,3,'N'),(78219,'内蒙古丰州学院青城分院',15,3,'N'),(972295,'内蒙古丰州职业学院（青城大学）',15,3,'N'),(971483,'内蒙古高等职业专修学院',15,3,'N'),(94574,'内蒙古工程技术专修学院',15,3,'N'),(989421,'内蒙古工商行政管理学校',15,3,'N'),(976051,'内蒙古工学院',15,3,'N'),(989370,'内蒙古工业大学乌海学院',15,3,'N'),(987087,'内蒙古工业职业学校',15,3,'N'),(987774,'内蒙古管理干部学院',15,3,'N'),(72859,'内蒙古广播电视大学',15,3,'N'),(867724,'内蒙古广播电视大学直属学院',15,3,'N'),(982817,'内蒙古哈森职业专修学院',15,3,'N'),(980048,'内蒙古呼和浩特市第二职业学校',15,3,'N'),(995843,'内蒙古呼和浩特市中山软件专修学院',15,3,'N'),(971501,'内蒙古呼和浩特职业技术学院',15,3,'N'),(92943,'内蒙古呼和马头琴艺术专修学院',15,3,'N'),(971467,'内蒙古呼伦贝尔教育学院',15,3,'N'),(990626,'内蒙古化工学校',15,3,'N'),(12460,'内蒙古化工职业学院',15,3,'N'),(995780,'内蒙古环成职业技术学校',15,3,'N'),(92934,'内蒙古机电技师学院',15,3,'N'),(12467,'内蒙古机电职业技术学院',15,3,'N'),(972509,'内蒙古技工学校',15,3,'N'),(986621,'内蒙古建材工业学校',15,3,'N'),(985910,'内蒙古建筑材料工业学校',15,3,'N'),(980517,'内蒙古建筑学院',15,3,'N'),(12466,'内蒙古建筑职业技术学院',15,3,'N'),(989878,'内蒙古教育学院',15,3,'N'),(81654,'内蒙古经贸外语学院',15,3,'N'),(12472,'内蒙古警察职业学院',15,3,'N'),(12471,'内蒙古科大',15,3,'N'),(92931,'内蒙古科大高等职业技术学院',15,3,'N'),(92953,'内蒙古科尔沁艺术职业学院',15,3,'N'),(92933,'内蒙古科技大学',15,3,'N'),(867727,'内蒙古科技大学包头师范学院',15,3,'N'),(973962,'内蒙古科技大学包头医学院',15,3,'N'),(92944,'内蒙古科技职业学院',15,3,'N'),(94818,'内蒙古科技专修学院',15,3,'N'),(995548,'内蒙古林学院',15,3,'N'),(983458,'内蒙古旅游酒店管理专修学院',15,3,'N'),(992267,'内蒙古煤化专修学院',15,3,'N'),(92930,'内蒙古美术学院',15,3,'N'),(979480,'内蒙古蒙文专科学校',15,3,'N'),(980666,'内蒙古蒙文专科学校',15,3,'N'),(12468,'内蒙古民族大学',15,3,'N'),(12469,'内蒙古民族高等专科学校',15,3,'N'),(996468,'内蒙古民族师范学院',15,3,'N'),(972571,'内蒙古民族幼儿师范',15,3,'N'),(978399,'内蒙古民族幼儿师范艺术学校',15,3,'N'),(973762,'内蒙古民族专修学院',15,3,'N'),(92952,'内蒙古名族大学',15,3,'N'),(977482,'内蒙古能源职业学院',15,3,'N'),(867719,'内蒙古农大',15,3,'N'),(92935,'内蒙古农业大学职业技术学院',15,3,'N'),(979648,'内蒙古农业职业技术学院',15,3,'N'),(867721,'内蒙古青城大学',15,3,'N'),(80996,'内蒙古商法专修学院',15,3,'N'),(970515,'内蒙古商贸电子专修学院',15,3,'N'),(977470,'内蒙古社会大学',15,3,'N'),(92945,'内蒙古师范大学鸿德学院',15,3,'N'),(970122,'内蒙古师范大学青年政治学院',15,3,'N'),(980288,'内蒙古师范大学盛乐校区',15,3,'N'),(972798,'内蒙古师范大学盛乐校区',15,3,'N'),(94578,'内蒙古水利技工学院',15,3,'N'),(92940,'内蒙古水利职工大学',15,3,'N'),(72829,'内蒙古体育职业学院',15,3,'N'),(990832,'内蒙古通辽市粮干校',15,3,'N'),(992454,'内蒙古外事报关学院',15,3,'N'),(980609,'内蒙古卫生职业技术学校',15,3,'N'),(973841,'内蒙古乌兰察布医专',15,3,'N'),(978326,'内蒙古乌兰浩特市第一职业技术学校',15,3,'N'),(977547,'内蒙古乌盟商都卫校',15,3,'N'),(972445,'内蒙古西北电力学校',15,3,'N'),(970825,'内蒙古锡林浩特市商业干校',15,3,'N'),(997239,'内蒙古现代职业学院',15,3,'N'),(977995,'内蒙古兴安盟广播电视大学',15,3,'N'),(982565,'内蒙古兴安学院',15,3,'N'),(92954,'内蒙古兴安职业技术学院',15,3,'N'),(980130,'内蒙古医学院鄂尔多斯分院',15,3,'N'),(80994,'内蒙古医药专修学院',15,3,'N'),(980173,'内蒙古医院附属卫校',15,3,'N'),(972387,'内蒙古医院附属医学院',15,3,'N'),(978513,'内蒙古伊克昭盟工业学校',15,3,'N'),(973866,'内蒙古艺术学院',15,3,'N'),(984948,'内蒙古银行学校',15,3,'N'),(972754,'内蒙古扎兰屯师范',15,3,'N'),(977955,'内蒙古扎兰屯卫校',15,3,'N'),(990025,'内蒙古哲里木畜牧学院',15,3,'N'),(977881,'内蒙古职业技术学院',15,3,'N'),(92949,'内蒙古智力引进外语专修学院',15,3,'N'),(996636,'内蒙古中央党校',15,3,'N'),(995673,'内蒙古自治区工商行政管理学校',15,3,'N'),(990583,'内蒙锡盟职业学院',15,3,'N'),(92946,'内师大鸿德学院',15,3,'N'),(979524,'平庄煤业高级技工学校',15,3,'P'),(980742,'千叶大学',15,3,'Q'),(92947,'青城大学',15,3,'Q'),(978845,'通辽财经学校',15,3,'T'),(995842,'通辽教育学院',15,3,'T'),(979492,'通辽市党校',15,3,'T'),(995894,'通辽市哲盟卫校',15,3,'T'),(12482,'通辽职业学院',15,3,'T'),(987939,'瓦北大学',15,3,'W'),(986997,'乌海广播电视大学',15,3,'W'),(12457,'乌海职业技术学院',15,3,'W'),(12496,'乌兰察布盟教育学院',15,3,'W'),(12456,'乌兰察布职业学院',15,3,'W'),(94576,'乌鲁木齐职业大学',15,3,'W'),(979359,'乌盟工业学校',15,3,'W'),(973763,'乌盟农牧学校',15,3,'W'),(989916,'乌盟师范学校',15,3,'W'),(976362,'乌盟职业技术学校',15,3,'W'),(990865,'西北电力学校',15,3,'X'),(989506,'锡林郭勒财经学院',15,3,'X'),(12498,'锡林郭勒盟教育学院',15,3,'X'),(979594,'锡林郭勒盟职业学院',15,3,'X'),(68817,'锡林郭勒职业学院',15,3,'X'),(983600,'锡盟民族财贸学校',15,3,'X'),(94102,'新惠艺术师范',15,3,'X'),(992204,'兴安盟农牧学校',15,3,'X'),(80995,'兴安学院',15,3,'X'),(972545,'牙克石林业技校',15,3,'Y'),(92938,'伊盟教育学院',15,3,'Y'),(971564,'伊盟农牧校',15,3,'Y'),(972741,'原兴安盟技工学校',15,3,'Y'),(992005,'扎兰屯师范',15,3,'Z'),(12499,'昭乌达蒙族师范高等专科学校',15,3,'Z'),(987101,'哲理木畜牧学院',15,3,'Z'),(980471,'哲里木盟财贸学校',15,3,'Z'),(12507,'哲盟教育学院',15,3,'Z'),(993073,'哲盟师范学校',15,3,'Z'),(996277,'中共党校内蒙古分校通辽支校',15,3,'Z'),(993600,'中共内蒙古党校函授学院',15,3,'Z'),(94149,'中国函授计算机学院兴安盟分院',15,3,'Z'),(990592,'中国内蒙古化工职业学院',15,3,'Z'),(972332,'中央农业广播电视学院内蒙校直属分校',15,3,'Z'),(12698,'宁夏大学',64,3,'N'),(12695,'北方民大',64,3,'B'),(12696,'宁夏医学院',64,3,'N'),(12702,'宁夏理工',64,3,'N'),(983814,'固原民族师范',64,3,'G'),(12708,'固原师专',64,3,'G'),(971274,'固原职业技术学校',64,3,'G'),(988203,'宁夏财会函授学院',64,3,'N'),(12705,'宁夏财经职业技术学院',64,3,'N'),(983694,'宁夏大学农学院',64,3,'N'),(81002,'宁夏大学新华学院',64,3,'N'),(988251,'宁夏党校',64,3,'N'),(976865,'宁夏第一工业学校',64,3,'N'),(77936,'宁夏工商职业技术学院',64,3,'N'),(77939,'宁夏工业职业学院',64,3,'N'),(95327,'宁夏广播电视大学',64,3,'N'),(92718,'宁夏机电技师学院',64,3,'N'),(12701,'宁夏建设职业技术学院',64,3,'N'),(991912,'宁夏建筑工程学校',64,3,'N'),(12703,'宁夏经贸职业技术学院',64,3,'N'),(98523,'宁夏理工学院',64,3,'N'),(990609,'宁夏旅游学校',64,3,'N'),(992007,'宁夏煤炭工业学校',64,3,'N'),(77941,'宁夏民族职业技术学院',64,3,'N'),(979211,'宁夏穆斯林国际语言学校',64,3,'N'),(972249,'宁夏农校',64,3,'N'),(990610,'宁夏农业大学',64,3,'N'),(986188,'宁夏农业机械化学校',64,3,'N'),(971716,'宁夏青铜峡市职业技术学校',64,3,'N'),(70703,'宁夏人民警察学校',64,3,'N'),(984165,'宁夏省固原卫校',64,3,'N'),(12700,'宁夏师范学院',64,3,'N'),(92719,'宁夏水利技工学院',64,3,'N'),(993510,'宁夏税务学校',64,3,'N'),(974073,'宁夏税校',64,3,'N'),(12697,'宁夏司法警官职业学院',64,3,'N'),(969961,'宁夏司法警校',64,3,'N'),(985309,'宁夏体育运动学校',64,3,'N'),(975585,'宁夏武警大学',64,3,'N'),(77940,'宁夏伊斯兰教经学院',64,3,'N'),(973791,'宁夏幼儿师范学校',64,3,'N'),(12704,'宁夏职业技术学院',64,3,'N'),(980537,'宁夏重工业职工大学',64,3,'N'),(993534,'青铜峡职业学校',64,3,'Q'),(990469,'石嘴山市技校',64,3,'S'),(972831,'吴忠师范',64,3,'W'),(867729,'吴忠职业技术学院',64,3,'W'),(971396,'西北第二民族学院',64,3,'X'),(12707,'银川大学',64,3,'Y'),(980407,'银川工商职业技术学院',64,3,'Y'),(977153,'银川建筑学院',64,3,'Y'),(12706,'银川科技职业学院（银川大学）',64,3,'Y'),(94584,'悦海管理学院',64,3,'Y'),(77938,'中国矿业大学银川学院',64,3,'Z'),(977445,'中国人民解放军陆军学院',64,3,'Z'),(987370,'中卫市职业技术学校',64,3,'Z'),(985150,'中央党校宁夏分校',64,3,'Z'),(12954,'青海大学',63,3,'Q'),(12955,'青海师大',63,3,'Q'),(12957,'青海民族大学',63,3,'Q'),(993470,'青海大学财经学院',63,3,'Q'),(92716,'青海大学昆仑学院',63,3,'Q'),(989977,'青海大学医学院',63,3,'Q'),(92717,'青海广播电视大学',63,3,'Q'),(12956,'青海建筑职业技术学院',63,3,'Q'),(12952,'青海交通职业技术学院',63,3,'Q'),(12959,'青海警官职业学院',63,3,'Q'),(867731,'青海民族师范高等专科学校',63,3,'Q'),(970906,'青海省工业学院',63,3,'Q'),(982716,'青海省工业职业技术学校',63,3,'Q'),(992401,'青海省广播电视大学',63,3,'Q'),(989327,'青海省海西州中央人民广播电视大学',63,3,'Q'),(995499,'青海省联合职工大学',63,3,'Q'),(984609,'青海省商业学校',63,3,'Q'),(971695,'青海省体育学校',63,3,'Q'),(993344,'青海省委党校',63,3,'Q'),(975988,'青海省委党校',63,3,'Q'),(976112,'青海省卫生职业技术学校',63,3,'Q'),(992533,'青海省西宁卫校',63,3,'Q'),(98399,'青海师范大学',63,3,'Q'),(867732,'青海师范高等专科学校',63,3,'Q'),(77935,'青海水电职业技术学院',63,3,'Q'),(976883,'青海水电职业技术学院',63,3,'Q'),(12953,'青海卫生职业技术学院',63,3,'Q'),(978333,'青海医学院',63,3,'Q'),(985314,'青海重工业厅技术学校',63,3,'Q'),(975867,'世纪职校',63,3,'S'),(993023,'世纪职业技术学校',63,3,'S'),(94585,'武警西宁指挥学院',63,3,'W'),(993473,'西北建材学院',63,3,'X'),(971034,'西宁二轻技校',63,3,'X'),(985828,'西宁世纪职业技术学校',63,3,'X'),(977173,'阳坡大学',63,3,'Y'),(976366,'中央党校青海分院',63,3,'Z'),(985063,'中央党校玉树分校',63,3,'Z'),(10123,'山东大学',37,3,'S'),(10089,'中国海洋大学',37,3,'Z'),(10187,'济南大学',37,3,'J'),(10133,'山东建筑大学',37,3,'S'),(10131,'山东师大',37,3,'S'),(10158,'山东经济学院',37,3,'S'),(972942,'北方高级电焊学校',37,3,'B'),(980510,'北京电影学院现代创意媒体学院',37,3,'B'),(986827,'北京电影学院现代创意媒体学院',37,3,'B'),(973928,'比德文商学院',37,3,'B'),(975613,'滨海大学',37,3,'B'),(10205,'滨海学院',37,3,'B'),(982832,'滨州地区技工学校',37,3,'B'),(10203,'滨州技术学院',37,3,'B'),(77811,'滨州剑桥学院',37,3,'B'),(989997,'滨州农校',37,3,'B'),(989651,'滨州师范专科学校',37,3,'B'),(989422,'滨州市高级技工学校',37,3,'B'),(971667,'滨州市技校',37,3,'B'),(987850,'滨州市经济贸易学校',37,3,'B'),(971006,'滨州市自修大学',37,3,'B'),(10202,'滨州学院',37,3,'B'),(10201,'滨州医学院',37,3,'B'),(989335,'滨州医学院成人教育学院',37,3,'B'),(10204,'滨州职业学院',37,3,'B'),(985968,'博兴职业技术学校',37,3,'B'),(995777,'曹县卫校',37,3,'C'),(976096,'曹县中联技术学校',37,3,'C'),(973606,'昌乐县劳动技工学校',37,3,'C'),(975811,'昌潍农业专科学校',37,3,'C'),(10259,'昌潍师范专科学校',37,3,'C'),(992049,'长岛县高级职业学校',37,3,'C'),(986618,'长清师范学校',37,3,'C'),(980049,'大信管理专修学院',37,3,'D'),(978459,'单县师范',37,3,'D'),(976376,'单县卫校',37,3,'D'),(979641,'德州财贸经济学校',37,3,'D'),(977542,'德州二职专',37,3,'D'),(979620,'德州纺织工业学校',37,3,'D'),(984620,'德州皇明太阳能工程技术学院',37,3,'D'),(982474,'德州机电工程学院',37,3,'D'),(983854,'德州技校',37,3,'D'),(867558,'德州教育学院',37,3,'D'),(992052,'德州经济干校',37,3,'D'),(977872,'德州经济学校',37,3,'D'),(867585,'德州科技学院',37,3,'D'),(989975,'德州科技学院青岛校区',37,3,'D'),(10173,'德州科技职业学院',37,3,'D'),(970866,'德州农校',37,3,'D'),(93247,'德州汽车摩托车专修学院',37,3,'D'),(985746,'德州师范学院',37,3,'D'),(985852,'德州市德城区德州财贸经济学院',37,3,'D'),(987159,'德州市公路技工学校',37,3,'D'),(992175,'德州市经济学校',37,3,'D'),(986097,'德州卫校临沂校区',37,3,'D'),(979437,'德州信息工程学院',37,3,'D'),(10172,'德州学院',37,3,'D'),(989330,'德州医专',37,3,'D'),(976414,'德州幼儿师范学校',37,3,'D'),(10174,'德州职业技术学院',37,3,'D'),(971537,'德州中山应用电子学校',37,3,'D'),(975570,'德州走四方技工',37,3,'D'),(976514,'第二炮兵青州士官学校',37,3,'D'),(986732,'第一职业技术学校',37,3,'D'),(978615,'东阿县技工学校',37,3,'D'),(81006,'东明潍坊学院',37,3,'D'),(973435,'东明县劳动技术学院',37,3,'D'),(976905,'东平县技工技术学校',37,3,'D'),(973749,'东平职专',37,3,'D'),(10247,'东营广播电视大学',37,3,'D'),(973559,'东营技师学院',37,3,'D'),(980272,'东营交大',37,3,'D'),(10248,'东营教育学院',37,3,'D'),(980545,'东营蓝海职业学院',37,3,'D'),(976774,'东营农业学校',37,3,'D'),(77800,'东营胜利学院',37,3,'D'),(94985,'东营市海洋信息工程学院',37,3,'D'),(976508,'东营市技师学院',37,3,'D'),(93248,'东营市技术学院',37,3,'D'),(970925,'东营市远洋运输职业学院',37,3,'D'),(94986,'东营职工大学',37,3,'D'),(10086,'东营职业学院',37,3,'D'),(979143,'发达猎人学校',37,3,'F'),(976768,'飞洋学院',37,3,'F'),(972161,'福山技工学校',37,3,'F'),(993570,'福州路西大学',37,3,'F'),(972973,'高密师范学校',37,3,'G'),(976976,'高青县党校',37,3,'G'),(984110,'广饶党校',37,3,'G'),(98363,'国家电网技术学院',37,3,'G'),(979434,'哈尔滨工业大学（威海）',37,3,'H'),(78259,'哈尔滨理工大学（荣成校区）',37,3,'H'),(10095,'哈工大(威海)',37,3,'H'),(867570,'哈理工荣成学院',37,3,'H'),(81011,'海德职业技术学院',37,3,'H'),(10261,'海军航空工程学院',37,3,'H'),(81013,'海军航空工程学院青岛分院',37,3,'H'),(984713,'海军航空技术学院',37,3,'H'),(970002,'海军航龙工程学院',37,3,'H'),(989715,'海军军医学院',37,3,'H'),(95174,'海军潜艇学院',37,3,'H'),(982694,'海军青岛潜艇学院',37,3,'H'),(93249,'海天网络技术学院',37,3,'H'),(991930,'海阳市第二轻工业学校',37,3,'H'),(985669,'菏泽曹州大学',37,3,'H'),(978994,'菏泽供销学校',37,3,'H'),(81673,'菏泽家政职业学院',37,3,'H'),(988078,'菏泽交通职业技术学院',37,3,'H'),(976490,'菏泽交通职业学院',37,3,'H'),(985623,'菏泽齐鲁音乐学校',37,3,'H'),(972272,'菏泽师范',37,3,'H'),(972221,'菏泽市技术学院',37,3,'H'),(986935,'菏泽市技术学院',37,3,'H'),(985116,'菏泽市交通通职业学院',37,3,'H'),(985117,'菏泽市交通职业学院',37,3,'H'),(971290,'菏泽市联大网络计算机学校',37,3,'H'),(972288,'菏泽市牡丹区技工学校',37,3,'H'),(10223,'菏泽学院',37,3,'H'),(10222,'菏泽医学专科学校',37,3,'H'),(976271,'菏泽医专',37,3,'H'),(982822,'宏光外国语学院',37,3,'H'),(985672,'华东石油学院',37,3,'H'),(81672,'华宇学院',37,3,'H'),(970873,'黄岛开发区津桥技校',37,3,'H'),(980723,'皇明工程技术学院',37,3,'H'),(996360,'机床二厂有限公司技工学校',37,3,'J'),(980730,'济南城市建设学校',37,3,'J'),(10188,'济南大学泉城学院',37,3,'J'),(978197,'济南第一商业学院',37,3,'J'),(10189,'济南工程职业技术学院',37,3,'J'),(10190,'济南广播电视大学',37,3,'J'),(987193,'济南锅炉厂技工学校',37,3,'J'),(972316,'济南国防科技通讯学校',37,3,'J'),(990975,'济南海洋畜牧兽医专修学院',37,3,'J'),(984195,'济南护理职业学院',37,3,'J'),(991018,'济南机床二厂技校',37,3,'J'),(976776,'济南机床一厂技校',37,3,'J'),(77783,'济南机械职工大学',37,3,'J'),(975949,'济南技师学院',37,3,'J'),(81009,'济南技术学院',37,3,'J'),(995785,'济南技术学院商贸学院',37,3,'J'),(81014,'济南技术学院石化分院',37,3,'J'),(985174,'济南建筑工程学校',37,3,'J'),(970992,'济南交通高等专科学校',37,3,'J'),(978598,'济南交通学院',37,3,'J'),(978269,'济南交通专科学校',37,3,'J'),(971792,'济南教育学院',37,3,'J'),(978373,'济南经济学院',37,3,'J'),(979207,'济南警察学院',37,3,'J'),(972824,'济南军区陆军学院',37,3,'J'),(995486,'济南军区前卫艺术学院',37,3,'J'),(983491,'济南军医学校',37,3,'J'),(987709,'济南黎明职业学校',37,3,'J'),(93250,'济南陆军学院',37,3,'J'),(972587,'济南民政学校',37,3,'J'),(985188,'济南七职专',37,3,'J'),(980349,'济南人民医学高等专科学校',37,3,'J'),(973006,'济南师范大学',37,3,'J'),(995707,'济南石油化工经济学校',37,3,'J'),(986278,'济南市党校',37,3,'J'),(95211,'济南市高级技术学院',37,3,'J'),(989957,'济南市技师学院商贸分院',37,3,'J'),(77551,'济南市技术学院',37,3,'J'),(977015,'济南市经济干部管理学院',37,3,'J'),(984880,'济南市劳动技术学院',37,3,'J'),(982982,'济南市粮食技工学校',37,3,'J'),(980565,'济南市旅游学院',37,3,'J'),(976862,'济南市委党校',37,3,'J'),(979481,'济南市正益交通学院',37,3,'J'),(986208,'济南铁道技师学院',37,3,'J'),(10192,'济南铁道职业技术学院',37,3,'J'),(983679,'济南铁路技术学院',37,3,'J'),(78247,'济南同圆建筑设计研究院',37,3,'J'),(985244,'济南武警学院',37,3,'J'),(971309,'济南武警指挥学院',37,3,'J'),(992048,'济南协和医学专修学院',37,3,'J'),(867589,'济南协和职业学院',37,3,'J'),(93251,'济南新华电脑学院',37,3,'J'),(980355,'济南冶金技师（技术）学院',37,3,'J'),(980466,'济南医学高等专科学校',37,3,'J'),(93252,'济南游戏学院',37,3,'J'),(78248,'济南幼儿师范',37,3,'J'),(976927,'济南职业技术学院',37,3,'J'),(10191,'济南职业学院',37,3,'J'),(93253,'济南志诚科技学院',37,3,'J'),(81668,'济南志诚科技专修学院',37,3,'J'),(93254,'济宁财政学院',37,3,'J'),(975749,'济宁电大',37,3,'J'),(980399,'济宁工业学校',37,3,'J'),(986224,'济宁广播电视大学',37,3,'J'),(983893,'济宁化工技工学校',37,3,'J'),(973588,'济宁技师学院',37,3,'J'),(985931,'济宁教育学院',37,3,'J'),(985964,'济宁警校',37,3,'J'),(991004,'济宁理工职业学院',37,3,'J'),(985287,'济宁美开乐职业技术学校',37,3,'J'),(986262,'济宁人民警察学校',37,3,'J'),(996632,'济宁师范学院',37,3,'J'),(974065,'济宁师专',37,3,'J'),(984684,'济宁市北方技术学校',37,3,'J'),(970861,'济宁市高级职业学校',37,3,'J'),(984034,'济宁市人民警察学校',37,3,'J'),(10194,'济宁学院',37,3,'J'),(989963,'济宁学院附属北方技术学校',37,3,'J'),(10193,'济宁医学院',37,3,'J'),(987830,'济宁医学院日照校区',37,3,'J'),(10195,'济宁职业技术学院',37,3,'J'),(93255,'建文学院',37,3,'J'),(991911,'胶州师范',37,3,'J'),(980551,'胶州职业学院',37,3,'J'),(993605,'金乡县金乡职业卫生学校',37,3,'J'),(976374,'经济干部学院',37,3,'J'),(991834,'莱芜技校',37,3,'L'),(983550,'莱芜市审计干部学校',37,3,'L'),(77807,'莱芜新汶矿业职工大学',37,3,'L'),(10221,'莱芜职业技术学院',37,3,'L'),(81004,'莱芜职业学院',37,3,'L'),(992011,'莱阳广播电视大学',37,3,'L'),(972664,'莱阳农学院',37,3,'L'),(993616,'莱阳市高级职业学校',37,3,'L'),(93256,'莱阳市高级职业学院',37,3,'L'),(975850,'莱阳市中央党校',37,3,'L'),(996756,'莱阳卫生学校',37,3,'L'),(985250,'莱州高级职业学校',37,3,'L'),(985863,'莱州市技工学校',37,3,'L'),(982809,'蓝海技术学院',37,3,'L'),(980421,'梁山功夫研究院',37,3,'L'),(977207,'聊城财经学院',37,3,'L'),(10218,'聊城大学',37,3,'L'),(10219,'聊城大学东昌学院',37,3,'L'),(985090,'聊城大学东校区',37,3,'L'),(976795,'聊城服装专修学院',37,3,'L'),(976403,'聊城高级技工学校',37,3,'L'),(988343,'聊城高级技工学院',37,3,'L'),(988313,'聊城广播电视大学',37,3,'L'),(980541,'聊城化工学校',37,3,'L'),(983528,'聊城技工学校',37,3,'L'),(983997,'聊城教育学院',37,3,'L'),(989614,'聊城市服装专修学院',37,3,'L'),(94596,'聊城市教育学院',37,3,'L'),(989526,'聊城市医药专修学院',37,3,'L'),(984724,'聊城体育学校',37,3,'L'),(987892,'聊城幼儿师范学校',37,3,'L'),(993078,'聊城职工技术学院',37,3,'L'),(10220,'聊城职业技术学院',37,3,'L'),(877301,'临清工业学校',37,3,'L'),(995637,'临清师范学校',37,3,'L'),(970014,'临清市技工学校',37,3,'L'),(93257,'临沂大学',37,3,'L'),(10244,'临沂大学',37,3,'L'),(985705,'临沂大学沂水分校',37,3,'L'),(982656,'临沂电大',37,3,'L'),(982382,'临沂电力工程技术教育学院',37,3,'L'),(983487,'临沂电力工程学院',37,3,'L'),(987357,'临沂高级技工学校',37,3,'L'),(983574,'临沂工业学校',37,3,'L'),(971452,'临沂广播电视大学',37,3,'L'),(975676,'临沂技术学院',37,3,'L'),(971746,'临沂技术学院',37,3,'L'),(989804,'临沂矿务局技工学校',37,3,'L'),(978255,'临沂理工学院',37,3,'L'),(985015,'临沂轻工业学校',37,3,'L'),(978532,'临沂商业学校',37,3,'L'),(867557,'临沂师范',37,3,'L'),(973728,'临沂师范学院',37,3,'L'),(78261,'临沂师范学院蒙山校区',37,3,'L'),(973346,'临沂师范专科学校',37,3,'L'),(991907,'临沂师院',37,3,'L'),(970950,'临沂市高级技工学校',37,3,'L'),(987059,'临沂市高级技师学院',37,3,'L'),(983661,'临沂市高级技术学院',37,3,'L'),(10245,'临沂市技术学院',37,3,'L'),(984035,'临沂市交通技校',37,3,'L'),(975950,'临沂卫生学校',37,3,'L'),(973855,'临沂卫校',37,3,'L'),(10246,'临沂医学高等专科学校',37,3,'L'),(987728,'临沂幼儿师范学校',37,3,'L'),(93258,'临沂职业学院',37,3,'L'),(995734,'龙口南山旅游学校',37,3,'L'),(976124,'龙口市广播电视大学',37,3,'L'),(976847,'龙口市艺术学校',37,3,'L'),(996785,'龙矿集团高级技工学校',37,3,'L'),(10238,'鲁东大学',37,3,'L'),(81026,'鲁东大学(原烟台师范学院)',37,3,'L'),(985718,'鲁南化工技校',37,3,'L'),(979726,'鲁南技师学院（原临沂市高级技工学校）',37,3,'L'),(980507,'鲁南理工大学',37,3,'L'),(984059,'鲁南职专',37,3,'L'),(93259,'鲁中职业学院',37,3,'L'),(986748,'蒙阴第一中学',37,3,'M'),(93260,'民进医学院',37,3,'M'),(977893,'民政部济南民政学校',37,3,'M'),(94604,'牟平电大',37,3,'M'),(995297,'牟平师范',37,3,'M'),(993352,'牡丹区技工学校',37,3,'M'),(975663,'南山大学',37,3,'N'),(93261,'南山外国语学院',37,3,'N'),(753951,'宁阳县职业教育中心',37,3,'N'),(973584,'蓬莱高级职业学校',37,3,'P'),(10250,'蓬莱师范学校',37,3,'P'),(979607,'平度技工学校',37,3,'P'),(985302,'平度技校',37,3,'P'),(81030,'平度师范',37,3,'P'),(980198,'平度市技工学校',37,3,'P'),(973582,'平度市卫生职工中等专业学校',37,3,'P'),(990611,'平阴卫校',37,3,'P'),(94117,'平原师范',37,3,'P'),(987701,'齐鲁管理学院',37,3,'Q'),(969962,'齐鲁师范学院',37,3,'Q'),(93300,'齐鲁师范学院',37,3,'Q'),(971068,'齐鲁师范学院',37,3,'Q'),(988276,'齐鲁艺术学校',37,3,'Q'),(94597,'齐鲁音乐专修学院',37,3,'Q'),(980644,'千佛山医学院',37,3,'Q'),(979735,'青岛 海洋科技大学',37,3,'Q'),(93262,'青岛TOP信息工程学院',37,3,'Q'),(81008,'青岛北方对外教育交流学院',37,3,'Q'),(867572,'青岛北港学院',37,3,'Q'),(77790,'青岛滨海学院',37,3,'Q'),(70701,'青岛滨海职业学院',37,3,'Q'),(983128,'青岛博洋商务学院',37,3,'Q'),(93263,'青岛博益学院',37,3,'Q'),(93264,'青岛博益职业技术专修学院',37,3,'Q'),(81666,'青岛长城科技大学',37,3,'Q'),(93265,'青岛长城科技学院',37,3,'Q'),(976018,'青岛出口加工区环海职专',37,3,'Q'),(10226,'青岛大学',37,3,'Q'),(986598,'青岛大学美术学院',37,3,'Q'),(975795,'青岛党校',37,3,'Q'),(990602,'青岛德桥日本语学校',37,3,'Q'),(77791,'青岛德桥日本语学院',37,3,'Q'),(990341,'青岛第二航空学院',37,3,'Q'),(972105,'青岛第二技术学校',37,3,'Q'),(982490,'青岛电子信息技术',37,3,'Q'),(94591,'青岛东方外国语学院',37,3,'Q'),(989443,'青岛对外经贸大学',37,3,'Q'),(10236,'青岛飞洋职业技术学院',37,3,'Q'),(93266,'青岛港湾技术学院',37,3,'Q'),(10230,'青岛港湾职业技术学院',37,3,'Q'),(988083,'青岛高级职业学校',37,3,'Q'),(972390,'青岛工学院',37,3,'Q'),(996616,'青岛工艺美术学校',37,3,'Q'),(68797,'青岛广播电视大学',37,3,'Q'),(77795,'青岛广播电视大学财经学院',37,3,'Q'),(973722,'青岛广播电视大学胶南分校',37,3,'Q'),(987075,'青岛海滨职业技术学院',37,3,'Q'),(973271,'青岛海博科技专修学校',37,3,'Q'),(93267,'青岛海川商务学院',37,3,'Q'),(93268,'青岛海尔大学',37,3,'Q'),(983455,'青岛海军航空技术学院',37,3,'Q'),(970916,'青岛海军潜艇学院',37,3,'Q'),(93269,'青岛海龙学院',37,3,'Q'),(93270,'青岛海纳外国语学院',37,3,'Q'),(81007,'青岛海湾理工学院',37,3,'Q'),(971079,'青岛海西职业学校',37,3,'Q'),(93271,'青岛恒星学院',37,3,'Q'),(10227,'青岛恒星职业技术学院',37,3,'Q'),(984120,'青岛华尔文理学校',37,3,'Q'),(969979,'青岛华尔文理学院',37,3,'Q'),(93272,'青岛华育国际软件学院',37,3,'Q'),(986979,'青岛化工学院',37,3,'Q'),(77793,'青岛黄海学院',37,3,'Q'),(988784,'青岛黄海学院',37,3,'Q'),(93273,'青岛黄海职业技术学院',37,3,'Q'),(10237,'青岛黄海职业学院',37,3,'Q'),(982523,'青岛机械工业学校',37,3,'Q'),(10257,'青岛技师学院',37,3,'Q'),(993456,'青岛建工学院',37,3,'Q'),(976064,'青岛建筑工程学院',37,3,'Q'),(990598,'青岛建筑工程学院',37,3,'Q'),(93274,'青岛胶南临港学院',37,3,'Q'),(969884,'青岛教育学院',37,3,'Q'),(971012,'青岛金榜文理专修学校',37,3,'Q'),(94590,'青岛金海岸理工专修学院',37,3,'Q'),(982978,'青岛经济技术开发区博海学院',37,3,'Q'),(993171,'青岛九天国际飞行学院',37,3,'Q'),(972179,'青岛酒店管理技术学院',37,3,'Q'),(93275,'青岛酒店管理职业技术学院',37,3,'Q'),(94592,'青岛军政人文大学',37,3,'Q'),(867569,'青岛军政人文大学信息工程管理学院',37,3,'Q'),(867554,'青岛科大',37,3,'Q'),(989530,'青岛科大技术专修学院',37,3,'Q'),(10233,'青岛科技大学',37,3,'Q'),(855638,'青岛科技大学高密校区',37,3,'Q'),(972331,'青岛莱阳譨学院',37,3,'Q'),(10231,'青岛理工',37,3,'Q'),(93276,'青岛理工大学',37,3,'Q'),(98572,'青岛理工大学（费县校区）',37,3,'Q'),(867565,'青岛理工大学费县校区',37,3,'Q'),(10232,'青岛理工大学琴岛学院',37,3,'Q'),(77796,'青岛临港学院',37,3,'Q'),(93277,'青岛临港职业专修技术学院',37,3,'Q'),(977417,'青岛凌海学院',37,3,'Q'),(95122,'青岛明天技术学院',37,3,'Q'),(93278,'青岛明天学院',37,3,'Q'),(10224,'青岛农业大学',37,3,'Q'),(10225,'青岛农业大学海都学院',37,3,'Q'),(970454,'青岛潜艇学院',37,3,'Q'),(10228,'青岛求实学院',37,3,'Q'),(10229,'青岛求实职业技术学院',37,3,'Q'),(95123,'青岛山海天职业学院',37,3,'Q'),(93279,'青岛商务管理学院',37,3,'Q'),(972625,'青岛师范学校',37,3,'Q'),(970854,'青岛市财政学校',37,3,'Q'),(95193,'青岛市长城计算机工程专修学院',37,3,'Q'),(973655,'青岛市第二技术学校',37,3,'Q'),(867586,'青岛市电子信息技术学校',37,3,'Q'),(867564,'青岛市广播电视大学',37,3,'Q'),(982910,'青岛市海军第六技术学校',37,3,'Q'),(971275,'青岛市技师学院',37,3,'Q'),(985044,'青岛市劳动局技校',37,3,'Q'),(986315,'青岛四方技校',37,3,'Q'),(81670,'青岛同创科技专修学院',37,3,'Q'),(972556,'青岛同源职业技术学院',37,3,'Q'),(68799,'青岛拓谱信息工程学院',37,3,'Q'),(977960,'青岛万博职业学校',37,3,'Q'),(978384,'青岛现代经贸学院',37,3,'Q'),(10253,'青岛新港报关学院',37,3,'Q'),(975732,'青岛新时代职业技术学院',37,3,'Q'),(996392,'青岛新时代职业学校',37,3,'Q'),(94936,'青岛亿仁科技专修学院',37,3,'Q'),(971336,'青岛音乐学院',37,3,'Q'),(10235,'青岛远洋船员学院',37,3,'Q'),(988144,'青岛职工大学',37,3,'Q'),(93280,'青岛职业技术学学院',37,3,'Q'),(10234,'青岛职业技术学院',37,3,'Q'),(93281,'青岛中鲁工商学院',37,3,'Q'),(77806,'青州二炮士官学院',37,3,'Q'),(976283,'青州二炮指挥学院青州分院',37,3,'Q'),(984504,'曲阜大学',37,3,'Q'),(867553,'曲阜师大',37,3,'Q'),(995577,'曲阜师范成人学院',37,3,'Q'),(10179,'曲阜师范大学',37,3,'Q'),(10180,'曲阜师范大学杏坛学院',37,3,'Q'),(10181,'曲阜远东职业技术学院',37,3,'Q'),(975953,'曲师大职教院',37,3,'Q'),(10177,'日照广播电视大学',37,3,'R'),(81675,'日照海事专修学院',37,3,'R'),(93282,'日照航海技术学院',37,3,'R'),(10176,'日照师范学校',37,3,'R'),(93283,'日照外事翻译学院',37,3,'R'),(10178,'日照职业技术学院',37,3,'R'),(10251,'荣成广播电视大学',37,3,'R'),(986674,'如意专修学院',37,3,'R'),(984127,'乳山幼师学校',37,3,'R'),(94937,'森泰达科技职业学院',37,3,'S'),(94938,'森泰达职业学院',37,3,'S'),(979630,'山東幹部管理學院',37,3,'S'),(983636,'山东滨州工业学校',37,3,'S'),(986261,'山东滨州师范学院',37,3,'S'),(867566,'山东兵器工业职工大学',37,3,'S'),(992479,'山东博山电力学校',37,3,'S'),(970105,'山东财经大学',37,3,'S'),(983639,'山东财经大学燕山学院',37,3,'S'),(993363,'山东财经职业技术学院',37,3,'S'),(867556,'山东财政',37,3,'S'),(10168,'山东财政学院',37,3,'S'),(10169,'山东财政学院东方学院',37,3,'S'),(93284,'山东财政学院继续教育学院',37,3,'S'),(867563,'山东财政职工大学',37,3,'S'),(995411,'山东曹县技工学校',37,3,'S'),(93285,'山东城建学院',37,3,'S'),(93286,'山东城市服务技术学院',37,3,'S'),(10118,'山东城市建设职业学院',37,3,'S'),(867578,'山东传媒学院',37,3,'S'),(70698,'山东传媒职业学院',37,3,'S'),(10125,'山东大王职业学院',37,3,'S'),(982743,'山东大学护理学院',37,3,'S'),(988006,'山东大学网络学院',37,3,'S'),(10124,'山东大学威海分校',37,3,'S'),(972096,'山东单县技工学校',37,3,'S'),(977883,'山东党校',37,3,'S'),(77809,'山东德州科技职业学院',37,3,'S'),(989906,'山东德州科技职业学院青岛校区',37,3,'S'),(987144,'山东德州齐鲁学院',37,3,'S'),(93287,'山东德州汽车摩托车专修学院',37,3,'S'),(972358,'山东德州市广播电视大学',37,3,'S'),(980611,'山东德州卫校',37,3,'S'),(985937,'山东德州信息技术学校',37,3,'S'),(973475,'山东德州学院',37,3,'S'),(987132,'山东地质冶金学院',37,3,'S'),(990650,'山东第二技术学院',37,3,'S'),(975728,'山东第二技术学院',37,3,'S'),(10144,'山东电力高等专科学校',37,3,'S'),(984996,'山东电力职工大学',37,3,'S'),(93288,'山东电脑技术学院',37,3,'S'),(972692,'山东电视广播大学',37,3,'S'),(867588,'山东电子技术学院',37,3,'S'),(10145,'山东电子职业技术学院',37,3,'S'),(993312,'山东东方科技学院',37,3,'S'),(992405,'山东东方科技专修学院',37,3,'S'),(976291,'山东东方科技专修学院',37,3,'S'),(10157,'山东纺织职业学院',37,3,'S'),(971435,'山东服装学院',37,3,'S'),(10137,'山东服装职业学院',37,3,'S'),(980769,'山东干部函授大学',37,3,'S'),(991833,'山东港口工程高级技工学校',37,3,'S'),(978331,'山东高级电工',37,3,'S'),(95340,'山东工程职业学院',37,3,'S'),(977363,'山东工会管理干部学院',37,3,'S'),(93289,'山东工贸学院',37,3,'S'),(93290,'山东工贸职业学院',37,3,'S'),(10130,'山东工美',37,3,'S'),(10129,'山东工商',37,3,'S'),(976882,'山东工商管理学院',37,3,'S'),(980549,'山东工商经济学院',37,3,'S'),(93291,'山东工商学院',37,3,'S'),(969966,'山东工业大学',37,3,'S'),(10128,'山东工业职业学院',37,3,'S'),(93292,'山东工艺美术学院',37,3,'S'),(985236,'山东公安专科学校',37,3,'S'),(987237,'山东公路技师学院',37,3,'S'),(10132,'山东广播电视大学',37,3,'S'),(93293,'山东国际文化交流学院',37,3,'S'),(972226,'山东海事学院',37,3,'S'),(973463,'山东海事职业学院',37,3,'S'),(77786,'山东海天软件工程学院',37,3,'S'),(93294,'山东海天软件学院',37,3,'S'),(976912,'山东菏泽曹县技校',37,3,'S'),(979269,'山东菏泽交通技术学院',37,3,'S'),(81005,'山东菏泽新闻学院',37,3,'S'),(981949,'山东菏泽医药学校',37,3,'S'),(975729,'山东菏泽音乐学校',37,3,'S'),(985686,'山东华洋航海学院',37,3,'S'),(975891,'山东华洋航海专修学院',37,3,'S'),(10113,'山东华宇职业技术学院',37,3,'S'),(94964,'山东华语职业技术学院',37,3,'S'),(93295,'山东化工高级技术学院',37,3,'S'),(971205,'山东化工技师学院',37,3,'S'),(93296,'山东化工技术学院',37,3,'S'),(10111,'山东化工职业学院',37,3,'S'),(94588,'山东黄河职业技术学院',37,3,'S'),(867591,'山东黄金技术学院',37,3,'S'),(93297,'山东籍交通职业学院',37,3,'S'),(995652,'山东济南海洋畜牧兽医学院',37,3,'S'),(977030,'山东济南交通学院',37,3,'S'),(94587,'山东济南蓝翔学院',37,3,'S'),(993439,'山东济南农业管理干部学院',37,3,'S'),(971022,'山东济南卫生学校',37,3,'S'),(93298,'山东济南艺术学院',37,3,'S'),(972546,'山东济宁高级技术学院',37,3,'S'),(983672,'山东建材工业学院博山分院',37,3,'S'),(987349,'山东建材学院',37,3,'S'),(983657,'山东建材学院博山分院',37,3,'S'),(978985,'山东建工学院',37,3,'S'),(93299,'山东建设学院',37,3,'S'),(979077,'山东建文学院',37,3,'S'),(989967,'山东建文学院',37,3,'S'),(980572,'山东建筑材料工业学院',37,3,'S'),(980569,'山东建筑材料工业学院博山分院',37,3,'S'),(978902,'山东建筑工程学校',37,3,'S'),(10103,'山东交通学院',37,3,'S'),(867592,'山东交通学院海运学院',37,3,'S'),(78257,'山东交通学院海运院',37,3,'S'),(10104,'山东交通职业学院',37,3,'S'),(10159,'山东经济学院燕山学院',37,3,'S'),(93301,'山东经贸学院',37,3,'S'),(10160,'山东经贸职业学院',37,3,'S'),(81003,'山东警察学院',37,3,'S'),(10167,'山东警院',37,3,'S'),(867559,'山东军星职业技术学院',37,3,'S'),(10108,'山东凯文科技职业学院',37,3,'S'),(10154,'山东科大',37,3,'S'),(995392,'山东科技大学鲍店校区',37,3,'S'),(94019,'山东科技大学黄岛校区',37,3,'S'),(979635,'山东科技大学泰安校区',37,3,'S'),(10155,'山东科技大学泰山科技学院',37,3,'S'),(10156,'山东科技职业学院',37,3,'S'),(985670,'山东矿业学院',37,3,'S'),(995641,'山东矿院',37,3,'S'),(94593,'山东莱阳医学院',37,3,'S'),(970179,'山东劳动技术学院',37,3,'S'),(10110,'山东劳动职业技术学院',37,3,'S'),(10143,'山东理工大学',37,3,'S'),(970975,'山东理工职业学院',37,3,'S'),(979562,'山东理工职业学院',37,3,'S'),(10109,'山东力明科技职业学院',37,3,'S'),(983572,'山东力明学院',37,3,'S'),(971492,'山东力明医学院',37,3,'S'),(93302,'山东联合大学',37,3,'S'),(980535,'山东聊城大学东校区',37,3,'S'),(93303,'山东聊城计算机专修学院',37,3,'S'),(980318,'山东聊城交通技工学校',37,3,'S'),(977554,'山东聊城县师范',37,3,'S'),(972753,'山东临沂师范大学',37,3,'S'),(983539,'山东鲁化职业学校',37,3,'S'),(93304,'山东鲁话高级职业学院',37,3,'S'),(995732,'山东鲁南化工技校',37,3,'S'),(10171,'山东铝业职业学院',37,3,'S'),(10136,'山东旅游职业学院',37,3,'S'),(972245,'山东贸易职工大学',37,3,'S'),(979582,'山东煤炭技师学院',37,3,'S'),(973965,'山东煤炭技术学院',37,3,'S'),(970509,'山东煤炭教育学院',37,3,'S'),(98353,'山东煤炭卫生学校',37,3,'S'),(988061,'山东煤炭学院',37,3,'S'),(991006,'山东煤炭职业学院',37,3,'S'),(94594,'山东民族技师学院',37,3,'S'),(10107,'山东农大',37,3,'S'),(982334,'山东农机学院',37,3,'S'),(93306,'山东农业管理干部学院',37,3,'S'),(867593,'山东女子学院',37,3,'S'),(976805,'山东齐鲁师范学院',37,3,'S'),(94598,'山东齐鲁音乐艺术学院',37,3,'S'),(971197,'山东青岛城阳职专',37,3,'S'),(996582,'山东青岛第二卫生学校',37,3,'S'),(973818,'山东青岛金鼎信息工程学校',37,3,'S'),(973837,'山东青岛科技专修学院',37,3,'S'),(867575,'山东青岛市酒店管理学院',37,3,'S'),(93307,'山东青岛拓谱信息工程学院',37,3,'S'),(970546,'山东青岛新港报关学院',37,3,'S'),(976489,'山东青干部学院年管理',37,3,'S'),(93308,'山东青年政治学院',37,3,'S'),(985089,'山东青州第二炮兵指挥学院青州分院',37,3,'S'),(977246,'山东青州炮校',37,3,'S'),(10170,'山东轻工',37,3,'S'),(970244,'山东轻工学院',37,3,'S'),(988319,'山东轻工业技工学校',37,3,'S'),(970886,'山东轻工业学院',37,3,'S'),(93309,'山东轻工业学院金融职业学院',37,3,'S'),(977377,'山东日照海事学院',37,3,'S'),(984683,'山东山推技校',37,3,'S'),(980431,'山东商务学院',37,3,'S'),(10116,'山东商务职业学院',37,3,'S'),(983475,'山东商学院',37,3,'S'),(10115,'山东商业职业技术学院',37,3,'S'),(98680,'山东省城市服务技术学院',37,3,'S'),(72092,'山东省城市技术服务学院',37,3,'S'),(93310,'山东省城市建设职业学院',37,3,'S'),(978525,'山东省出版学校',37,3,'S'),(971516,'山东省党校曲阜分校',37,3,'S'),(979476,'山东省党学校',37,3,'S'),(985064,'山东省德州卫校',37,3,'S'),(867571,'山东省第二技术学院',37,3,'S'),(970445,'山东省电子工业学校',37,3,'S'),(980608,'山东省电子工业学校',37,3,'S'),(996550,'山东省电子工业学校',37,3,'S'),(986305,'山东省对外经济贸易技工学校',37,3,'S'),(971410,'山东省高级技工学校',37,3,'S'),(95178,'山东省工程职业学院',37,3,'S'),(992289,'山东省工会干部管理学院',37,3,'S'),(10148,'山东省工会管理干部学院',37,3,'S'),(10252,'山东省工贸职业学院',37,3,'S'),(972564,'山东省公共关系专修学院',37,3,'S'),(867584,'山东省广播电视大学',37,3,'S'),(992372,'山东省菏泽交通职业学院',37,3,'S'),(970863,'山东省菏泽粮食学校',37,3,'S'),(982336,'山东省菏泽市齐鲁音乐学校',37,3,'S'),(979354,'山东省机电学院',37,3,'S'),(990690,'山东省机械工业学校',37,3,'S'),(982438,'山东省济南市出版技工学校',37,3,'S'),(93311,'山东省济南卫生学院',37,3,'S'),(976803,'山东省济南行政学院',37,3,'S'),(983936,'山东省济南医学',37,3,'S'),(982403,'山东省济宁供销学校',37,3,'S'),(980542,'山东省济宁市人民警察学校',37,3,'S'),(989300,'山东省济宁卫生学校',37,3,'S'),(94903,'山东省建筑材料工业学院',37,3,'S'),(989946,'山东省建筑工程大学',37,3,'S'),(980092,'山东省胶南师范',37,3,'S'),(93312,'山东省交通技术学院',37,3,'S'),(93313,'山东省交通水运学院',37,3,'S'),(988368,'山东省交通运输学校',37,3,'S'),(10149,'山东省教育学院',37,3,'S'),(991909,'山东省经济干部管理学院',37,3,'S'),(972653,'山东省经济管理学院',37,3,'S'),(93314,'山东省警官培训学院',37,3,'S'),(980886,'山东省警官学校',37,3,'S'),(979175,'山东省莱阳卫生学校',37,3,'S'),(976877,'山东省劳动技术学院',37,3,'S'),(93315,'山东省劳动职业技术学院',37,3,'S'),(987298,'山东省理工职业学院',37,3,'S'),(81669,'山东省梁山县职业技术学院',37,3,'S'),(970265,'山东省聊城建设学校',37,3,'S'),(867562,'山东省聊城教育学院',37,3,'S'),(978603,'山东省聊城医药专修学院',37,3,'S'),(982876,'山东省临沂商业学校',37,3,'S'),(979327,'山东省临沂市煤炭高级技工学校',37,3,'S'),(996681,'山东省临沂市莒南县技工学校',37,3,'S'),(973646,'山东省临沂卫生学校',37,3,'S'),(93316,'山东省旅游管理学院',37,3,'S'),(95387,'山东省旅游职业学院',37,3,'S'),(10151,'山东省贸易职工大学',37,3,'S'),(993595,'山东省农业干部管理学院',37,3,'S'),(10147,'山东省农业管理干部学院',37,3,'S'),(997256,'山东省农业机械化学校',37,3,'S'),(985668,'山东省齐鲁师范学院',37,3,'S'),(10152,'山东省青岛酒店管理学院',37,3,'S'),(93317,'山东省青岛酒店管理职业技术学院',37,3,'S'),(977924,'山东省青岛市华夏科技高级技工学校',37,3,'S'),(984925,'山东省青干院',37,3,'S'),(10153,'山东省青年管理干部学院',37,3,'S'),(979531,'山东省轻工业经济管理学校',37,3,'S'),(982616,'山东省人民武装学校',37,3,'S'),(982906,'山东省日照市经济学校',37,3,'S'),(976080,'山东省乳山党校',37,3,'S'),(983667,'山东省商贸学校',37,3,'S'),(93318,'山东省商务科技学院',37,3,'S'),(976046,'山东省商业学校',37,3,'S'),(977830,'山东省商业职工大学',37,3,'S'),(867573,'山东省商业职业技术学院',37,3,'S'),(986053,'山东省省委党校',37,3,'S'),(975633,'山东省石油大学',37,3,'S'),(976186,'山东省水产学校',37,3,'S'),(976425,'山东省水利职业技术学院',37,3,'S'),(867590,'山东省水利职业学院',37,3,'S'),(983913,'山东省税务学校',37,3,'S'),(986128,'山东省丝绸工业学校',37,3,'S'),(982322,'山东省泰安机械电子工程学校',37,3,'S'),(976306,'山东省泰安农校',37,3,'S'),(987897,'山东省泰安市岱岳区技工学校',37,3,'S'),(984950,'山东省特教育专业学校',37,3,'S'),(93319,'山东省体育学院',37,3,'S'),(78255,'山东省潍坊师范',37,3,'S'),(984929,'山东省潍坊市临朐县技工学校',37,3,'S'),(10150,'山东省潍坊艺术学校',37,3,'S'),(991875,'山东省委党校政治学院',37,3,'S'),(983047,'山东省物资学校',37,3,'S'),(986700,'山东省消防安保学校',37,3,'S'),(986044,'山东省新泰市技工学校',37,3,'S'),(977418,'山东省信息工程学校',37,3,'S'),(989959,'山东省畜牧兽医职业学院',37,3,'S'),(983845,'山东省烟台市开发区高级职业学校',37,3,'S'),(95011,'山东省烟台市开发区高级职业学院',37,3,'S'),(986799,'山东省烟台市农业学校',37,3,'S'),(972165,'山东省医学高等专科学校',37,3,'S'),(977864,'山东省医药工业学校',37,3,'S'),(990442,'山东省银行学校',37,3,'S'),(997227,'山东省邮电技校',37,3,'S'),(72032,'山东省枣庄师范学校',37,3,'S'),(984055,'山东省枣庄市人民警察学校',37,3,'S'),(93320,'山东省职业信息技术学院',37,3,'S'),(978505,'山东省诸城师范学校',37,3,'S'),(972570,'山东省淄博市职工大学',37,3,'S'),(72861,'山东省邹城党校',37,3,'S'),(489994,'山东省滕州市科技职业高中',37,3,'S'),(10161,'山东胜利职业学院',37,3,'S'),(10117,'山东圣翰财贸职业学院',37,3,'S'),(93321,'山东师范大学',37,3,'S'),(989847,'山东师范大学长清区',37,3,'S'),(990990,'山东师范大学长清校区',37,3,'S'),(94039,'山东师范大学东校区',37,3,'S'),(867561,'山东师范大学历山学院',37,3,'S'),(990585,'山东师范大学青岛分校',37,3,'S'),(976388,'山东水利技师学院',37,3,'S'),(10140,'山东水利职业学院',37,3,'S'),(70629,'山东司法警官职业学院',37,3,'S'),(10100,'山东丝绸纺织职业学院',37,3,'S'),(976387,'山东泰安煤炭工业学校',37,3,'S'),(982781,'山东泰安药校',37,3,'S'),(93322,'山东体育学院',37,3,'S'),(10105,'山东体院',37,3,'S'),(983603,'山东外国语学院',37,3,'S'),(987069,'山东外国语职业学院',37,3,'S'),(10121,'山东外国语职业学院',37,3,'S'),(10122,'山东外贸职业学院',37,3,'S'),(10119,'山东外事翻译学院威海分校',37,3,'S'),(10120,'山东外事翻译职业学院',37,3,'S'),(10099,'山东万杰医学高等专科学校',37,3,'S'),(93323,'山东万杰医学院',37,3,'S'),(10127,'山东威海财经专修学院',37,3,'S'),(10126,'山东威海外国语进修学院',37,3,'S'),(93324,'山东威海中加国际工商管理学院',37,3,'S'),(992509,'山东潍坊昌乐特殊教育师范学校',37,3,'S'),(979652,'山东潍坊高级技校',37,3,'S'),(983611,'山东潍坊交通职业学院',37,3,'S'),(93325,'山东潍坊科技学院',37,3,'S'),(986746,'山东潍坊市弥河二中',37,3,'S'),(986223,'山东潍坊水运学校',37,3,'S'),(973919,'山东潍坊畜牧兽医职业学院',37,3,'S'),(867576,'山东潍坊职业学院',37,3,'S'),(475690,'山东文化产业职业学院',37,3,'S'),(976423,'山东物业管理专修学院',37,3,'S'),(975909,'山东现代学院',37,3,'S'),(10142,'山东现代职业学院',37,3,'S'),(93326,'山东协和技术学院',37,3,'S'),(971727,'山东协和学院',37,3,'S'),(867583,'山东协和学院',37,3,'S'),(977991,'山东协和学院',37,3,'S'),(10114,'山东协和职业技术学院',37,3,'S'),(860559,'山东新东方烹饪学校',37,3,'S'),(81674,'山东新华电脑学院',37,3,'S'),(867568,'山东新华学院',37,3,'S'),(987078,'山东新矿党校',37,3,'S'),(995594,'山东信息工程学校',37,3,'S'),(93327,'山东信息技术学院',37,3,'S'),(10106,'山东信息职业技术学院',37,3,'S'),(978454,'山东行政学院',37,3,'S'),(10166,'山东行政学院(山东经济管理干部学院)',37,3,'S'),(93328,'山东杏林科技学院',37,3,'S'),(10138,'山东杏林科技职业学院',37,3,'S'),(93329,'山东杏林学院',37,3,'S'),(973500,'山东杏林职业学院',37,3,'S'),(10146,'山东畜牧兽医职业学院',37,3,'S'),(996663,'山东烟台财政学院',37,3,'S'),(993646,'山东烟台城市服务技术学院',37,3,'S'),(867581,'山东烟台建文学院',37,3,'S'),(10165,'山东药品食品职业学院',37,3,'S'),(72854,'山东冶金技术学院',37,3,'S'),(976775,'山东医科大学',37,3,'S'),(996577,'山东医科大学基础医学院',37,3,'S'),(93330,'山东医科大学济南临床学院',37,3,'S'),(10112,'山东医学高等专科学校',37,3,'S'),(976098,'山东医学院',37,3,'S'),(867587,'山东医药技师学院',37,3,'S'),(983146,'山东沂蒙理工学院',37,3,'S'),(10163,'山东艺术设计学院',37,3,'S'),(10162,'山东艺术学院',37,3,'S'),(988088,'山东益都卫校',37,3,'S'),(987263,'山东银行学校',37,3,'S'),(77787,'山东英才学院',37,3,'S'),(10164,'山东英才职业技术学院',37,3,'S'),(98107,'山东邮电大学',37,3,'S'),(990852,'山东枣庄第二卫生学校',37,3,'S'),(989495,'山东枣庄警校',37,3,'S'),(995422,'山东政法干部学院',37,3,'S'),(986277,'山东政法管理干部学院',37,3,'S'),(10135,'山东政法学院',37,3,'S'),(971764,'山东政法学院警官学院',37,3,'S'),(971323,'山东职业学院',37,3,'S'),(973342,'山东质量工程学校',37,3,'S'),(93331,'山东中加建文学院',37,3,'S'),(68853,'山东中西医结合大学',37,3,'S'),(979657,'山东中药大学',37,3,'S'),(93332,'山东中药技术学院',37,3,'S'),(867552,'山东中医药',37,3,'S'),(10101,'山东中医药大学',37,3,'S'),(10102,'山东中医药高等专科学校',37,3,'S'),(93333,'山东中医药高级技术学院',37,3,'S'),(93334,'山东中医药技术学院',37,3,'S'),(973477,'山东中原艺校',37,3,'S'),(987675,'山东诸城高级技工学院',37,3,'S'),(984941,'山东淄博高级技工学校',37,3,'S'),(980546,'山东淄博警察学校',37,3,'S'),(985050,'山东淄博水利技工学院',37,3,'S'),(990724,'山东兖矿技师学院',37,3,'S'),(975827,'山东兖州矿区职工大学',37,3,'S'),(975550,'山推技校',37,3,'S'),(93335,'商务管理学院',37,3,'S'),(93336,'上冻煤炭职业学院',37,3,'S'),(995806,'上海第二军医大学济南临床医学院',37,3,'S'),(973472,'胜利石油作业技校',37,3,'S'),(10249,'胜利油田广播电视大学',37,3,'S'),(996694,'胜利油田卫生学校',37,3,'S'),(976481,'十四局技工学校',37,3,'S'),(990652,'寿光工贸职业学院',37,3,'S'),(867582,'寿光科技学院',37,3,'S'),(984599,'四方机车车辆高级技工技校',37,3,'S'),(978266,'四合村大学',37,3,'S'),(972104,'台儿庄区新世纪武术学校',37,3,'T'),(996770,'泰安电力学院',37,3,'T'),(973009,'泰安高级技工学校',37,3,'T'),(10242,'泰安广播电视大学',37,3,'T'),(984168,'泰安护理职业学院',37,3,'T'),(993088,'泰安煤炭工业学校',37,3,'T'),(984006,'泰安商校',37,3,'T'),(985021,'泰安市泰山区党校',37,3,'T'),(976943,'泰安市乡镇企业职工大学',37,3,'T'),(979404,'泰安市预备役学校',37,3,'T'),(986304,'泰安体育运动学校',37,3,'T'),(977918,'泰安乡镇企业职工大学',37,3,'T'),(77804,'泰安医学进修学院',37,3,'T'),(972967,'泰安岱岳区技工劳动技校',37,3,'T'),(972970,'泰安岱岳区劳动技校',37,3,'T'),(94586,'泰山管理学院',37,3,'T'),(975943,'泰山护理职业学院',37,3,'T'),(979576,'泰山联合大学',37,3,'T'),(10185,'泰山学院',37,3,'T'),(10184,'泰山医学院',37,3,'T'),(10186,'泰山职业技术学院',37,3,'T'),(980426,'陶庄煤炭卫生学校',37,3,'T'),(980422,'陶庄卫校',37,3,'T'),(10085,'万杰科技学院',37,3,'W'),(984542,'威海工商外国语',37,3,'W'),(970350,'威海工业技术学校',37,3,'W'),(867577,'威海工业技术学校(原二职)',37,3,'W'),(984898,'威海环翠技工学校',37,3,'W'),(987090,'威海机械工程高级技工学校',37,3,'W'),(10097,'威海市广播电视大学',37,3,'W'),(986591,'威海市检验检疫技术学院',37,3,'W'),(93338,'威海市职业技术学院',37,3,'W'),(987175,'威海卫生学校',37,3,'W'),(983697,'威海信息工程学校',37,3,'W'),(10098,'威海职业(技术)学院',37,3,'W'),(10241,'威海职业学院',37,3,'W'),(867560,'威海中加国际工商学院',37,3,'W'),(969877,'潍城区委党校',37,3,'W'),(993066,'潍坊服务技校',37,3,'W'),(986186,'潍坊高级技师学院',37,3,'W'),(977383,'潍坊工程职业技术学院',37,3,'W'),(978881,'潍坊工程职业学院',37,3,'W'),(986960,'潍坊工商学院',37,3,'W'),(10208,'潍坊工商职业学院',37,3,'W'),(81671,'潍坊海事学院',37,3,'W'),(980779,'潍坊华洋航海专修学院',37,3,'W'),(979322,'潍坊华洋水运学院',37,3,'W'),(976069,'潍坊化工学校',37,3,'W'),(973748,'潍坊机械工业学院',37,3,'W'),(970249,'潍坊技师学院',37,3,'W'),(10209,'潍坊教育学院',37,3,'W'),(986817,'潍坊军事管理学院',37,3,'W'),(93339,'潍坊科技学院',37,3,'W'),(10210,'潍坊科技职业学院',37,3,'W'),(984028,'潍坊市对外经济贸易学校',37,3,'W'),(971543,'潍坊市机械工业学校',37,3,'W'),(971808,'潍坊市经济学校',37,3,'W'),(991860,'潍坊卫校',37,3,'W'),(10207,'潍坊学院',37,3,'W'),(10206,'潍坊医学院',37,3,'W'),(81693,'潍坊幼教特教师范',37,3,'W'),(867580,'潍坊职业技术学院',37,3,'W'),(10211,'潍坊职业学院',37,3,'W'),(10175,'文登师范',37,3,'W'),(94595,'文登市广播电视大学',37,3,'W'),(980791,'文登市天福山职专',37,3,'W'),(973616,'武警山东济南指挥学院',37,3,'W'),(980636,'现代畜牧兽医专修学院',37,3,'X'),(986729,'相公高中',37,3,'X'),(972230,'香港财经管理学院',37,3,'X'),(985975,'新加坡康佛国际学院',37,3,'X'),(990584,'新矿集团技工学校',37,3,'X'),(996223,'新泰师范',37,3,'X'),(94965,'新星科技管理学院',37,3,'X'),(867567,'新汶矿务局职工大学',37,3,'X'),(10254,'新汶矿业职工大学',37,3,'X'),(95335,'薛成沂蒙山电子交易学院',37,3,'X'),(984674,'烟台城市服务技术学院',37,3,'Y'),(10213,'烟台大学',37,3,'Y'),(977965,'烟台大学美术学院',37,3,'Y'),(10214,'烟台大学文经学院',37,3,'Y'),(979355,'烟台党校',37,3,'Y'),(986677,'烟台电大',37,3,'Y'),(971458,'烟台电大',37,3,'Y'),(979165,'烟台电子工业学校',37,3,'Y'),(983635,'烟台二轻工业学校',37,3,'Y'),(980190,'烟台风能电力学校',37,3,'Y'),(995515,'烟台福山技校',37,3,'Y'),(978979,'烟台高级职业学校',37,3,'Y'),(10215,'烟台工程职业技术学院',37,3,'Y'),(977155,'烟台工商管理学院',37,3,'Y'),(971282,'烟台工业学校',37,3,'Y'),(976444,'烟台广播电视大学',37,3,'Y'),(94173,'烟台广播电视大学福山分校',37,3,'Y'),(94174,'烟台广播电视大学牟平分校',37,3,'Y'),(984160,'烟台海航学院',37,3,'Y'),(982719,'烟台海军航空工程技术学院',37,3,'Y'),(982507,'烟台海军航空工程学院',37,3,'Y'),(977225,'烟台黄金技术学校',37,3,'Y'),(70682,'烟台教育学院',37,3,'Y'),(972149,'烟台理工',37,3,'Y'),(978855,'烟台旅游学校',37,3,'Y'),(973619,'烟台南山大学',37,3,'Y'),(10212,'烟台南山学院',37,3,'Y'),(980840,'烟台农业学校',37,3,'Y'),(10216,'烟台汽车工程职业学院',37,3,'Y'),(984099,'烟台汽车工业学校',37,3,'Y'),(972237,'烟台商贸高级技工学校',37,3,'Y'),(972985,'烟台商业技校',37,3,'Y'),(976227,'烟台市福山技工学校',37,3,'Y'),(93340,'烟台市技术学院',37,3,'Y'),(985162,'烟台水校学校',37,3,'Y'),(77802,'烟台学院',37,3,'Y'),(976522,'烟台职工大学',37,3,'Y'),(10217,'烟台职业学院',37,3,'Y'),(990855,'烟台钟表技工学校',37,3,'Y'),(81010,'烟台旰飒韩国语专修学院',37,3,'Y'),(982919,'阳谷技工学校',37,3,'Y'),(987846,'沂水技校',37,3,'Y'),(971466,'艺术学院',37,3,'Y'),(985588,'益都卫校',37,3,'Y'),(77785,'英才学院',37,3,'Y'),(867579,'营口电视大学',37,3,'Y'),(94124,'幼特教师范',37,3,'Y'),(986051,'枣杭农业大学',37,3,'Z'),(977409,'枣庄经济干校',37,3,'Z'),(990502,'枣庄科技职业学校',37,3,'Z'),(10183,'枣庄科技职业学院',37,3,'Z'),(980038,'枣庄矿业集团党校',37,3,'Z'),(995567,'枣庄市人民警察学校',37,3,'Z'),(996651,'枣庄市中区党校',37,3,'Z'),(977423,'枣庄卫校',37,3,'Z'),(10182,'枣庄学院',37,3,'Z'),(977200,'枣庄学院',37,3,'Z'),(77798,'枣庄职业学院',37,3,'Z'),(973650,'招远党校',37,3,'Z'),(995687,'招远高级职业学校',37,3,'Z'),(844335,'招远市第五职业中专',37,3,'Z'),(10258,'招远市电视大学',37,3,'Z'),(992034,'中共济南市委党校',37,3,'Z'),(991924,'中共聊城市委党校',37,3,'Z'),(972145,'中共山东省委党校',37,3,'Z'),(982515,'中共中央党校山东省微山分校',37,3,'Z'),(93341,'中国地质大学',37,3,'Z'),(985715,'中国动保科技学院',37,3,'Z'),(94589,'中国防卫科技学院',37,3,'Z'),(992117,'中国共产党山东省党校',37,3,'Z'),(10090,'中国海洋大学青岛学院',37,3,'Z'),(81699,'中国科学院海洋研究所',37,3,'Z'),(95156,'中国煤炭经济学院',37,3,'Z'),(10088,'中国农业大学（烟台校区）',37,3,'Z'),(970333,'中国人民解放街第四八零八工厂职业技术学校',37,3,'Z'),(975960,'中国人民解放军第二炮兵指挥学院青州分院',37,3,'Z'),(988234,'中国人民解放军电子技术学院',37,3,'Z'),(971131,'中国人民解放军空军职业大学',37,3,'Z'),(987912,'中国山东潍坊社会科学研究院',37,3,'Z'),(10092,'中国石油大学',37,3,'Z'),(10091,'中国石油大学(华东)东营校区',37,3,'Z'),(867555,'中国石油大学（华东）',37,3,'Z'),(989430,'中国石油大学（华东）远程与继续教育学院',37,3,'Z'),(977504,'中国石油大学华北学院',37,3,'Z'),(10093,'中国石油大学胜利学院',37,3,'Z'),(10087,'中华女子学院山东分院',37,3,'Z'),(995343,'中华全国律师函授大学',37,3,'Z'),(81665,'中加工商专修学院',37,3,'Z'),(95077,'中欧外国语学院',37,3,'Z'),(970000,'中泰宝石学院',37,3,'Z'),(979398,'中外合作威海外事翻译学校',37,3,'Z'),(984669,'中央廣播電視大學壽光分校',37,3,'Z'),(988377,'中央党校烟台分校',37,3,'Z'),(978871,'诸城经济学校',37,3,'Z'),(989781,'淄博大学',37,3,'Z'),(982556,'淄博第一职业专科学校',37,3,'Z'),(10197,'淄博广播电视大学',37,3,'Z'),(10198,'淄博恒星外国语学院',37,3,'Z'),(980306,'淄博技师学院',37,3,'Z'),(93342,'淄博技术学院',37,3,'Z'),(970481,'淄博交通技校',37,3,'Z'),(982837,'淄博警校',37,3,'Z'),(10199,'淄博科技职业学院',37,3,'Z'),(995706,'淄博矿务局技校',37,3,'Z'),(988225,'淄博理工大学',37,3,'Z'),(10196,'淄博师专',37,3,'Z'),(978618,'淄博市第十建设公司子弟技校',37,3,'Z'),(10239,'淄博市工业学校',37,3,'Z'),(93343,'淄博市技术学院',37,3,'Z'),(990991,'淄博水利技师学院',37,3,'Z'),(985608,'淄博卫校',37,3,'Z'),(10256,'淄博信息工程学校',37,3,'Z'),(93344,'淄博信息工程学院',37,3,'Z'),(983613,'淄博职工大学',37,3,'Z'),(10200,'淄博职业学院',37,3,'Z'),(985685,'淄矿高级技校',37,3,'Z'),(973491,'淄矿集团党校',37,3,'Z'),(993498,'邹城市高级职业技术学校',37,3,'Z'),(973933,'兖矿高级技工学校',37,3,'Z'),(970897,'兖矿集团高级技工学校',37,3,'Z'),(978087,'兖州电大',37,3,'Z'),(10255,'兖州矿区职工大学',37,3,'Z'),(94125,'郓城师范',37,3,'Z'),(983811,'郯城广播电视大学',37,3,'Z'),(986049,'郯城师范',37,3,'Z'),(970911,'埝东职业技术大学',37,3,'Z'),(964117,'莒南精英私利学院',37,3,'Z'),(962604,'莒南精英私立学院',37,3,'Z'),(989690,'岱岳区一职专',37,3,'Z'),(972544,'汶上师范',37,3,'Z'),(93337,'泗水电视大学',37,3,'Z'),(982898,'泗水职业技术学院',37,3,'Z'),(973836,'滕州劳动局技校',37,3,'Z'),(11676,'山西大学',14,3,'S'),(11660,'太原理工大学',14,3,'T'),(11650,'中北大学',14,3,'Z'),(11671,'山西医大',14,3,'S'),(11665,'山西中医学院',14,3,'S'),(11658,'太原师范',14,3,'T'),(972968,'八一电大',14,3,'B'),(979281,'北京财贸金融函授学院',14,3,'B'),(94624,'长治高级技工学院',14,3,'C'),(980053,'长治技师学院',14,3,'C'),(81035,'长治教育学院',14,3,'C'),(995607,'长治市黄河工艺美术学校',14,3,'C'),(867686,'长治市教育学院',14,3,'C'),(985691,'长治体校',14,3,'C'),(979172,'长治卫校',14,3,'C'),(992031,'长治行政学院',14,3,'C'),(11712,'长治学院',14,3,'C'),(94157,'长治学院沁县师范分院',14,3,'C'),(982718,'长治学院示范分院',14,3,'C'),(11711,'长治医学院',14,3,'C'),(11654,'大同大学',14,3,'D'),(94811,'大同大学工学院',14,3,'D'),(987280,'大同第一卫校',14,3,'D'),(982746,'大同广播电视大学',14,3,'D'),(976215,'大同煤炭工业学校',14,3,'D'),(970908,'大同煤炭职业技术学院',14,3,'D'),(977865,'大同师范',14,3,'D'),(987181,'大同市第二技工学校',14,3,'D'),(984166,'大同一卫校',14,3,'D'),(990958,'大同幼儿师范学校',14,3,'D'),(971556,'大同职业技术学院',14,3,'D'),(975761,'地区幼儿园网络教育学院',14,3,'D'),(971416,'甘泉双语职业学校',14,3,'G'),(81037,'工艺美术学院',14,3,'G'),(867693,'广播电影电视管理干部学院',14,3,'G'),(92963,'国营大众机械厂职工大学',14,3,'G'),(990719,'哈尔滨网络教育学院',14,3,'H'),(977259,'河内外贸大学',14,3,'H'),(990504,'鸿翔技校',14,3,'H'),(970951,'洪洞县卫校',14,3,'H'),(81702,'华澳商贸学院',14,3,'H'),(978561,'华北工学院',14,3,'H'),(980443,'华北广播电影电视管理干部学院',14,3,'H'),(94930,'华北机电学院',14,3,'H'),(94628,'华北科技专修学院',14,3,'H'),(977291,'华夏现代管理学院',14,3,'H'),(11718,'晋城教育学院',14,3,'J'),(982811,'晋城师范',14,3,'J'),(995338,'晋东南煤矿工业学校',14,3,'J'),(982918,'晋中教育学院',14,3,'J'),(966051,'晋中煤校',14,3,'J'),(973324,'晋中师范高等专科学校',14,3,'J'),(11706,'晋中学院',14,3,'J'),(78216,'晋中学院师范分院',14,3,'J'),(867678,'晋中学院师范学院',14,3,'J'),(976915,'晋中艺校',14,3,'J'),(11707,'晋中职业技术学院',14,3,'J'),(94808,'康华医学院',14,3,'K'),(993299,'临汾地区文化艺术学校',14,3,'L'),(980773,'临汾高级技工学校',14,3,'L'),(970306,'临汾管理学院',14,3,'L'),(11716,'临汾人民警察学校',14,3,'L'),(94629,'临汾文化艺术学院',14,3,'L'),(11651,'临汾职业技术学院',14,3,'L'),(11709,'潞安职业技术学院',14,3,'L'),(980067,'吕梁高级技工学校',14,3,'L'),(81034,'吕梁教育学院',14,3,'L'),(982730,'吕梁经济管理学校',14,3,'L'),(992222,'吕梁煤炭工业学校',14,3,'L'),(94817,'吕梁师范学院',14,3,'L'),(11653,'吕梁学院',14,3,'L'),(78217,'吕梁专科学院',14,3,'L'),(973288,'南方设计职业学校',14,3,'N'),(989622,'平定高级职业技术学校',14,3,'P'),(92957,'轻纺工程与美术学院',14,3,'Q'),(972345,'山大商务学院',14,3,'S'),(972908,'山大商务学院',14,3,'S'),(92972,'山西兵器工业职工大学',14,3,'S'),(867673,'山西财经',14,3,'S'),(11699,'山西财经大学',14,3,'S'),(980506,'山西财经大学财税学院',14,3,'S'),(70615,'山西财经大学华商学院',14,3,'S'),(92967,'山西财经大学经济技术学院',14,3,'S'),(993582,'山西财经大学经济信息学院',14,3,'S'),(980848,'山西财经大学通才学院',14,3,'S'),(77628,'山西财经大学物流管理学院',14,3,'S'),(77989,'山西财经大学运城学院',14,3,'S'),(11698,'山西财政税务专科学校',14,3,'S'),(986018,'山西长治医学院',14,3,'S'),(987313,'山西长治医学院',14,3,'S'),(11675,'山西城市职业技术学院',14,3,'S'),(972393,'山西城乡建设学校',14,3,'S'),(990336,'山西传媒艺术学院',14,3,'S'),(996676,'山西大昌汽车专业学校',14,3,'S'),(94623,'山西大同大学',14,3,'S'),(94150,'山西大同大学浑源师范分校',14,3,'S'),(976419,'山西大同大学煤炭工程学院',14,3,'S'),(996693,'山西大同矿务局职工大学',14,3,'S'),(992406,'山西大同市第一卫生学校',14,3,'S'),(977308,'山西大学成人教育学院',14,3,'S'),(92968,'山西大学法律职业学院',14,3,'S'),(973317,'山西大学工程学院',14,3,'S'),(11677,'山西大学商务学院',14,3,'S'),(988041,'山西第二人民警察学校',14,3,'S'),(95309,'山西电子工业学院',14,3,'S'),(92956,'山西汾西煤化技师学院',14,3,'S'),(969995,'山西汾阳医学院',14,3,'S'),(95347,'山西高新科技学院',14,3,'S'),(986331,'山西工贸学院',14,3,'S'),(883634,'山西工商学院',14,3,'S'),(983802,'山西工商学院',14,3,'S'),(976828,'山西工艺美术学院',14,3,'S'),(11692,'山西管理职业学院',14,3,'S'),(11683,'山西广播电视大学',14,3,'S'),(993356,'山西广播电视大学晋城分院',14,3,'S'),(982771,'山西广播电视大学朔州分校',14,3,'S'),(11682,'山西广播电影电视管理干部学院',14,3,'S'),(11674,'山西国际商务职业学院',14,3,'S'),(11673,'山西华澳商贸职业学院',14,3,'S'),(867691,'山西机电职工学院',14,3,'S'),(996782,'山西机械高级技工学校',14,3,'S'),(982420,'山西计算机科技学院',14,3,'S'),(11684,'山西建筑职业技术学院',14,3,'S'),(92964,'山西金融职业学院',14,3,'S'),(11693,'山西经济管理干部学院',14,3,'S'),(973953,'山西经济管理学院',14,3,'S'),(94810,'山西经贸职业学院',14,3,'S'),(11697,'山西警官高等专科学校',14,3,'S'),(973949,'山西警官学院',14,3,'S'),(973956,'山西警官学院',14,3,'S'),(92958,'山西可幻外事学院',14,3,'S'),(997257,'山西矿业学院',14,3,'S'),(976212,'山西矿业学院',14,3,'S'),(92955,'山西矿业职业技术学院',14,3,'S'),(81040,'山西老区医学院',14,3,'S'),(92959,'山西老区职业技术学院',14,3,'S'),(983974,'山西粮食学校',14,3,'S'),(985068,'山西临汾警校',14,3,'S'),(985881,'山西吕梁卫校',14,3,'S'),(971546,'山西旅游学院',14,3,'S'),(11685,'山西旅游职业学院',14,3,'S'),(987285,'山西煤炭干部管理干部学院',14,3,'S'),(984117,'山西煤炭干部管理学院',14,3,'S'),(867687,'山西煤炭管理干部学院',14,3,'S'),(92976,'山西煤炭职工联合大学',14,3,'S'),(867674,'山西农大',14,3,'S'),(81700,'山西农大太原畜牧兽医学院',14,3,'S'),(989363,'山西农大信息学院',14,3,'S'),(11670,'山西农业大学',14,3,'S'),(11669,'山西农业大学平遥机电学院',14,3,'S'),(867679,'山西农业大学太原畜牧兽医学院',14,3,'S'),(81701,'山西农业大学太原园艺学院',14,3,'S'),(867680,'山西农业大学太原园艺学院（太原农业学校）',14,3,'S'),(72868,'山西农业大学信息学院',14,3,'S'),(92974,'山西农业大学原平农学院',14,3,'S'),(867681,'山西农业大学原平农学院（原平农业学校）',14,3,'S'),(81703,'山西汽车科技学院',14,3,'S'),(68907,'山西青年管理干部学院',14,3,'S'),(980811,'山西商务学院',14,3,'S'),(970913,'山西社会大学',14,3,'S'),(990755,'山西社会经济专修学院',14,3,'S'),(979633,'山西省财贸学校',14,3,'S'),(977927,'山西省财贸职业技术学院',14,3,'S'),(970326,'山西省财政税务专科学校',14,3,'S'),(972468,'山西省党校',14,3,'S'),(94807,'山西省第二人民警官职业学院',14,3,'S'),(986835,'山西省电影学校',14,3,'S'),(94104,'山西省汾阳师范',14,3,'S'),(94815,'山西省高级交通技师学院',14,3,'S'),(92961,'山西省工贸学院',14,3,'S'),(867685,'山西省广播电视大学',14,3,'S'),(997209,'山西省化学工业学校',14,3,'S'),(92969,'山西省机电职工学院',14,3,'S'),(977025,'山西省建筑工程学校',14,3,'S'),(972615,'山西省建筑学校',14,3,'S'),(971777,'山西省交通职业技术学院',14,3,'S'),(972982,'山西省教育学院',14,3,'S'),(991978,'山西省经济管理干部学院',14,3,'S'),(989807,'山西省经济管理学院',14,3,'S'),(966145,'山西省警官学院',14,3,'S'),(979169,'山西省警校大同分校',14,3,'S'),(972152,'山西省林业技术学院',14,3,'S'),(867694,'山西省临汾电力技师学院',14,3,'S'),(972871,'山西省临汾工商行政管理学校',14,3,'S'),(976852,'山西省临汾师范学院',14,3,'S'),(970349,'山西省吕梁高等专科学校',14,3,'S'),(867684,'山西省吕梁市教育学院',14,3,'S'),(973883,'山西省吕梁学院',14,3,'S'),(978616,'山西省煤炭高级技工学校',14,3,'S'),(995851,'山西省煤炭工业学校',14,3,'S'),(68808,'山西省煤炭管理干部学院',14,3,'S'),(987836,'山西省农业机械化学校',14,3,'S'),(95329,'山西省轻工业学校',14,3,'S'),(972328,'山西省人民警察学校',14,3,'S'),(982504,'山西省商业干部学校',14,3,'S'),(978206,'山西省省委党校',14,3,'S'),(986058,'山西省水利职业技术学校',14,3,'S'),(982486,'山西省税务学校',14,3,'S'),(95189,'山西省朔州职业技术学院',14,3,'S'),(77630,'山西省思娇教育学院',14,3,'S'),(991055,'山西省太原化工学校',14,3,'S'),(975680,'山西省太原市粮食学校',14,3,'S'),(985104,'山西省太原市阳曲县农校',14,3,'S'),(984957,'山西省体育运动学院',14,3,'S'),(867698,'山西省体育职业学院',14,3,'S'),(970811,'山西省委党校',14,3,'S'),(987118,'山西省戏曲职业学院',14,3,'S'),(970318,'山西省艺术职业学院',14,3,'S'),(982444,'山西省榆次国土资源学校',14,3,'S'),(972442,'山西省运城地区艺术学校',14,3,'S'),(977248,'山西省运城师范学校',14,3,'S'),(979288,'山西省运城市地区卫校',14,3,'S'),(989366,'山西省运城市关圣旅游学校',14,3,'S'),(490010,'山西省运城市盐湖区第二高级职业中学',14,3,'S'),(996669,'山西省运城卫校',14,3,'S'),(68807,'山西省政法管理干部学院',14,3,'S'),(867683,'山西省职工工艺美术学院',14,3,'S'),(970964,'山西省职工文学院',14,3,'S'),(973955,'山西省中央党校',14,3,'S'),(975842,'山西省芮城福尼斯英语学校',14,3,'S'),(11680,'山西师大',14,3,'S'),(977492,'山西师大临汾学院',14,3,'S'),(867699,'山西师大临汾学院',14,3,'S'),(77631,'山西师范大学',14,3,'S'),(94812,'山西师范大学晋东南学院',14,3,'S'),(77553,'山西师范大学临汾学院',14,3,'S'),(11681,'山西师范大学现代文理学院',14,3,'S'),(11688,'山西水利职业技术学院',14,3,'S'),(975806,'山西太谷师范',14,3,'S'),(971802,'山西太原工业学校',14,3,'S'),(986661,'山西太原刊授学院',14,3,'S'),(92966,'山西太原畜牧兽医学院',14,3,'S'),(92970,'山西体育职业学院',14,3,'S'),(988064,'山西铁路工程学校',14,3,'S'),(94816,'山西同文外语职业学院',14,3,'S'),(982736,'山西同文职业技术学院',14,3,'S'),(971460,'山西五四一技工学校',14,3,'S'),(68895,'山西戏剧职业学院',14,3,'S'),(94622,'山西新华电脑专修学院',14,3,'S'),(996544,'山西信息工程学院',14,3,'S'),(11668,'山西兴华职业学院',14,3,'S'),(972599,'山西行政学院',14,3,'S'),(987135,'山西雁北师范学院',14,3,'S'),(983512,'山西阳泉技工学校',14,3,'S'),(986585,'山西冶金(太钢)高级技工学校',14,3,'S'),(94813,'山西医科大晋中学院',14,3,'S'),(867695,'山西医科大学',14,3,'S'),(11672,'山西医科大学汾阳分院',14,3,'S'),(81704,'山西医科大学晋祠学院',14,3,'S'),(992035,'山西医科大学口腔医学院',14,3,'S'),(976442,'山西医科大学运城学院',14,3,'S'),(985323,'山西永济电机高级技工学校',14,3,'S'),(995527,'山西园艺学院',14,3,'S'),(989604,'山西运城财经学院',14,3,'S'),(81705,'山西运城农业科技大学',14,3,'S'),(11701,'山西运城农业职业技术学院',14,3,'S'),(94627,'山西运城水利职业技术学院',14,3,'S'),(990052,'山西运城学院',14,3,'S'),(867688,'山西政法管理干部学院',14,3,'S'),(68857,'山西职工医学院',14,3,'S'),(68864,'山西职工医学院运城分院',14,3,'S'),(867676,'山西职业技术学院',14,3,'S'),(972940,'山西综合职业技术学院轻工分院',14,3,'S'),(986640,'陕西省刊授大学',14,3,'S'),(986655,'陕西太原刊授大学',14,3,'S'),(95190,'朔州职业技术学院',14,3,'S'),(970115,'苏子坡高职学校',14,3,'S'),(989362,'太谷师范',14,3,'T'),(972796,'太谷中国空间技术研究院太华技校',14,3,'T'),(11655,'太原城市职业技术学院',14,3,'T'),(11656,'太原大学',14,3,'T'),(92973,'太原大学教育学院',14,3,'T'),(72038,'太原大学外语师范学院',14,3,'T'),(11661,'太原电力高等专科学校',14,3,'T'),(970938,'太原电视广播大学',14,3,'T'),(867690,'太原钢铁(集团)有限公司职工钢铁学院',14,3,'T'),(988349,'太原钢铁集团职工学院',14,3,'T'),(987359,'太原工程职业技术学院',14,3,'T'),(993348,'太原工贸学校',14,3,'T'),(11657,'太原工业学院',14,3,'T'),(984992,'太原广播电视大学',14,3,'T'),(980662,'太原海军电子工程学院',14,3,'T'),(970239,'太原海星艺校',14,3,'T'),(867692,'太原化学工业集团有限公司职工大学',14,3,'T'),(989332,'太原机械学院',14,3,'T'),(980302,'太原经济干部管理学院',14,3,'T'),(92971,'太原警官职业技术学院',14,3,'T'),(986639,'太原刊授大学',14,3,'T'),(867672,'太原科大',14,3,'T'),(11662,'太原科技大学',14,3,'T'),(11663,'太原科技大学华科学院',14,3,'T'),(70623,'太原科技大学化学与生物工程学院',14,3,'T'),(11664,'太原科技大学运城工学院（运城工学院）',14,3,'T'),(984514,'太原科技进修学院',14,3,'T'),(980552,'太原理工大财经学院',14,3,'T'),(92979,'太原理工大学长治学院',14,3,'T'),(72836,'太原理工大学长治学院华北机电学校',14,3,'T'),(984565,'太原理工大学大同学院',14,3,'T'),(94814,'太原理工大学轻纺工程与美术学院',14,3,'T'),(975650,'太原理工大学现代科技学院',14,3,'T'),(77626,'太原理工大学阳泉学院',14,3,'T'),(11659,'太原旅游职业学院',14,3,'T'),(976462,'太原煤碳气化技校',14,3,'T'),(973702,'太原师范高等专科学校',14,3,'T'),(976307,'太原师范外语学院',14,3,'T'),(77627,'太原师范学院',14,3,'T'),(975637,'太原市第四职业学校',14,3,'T'),(983618,'太原市高级技师学院',14,3,'T'),(979366,'太原市工业经济学校',14,3,'T'),(975750,'太原市技师学院',14,3,'T'),(94809,'太原市教育学院',14,3,'T'),(978550,'太原市煤碳管理干部学院院',14,3,'T'),(982984,'太原市重型机械学院',14,3,'T'),(995642,'太原新华职业技术学校',14,3,'T'),(976242,'太原政法管理干部学院',14,3,'T'),(979240,'太原职工医学院',14,3,'T'),(92960,'太原职业技术学院',14,3,'T'),(979060,'太原重型机械学院',14,3,'T'),(975695,'同煤集团技师学院',14,3,'T'),(92977,'万荣技师学院',14,3,'W'),(973325,'武警太原指挥学院',14,3,'W'),(977400,'襄垣职业技术学校',14,3,'X'),(990498,'忻州地区卫生学校',14,3,'X'),(996254,'忻州黄河职业学校',14,3,'X'),(867675,'忻州师范',14,3,'X'),(11704,'忻州师范学院',14,3,'X'),(72053,'忻州师范学院五寨分院',14,3,'X'),(867682,'忻州师范学院五寨分院（五寨师范学院）',14,3,'X'),(980436,'忻州师院',14,3,'X'),(11705,'忻州职业技术学院',14,3,'X'),(976120,'阳城煤校',14,3,'Y'),(989281,'阳城县职业技术学校',14,3,'Y'),(94932,'阳泉电视大学',14,3,'Y'),(955800,'阳泉师范高等专科学校',14,3,'Y'),(988025,'阳泉师范专科学院',14,3,'Y'),(867689,'阳泉市教育学院',14,3,'Y'),(11717,'阳泉市煤炭专科学校',14,3,'Y'),(976077,'阳泉市平定师范学院',14,3,'Y'),(977212,'阳泉市体育运动学校',14,3,'Y'),(11714,'阳泉职业技术学院',14,3,'Y'),(995832,'永济市大学',14,3,'Y'),(996783,'永济市高级技工学校',14,3,'Y'),(989816,'原平职业学校',14,3,'Y'),(984715,'运城财经学院',14,3,'Y'),(92978,'运城工学院',14,3,'Y'),(974072,'运城关圣旅游学校',14,3,'Y'),(983040,'运城宏源职业技术学院',14,3,'Y'),(993079,'运城建筑装饰工程学校',14,3,'Y'),(992051,'运城农学院',14,3,'Y'),(867677,'运城农业学院',14,3,'Y'),(982733,'运城师范',14,3,'Y'),(980147,'运城师范',14,3,'Y'),(973832,'运城师范学院',14,3,'Y'),(970168,'运城市电子科技职业学校',14,3,'Y'),(94512,'运城市华美礼仪学校',14,3,'Y'),(962404,'运城市满江红计算机职业学校',14,3,'Y'),(982768,'运城市卫生学校',14,3,'Y'),(993462,'运城卫校',14,3,'Y'),(11710,'运城学院',14,3,'Y'),(94156,'运城学院师范分院',14,3,'Y'),(94155,'运城学院稷山师范分院',14,3,'Y'),(990916,'运城幼儿师范高等专科',14,3,'Y'),(976007,'郑州艺术研究院',14,3,'Z'),(990306,'中北大学成人教育学院',14,3,'Z'),(81041,'中北大学信息商务学院',14,3,'Z'),(978011,'中共大同党校',14,3,'Z'),(988028,'中共山西省省委党校',14,3,'Z'),(867697,'中国辐射防护研究院',14,3,'Z'),(986848,'中国共产党山西省省委党校',14,3,'Z'),(990438,'中国农村大学刊授大学',14,3,'Z'),(995565,'中国人民解放军装甲兵技术学院',14,3,'Z'),(81714,'中国日用化学工业研究原',14,3,'Z'),(867700,'中国日用化学工业研究院',14,3,'Z'),(972320,'中央电视广播大学侯马分校',14,3,'Z'),(12732,'西北工业大学',61,3,'X'),(12727,'西北农林科技大学',61,3,'X'),(76917,'第四军医大学',61,3,'D'),(12735,'西安交通大学',61,3,'X'),(12766,'长安大学',61,3,'C'),(12734,'西安三资职业学院',61,3,'X'),(12729,'西北大学',61,3,'X'),(12772,'陕西师范大学',61,3,'S'),(12750,'西安电子科技大学',61,3,'X'),(980291,'安康地区技工学校',61,3,'A'),(972695,'安康工业学校',61,3,'A'),(80651,'安康经贸管理学院',61,3,'A'),(985866,'安康农业学校',61,3,'A'),(979009,'安康市松林技校',61,3,'A'),(984903,'安康卫校',61,3,'A'),(12713,'安康学院',61,3,'A'),(12714,'安康职业技术学院',61,3,'A'),(987687,'安科技大学测绘学院',61,3,'A'),(12788,'宝鸡大学',61,3,'B'),(973604,'宝鸡工业学校',61,3,'B'),(92651,'宝鸡技术学院',61,3,'B'),(92652,'宝鸡经济贸易专修学院',61,3,'B'),(972782,'宝鸡经贸学院',61,3,'B'),(996749,'宝鸡三和专修学院',61,3,'B'),(996260,'宝鸡市党校',61,3,'B'),(995672,'宝鸡市公安干部学校',61,3,'B'),(982971,'宝鸡市农业学校',61,3,'B'),(984928,'宝鸡卫校',61,3,'B'),(12715,'宝鸡文理学院',61,3,'B'),(976173,'宝鸡职工大学',61,3,'B'),(12716,'宝鸡职业技术学院',61,3,'B'),(996534,'宝鸡中北技术专修学院',61,3,'B'),(980678,'北大光华管理学院',61,3,'B'),(988317,'彬县技工学校',61,3,'B'),(972385,'长安大学渭水校区',61,3,'C'),(77923,'长安大学兴华学院',61,3,'C'),(971692,'长安电子信息',61,3,'C'),(971087,'城固师范',61,3,'C'),(983780,'澄合技工学校',61,3,'C'),(12865,'大荔师范学院',61,3,'D'),(980797,'东京都市大学',61,3,'D'),(987734,'扶风郡智技校',61,3,'F'),(993671,'国家法官学院西安司法警察分院',61,3,'G'),(973486,'海棠学院',61,3,'H'),(987867,'汉中教育学院',61,3,'H'),(12850,'汉中师范学院',61,3,'H'),(987380,'汉中卫校',61,3,'H'),(970153,'汉中育才挖掘机学校',61,3,'H'),(972147,'汉中职业技师学院医学院',61,3,'H'),(92653,'汉中职业技术学院',61,3,'H'),(989584,'华西大学',61,3,'H'),(975910,'交通大学开元学院',61,3,'J'),(70667,'解放军第二炮兵工程学院',61,3,'J'),(92654,'解放军空军工程大学',61,3,'J'),(979475,'解放军空军工程大学导弹学院',61,3,'J'),(92655,'解放军西安陆军学院',61,3,'J'),(990397,'解放军西安政治法律学院',61,3,'J'),(12844,'解放军西安政治学院',61,3,'J'),(973376,'金穗国际汽车学院',61,3,'J'),(990000,'空军导弹学院',61,3,'K'),(92656,'空军第二飞行学院',61,3,'K'),(975998,'空军第十六飞行学院',61,3,'K'),(985637,'空军电讯工程学院',61,3,'K'),(979410,'空军领航学院',61,3,'K'),(993612,'洛川县卫生职业技术学校',61,3,'L'),(12722,'欧亚学院',61,3,'O'),(12712,'培华学院',61,3,'P'),(995385,'乾县师范学院',61,3,'Q'),(81051,'秦首科技大学',61,3,'Q'),(971776,'人居建筑与环境管理学院',61,3,'R'),(991852,'山东大学电气工程学院',61,3,'S'),(972905,'陕南科技大学',61,3,'S'),(980887,'陕西奥林科技学院',61,3,'S'),(973909,'陕西宝成工学院',61,3,'S'),(996281,'陕西宝鸡工贸学院',61,3,'S'),(12789,'陕西宝鸡师范学院',61,3,'S'),(12817,'陕西兵器工业职工大学',61,3,'S'),(970942,'陕西财经学院',61,3,'S'),(12783,'陕西财经职业技术学院',61,3,'S'),(975649,'陕西电视广播大学',61,3,'S'),(81266,'陕西电子工业职工大学',61,3,'S'),(92657,'陕西电子科技学院',61,3,'S'),(72840,'陕西电子科技职业学院',61,3,'S'),(95315,'陕西电子信息学院',61,3,'S'),(12776,'陕西电子信息职业技术学院',61,3,'S'),(92658,'陕西对外贸易大学',61,3,'S'),(81262,'陕西纺织服装职业技术学院',61,3,'S'),(80653,'陕西纺织职业技术学院',61,3,'S'),(975765,'陕西凤翔师范',61,3,'S'),(94642,'陕西扶贫技术学院',61,3,'S'),(972334,'陕西服装工程学院',61,3,'S'),(80658,'陕西服装艺术学院',61,3,'S'),(972305,'陕西富平农大',61,3,'S'),(989291,'陕西高等财政专科学校',61,3,'S'),(980416,'陕西高新科技技术学院',61,3,'S'),(983027,'陕西工程科技学院',61,3,'S'),(81260,'陕西工贸培训学院',61,3,'S'),(92659,'陕西工贸职业学院',61,3,'S'),(976438,'陕西工商学院',61,3,'S'),(98626,'陕西工商职业学院',61,3,'S'),(976787,'陕西工学院',61,3,'S'),(990818,'陕西工业管理干部学院',61,3,'S'),(970484,'陕西工院',61,3,'S'),(77919,'陕西工运学院',61,3,'S'),(12818,'陕西广播电视大学',61,3,'S'),(982342,'陕西广播电视大学新城分校',61,3,'S'),(972504,'陕西广播电视专修学院',61,3,'S'),(980174,'陕西国防工业学院',61,3,'S'),(12769,'陕西国防工业职业技术学院',61,3,'S'),(80645,'陕西国防学院',61,3,'S'),(80646,'陕西国防职业技术学院',61,3,'S'),(867443,'陕西国际商贸学院',61,3,'S'),(12770,'陕西国际商贸职业学院',61,3,'S'),(80659,'陕西国际上贸学院',61,3,'S'),(970806,'陕西汉中卫生学校',61,3,'S'),(77929,'陕西航空技术学院',61,3,'S'),(12781,'陕西航空职业技术学院',61,3,'S'),(983599,'陕西航天技术学院',61,3,'S'),(971049,'陕西航天技术学院',61,3,'S'),(12852,'陕西航天职工大学',61,3,'S'),(979642,'陕西华山技师学院',61,3,'S'),(12790,'陕西机械学院',61,3,'S'),(971031,'陕西技术学院',61,3,'S'),(982666,'陕西建筑职工大学',61,3,'S'),(92660,'陕西交通大学职业技术学院',61,3,'S'),(81268,'陕西交通技术学院',61,3,'S'),(12768,'陕西交通职业技术学院',61,3,'S'),(12773,'陕西教育学院',61,3,'S'),(12778,'陕西经济管理职业技术学院',61,3,'S'),(92661,'陕西经济学院',61,3,'S'),(12791,'陕西经济专修学院',61,3,'S'),(973443,'陕西警察防卫学校',61,3,'S'),(12782,'陕西警官职业学院',61,3,'S'),(867440,'陕西科大',61,3,'S'),(12777,'陕西科技大学',61,3,'S'),(70697,'陕西科技大学镐京学院',61,3,'S'),(985151,'陕西科技大学继续教育学院',61,3,'S'),(93459,'陕西科技大学咸阳校区',61,3,'S'),(92662,'陕西科技大学职业技术学院',61,3,'S'),(979379,'陕西科技电子职业学院',61,3,'S'),(81267,'陕西科技技术学院',61,3,'S'),(976085,'陕西科技卫校',61,3,'S'),(989787,'陕西空军二炮学院',61,3,'S'),(992504,'陕西蓝天民航技术学校',61,3,'S'),(972998,'陕西蓝天民航学院',61,3,'S'),(12775,'陕西理工',61,3,'S'),(867445,'陕西理工学院',61,3,'S'),(971001,'陕西临潼煤炭卫校',61,3,'S'),(70686,'陕西旅游烹饪职业学院',61,3,'S'),(984764,'陕西洛川师范学校',61,3,'S'),(978022,'陕西煤炭工业学校',61,3,'S'),(986228,'陕西民航学校',61,3,'S'),(988222,'陕西农林业科技大学',61,3,'S'),(12792,'陕西烹饪学院',61,3,'S'),(12793,'陕西蒲城师范',61,3,'S'),(92663,'陕西汽车职工培训大学',61,3,'S'),(12787,'陕西青年职业学院',61,3,'S'),(980114,'陕西轻工业学院',61,3,'S'),(92664,'陕西三合专修学院',61,3,'S'),(12794,'陕西三资企业专修学院',61,3,'S'),(990538,'陕西商洛扶贫技校',61,3,'S'),(971043,'陕西商洛卫生学校',61,3,'S'),(993174,'陕西商贸外国语学校',61,3,'S'),(984524,'陕西商贸外国语职业学院',61,3,'S'),(970253,'陕西商贸学校',61,3,'S'),(12795,'陕西商业专科学校（陕西经贸学院）',61,3,'S'),(989540,'陕西省百子桥农业大学',61,3,'S'),(12796,'陕西省宝鸡教育学院',61,3,'S'),(980853,'陕西省财经学院',61,3,'S'),(77917,'陕西省电力职工学院',61,3,'S'),(977293,'陕西省电视广播大学',61,3,'S'),(979613,'陕西省电子工业学院',61,3,'S'),(92665,'陕西省电子工业职工大学',61,3,'S'),(992139,'陕西省凤翔师范学校',61,3,'S'),(978047,'陕西省高教职校西安电子科技大学分校',61,3,'S'),(987762,'陕西省工人技术学校',61,3,'S'),(995386,'陕西省广播电视大学安康分校',61,3,'S'),(972089,'陕西省汉中农业学校',61,3,'S'),(12854,'陕西省汉中市陕西理工学院',61,3,'S'),(81270,'陕西省建设技术学院',61,3,'S'),(976293,'陕西省建筑安装技工学院',61,3,'S'),(12819,'陕西省建筑职工大学',61,3,'S'),(92666,'陕西省交通技术学院',61,3,'S'),(94650,'陕西省经济管理干部学院',61,3,'S'),(973484,'陕西省警察防卫职业学校',61,3,'S'),(993199,'陕西省警察学院',61,3,'S'),(972839,'陕西省科技卫生学校',61,3,'S'),(987044,'陕西省蓝天民航技术学院',61,3,'S'),(971732,'陕西省农业学校',61,3,'S'),(977912,'陕西省青年干部管理学院',61,3,'S'),(980580,'陕西省轻工业学校',61,3,'S'),(988327,'陕西省人民警察学校',61,3,'S'),(995902,'陕西省商洛卫生学校',61,3,'S'),(92667,'陕西省商务技术学院',61,3,'S'),(976845,'陕西省体校',61,3,'S'),(990308,'陕西省通讯技术学院',61,3,'S'),(12803,'陕西省外语师范专科学校',61,3,'S'),(976371,'陕西省委党校函授',61,3,'S'),(12806,'陕西省渭南市教育学院',61,3,'S'),(976980,'陕西省武警指挥学院',61,3,'S'),(977446,'陕西省西安航空高等技术专科学校',61,3,'S'),(973764,'陕西省西安市商业学校',61,3,'S'),(996265,'陕西省西安市卫校',61,3,'S'),(973338,'陕西省西北大学桃园校区',61,3,'S'),(12820,'陕西省咸阳广播电视大学',61,3,'S'),(988362,'陕西省咸阳农业机械学校',61,3,'S'),(12821,'陕西省咸阳市505大学',61,3,'S'),(982885,'陕西省咸阳市能源技术学院',61,3,'S'),(12808,'陕西省咸阳市陕西国际商贸学院',61,3,'S'),(12809,'陕西省行政学院',61,3,'S'),(12810,'陕西省医专',61,3,'S'),(979352,'陕西省印刷技工学校',61,3,'S'),(80667,'陕西省幼儿师范',61,3,'S'),(12812,'陕西省政法管理干部学院',61,3,'S'),(975777,'陕西省中央广播电视大学延安分校',61,3,'S'),(867446,'陕西省中医学院',61,3,'S'),(983568,'陕西盛华高新技术学院',61,3,'S'),(995841,'陕西圣经学校',61,3,'S'),(867434,'陕西师大',61,3,'S'),(94649,'陕西师范大学',61,3,'S'),(867439,'陕西师范大学高等职业技术学院',61,3,'S'),(986927,'陕西师范远程教育学院',61,3,'S'),(94654,'陕西石油化工学院',61,3,'S'),(985993,'陕西体育运动学校',61,3,'S'),(971664,'陕西体院',61,3,'S'),(977814,'陕西铁道学院',61,3,'S'),(983649,'陕西铁路工程职业技术学院',61,3,'S'),(12785,'陕西铁路工程职业技术学院',61,3,'S'),(77928,'陕西铁路职业技术学院',61,3,'S'),(976340,'陕西通源技术学校',61,3,'S'),(92668,'陕西外国语培训学院',61,3,'S'),(984652,'陕西外贸职工大学',61,3,'S'),(985870,'陕西渭南蓓蕾幼师专科学校',61,3,'S'),(973990,'陕西卫生干部进修学院',61,3,'S'),(985913,'陕西西安第二炮兵工程学院',61,3,'S'),(80661,'陕西西安第四军医大',61,3,'S'),(95316,'陕西西安欧亚学院',61,3,'S'),(971744,'陕西西安铁路工程职业技术学院',61,3,'S'),(971519,'陕西咸阳煤校',61,3,'S'),(984860,'陕西信息工业技术学院',61,3,'S'),(978953,'陕西信息技术学校',61,3,'S'),(978090,'陕西行政学院',61,3,'S'),(996303,'陕西行政学院',61,3,'S'),(989647,'陕西行政学院',61,3,'S'),(94890,'陕西延安财经学院',61,3,'S'),(92669,'陕西杨虎城进修学院',61,3,'S'),(12816,'陕西医学高等专科学校',61,3,'S'),(12784,'陕西邮电职业技术学院',61,3,'S'),(98493,'陕西榆林地区卫生学校',61,3,'S'),(976170,'陕西育才职业学院',61,3,'S'),(970233,'陕西政法干校',61,3,'S'),(977326,'陕西职工大学',61,3,'S'),(12779,'陕西职业技术学院',61,3,'S'),(92670,'陕西中北专修学院',61,3,'S'),(12767,'陕西中医学院',61,3,'S'),(985160,'商洛广播电视大学',61,3,'S'),(77931,'商洛技术学院',61,3,'S'),(977934,'商洛粮校',61,3,'S'),(984967,'商洛新潮专修学院',61,3,'S'),(12711,'商洛学院',61,3,'S'),(77930,'商洛职业技术学院',61,3,'S'),(986161,'商州师范学校',61,3,'S'),(978318,'思安思源学院',61,3,'S'),(983521,'绥德师范',61,3,'S'),(970173,'铁道部干部管理学院',61,3,'T'),(975757,'铁道部陕西咸阳基建干部管理学院',61,3,'T'),(980086,'铁指西安卫校',61,3,'T'),(94656,'铜川工业技术学院',61,3,'T'),(92671,'铜川市计算机专业学院',61,3,'T'),(12765,'铜川职业技术学院',61,3,'T'),(983638,'渭南百鸣职业学院',61,3,'W'),(92672,'渭南技术学院',61,3,'W'),(990382,'渭南教育学院',61,3,'W'),(985677,'渭南农业学校',61,3,'W'),(867441,'渭南师范',61,3,'W'),(12724,'渭南师范学院',61,3,'W'),(12725,'渭南职业技术学院',61,3,'W'),(81716,'文化传播学院',61,3,'W'),(971233,'武功卫校',61,3,'W'),(984738,'武警工程大学',61,3,'W'),(985041,'武警西安工程大学',61,3,'W'),(979244,'武警西安技术学院',61,3,'W'),(94643,'武警西安指挥学院',61,3,'W'),(12857,'西安爱华女子大学',61,3,'X'),(976992,'西安毕诚软件学校',61,3,'X'),(12759,'西安财经',61,3,'X'),(94648,'西安财经学院',61,3,'X'),(12760,'西安财经学院行知学院',61,3,'X'),(975901,'西安产业技术学院',61,3,'X'),(80650,'西安城建学院',61,3,'X'),(77915,'西安大学',61,3,'X'),(77926,'西安大众汽车学院',61,3,'X'),(993563,'西安导弹学院',61,3,'X'),(92673,'西安导游培训学院',61,3,'X'),(12823,'西安地质学院',61,3,'X'),(978583,'西安第二炮兵工程学院',61,3,'X'),(973772,'西安电大',61,3,'X'),(12749,'西安电力高等专科学校',61,3,'X'),(976053,'西安电力机械制造公司机电学院',61,3,'X'),(977502,'西安电力学校',61,3,'X'),(986243,'西安电力职工大学',61,3,'X'),(12824,'西安电力专科学校',61,3,'X'),(972446,'西安电力专修学院',61,3,'X'),(979067,'西安电影学院',61,3,'X'),(867435,'西安电子科大',61,3,'X'),(80657,'西安电子科技大学长安学院',61,3,'X'),(867438,'西安电子科技大学高等职业技术学院',61,3,'X'),(92674,'西安电子科技专修学院',61,3,'X'),(978536,'西安电子信息学院',61,3,'X'),(987735,'西安东方技术学校',61,3,'X'),(867444,'西安东方亚太职业技术学院',61,3,'X'),(92675,'西安东方亚太职业学院',61,3,'X'),(12755,'西安翻译学院',61,3,'X'),(997217,'西安翻译学院国际关系学院',61,3,'X'),(990325,'西安纺织工业学院',61,3,'X'),(95339,'西安飞机工业公司工学院',61,3,'X'),(81052,'西安弗斯特学院',61,3,'X'),(81259,'西安高薪科技学院',61,3,'X'),(92676,'西安高新机电工业学院',61,3,'X'),(80652,'西安高新科技学院',61,3,'X'),(12764,'西安高新科技职业学院',61,3,'X'),(987123,'西安工程兵技术学校',61,3,'X'),(12741,'西安工程大学',61,3,'X'),(92677,'西安工程机械学院',61,3,'X'),(94641,'西安工程科技大学',61,3,'X'),(80644,'西安工程学院',61,3,'X'),(12740,'西安工大',61,3,'X'),(81269,'西安工商管理学院',61,3,'X'),(94638,'西安工商经济学院',61,3,'X'),(92678,'西安工业大学',61,3,'X'),(70613,'西安工业大学北方信息工程学院',61,3,'X'),(982457,'西安工业大学继续教育学院',61,3,'X'),(81271,'西安工业大学金叶信息学院',61,3,'X'),(990558,'西安工业技工学校',61,3,'X'),(68859,'西安工业科技学院',61,3,'X'),(995412,'西安公交技校',61,3,'X'),(995316,'西安公路交通大学',61,3,'X'),(985018,'西安公路学院',61,3,'X'),(12858,'西安广播电视大学',61,3,'X'),(12825,'西安广播影视学院',61,3,'X'),(973856,'西安广告专修学院',61,3,'X'),(980485,'西安国际公共关系学院',61,3,'X'),(12826,'西安国际商务学院',61,3,'X'),(12747,'西安海棠职业学院',61,3,'X'),(989700,'西安航空大学',61,3,'X'),(982815,'西安航空工业技术专科学校',61,3,'X'),(995779,'西安航空护士职业学校',61,3,'X'),(12756,'西安航空技术高等专科学校',61,3,'X'),(92679,'西安航空旅游学院',61,3,'X'),(12758,'西安航空职工大学',61,3,'X'),(80647,'西安航空职工大学宝成工学院',61,3,'X'),(12757,'西安航空职业技术学院',61,3,'X'),(979044,'西安华光科技学院',61,3,'X'),(972747,'西安华西大学',61,3,'X'),(12738,'西安华西专修大学',61,3,'X'),(94513,'西安华中科技技术学院',61,3,'X'),(94644,'西安环境信息工程学院',61,3,'X'),(989390,'西安机电科技技师学院',61,3,'X'),(12745,'西安机电信息技术学院',61,3,'X'),(77927,'西安机电信息学院',61,3,'X'),(12853,'西安技师学院',61,3,'X'),(98592,'西安建设科技专修学院',61,3,'X'),(979328,'西安建筑工程技师学院',61,3,'X'),(92680,'西安建筑工程技术学院',61,3,'X'),(80639,'西安建筑工程技术学院西安科技专修学院',61,3,'X'),(92681,'西安建筑技术学院',61,3,'X'),(12742,'西安建筑科大',61,3,'X'),(77916,'西安建筑科技大学华清学院',61,3,'X'),(989723,'西安建筑科技大学继续教育学院',61,3,'X'),(977538,'西安交大财经学院',61,3,'X'),(995909,'西安交大管理学院',61,3,'X'),(971779,'西安交大继续教育学院',61,3,'X'),(973368,'西安交大思源篮球训练大学',61,3,'X'),(989434,'西安交大医学院',61,3,'X'),(975945,'西安交大医学院附设卫校',61,3,'X'),(972652,'西安交二局技工学校',61,3,'X'),(72050,'西安交通大学城市学院',61,3,'X'),(990446,'西安交通大学成人教育学院',61,3,'X'),(92683,'西安交通大学南洋继续教育学院',61,3,'X'),(972700,'西安交通大学药学院',61,3,'X'),(982790,'西安交通大学远程教育',61,3,'X'),(993411,'西安交通大学职业技术学院',61,3,'X'),(992517,'西安交通大医学院',61,3,'X'),(12827,'西安教育学院',61,3,'X'),(980007,'西安解放军学院',61,3,'X'),(867449,'西安金融财贸学院',61,3,'X'),(996485,'西安军旅艺术专修学院',61,3,'X'),(988359,'西安军事电讯工程学院',61,3,'X'),(12828,'西安凯联国际学院',61,3,'X'),(12752,'西安科大',61,3,'X'),(990327,'西安科技大高新学院',61,3,'X'),(94651,'西安科技大学',61,3,'X'),(70674,'西安科技大学高新学院',61,3,'X'),(92684,'西安科技工程学院',61,3,'X'),(980028,'西安科技技工学校',61,3,'X'),(12829,'西安科技商贸学院',61,3,'X'),(12753,'西安科技商贸职业学院',61,3,'X'),(992238,'西安空军导弹学院',61,3,'X'),(978171,'西安空军电讯工程学院（原空军通信学校）',61,3,'X'),(12859,'西安空军工程大学',61,3,'X'),(975930,'西安空军工程大学电讯工程学院',61,3,'X'),(973736,'西安空军航空工程学校',61,3,'X'),(12830,'西安矿业学院',61,3,'X'),(12748,'西安理工',61,3,'X'),(81263,'西安理工大学',61,3,'X'),(81265,'西安理工大学高等技术学院',61,3,'X'),(98720,'西安理工大学高科学院',61,3,'X'),(988267,'西安理工大学继续教育学院',61,3,'X'),(987219,'西安理工技工学校',61,3,'X'),(80656,'西安理工技术学院',61,3,'X'),(972679,'西安利民技术学院',61,3,'X'),(982827,'西安利民职业技术学院',61,3,'X'),(979397,'西安联合学院',61,3,'X'),(92685,'西安联合职业培训学院',61,3,'X'),(92686,'西安联合职业学院',61,3,'X'),(989543,'西安领航学院',61,3,'X'),(980751,'西安陆军士官指挥学院',61,3,'X'),(12831,'西安陆军学院',61,3,'X'),(989292,'西安煤田技术学校',61,3,'X'),(979584,'西安美科专修学院',61,3,'X'),(12832,'西安美术学院',61,3,'X'),(80642,'西安南洋科技专修学院',61,3,'X'),(972638,'西安欧亚学院',61,3,'X'),(80660,'西安培华学院',61,3,'X'),(80637,'西安培化学院',61,3,'X'),(991902,'西安齐力铁路技术学院',61,3,'X'),(94873,'西安汽车科技技术学院',61,3,'X'),(12746,'西安汽车科技职业学院',61,3,'X'),(94653,'西安人文经贸学院',61,3,'X'),(92687,'西安软件工程技术学院',61,3,'X'),(81053,'西安软件科技学院',61,3,'X'),(984707,'西安三资学院',61,3,'X'),(92688,'西安商贸旅游学院',61,3,'X'),(990317,'西安涉外旅游学院',61,3,'X'),(12833,'西安生物医药技术专修学院',61,3,'X'),(94640,'西安师范大学',61,3,'X'),(12751,'西安石油',61,3,'X'),(969981,'西安石油大学',61,3,'X'),(92689,'西安石油大学继续教育学院',61,3,'X'),(978504,'西安石油大学人文学院',61,3,'X'),(970956,'西安市财政会计学校',61,3,'X'),(971198,'西安市东郊秦川技校',61,3,'X'),(987863,'西安市高科职业技术学院',61,3,'X'),(973884,'西安市交通大学职业技术培训学院',61,3,'X'),(977364,'西安市空军工程大学导弹学院',61,3,'X'),(80654,'西安市空军工程大学工程学院',61,3,'X'),(98105,'西安市农业学校',61,3,'X'),(996885,'西安市人民警察学校',61,3,'X'),(92690,'西安市商贸旅游学院',61,3,'X'),(977198,'西安市涉外旅游学校',61,3,'X'),(980567,'西安市体育运动学校',61,3,'X'),(985753,'西安市武警工程学院',61,3,'X'),(12836,'西安市西安联合学院',61,3,'X'),(982913,'西安市新城电大',61,3,'X'),(12855,'西安市阎良区西飞工学院',61,3,'X'),(77918,'西安市职工大学',61,3,'X'),(12837,'西安数字技术学院',61,3,'X'),(94652,'西安数字职业技术学院',61,3,'X'),(12743,'西安思源学院',61,3,'X'),(81054,'西安桃李旅游烹饪学院',61,3,'X'),(92691,'西安桃李旅游烹饪专修学院',61,3,'X'),(92692,'西安体育学院',61,3,'X'),(995651,'西安体育学院附属竞技体校',61,3,'X'),(12736,'西安体院',61,3,'X'),(979696,'西安铁路成人卫生学校',61,3,'X'),(12761,'西安铁路工程职工大学',61,3,'X'),(977878,'西安铁路运输学校',61,3,'X'),(12860,'西安铁路运输职工大学',61,3,'X'),(12762,'西安铁路职业技术学院',61,3,'X'),(12839,'西安通信学院',61,3,'X'),(12840,'西安统计学院',61,3,'X'),(12723,'西安外国语大学',61,3,'X'),(971796,'西安外国语大学',61,3,'X'),(980660,'西安外国语大学继续教育学院',61,3,'X'),(77921,'西安外贸职工大学',61,3,'X'),(12739,'西安外事',61,3,'X'),(94646,'西安外事学院',61,3,'X'),(12744,'西安文理学院',61,3,'X'),(990319,'西安武警工程大学',61,3,'X'),(973910,'西安武警工程学院',61,3,'X'),(94639,'西安武警指挥学院',61,3,'X'),(92693,'西安物业管理学院',61,3,'X'),(81264,'西安西飞技术学院',61,3,'X'),(92694,'西安西京大学',61,3,'X'),(95346,'西安乡镇企业大学',61,3,'X'),(12863,'西安消防指挥学校',61,3,'X'),(970174,'西安协和医学院',61,3,'X'),(991936,'西安新文明医护职业学校',61,3,'X'),(977981,'西安新中科技学校',61,3,'X'),(12838,'西安信息管理学院',61,3,'X'),(92695,'西安信息机电专修学院',61,3,'X'),(77924,'西安信息技术学院',61,3,'X'),(80411,'西安亚东技术学院',61,3,'X'),(978167,'西安冶金建筑学院',61,3,'X'),(987332,'西安冶金建筑学院成人教育学院',61,3,'X'),(867447,'西安冶金建筑专修学院',61,3,'X'),(70679,'西安医科大学',61,3,'X'),(970086,'西安医学高等专科学校',61,3,'X'),(12737,'西安医学院',61,3,'X'),(975672,'西安医学专修学院',61,3,'X'),(92696,'西安艺龙动画学院',61,3,'X'),(986973,'西安音乐舞蹈学院',61,3,'X'),(12763,'西安音乐学院',61,3,'X'),(972294,'西安印刷技师学院',61,3,'X'),(12728,'西安邮电学院',61,3,'X'),(92697,'西安游戏学院',61,3,'X'),(995904,'西安政法学院',61,3,'X'),(12843,'西安政治学院',61,3,'X'),(77920,'西安职工大学',61,3,'X'),(72051,'西安职业技术学院',61,3,'X'),(80643,'西安中育美佳创意设计学院',61,3,'X'),(989607,'西安骊山科技专修学院',61,3,'X'),(94874,'西按数字技术学院',61,3,'X'),(94655,'西北大学人文经贸专修学院',61,3,'X'),(987104,'西北大学桃园校区',61,3,'X'),(12730,'西北大学现代学院',61,3,'X'),(976179,'西北电业职工大学',61,3,'X'),(972251,'西北纺织工学院',61,3,'X'),(972790,'西北工大管理学院',61,3,'X'),(980638,'西北工业大学继续教育学院',61,3,'X'),(92698,'西北工业大学金叶信息技术学院',61,3,'X'),(12731,'西北工业大学明德学院',61,3,'X'),(92699,'西北工业大学网络教育学院',61,3,'X'),(990838,'西北机械电子大学',61,3,'X'),(978304,'西北建筑工程学院',61,3,'X'),(94657,'西北农林科技大学',61,3,'X'),(975873,'西北农业大学',61,3,'X'),(972312,'西北轻工业学院',61,3,'X'),(12733,'西北政法',61,3,'X'),(94647,'西北政法大学',61,3,'X'),(70663,'西藏民族学院',61,3,'X'),(92700,'西电长安学院',61,3,'X'),(995650,'西电电力机械制造学院',61,3,'X'),(978471,'西电公司机电学院',61,3,'X'),(971025,'西电机电学院',61,3,'X'),(80662,'西工科院',61,3,'X'),(92701,'西京大学',61,3,'X'),(12726,'西京学院',61,3,'X'),(867436,'西外',61,3,'X'),(867437,'西邮',61,3,'X'),(986688,'咸阳电力工业学校',61,3,'X'),(985839,'咸阳机器制造学校',61,3,'X'),(12845,'咸阳教育学院',61,3,'X'),(12709,'咸阳师范学院',61,3,'X'),(976777,'咸阳师范学院函授',61,3,'X'),(996692,'咸阳市三原县山西街卫校',61,3,'X'),(980179,'咸阳市委党校',61,3,'X'),(970552,'咸阳市艺术学校',61,3,'X'),(12846,'咸阳铁干院',61,3,'X'),(993145,'咸阳卫生学校',61,3,'X'),(92702,'咸阳邮电学院',61,3,'X'),(12710,'咸阳职业技术学院',61,3,'X'),(982458,'咸阳中医学院',61,3,'X'),(970209,'旬阳县职业中等专业学校',61,3,'X'),(12717,'延安大学',61,3,'Y'),(12718,'延安大学西安创新学院',61,3,'Y'),(977188,'延安电大',61,3,'Y'),(993599,'延安师范',61,3,'Y'),(987799,'延安卫校',61,3,'Y'),(988166,'延安医科专修学院',61,3,'Y'),(12719,'延安职业技术学院',61,3,'Y'),(977217,'阎良党校',61,3,'Y'),(978842,'杨凌农科大',61,3,'Y'),(979400,'杨凌职业技术学院北校区',61,3,'Y'),(980220,'榆林高等专科学校',61,3,'Y'),(92703,'榆林工业学院',61,3,'Y'),(970875,'榆林恒创职业学校',61,3,'Y'),(973940,'榆林卫校',61,3,'Y'),(12721,'榆林学院',61,3,'Y'),(996275,'榆林职业技术学院神木校区',61,3,'Y'),(978571,'中共汉中市委党校',61,3,'Z'),(987138,'中共陕西省省委党校函授学院',61,3,'Z'),(996640,'中共中央党校陕西分院',61,3,'Z'),(92704,'中国函授学院',61,3,'Z'),(989710,'中国航天动力技术研究院',61,3,'Z'),(973645,'中国人民解放军大西安学院',61,3,'Z'),(972929,'中国人民解放军第二炮兵工程学院',61,3,'Z'),(995620,'中国人民解放军空军工程大学',61,3,'Z'),(984042,'中国人民解放军空军工程大学电讯工程学院',61,3,'Z'),(980805,'中国人民解放军西安二炮工程学院',61,3,'Z'),(92705,'中国人民解放军西安陆军学院',61,3,'Z'),(12862,'中国人民解放军西安通信学院',61,3,'Z'),(973770,'中国人民解放军西安政治学院',61,3,'Z'),(12866,'中国人民武装警察部队工程学院',61,3,'Z'),(971655,'中国特种兵学院',61,3,'Z'),(979503,'中人民解放军信息工程学院',61,3,'Z'),(996615,'中央党校华兴分校',61,3,'Z'),(990670,'中央广播电视大学陕西广播电视大学铜川分校',61,3,'Z'),(975778,'中央广播电视大学陕西广播电视大学延安分校',61,3,'Z'),(77925,'中育美佳创意设计学院',61,3,'Z'),(12168,'四川大学',51,3,'S'),(12210,'成都理工大学',51,3,'C'),(12174,'四川师范大学',51,3,'S'),(12222,'电子科技大学',51,3,'D'),(12233,'西南财经大学',51,3,'X'),(12229,'西南交通大学',51,3,'X'),(12162,'四川农业大学',51,3,'S'),(976443,'广元技工学校',51,3,'G'),(990024,'阿坝电视广播大学',51,3,'A'),(12236,'阿坝师范高等专科学校',51,3,'A'),(991899,'阿坝卫校',51,3,'A'),(983946,'阿坝州财贸校',51,3,'A'),(94706,'巴中市高级师范学院',51,3,'B'),(973705,'巴中希华职业学校',51,3,'B'),(990402,'苍溪师范学校',51,3,'C'),(983018,'成都财贸职业高级学院',51,3,'C'),(971284,'成都成人教育学院',51,3,'C'),(12208,'成都大学',51,3,'C'),(92604,'成都大学医护学院',51,3,'C'),(973547,'成都地质干部学院',51,3,'C'),(990036,'成都地质学院',51,3,'C'),(976895,'成都第二卫生学校',51,3,'C'),(978361,'成都第五冶金职工大学',51,3,'C'),(971502,'成都电大',51,3,'C'),(867537,'成都电力职工大学',51,3,'C'),(977494,'成都电讯工程学院',51,3,'C'),(12213,'成都电子机械高等专科学校',51,3,'C'),(976036,'成都电子科技大学网络教育学院',51,3,'C'),(867543,'成都电子职工大学',51,3,'C'),(867528,'成都东软信息技术职业学院',51,3,'C'),(975599,'成都东星航空旅游专修学院',51,3,'C'),(867540,'成都发动机公司职工大学',51,3,'C'),(12214,'成都纺织高等专科学校',51,3,'C'),(867548,'成都飞机工业公司职工工学院',51,3,'C'),(984710,'成都服装学院',51,3,'C'),(980832,'成都高级技工学校',51,3,'C'),(92605,'成都工业学院',51,3,'C'),(867547,'成都工业职工大学',51,3,'C'),(12209,'成都广播电视大学',51,3,'C'),(12216,'成都航空职业技术学院',51,3,'C'),(989791,'成都航天工业学校',51,3,'C'),(970805,'成都航天学院',51,3,'C'),(990300,'成都华兴专修学院',51,3,'C'),(969898,'成都机电工程学校',51,3,'C'),(92606,'成都技师学院',51,3,'C'),(990435,'成都嘉华建筑专修学院',51,3,'C'),(972989,'成都交通学校',51,3,'C'),(94690,'成都教育学院',51,3,'C'),(978398,'成都警察学校',51,3,'C'),(978268,'成都军区高等专业学院',51,3,'C'),(977062,'成都军事学院',51,3,'C'),(77894,'成都科技大学',51,3,'C'),(867522,'成都理工',51,3,'C'),(94128,'成都理工大学德阳分校',51,3,'C'),(12211,'成都理工大学工程技术学院',51,3,'C'),(12212,'成都理工大学广播影视学院',51,3,'C'),(982638,'成都立信会计学校',51,3,'C'),(971406,'成都陆军学院',51,3,'C'),(995534,'成都煤炭管理干部学院',51,3,'C'),(12206,'成都农业科技职业学院',51,3,'C'),(990301,'成都商旅学院',51,3,'C'),(989542,'成都商业高等专科学校',51,3,'C'),(983138,'成都市成华区党校',51,3,'C'),(978451,'成都市第二人民医院附属卫校',51,3,'C'),(976492,'成都市高级技工学院',51,3,'C'),(973578,'成都市工业职业技术学校',51,3,'C'),(867538,'成都市广播电视大学',51,3,'C'),(985054,'成都市护理卫生专科学校',51,3,'C'),(972344,'成都市华西医大卫生专业学校',51,3,'C'),(978600,'成都市嘉华建筑专修学院',51,3,'C'),(996240,'成都市气象学院',51,3,'C'),(989619,'成都市文化艺术学校',51,3,'C'),(995662,'成都市现代职业技术学校',51,3,'C'),(867531,'成都市职工大学',51,3,'C'),(12204,'成都体育学院',51,3,'C'),(867524,'成都体院',51,3,'C'),(977434,'成都外国语学院成都校区',51,3,'C'),(971320,'成都卫校',51,3,'C'),(985856,'成都无线电工业学校',51,3,'C'),(970007,'成都武警警官学院',51,3,'C'),(980093,'成都武警指挥学院',51,3,'C'),(77902,'成都五月花计算机专修学院',51,3,'C'),(984897,'成都新津职业技术学院',51,3,'C'),(12205,'成都信息工程大学',51,3,'C'),(92607,'成都信息工程学院',51,3,'C'),(80682,'成都信息工程学院网络商学院',51,3,'C'),(70660,'成都信息工程学院银杏酒店管理学院',51,3,'C'),(973695,'成都行政学院',51,3,'C'),(978300,'成都畜牧兽医学校',51,3,'C'),(977998,'成都冶金管理干部学院',51,3,'C'),(867545,'成都冶金职工大学',51,3,'C'),(12207,'成都医学院',51,3,'C'),(12217,'成都艺术职业学院',51,3,'C'),(970204,'成都职工大学',51,3,'C'),(12215,'成都职业技术学院',51,3,'C'),(986638,'成都中山职业技术学校',51,3,'C'),(12203,'成都中医药',51,3,'C'),(80683,'成都中医药大学',51,3,'C'),(972874,'成都中医药大学峨眉学院',51,3,'C'),(975747,'成都中医药大学附属针灸学校',51,3,'C'),(92608,'成飞工学院',51,3,'C'),(979396,'川北技校',51,3,'C'),(972770,'川北教育学院',51,3,'C'),(94703,'川北现代管理专修学院',51,3,'C'),(12198,'川北医学院',51,3,'C'),(973817,'川北医学院附属医院护士学校',51,3,'C'),(92609,'川大科技园职业技能培训学院',51,3,'C'),(81313,'川大网络教育学院',51,3,'C'),(80687,'川师成都学院',51,3,'C'),(979261,'川师文理',51,3,'C'),(80693,'川音成都美术学院',51,3,'C'),(92610,'川音绵阳艺术学院',51,3,'C'),(972767,'达县电子商务学校',51,3,'D'),(12257,'达县师范高等专科学校',51,3,'D'),(94951,'达县师范高等转科学校',51,3,'D'),(976993,'达县中高等专科学校',51,3,'D'),(12254,'达州广播电视大学',51,3,'D'),(976029,'达州市水电校',51,3,'D'),(12235,'达州职业技术学院',51,3,'D'),(971530,'大竹县卫生职业学校',51,3,'D'),(987004,'德阳电子科技学校',51,3,'D'),(986284,'德阳二重技校',51,3,'D'),(92611,'德阳广播电视大学',51,3,'D'),(982690,'德阳旅游学校',51,3,'D'),(77906,'德阳市东方职业培训学院',51,3,'D'),(81315,'德阳市广播电视大学',51,3,'D'),(992246,'德阳市孝泉师范学校',51,3,'D'),(973958,'德阳通用电子科技学校',51,3,'D'),(985833,'德陽安裝工程學校',51,3,'D'),(976105,'第三军医大学成都军医学院',51,3,'D'),(867546,'第五冶金建设公司职工大学',51,3,'D'),(867521,'电子科大',51,3,'D'),(973415,'电子科大九里提校区',51,3,'D'),(12223,'电子科技大学成都学院',51,3,'D'),(980204,'电子科技大学成人教育学院',51,3,'D'),(81340,'电子科技大学九里堤校区',51,3,'D'),(970410,'电子科技大学网络教育学院眉山学习中心',51,3,'D'),(976784,'东锅技校',51,3,'D'),(94696,'东软信息学院',51,3,'D'),(973978,'东星航空旅游专修学院',51,3,'D'),(976818,'都江教育学院',51,3,'D'),(984645,'峨眉山市电子科技学校',51,3,'E'),(990384,'涪江职工大学',51,3,'F'),(92612,'釜溪职业学院',51,3,'F'),(987152,'岗山大学',51,3,'G'),(12199,'广安职业技术学院',51,3,'G'),(985235,'广汉电视广播大学',51,3,'G'),(982524,'广元财经校',51,3,'G'),(95177,'广元凤凰职业技术学校',51,3,'G'),(92613,'广元广播电视大学',51,3,'G'),(971261,'广元民族经贸职业技术学校',51,3,'G'),(986073,'广元市轻化技校',51,3,'G'),(12259,'广元职工医学院',51,3,'G'),(867544,'国营涪江机器厂职工大学',51,3,'G'),(969880,'核工业西南物理研究院',51,3,'H'),(980417,'合江农业广播学校',51,3,'H'),(986670,'合江少眠职业学校',51,3,'H'),(971671,'华西医大',51,3,'H'),(971677,'华西医科大学',51,3,'H'),(985846,'华西医学院',51,3,'H'),(975548,'嘉华建筑专修学院',51,3,'J'),(976305,'江油矿机学校',51,3,'J'),(976782,'解放军第三军医大成都医学院',51,3,'J'),(12200,'康定民族师范高等专科学校',51,3,'K'),(867550,'康定民族师范专科学校',51,3,'K'),(989750,'康定师范高等专科学校',51,3,'K'),(976881,'乐山电视广播大学',51,3,'L'),(988373,'乐山旅游商务学校',51,3,'L'),(964338,'乐山青果山职业技术学校',51,3,'L'),(12153,'乐山师范学院',51,3,'L'),(12154,'乐山职业技术学院',51,3,'L'),(976987,'乐至县机电校',51,3,'L'),(981921,'联想电脑职业技术学校',51,3,'L'),(12255,'凉山大学',51,3,'L'),(972734,'凉山广播电视大学',51,3,'L'),(976067,'龙门师范',51,3,'L'),(92614,'隆昌初等教育学院',51,3,'L'),(996393,'马尔康民族师范校',51,3,'M'),(92615,'麦考瑞大学',51,3,'M'),(970298,'梅白大学',51,3,'M'),(982611,'眉山电子职业技术学校',51,3,'M'),(12249,'眉山广播电视大学',51,3,'M'),(970052,'眉山科学技术学院',51,3,'M'),(971569,'眉山卫校',51,3,'M'),(12224,'眉山职业技术学院',51,3,'M'),(98333,'绵阳电子教育学校',51,3,'M'),(12248,'绵阳广播电视大学',51,3,'M'),(992369,'绵阳经济技术高等专科学校',51,3,'M'),(12225,'绵阳师范学院',51,3,'M'),(95004,'绵阳世纪石油学院',51,3,'M'),(976871,'绵阳市公安干部学校',51,3,'M'),(986089,'绵阳市交通学校',51,3,'M'),(980872,'绵阳市教育学院',51,3,'M'),(993444,'绵阳市经济技术高等专科学校',51,3,'M'),(980081,'绵阳水电校',51,3,'M'),(78289,'绵阳西南科技大学成教院',51,3,'M'),(979249,'绵阳游仙职业技术学校',51,3,'M'),(12226,'绵阳职业技术学院',51,3,'M'),(995370,'绵阳中物院工学院',51,3,'M'),(92616,'冕宁网络大学',51,3,'M'),(12219,'民办四川天一学院',51,3,'M'),(971311,'明威农业大学',51,3,'M'),(978520,'南充工业学校',51,3,'N'),(971514,'南充技术学院',51,3,'N'),(12243,'南充教育学院(南充职业技术学院)',51,3,'N'),(12244,'南充师范学院(西华师范大学)',51,3,'N'),(974021,'南充石油财经学校',51,3,'N'),(996483,'南充市党校',51,3,'N'),(984217,'南充市服装艺术学校',51,3,'N'),(867532,'南充市职工大学',51,3,'N'),(12245,'南充外国语学校',51,3,'N'),(996318,'南充邮电工业校',51,3,'N'),(12157,'南充职业技术学院',51,3,'N'),(989698,'内江财贸校',51,3,'N'),(971013,'内江电大',51,3,'N'),(77908,'内江广播大学',51,3,'N'),(989748,'内江机械工程学校',51,3,'N'),(995729,'内江技工学校',51,3,'N'),(973688,'内江教育学院',51,3,'N'),(867527,'内江师范',51,3,'N'),(12155,'内江师范学院',51,3,'N'),(979356,'内江市轻化技工学校',51,3,'N'),(982357,'内江市油建技工学校',51,3,'N'),(970169,'内江卫生学校',51,3,'N'),(12156,'内江职业技术学院',51,3,'N'),(92617,'内江职业培训学院',51,3,'N'),(982856,'攀钢职大',51,3,'P'),(92618,'攀枝花广播电视大学',51,3,'P'),(980557,'攀枝花市经贸旅游学校',51,3,'P'),(993623,'攀枝花市委党校',51,3,'P'),(12218,'攀枝花学院',51,3,'P'),(990294,'蓬溪师范校',51,3,'P'),(983541,'青城山国际生命科学院',51,3,'Q'),(988176,'仁寿师范校',51,3,'R'),(987781,'射洪县职业技术学校',51,3,'S'),(971397,'什邡电大',51,3,'S'),(72074,'四川爱华学院',51,3,'S'),(986159,'四川财经干部学院',51,3,'S'),(77597,'四川财经职业学院',51,3,'S'),(92619,'四川长城职业培训学院',51,3,'S'),(990305,'四川长庆机器厂技工学校',51,3,'S'),(92620,'四川城市职业学院',51,3,'S'),(977493,'四川成都煤炭干部管理学院',51,3,'S'),(996523,'四川成都新华科技学院',51,3,'S'),(971194,'四川成人大学',51,3,'S'),(984628,'四川崇州市职业学校',51,3,'S'),(984678,'四川大学法学院',51,3,'S'),(979638,'四川大学附设华西卫生学校',51,3,'S'),(970395,'四川大学华西',51,3,'S'),(977545,'四川大学华西青羊校区',51,3,'S'),(986980,'四川大学华西学院',51,3,'S'),(996787,'四川大学华西医学院青羊校区',51,3,'S'),(12169,'四川大学锦城学院',51,3,'S'),(12170,'四川大学锦江学院',51,3,'S'),(12171,'四川大学龙泉校区',51,3,'S'),(976292,'四川大学网络教育学院',51,3,'S'),(977179,'四川党校大邑分院',51,3,'S'),(94699,'四川德阳建筑职业技术学院',51,3,'S'),(971505,'四川电大',51,3,'S'),(12187,'四川电力职业技术学院',51,3,'S'),(971529,'四川电视广播大学',51,3,'S'),(976833,'四川东观石油技校',51,3,'S'),(995330,'四川对外贸易经济学院',51,3,'S'),(977161,'四川法商专修学院',51,3,'S'),(971520,'四川干部管理学院',51,3,'S'),(94695,'四川高等联合职业学院',51,3,'S'),(12173,'四川工程职业技术学院',51,3,'S'),(975708,'四川工商学院',51,3,'S'),(12172,'四川工商职业技术学院',51,3,'S'),(990820,'四川工业学院',51,3,'S'),(12188,'四川管理职业学院',51,3,'S'),(12178,'四川广播电视大学',51,3,'S'),(971259,'四川广汉速记秘书学院',51,3,'S'),(12166,'四川国际标榜职业学院',51,3,'S'),(984596,'四川航空旅游专修学院',51,3,'S'),(988358,'四川航天高级技工学院',51,3,'S'),(971512,'四川航天学院',51,3,'S'),(12190,'四川航天职业技术学院',51,3,'S'),(867541,'四川核工业职工大学',51,3,'S'),(77905,'四川合江少岷职业学院',51,3,'S'),(92621,'四川华新学院',51,3,'S'),(12163,'四川化工职业技术学院',51,3,'S'),(990708,'四川机电工程专修学院',51,3,'S'),(12183,'四川机电职业技术学院',51,3,'S'),(978187,'四川建筑工程学校',51,3,'S'),(982709,'四川建筑职工大学',51,3,'S'),(12179,'四川建筑职业技术学院',51,3,'S'),(978045,'四川交通管理技术学院',51,3,'S'),(12159,'四川交通职业技术学院',51,3,'S'),(12181,'四川教育学院',51,3,'S'),(970216,'四川金堂社会大学',51,3,'S'),(867534,'四川经济管理干部学院',51,3,'S'),(68901,'四川经济管理学院',51,3,'S'),(988255,'四川经济专修学院',51,3,'S'),(12192,'四川警安职业学院',51,3,'S'),(12193,'四川警察学院',51,3,'S'),(970421,'四川军地l两用人才专业学院',51,3,'S'),(92622,'四川科技职工大学',51,3,'S'),(70601,'四川科技职业学院',51,3,'S'),(985619,'四川空分技校',51,3,'S'),(12186,'四川理工学院',51,3,'S'),(77897,'四川联合经济学院',51,3,'S'),(77898,'四川联合经济职业学院',51,3,'S'),(98552,'四川联合艺术专修学院航空旅游分院',51,3,'S'),(990955,'四川旅游学院',51,3,'S'),(983644,'四川绵阳医科学校',51,3,'S'),(92623,'四川民族学院',51,3,'S'),(989789,'四川民族学院',51,3,'S'),(970944,'四川名盟科技学院',51,3,'S'),(94704,'四川南充电子工业学院',51,3,'S'),(94514,'四川南充经济专修学院',51,3,'S'),(971247,'四川内江服装设计学校',51,3,'S'),(975771,'四川内江水电学校',51,3,'S'),(867520,'四川农大',51,3,'S'),(970108,'四川农广校',51,3,'S'),(81341,'四川农业大学都江堰分校',51,3,'S'),(80688,'四川农业大学水产学院',51,3,'S'),(867535,'四川农业管理干部学院',51,3,'S'),(985571,'四川农业银行学校',51,3,'S'),(12185,'四川烹饪高等专科学校',51,3,'S'),(980368,'四川轻工业职业技术学院',51,3,'S'),(985100,'四川轻化工学院',51,3,'S'),(992392,'四川渠县师范学校',51,3,'S'),(984937,'四川三河职业学院',51,3,'S'),(976252,'四川商贸学校',51,3,'S'),(977284,'四川商贸职业学院',51,3,'S'),(12165,'四川商务职业学院',51,3,'S'),(978866,'四川商务专科学院',51,3,'S'),(976868,'四川商业高等专科学校',51,3,'S'),(980676,'四川商业学校',51,3,'S'),(977847,'四川社会大学',51,3,'S'),(978261,'四川省阿坝卫生学校',51,3,'S'),(993663,'四川省阿坝州工业学校',51,3,'S'),(77899,'四川省财经职业学院',51,3,'S'),(987682,'四川省藏文学校',51,3,'S'),(989468,'四川省成都市国际工商函授学院',51,3,'S'),(970152,'四川省成都市国际工商学院',51,3,'S'),(975845,'四川省成都市华西人民卫校锦江校区',51,3,'S'),(984982,'四川省成都市商业服务学校',51,3,'S'),(12251,'四川省成都市西南石油大学',51,3,'S'),(982477,'四川省达州经济贸易学校',51,3,'S'),(988173,'四川省党校成都戌华分校',51,3,'S'),(80685,'四川省档案学院',51,3,'S'),(12258,'四川省德阳教育学院',51,3,'S'),(12252,'四川省德阳市四川警安学校',51,3,'S'),(92624,'四川省东方动力职工大学',51,3,'S'),(988333,'四川省对外经济贸易学校绵阳分部',51,3,'S'),(92625,'四川省服装艺术学院',51,3,'S'),(971527,'四川省干部函授学院',51,3,'S'),(990387,'四川省工商管理学院',51,3,'S'),(867533,'四川省广播电视大学',51,3,'S'),(867542,'四川省化工职工大学',51,3,'S'),(978539,'四川省建筑工程学校',51,3,'S'),(95247,'四川省交通学校',51,3,'S'),(987084,'四川省经济干部管理学院',51,3,'S'),(983575,'四川省经济管理学校',51,3,'S'),(979675,'四川省粮食学校',51,3,'S'),(971173,'四川省贸易学校',51,3,'S'),(996649,'四川省眉山市仁寿卫生学校',51,3,'S'),(92626,'四川省民盟科技经贸学院',51,3,'S'),(976820,'四川省民政干部学校',51,3,'S'),(993367,'四川省南充警安学校',51,3,'S'),(995541,'四川省内江市成龙警安学校',51,3,'S'),(975714,'四川省农业管理干部学院',51,3,'S'),(94698,'四川省攀枝花市建工职业技术学院',51,3,'S'),(990303,'四川省轻工业技师学院',51,3,'S'),(978314,'四川省轻工业学院',51,3,'S'),(979202,'四川省人民医院护士学校',51,3,'S'),(984951,'四川省商贸校',51,3,'S'),(92627,'四川省社会科学院',51,3,'S'),(976953,'四川省生殖卫生院学院',51,3,'S'),(77907,'四川省水电职业学院',51,3,'S'),(980799,'四川省水利电力机械工程学校',51,3,'S'),(978619,'四川省水利机电校',51,3,'S'),(980216,'四川省司法警官职业学院',51,3,'S'),(976428,'四川省体育运动学校',51,3,'S'),(980025,'四川省委党校函授分院',51,3,'S'),(77895,'四川省卫生干部管理学院',51,3,'S'),(867549,'四川省卫生管理干部学院',51,3,'S'),(987027,'四川省卫生学院',51,3,'S'),(985307,'四川省卫校',51,3,'S'),(993416,'四川省行政财贸管理干部学院',51,3,'S'),(989766,'四川省雅安财贸学校',51,3,'S'),(977524,'四川省雅安财贸学校',51,3,'S'),(975863,'四川省医药学校',51,3,'S'),(95269,'四川省运动技术学院',51,3,'S'),(867551,'四川省政法干部管理学院',51,3,'S'),(95139,'四川省政法管理干部学院',51,3,'S'),(867536,'四川省职工运动技术学院',51,3,'S'),(92628,'四川省质量技术监督学院',51,3,'S'),(993376,'四川省自贡市高等师范专科学校',51,3,'S'),(983940,'四川省自贡市卫生校',51,3,'S'),(970937,'四川省泸州化工职业技术学院',51,3,'S'),(996274,'四川省泸州市警官高等专科学院',51,3,'S'),(980021,'四川省泸州市纳溪区泸天化技术学校',51,3,'S'),(867523,'四川师大',51,3,'S'),(987843,'四川师大文理学院',51,3,'S'),(12175,'四川师范大学成都学院',51,3,'S'),(983886,'四川师范大学成龙校区',51,3,'S'),(80684,'四川师范大学成人教育学院',51,3,'S'),(72054,'四川师范大学电影电视学院',51,3,'S'),(78287,'四川师范大学航空港校区',51,3,'S'),(980122,'四川师范大学教育学院',51,3,'S'),(70647,'四川师范大学经济职业学院',51,3,'S'),(12177,'四川师范大学绵阳初等教育学院',51,3,'S'),(77904,'四川师范大学设计艺术学院',51,3,'S'),(68848,'四川师范大学外事学院',51,3,'S'),(12176,'四川师范大学文理学院',51,3,'S'),(991929,'四川师范大学文学院',51,3,'S'),(987073,'四川师范大学舞蹈学院',51,3,'S'),(94694,'四川师范大学信息技术学院',51,3,'S'),(68884,'四川师范大学英华美成都学院',51,3,'S'),(971331,'四川师范大学职业经济学院',51,3,'S'),(970389,'四川石油卫生学校',51,3,'S'),(978493,'四川水利建筑学院',51,3,'S'),(12184,'四川水利职业技术学院',51,3,'S'),(12164,'四川司法警官职业学院',51,3,'S'),(94948,'四川遂宁职业技术学院',51,3,'S'),(996805,'四川体育运动技术学校',51,3,'S'),(12180,'四川托普信息技术职业学院',51,3,'S'),(977986,'四川拓展人才学院',51,3,'S'),(12167,'四川外语学院成都学院',51,3,'S'),(92630,'四川外语专修学院',51,3,'S'),(68897,'四川文化产业职业学院',51,3,'S'),(70644,'四川文化传媒职业学院',51,3,'S'),(12182,'四川文理学院',51,3,'S'),(989310,'四川武警学院',51,3,'S'),(980543,'四川武警指挥学校',51,3,'S'),(77901,'四川西南航空专修学院',51,3,'S'),(980222,'四川新华科技学院学校',51,3,'S'),(986653,'四川新闻学院',51,3,'S'),(94701,'四川信息技术学院',51,3,'S'),(12161,'四川信息职业技术学院',51,3,'S'),(94691,'四川行政学院',51,3,'S'),(12191,'四川艺术职业学院',51,3,'S'),(12195,'四川音乐学院',51,3,'S'),(80679,'四川音乐学院绵阳艺术学院',51,3,'S'),(12194,'四川邮电职业技术学院',51,3,'S'),(971607,'四川运动技术学院',51,3,'S'),(987222,'四川职工医学院',51,3,'S'),(12189,'四川职业技术学院',51,3,'S'),(77900,'四川中科信息技术专修学院',51,3,'S'),(867529,'四川中医药高等专科学',51,3,'S'),(12158,'四川中医药高等专科学校',51,3,'S'),(969931,'四川自贡高级技工学校',51,3,'S'),(996583,'四川泸州市委党校',51,3,'S'),(95553,'遂宁广播电视大学',51,3,'S'),(984871,'遂宁市川北教育学院',51,3,'S'),(977405,'遂宁市川中工业技术学校',51,3,'S'),(976935,'遂宁市机电职业技术学校',51,3,'S'),(12256,'万州广播电视大学',51,3,'W'),(976000,'威远师范学校',51,3,'W'),(980556,'威远县联想电脑科技学校',51,3,'W'),(969978,'武警警官学院',51,3,'W'),(989618,'五龙村地球修理学院',51,3,'W'),(77896,'五月花计算机专修学院',51,3,'W'),(970394,'物流管理学院',51,3,'W'),(92632,'西部信息工程学院',51,3,'X'),(977260,'西昌师范学校',51,3,'X'),(12234,'西昌学院',51,3,'X'),(12227,'西华大学',51,3,'X'),(970215,'西华大学安德校区',51,3,'X'),(986212,'西华大学红光校区',51,3,'X'),(68851,'西华大学人南校区',51,3,'X'),(867526,'西华师大',51,3,'X'),(12228,'西华师范大学',51,3,'X'),(996648,'西华师范大学继续教育学院',51,3,'X'),(969941,'西南财大天府学院',51,3,'X'),(94692,'西南财经',51,3,'X'),(72079,'西南财经大学天府学院',51,3,'X'),(986744,'西南财经学院',51,3,'X'),(978242,'西南工商管理学院',51,3,'X'),(982796,'西南工业学院',51,3,'X'),(92633,'西南交大',51,3,'X'),(979141,'西南交大希望学院',51,3,'X'),(984991,'西南交通大学网络教育学院',51,3,'X'),(98521,'西南交通大学希望学院',51,3,'X'),(77903,'西南交通大学信息产业学院',51,3,'X'),(12232,'西南科技大学',51,3,'X'),(68786,'西南科技大学城市学院',51,3,'X'),(81311,'西南科技大学成人教育学院',51,3,'X'),(971056,'西南理工',51,3,'X'),(12230,'西南民族大学',51,3,'X'),(77893,'西南农业大学',51,3,'X'),(867525,'西南石油',51,3,'X'),(12231,'西南石油大学',51,3,'X'),(92634,'西南石油大学绵阳成人教育学院',51,3,'X'),(95143,'孝泉师范',51,3,'X'),(987715,'新欣技校',51,3,'X'),(989431,'宣汉师范',51,3,'X'),(976495,'装甲兵器械学院',51,3,'Z'),(12237,'雅安职业技术学院',51,3,'Y'),(972265,'宜宾广播电视大学',51,3,'Y'),(12196,'宜宾学院',51,3,'Y'),(12197,'宜宾职业技术学院',51,3,'Y'),(980030,'岳池普安高级大学',51,3,'Y'),(993054,'岳池师范学院',51,3,'Y'),(995886,'张澜职业技术学院',51,3,'Z'),(989386,'中共社会演艺学院',51,3,'Z'),(94688,'中共四川省委党校函授学院',51,3,'Z'),(973002,'中共四川省卫生学校',51,3,'Z'),(970336,'中国第五冶金建设公司职工大学（成都分院）',51,3,'Z'),(72844,'中国工程物理研究院工学院',51,3,'Z'),(867539,'中国工程物理研究院职工工学院',51,3,'Z'),(976045,'中国科学院成都分院',51,3,'Z'),(867530,'中国科学院成都分院职工大学',51,3,'Z'),(972553,'中国绵阳特警学院',51,3,'Z'),(12152,'中国民航飞行学院',51,3,'Z'),(94700,'中国民用航空飞行学院',51,3,'Z'),(978250,'中国人民解放军成都军区高等专业学院',51,3,'Z'),(976235,'中国人民武装警察部队警官学院',51,3,'Z'),(92631,'中国人民武装警察部队警官学院',51,3,'Z'),(984541,'中国水电七局高级技工学校',51,3,'Z'),(995772,'中国武警警官学院',51,3,'Z'),(92635,'中国五冶职工大学',51,3,'Z'),(971285,'中科院（工程硕士）',51,3,'Z'),(976456,'中物院工学院',51,3,'Z'),(80686,'中心大学',51,3,'Z'),(992440,'中央党校成都分部',51,3,'Z'),(978518,'中央农业广播学校',51,3,'Z'),(975739,'重庆大学网络教育学院',51,3,'Z'),(94687,'重庆科技学院',51,3,'Z'),(989933,'资阳广播电视大学',51,3,'Z'),(970945,'资阳科学技术学校',51,3,'Z'),(964065,'资阳市技工学校',51,3,'Z'),(980047,'资阳市行知技术学校',51,3,'Z'),(966149,'资中东方职业学校',51,3,'Z'),(979351,'自贡工业学校',51,3,'Z'),(12246,'自贡广播电视大学',51,3,'Z'),(12247,'自贡师范高等专科学校',51,3,'Z'),(970121,'自贡市第一技工校',51,3,'Z'),(854656,'自贡市职业培训学院',51,3,'Z'),(972780,'自贡卫生学校',51,3,'Z'),(979368,'自贡职业技术学校',51,3,'Z'),(986106,'阆中警校',51,3,'Z'),(978882,'阆中师范',51,3,'Z'),(970973,'泸县建校',51,3,'Z'),(12238,'泸州广播电视大学',51,3,'Z'),(12241,'泸州教育学院(泸州职业技术学院)',51,3,'Z'),(984175,'泸州警校',51,3,'Z'),(987333,'泸州师范校',51,3,'Z'),(982455,'泸州市大驿坝卫校',51,3,'Z'),(980199,'泸州市电子机械学校',51,3,'Z'),(984640,'泸州星宇职业技术学校',51,3,'Z'),(12220,'泸州医学院',51,3,'Z'),(12221,'泸州职业技术学院',51,3,'Z'),(12086,'南开大学',12,3,'N'),(12132,'河北工业大学',12,3,'H'),(12103,'天津大学',12,3,'T'),(12112,'天津师范大学',12,3,'T'),(12107,'天津工大',12,3,'T'),(12123,'天津科大',12,3,'T'),(12096,'天津医科大学',12,3,'T'),(93000,'宝坻职工卫生学院',12,3,'B'),(12085,'北京科技大学天津学院',12,3,'B'),(970901,'北京空军航空技术学院',12,3,'B'),(972590,'北洋职专',12,3,'B'),(977367,'大港石油学院',12,3,'D'),(80722,'电子信息学院',12,3,'D'),(974005,'对外经济贸易管理学院',12,3,'D'),(979664,'高盛专修学院',12,3,'G'),(93003,'工商技术学院',12,3,'G'),(987300,'哈尔滨工业大学远程教育学院',12,3,'H'),(80724,'海军工程大学天津校区',12,3,'H'),(80719,'海军后勤学院',12,3,'H'),(93017,'航道局职业技术学院',12,3,'H'),(94798,'河北工业大学城市学院',12,3,'H'),(978629,'河北工业大学继续教育学院',12,3,'H'),(986181,'河北交通职业技术学院航海分院',12,3,'H'),(973652,'河北交通职业技术学院天津校区',12,3,'H'),(93004,'河北区职业大学',12,3,'H'),(12146,'河东职大',12,3,'H'),(985315,'华北石油学校',12,3,'H'),(983002,'华东纺织学院',12,3,'H'),(969992,'化工职业技术学校',12,3,'H'),(982445,'解放军军事交通学院',12,3,'J'),(975859,'军事交通学院',12,3,'J'),(68803,'军事交通学院',12,3,'J'),(94836,'南开大学MBA商学院',12,3,'N'),(12087,'南开大学滨海学院',12,3,'N'),(987295,'南开大学歌德学院',12,3,'N'),(80720,'南开大学天津校友科贸专修学院',12,3,'N'),(94729,'南开社区学院',12,3,'N'),(988150,'南开业余职工大学',12,3,'N'),(867341,'斯波泰克高级技工学院',12,3,'S'),(975936,'天机农学院职业技术学院',12,3,'T'),(979041,'天碱技校',12,3,'T'),(990323,'天津北辰大学',12,3,'T'),(987165,'天津滨海学院',12,3,'T'),(93018,'天津滨海职业学院',12,3,'T'),(976769,'天津渤海化工职工学院',12,3,'T'),(80717,'天津渤海学院',12,3,'T'),(867321,'天津财经',12,3,'T'),(12126,'天津财经大学',12,3,'T'),(77609,'天津财经大学珠江学院',12,3,'T'),(977518,'天津财贸干部管理学院',12,3,'T'),(978464,'天津城建学院',12,3,'T'),(989367,'天津城市管理学院',12,3,'T'),(12100,'天津城市建设学院',12,3,'T'),(977451,'天津城市建筑职业技术学院',12,3,'T'),(972866,'天津城市学院',12,3,'T'),(12102,'天津城市职业学院',12,3,'T'),(992403,'天津大学成教院',12,3,'T'),(996591,'天津大学成人教育学院',12,3,'T'),(72845,'天津大学仁爱学院',12,3,'T'),(979671,'天津大学网络教育学院',12,3,'T'),(977522,'天津第一轻工业学校',12,3,'T'),(12135,'天津电子仪表工程学院',12,3,'T'),(975559,'天津东丽广播电视大学',12,3,'T'),(12104,'天津对外经济贸易职业学院',12,3,'T'),(12136,'天津纺织工学院',12,3,'T'),(81349,'天津工程师范学院',12,3,'T'),(93009,'天津工程师范学院附属技师学院',12,3,'T'),(72057,'天津工业大学',12,3,'T'),(971773,'天津工业大学继续教育学院',12,3,'T'),(93010,'天津工业技师学院',12,3,'T'),(12110,'天津工艺美术职业学院',12,3,'T'),(12093,'天津公安警官职业学院',12,3,'T'),(94799,'天津公用技师学院',12,3,'T'),(976255,'天津公用事业管理学院',12,3,'T'),(975999,'天津管理干部学院',12,3,'T'),(972474,'天津广播电视大学',12,3,'T'),(93014,'天津广播音像学院',12,3,'T'),(995724,'天津国土资源与房屋职业学院',12,3,'T'),(975575,'天津海事学院',12,3,'T'),(979597,'天津海运学院',12,3,'T'),(867338,'天津海运职业学校',12,3,'T'),(977836,'天津航道学院',12,3,'T'),(81351,'天津河西职大',12,3,'T'),(996315,'天津红桥广播电视大学',12,3,'T'),(983126,'天津红桥职工大学',12,3,'T'),(980532,'天津华夏专修学院',12,3,'T'),(990575,'天津华苑职业技术学院',12,3,'T'),(93001,'天津化工学院',12,3,'T'),(80718,'天津机电工艺学院',12,3,'T'),(993629,'天津机械厂技工学校',12,3,'T'),(979049,'天津技师学院',12,3,'T'),(973868,'天津技术职业学院',12,3,'T'),(976075,'天津建筑工程学校',12,3,'T'),(77606,'天津建筑工程职工大学',12,3,'T'),(980693,'天津交通技校',12,3,'T'),(973375,'天津交通学院',12,3,'T'),(985094,'天津精通学院',12,3,'T'),(973007,'天津经济管理干部学院',12,3,'T'),(985189,'天津经济管理学校',12,3,'T'),(986654,'天津经济贸易学校',12,3,'T'),(988009,'天津经济学院',12,3,'T'),(972677,'天津军事交通学院',12,3,'T'),(978850,'天津军事交通运输工程学院',12,3,'T'),(12113,'天津开发区职业技术学院',12,3,'T'),(93011,'天津科技大学',12,3,'T'),(973699,'天津科技贸易学校',12,3,'T'),(990875,'天津科技职工大学',12,3,'T'),(982635,'天津劳动和社会保障局技校',12,3,'T'),(984526,'天津劳动经济学校',12,3,'T'),(12119,'天津理工',12,3,'T'),(80716,'天津理工大学',12,3,'T'),(77608,'天津理工大学中环信息学院',12,3,'T'),(972766,'天津联合大学',12,3,'T'),(77602,'天津旅游干部管理学院',12,3,'T'),(992475,'天津旅游外事学校',12,3,'T'),(12124,'天津美术学院',12,3,'T'),(12149,'天津美艺学院',12,3,'T'),(867323,'天津美院',12,3,'T'),(986077,'天津民航学院',12,3,'T'),(992666,'天津南洋工业学校',12,3,'T'),(867337,'天津农学院',12,3,'T'),(985862,'天津农学院职业技术学院',12,3,'T'),(12094,'天津农院',12,3,'T'),(977320,'天津企业管理学院',12,3,'T'),(985774,'天津汽车运输技术学校',12,3,'T'),(980321,'天津青年干部管理学院',12,3,'T'),(970876,'天津轻工业学院',12,3,'T'),(867340,'天津轻工职业学院',12,3,'T'),(12099,'天津商学院宝德学院',12,3,'T'),(12098,'天津商业大学',12,3,'T'),(93019,'天津商业大学宝德学院',12,3,'T'),(992316,'天津涉外工业学校',12,3,'T'),(992309,'天津社会科学院',12,3,'T'),(93020,'天津师范大学津沽学院',12,3,'T'),(980703,'天津师范大学学前教育学院',12,3,'T'),(984629,'天津师范大学应用文科学院',12,3,'T'),(867327,'天津市渤海化工职工学院',12,3,'T'),(93006,'天津市财贸管理干部学院',12,3,'T'),(996319,'天津市城建学院',12,3,'T'),(977913,'天津市城市建管理学',12,3,'T'),(977914,'天津市城市建筑管理学院',12,3,'T'),(93012,'天津市城市职业学院',12,3,'T'),(989962,'天津市大港石油职工大学',12,3,'T'),(952288,'天津市大学软件学院',12,3,'T'),(990924,'天津市电子仪表技术学校',12,3,'T'),(867326,'天津市房地产局职工大学',12,3,'T'),(972795,'天津市房管局学院',12,3,'T'),(12133,'天津市房管局职工大学',12,3,'T'),(12138,'天津市高等医学专科学校',12,3,'T'),(12111,'天津市工会管理干部学院',12,3,'T'),(94796,'天津市公会管理干部学院',12,3,'T'),(12139,'天津市公用事业学院(天津市职工公用事业学院)',12,3,'T'),(93021,'天津市管理干部学院',12,3,'T'),(12134,'天津市广播电视大学',12,3,'T'),(12140,'天津市国际商务学校',12,3,'T'),(867339,'天津市国土资源和房屋职业学院',12,3,'T'),(867334,'天津市海军工程大学',12,3,'T'),(867332,'天津市和平区新华职工大学',12,3,'T'),(990355,'天津市河北区电气职专',12,3,'T'),(972971,'天津市河北区职工大学',12,3,'T'),(867331,'天津市河东区职工大学',12,3,'T'),(77604,'天津市河西区职工大学',12,3,'T'),(971191,'天津市红桥区工贸学院',12,3,'T'),(867329,'天津市红桥区职工大学',12,3,'T'),(982687,'天津市汇知专修学院',12,3,'T'),(81346,'天津市机电工艺学院',12,3,'T'),(988185,'天津市机械电子工艺学校',12,3,'T'),(12141,'天津市机械局职工机电学院(天津机电职业技术学院)',12,3,'T'),(971055,'天津市建设工程管理学校',12,3,'T'),(94800,'天津市建设职业管理学院',12,3,'T'),(77605,'天津市建筑职工学院',12,3,'T'),(978070,'天津市交通学院',12,3,'T'),(978481,'天津市津工技校',12,3,'T'),(990535,'天津市经济干部管理学院',12,3,'T'),(12142,'天津市经济管理干部学院',12,3,'T'),(985140,'天津市静海师范学校',12,3,'T'),(975556,'天津市美术职业专修学院',12,3,'T'),(93015,'天津市美术专修学院',12,3,'T'),(867328,'天津市南开区职工大学',12,3,'T'),(989948,'天津市南洋工业学校',12,3,'T'),(975706,'天津市轻工业学院',12,3,'T'),(993297,'天津市人民警察学校',12,3,'T'),(978377,'天津市涉外工业学校',12,3,'T'),(94797,'天津市司法警官学院',12,3,'T'),(990539,'天津市塘沽党校',12,3,'T'),(978402,'天津市委党校',12,3,'T'),(980168,'天津市武警指挥学院',12,3,'T'),(970279,'天津市新华职工大学',12,3,'T'),(988248,'天津市新华职业大学',12,3,'T'),(986028,'天津市新华职业学院',12,3,'T'),(989612,'天津市新闻出版技术学院',12,3,'T'),(971407,'天津市冶金工业学校',12,3,'T'),(996219,'天津市园林学校',12,3,'T'),(12143,'天津市政法管理干部学院',12,3,'T'),(977005,'天津市政法学院',12,3,'T'),(977325,'天津市职工纺织学院',12,3,'T'),(983091,'天津市职工建材学院',12,3,'T'),(867325,'天津市职工经济技术大学',12,3,'T'),(976125,'天津市中央广播电视大学',12,3,'T'),(985589,'天津水利学校',12,3,'T'),(989492,'天津司法警官学校',12,3,'T'),(972898,'天津司法学校',12,3,'T'),(80715,'天津体育学院',12,3,'T'),(867324,'天津体育学院运动与文化艺术学院',12,3,'T'),(12092,'天津体院',12,3,'T'),(81348,'天津天狮学院',12,3,'T'),(867336,'天津外国语大学',12,3,'T'),(976969,'天津外国语大学滨海外事学院',12,3,'T'),(12088,'天津外国语学院',12,3,'T'),(93002,'天津外国语学院滨海外事学院',12,3,'T'),(976240,'天津无线电机械学校',12,3,'T'),(977226,'天津武警',12,3,'T'),(983764,'天津武警学院',12,3,'T'),(984900,'天津武警医学院',12,3,'T'),(980380,'天津武警指挥学院',12,3,'T'),(989609,'天津武清卫生学校',12,3,'T'),(867333,'天津物资管理干部学院',12,3,'T'),(12118,'天津现代职业技术学院',12,3,'T'),(993559,'天津消防指挥学院',12,3,'T'),(94728,'天津协和商贸学院',12,3,'T'),(68781,'天津新华职工大学',12,3,'T'),(93007,'天津新闻出版专修学院',12,3,'T'),(986275,'天津修曼同文涉外学院',12,3,'T'),(12095,'天津冶金职业技术学院',12,3,'T'),(980403,'天津一轻职大',12,3,'T'),(80721,'天津医大',12,3,'T'),(982902,'天津医科大护士专科学校',12,3,'T'),(979483,'天津医科大学继续教育学院',12,3,'T'),(77607,'天津医科大学临床医学院',12,3,'T'),(12097,'天津医学高等专科学校',12,3,'T'),(80714,'天津艺术职业学院',12,3,'T'),(12130,'天津音乐学院',12,3,'T'),(980063,'天津运输工程学院',12,3,'T'),(986656,'天津政法管理干部学院',12,3,'T'),(984121,'天津政法管理干部学院',12,3,'T'),(995863,'天津职工科技大学',12,3,'T'),(12125,'天津职业大学',12,3,'T'),(12108,'天津职业技术师范大学',12,3,'T'),(867342,'天津职业技术师范大学',12,3,'T'),(974049,'天津职业技术师范学院',12,3,'T'),(970117,'天津指挥学院',12,3,'T'),(867320,'天津中医药',12,3,'T'),(12089,'天津中医药大学',12,3,'T'),(867322,'天津外国语大学',12,3,'T'),(93008,'铁道部天津物资管理干部学院',12,3,'T'),(986310,'武警天津指挥学院',12,3,'W'),(970110,'武警天津指挥学院',12,3,'W'),(68908,'武警医学院',12,3,'W'),(93013,'武警指挥学院',12,3,'W'),(982417,'武清护校',12,3,'W'),(975927,'武清师范',12,3,'W'),(978085,'侦查学院',12,3,'Z'),(986114,'中共天津市委党校',12,3,'Z'),(80713,'中国北方曲艺学院',12,3,'Z'),(978311,'中国港湾工程学院',12,3,'Z'),(996757,'中国工商行政管理学院',12,3,'Z'),(972275,'中国舰船研究生院',12,3,'Z'),(867335,'中国旅游干部管理学院',12,3,'Z'),(93016,'中国旅游学院',12,3,'Z'),(12084,'中国民航大学',12,3,'Z'),(970246,'中国民用航空大学',12,3,'Z'),(992189,'中国人民解放军军事交通学院',12,3,'Z'),(971427,'中国人民解放军军事交通学院（中国解放军运输工程学院）',12,3,'Z'),(978996,'中国人民解放军运输工程学院',12,3,'Z'),(979025,'中国人民武装警察部队天津指挥学校',12,3,'Z'),(983779,'中科万维数字艺术教育学院',12,3,'Z'),(973850,'中山涉外金融职专',12,3,'Z'),(990715,'中铁十八局集团技工学校',12,3,'Z'),(985719,'中央党校天津分校',12,3,'Z'),(985013,'中央电视广播大学天津宝坻分校',12,3,'Z'),(970155,'中央电视广播大学天津分校',12,3,'Z'),(993674,'中央电视广播大学天津津南分校',12,3,'Z'),(977930,'筑波大学',12,3,'Z'),(12947,'西藏大学',54,3,'X'),(12949,'西藏藏医学院',54,3,'X'),(12948,'西藏民院',54,3,'X'),(12950,'西藏警官高等专科学校',54,3,'X'),(12951,'药王山藏医学院',54,3,'Y'),(980384,'拉萨指挥学院',54,3,'L'),(980161,'武警拉萨指挥学院',54,3,'W'),(92648,'西藏大学农牧学院',54,3,'X'),(993581,'西藏拉萨工程兵学院',54,3,'X'),(92649,'西藏农牧学院',54,3,'X'),(990940,'西藏日喀则地委党校',54,3,'X'),(92650,'西藏职业技术学院',54,3,'X'),(989693,'中国人民武装警察部队拉萨指挥学院',54,3,'Z'),(993191,'中央党校西藏分院',54,3,'Z'),(12519,'新疆大学',65,3,'X'),(12517,'新疆农业大学',65,3,'X'),(12518,'新疆医科大学',65,3,'X'),(12522,'新疆师大',65,3,'X'),(12530,'新疆财经',65,3,'X'),(12528,'新疆艺术学院',65,3,'X'),(12535,'阿克苏职业技术学院',65,3,'A'),(980658,'安集海农林大学',65,3,'A'),(92720,'巴音学院',65,3,'B'),(68790,'巴音职业技术学院',65,3,'B'),(12539,'巴州广播电视大学',65,3,'B'),(973403,'巴州红旗技工学校',65,3,'B'),(970843,'巴州农校',65,3,'B'),(95148,'巴州师范',65,3,'B'),(985207,'巴州卫校',65,3,'B'),(987331,'北京信息管理大学',65,3,'B'),(975646,'兵团党校',65,3,'B'),(12540,'博州广播电视大学',65,3,'B'),(975598,'彩虹院宗教学院',65,3,'C'),(992256,'昌吉电视广播传媒大学',65,3,'C'),(980478,'昌吉高级技工学校',65,3,'C'),(983683,'昌吉广播电视大学',65,3,'C'),(989716,'昌吉教育学院',65,3,'C'),(983658,'昌吉农校',65,3,'C'),(978597,'昌吉农校',65,3,'C'),(978913,'昌吉师专',65,3,'C'),(973416,'昌吉卫生学校',65,3,'C'),(12532,'昌吉学院',65,3,'C'),(12533,'昌吉职业技术学院',65,3,'C'),(988340,'昌吉州机电技工学校',65,3,'C'),(993037,'昌吉州职工大学',65,3,'C'),(979316,'哈密兵团农业广播电视大学',65,3,'H'),(984212,'哈密技校',65,3,'H'),(983448,'哈密铁路技校',65,3,'H'),(95055,'和田地区卫生学校',65,3,'H'),(977537,'和田电大',65,3,'H'),(996820,'和田广播电视大学',65,3,'H'),(970974,'喀什农业机械化学校',65,3,'K'),(12512,'喀什师院',65,3,'K'),(986328,'克拉玛依电视大学',65,3,'K'),(970823,'克拉玛依石油技术学院',65,3,'K'),(12511,'克拉玛依职业技术学院',65,3,'K'),(985684,'库尔勒巴音学院',65,3,'K'),(92721,'楼兰职业技术学院',65,3,'L'),(986317,'农六师五家渠兵团党校',65,3,'N'),(972276,'农五师党校',65,3,'N'),(12534,'石河子大学',65,3,'S'),(986229,'石河子大学护士学校',65,3,'S'),(986794,'石河子大学经贸学院',65,3,'S'),(92722,'石河子广播电视大学',65,3,'S'),(979564,'石河子农学院',65,3,'S'),(977889,'石河子师范',65,3,'S'),(972321,'石河子卫生学校',65,3,'S'),(972461,'石河子医学院',65,3,'S'),(77947,'石河子职业技术学院',65,3,'S'),(12513,'塔里木大学',65,3,'T'),(976054,'图木舒克医学院',65,3,'T'),(975701,'吐鲁番广播电视大学',65,3,'T'),(987680,'吐鲁番卫校',65,3,'T'),(980120,'乌鲁木齐边防派出所指挥学校',65,3,'W'),(978174,'乌鲁木齐边防指挥学校',65,3,'W'),(970995,'乌鲁木齐边防指挥学校',65,3,'W'),(979534,'乌鲁木齐边防指挥学校',65,3,'W'),(996232,'乌鲁木齐财政职业管理学校',65,3,'W'),(77943,'乌鲁木齐成人教育学院',65,3,'W'),(987291,'乌鲁木齐工业经济贸易技术学校',65,3,'W'),(12536,'乌鲁木齐广播电视大学',65,3,'W'),(969929,'乌鲁木齐教育学院',65,3,'W'),(983850,'乌鲁木齐昆仑职业专科学校',65,3,'W'),(12537,'乌鲁木齐陆军学校',65,3,'W'),(982882,'乌鲁木齐陆军学院',65,3,'W'),(982592,'乌鲁木齐轻工学院',65,3,'W'),(971359,'乌鲁木齐石化总厂职工大学',65,3,'W'),(977919,'乌鲁木齐市技工学校',65,3,'W'),(996310,'乌鲁木齐市技工学校',65,3,'W'),(988031,'乌鲁木齐武警指挥学校',65,3,'W'),(988022,'乌鲁木齐艺术学院',65,3,'W'),(12508,'乌鲁木齐职业大学',65,3,'W'),(971289,'武警乌鲁木齐指挥学校',65,3,'W'),(990005,'武警新疆喀什指挥学校',65,3,'W'),(12538,'五家渠兵团警官学校',65,3,'W'),(92723,'五家渠职业技术学院',65,3,'W'),(970161,'西安陆军学院乌鲁木齐分院',65,3,'X'),(973783,'西北警官学院',65,3,'X'),(990440,'新建大学',65,3,'X'),(980026,'新疆巴州电大',65,3,'X'),(77944,'新疆兵团高级技师学院',65,3,'X'),(81363,'新疆兵团广播电视大学',65,3,'X'),(77945,'新疆兵团技师培训学院',65,3,'X'),(977557,'新疆兵团经济专科学校',65,3,'X'),(12515,'新疆兵团警官高等专科学校',65,3,'X'),(80729,'新疆财经大学',65,3,'X'),(867737,'新疆财经大学商务学院',65,3,'X'),(979737,'新疆昌吉电大',65,3,'X'),(988329,'新疆昌吉广播电视大学',65,3,'X'),(982355,'新疆昌吉职工大学',65,3,'X'),(978169,'新疆大学北校区',65,3,'X'),(996661,'新疆大学建筑工程学院',65,3,'X'),(867735,'新疆大学科学技术学院',65,3,'X'),(989996,'新疆大学外国语学院',65,3,'X'),(989907,'新疆电力学院',65,3,'X'),(982835,'新疆纺织工业学校',65,3,'X'),(77942,'新疆钢铁高级技工学院',65,3,'X'),(985844,'新疆钢铁职工大学',65,3,'X'),(977183,'新疆高级技师学院',65,3,'X'),(987320,'新疆工学院',65,3,'X'),(12521,'新疆工业高等专科学校',65,3,'X'),(984597,'新疆工业经济学校',65,3,'X'),(985727,'新疆供销学校',65,3,'X'),(68810,'新疆广播电视大学',65,3,'X'),(12524,'新疆机电职业技术学院',65,3,'X'),(990795,'新疆机械电子高级职术学院',65,3,'X'),(993043,'新疆机械电子工业大学',65,3,'X'),(990793,'新疆机械电子技工学校',65,3,'X'),(986611,'新疆建工集团安装技校',65,3,'X'),(993387,'新疆建工师职业技术学校',65,3,'X'),(12523,'新疆建设职业技术学院',65,3,'X'),(983444,'新疆建筑学院',65,3,'X'),(81362,'新疆交通大学',65,3,'X'),(12514,'新疆交通职业技术学院',65,3,'X'),(77572,'新疆教育学院',65,3,'X'),(971033,'新疆经济贸易技术学校',65,3,'X'),(12529,'新疆警官高等专科学校',65,3,'X'),(987204,'新疆喀什财贸学校',65,3,'X'),(970958,'新疆科技大',65,3,'X'),(12526,'新疆科信学院',65,3,'X'),(989494,'新疆克州阿克陶电大',65,3,'X'),(972486,'新疆粮食学校',65,3,'X'),(984589,'新疆粮校',65,3,'X'),(979530,'新疆煤炭大学',65,3,'X'),(77946,'新疆能源职业技术学院',65,3,'X'),(867736,'新疆农业大学科学技术学院',65,3,'X'),(12516,'新疆农业职业技术学院',65,3,'X'),(12531,'新疆轻工职业技术学院',65,3,'X'),(92724,'新疆人力资源学院',65,3,'X'),(982823,'新疆商业学校',65,3,'X'),(94738,'新疆师范大学',65,3,'X'),(989298,'新疆师范大学青年政治学院',65,3,'X'),(990358,'新疆师范大学体育学院',65,3,'X'),(979302,'新疆石河子大学成人教育学院',65,3,'X'),(971322,'新疆石河子电视广播大学',65,3,'X'),(991933,'新疆石河子师范学校',65,3,'X'),(971148,'新疆石河子职工大学',65,3,'X'),(12525,'新疆石油学院',65,3,'X'),(94739,'新疆塔城广播电视大学',65,3,'X'),(996321,'新疆塔里木农业大学',65,3,'X'),(12520,'新疆天山职业技术学院',65,3,'X'),(974064,'新疆吐鲁番卫校',65,3,'X'),(984515,'新疆维吾尔医学高等专科学校',65,3,'X'),(989617,'新疆维吾尔医学和田卫生学校',65,3,'X'),(867734,'新疆维吾尔医学专科学校',65,3,'X'),(997245,'新疆乌鲁木齐教育学院',65,3,'X'),(92725,'新疆现代职业技术学院',65,3,'X'),(867733,'新疆医科大',65,3,'X'),(867738,'新疆医科大学厚博学院',65,3,'X'),(94744,'新疆幼儿师范',65,3,'X'),(982994,'新疆振华职业专科学校',65,3,'X'),(867740,'新疆政法学院',65,3,'X'),(982715,'新疆政治学院',65,3,'X'),(12527,'新疆职业大学',65,3,'X'),(982379,'新疆中医学院',65,3,'X'),(970127,'伊犁哈萨克自治州州文化艺术学校',65,3,'Y'),(972820,'伊犁师范学院奎屯校区',65,3,'Y'),(12509,'伊犁师院',65,3,'Y'),(982808,'伊犁州财贸学校',65,3,'Y'),(12541,'伊犁州广播电视大学',65,3,'Y'),(12542,'伊犁州教育学院',65,3,'Y'),(970882,'伊宁师范学院',65,3,'Y'),(984634,'伊宁师院',65,3,'Y'),(977908,'伊宁市卫校',65,3,'Y'),(982577,'中国陆军学院',65,3,'Z'),(993272,'中国人民解放军乌鲁木齐军医学院',65,3,'Z'),(985974,'中国石油天然气运输技校',65,3,'Z'),(985215,'中央党校新疆分校',65,3,'Z'),(989476,'中央党校新疆函授学院',65,3,'Z'),(992211,'中央广播电视大学喀什分校',65,3,'Z'),(12442,'昆明理工大学',53,3,'K'),(12407,'云南大学',53,3,'Y'),(12410,'云南师范大学',53,3,'Y'),(12427,'云南财经',53,3,'Y'),(12417,'云南民大',53,3,'Y'),(12453,'西南林业大学',53,3,'X'),(977468,'保山工业技工学校',53,3,'B'),(12429,'保山师范高等专科学校',53,3,'B'),(983534,'保山市委党校',53,3,'B'),(985980,'保山市职业技术学校',53,3,'B'),(971070,'保山学院',53,3,'B'),(12428,'保山中医药高等专科学校',53,3,'B'),(975986,'楚雄技师学院',53,3,'C'),(12449,'楚雄师院',53,3,'C'),(12448,'楚雄医药高等专科学校',53,3,'C'),(995821,'楚雄州人民警察学校',53,3,'C'),(995829,'楚雄洲技师学院',53,3,'C'),(984646,'大关县高极职业技术学校',53,3,'D'),(12430,'大理学院',53,3,'D'),(975588,'大理医学院',53,3,'D'),(12431,'德宏师范高等专科学校',53,3,'D'),(980037,'德宏职业学院',53,3,'D'),(977342,'迪庆民族师范学校',53,3,'D'),(986727,'富源后所一中',53,3,'F'),(990048,'官渡区职业学校',53,3,'G'),(989346,'河洛风水研究院',53,3,'H'),(978320,'红河商贸旅游技工学校',53,3,'H'),(985178,'红河卫校',53,3,'H'),(12452,'红河学院',53,3,'H'),(980465,'红河州卫生学校',53,3,'H'),(985113,'会泽党校',53,3,'H'),(971455,'会泽县职业技术学校',53,3,'H'),(973495,'建水高职',53,3,'J'),(92644,'经贸外事学院',53,3,'J'),(984016,'空军第十航空学校',53,3,'K'),(989857,'昆明城市建设职业学院',53,3,'K'),(12437,'昆明大学',53,3,'K'),(976400,'昆明地质学校',53,3,'K'),(971523,'昆明工学院',53,3,'K'),(12439,'昆明工业职业技术学院',53,3,'K'),(987890,'昆明广播电视大学',53,3,'K'),(989744,'昆明技工高等专科学院',53,3,'K'),(867632,'昆明理工',53,3,'K'),(92645,'昆明理工大学楚雄应用技术学院',53,3,'K'),(12443,'昆明理工大学津桥学院',53,3,'K'),(970420,'昆明陆军学院',53,3,'K'),(973419,'昆明陆军指挥学院',53,3,'K'),(992352,'昆明南方青年进修学院',53,3,'K'),(972752,'昆明侨联自平商贸学院',53,3,'K'),(991966,'昆明商贸信息学院',53,3,'K'),(12440,'昆明师范高等专科学校',53,3,'K'),(970962,'昆明市财贸学校',53,3,'K'),(976393,'昆明市技工学校',53,3,'K'),(95292,'昆明市陆军学院',53,3,'K'),(972301,'昆明市卫生专业学校',53,3,'K'),(977566,'昆明铁路博士学校',53,3,'K'),(972915,'昆明铁路机械学校',53,3,'K'),(990825,'昆明卫生职业学院',53,3,'K'),(979189,'昆明武警学院',53,3,'K'),(979191,'昆明武警指挥学院',53,3,'K'),(12438,'昆明学院',53,3,'K'),(12441,'昆明扬帆职业技术学院',53,3,'K'),(12434,'昆明冶金高等专科学校',53,3,'K'),(12435,'昆明医学院',53,3,'K'),(12436,'昆明医学院海源学院',53,3,'K'),(990349,'昆明医药职业技术学校',53,3,'K'),(12444,'昆明艺术职业学院',53,3,'K'),(995725,'昆明游戏学院',53,3,'K'),(985841,'昆明幼儿师范学校',53,3,'K'),(979598,'昆明中医学院',53,3,'K'),(970073,'丽江地区财贸学校',53,3,'L'),(98684,'丽江高等师范专科学校',53,3,'L'),(971225,'丽江民族学院',53,3,'L'),(976985,'丽江农校',53,3,'L'),(12396,'丽江师范高等专科学校',53,3,'L'),(986164,'临沧农校',53,3,'L'),(12395,'临沧师范高等专科学校',53,3,'L'),(982660,'临沧市技工学校',53,3,'L'),(975692,'临沧卫校',53,3,'L'),(979196,'芒市技校',53,3,'M'),(986683,'南方电网职工大学',53,3,'N'),(94747,'南方民族医学院',53,3,'N'),(996721,'南方青年进修学院',53,3,'N'),(972473,'曲靖工商学校',53,3,'Q'),(993432,'曲靖技师学院',53,3,'Q'),(977894,'曲靖教育学院',53,3,'Q'),(12447,'曲靖师范',53,3,'Q'),(972750,'曲靖师范高等专科学校',53,3,'Q'),(972785,'曲靖师范高等专科学校',53,3,'Q'),(984879,'曲靖市高级经济学校',53,3,'Q'),(970369,'曲靖体育运动学校',53,3,'Q'),(977232,'曲靖卫生学校',53,3,'Q'),(12446,'曲靖医学高等专科学校',53,3,'Q'),(979036,'瑞士维多利亚大学',53,3,'R'),(12432,'思茅师范高等专科学校',53,3,'S'),(977870,'泰国清莱皇家大学',53,3,'T'),(12433,'文山学院',53,3,'W'),(995615,'文山州财贸学校',53,3,'W'),(978243,'武警帝国学院',53,3,'W'),(92646,'武警昆明指挥学院',53,3,'W'),(12454,'西双版纳职业技术学院',53,3,'X'),(985581,'西双版纳州委党校',53,3,'X'),(986733,'新平职中',53,3,'X'),(980544,'宣威一职校',53,3,'X'),(985247,'易门铜业高级技工学校',53,3,'Y'),(980228,'玉溪师范学院',53,3,'Y'),(12451,'玉溪师院',53,3,'Y'),(12419,'云南爱因森软件职业学院',53,3,'Y'),(12402,'云南北美职业学院',53,3,'Y'),(98813,'云南财经大学',53,3,'Y'),(969963,'云南财贸学院',53,3,'Y'),(990659,'云南城市建设职业学院',53,3,'Y'),(984648,'云南楚雄技校',53,3,'Y'),(12409,'云南大学滇池学院',53,3,'Y'),(12408,'云南大学旅游文化学院',53,3,'Y'),(95032,'云南法学专修学院',53,3,'Y'),(971442,'云南工程职业技术学院',53,3,'Y'),(971029,'云南工商学院',53,3,'Y'),(975857,'云南工业大学',53,3,'Y'),(990337,'云南工业技师学院',53,3,'Y'),(973947,'云南公安高等专科学校',53,3,'Y'),(12413,'云南广播电视大学',53,3,'Y'),(12406,'云南国防工业职业技术学院',53,3,'Y'),(986819,'云南国防技工学校',53,3,'Y'),(12405,'云南国土资源职业学院',53,3,'Y'),(990512,'云南国土资源职业学院',53,3,'Y'),(970555,'云南化工学校',53,3,'Y'),(12415,'云南机电职业技术学院',53,3,'Y'),(973827,'云南技师学院',53,3,'Y'),(973697,'云南交通技师学院',53,3,'Y'),(12398,'云南交通职业技术学院',53,3,'Y'),(991894,'云南教育学院',53,3,'Y'),(12422,'云南经济管理职业学院',53,3,'Y'),(12426,'云南警官学院',53,3,'Y'),(973927,'云南科技信息技术职业学院',53,3,'Y'),(12421,'云南科技信息职业技术学院',53,3,'Y'),(976797,'云南昆明艺术学院',53,3,'Y'),(975772,'云南联合经济学校',53,3,'Y'),(12416,'云南林业职业技术学院',53,3,'Y'),(989482,'云南旅游学院',53,3,'Y'),(972220,'云南旅游与外国语专修学院',53,3,'Y'),(987772,'云南旅游职业学院',53,3,'Y'),(993330,'云南煤炭工业学院',53,3,'Y'),(80739,'云南民族大学',53,3,'Y'),(867633,'云南农大',53,3,'Y'),(12401,'云南农业大学',53,3,'Y'),(12400,'云南农业职业技术学院',53,3,'Y'),(12418,'云南热带作物职业学院',53,3,'Y'),(979411,'云南省安宁法律专修学学院',53,3,'Y'),(1001288,'云南省财经学校',53,3,'Y'),(986853,'云南省楚雄农业学校',53,3,'Y'),(992121,'云南省楚雄市高级技工学校',53,3,'Y'),(993501,'云南省楚雄卫生学校',53,3,'Y'),(987691,'云南省第三化工技工学校',53,3,'Y'),(972922,'云南省电子信息高级技工学校',53,3,'Y'),(970065,'云南省工商行政管理学校',53,3,'Y'),(973360,'云南省工商学院',53,3,'Y'),(972711,'云南省工业技师学院',53,3,'Y'),(972258,'云南省国防技术学院',53,3,'Y'),(972103,'云南省机械工业学校',53,3,'Y'),(972333,'云南省建材工业学校',53,3,'Y'),(993178,'云南省交通高级技工学校大理分院',53,3,'Y'),(989646,'云南省交通高级技工学院',53,3,'Y'),(972178,'云南省交通技师学院',53,3,'Y'),(971051,'云南省交通职业技术学院',53,3,'Y'),(971470,'云南省科技信息职业学院',53,3,'Y'),(98084,'云南省昆明市华夏中等专业学校',53,3,'Y'),(990604,'云南省林业技工学校',53,3,'Y'),(12420,'云南省林业科学院',53,3,'Y'),(971510,'云南省临沧高等专科学校',53,3,'Y'),(992187,'云南省旅游与外国语专修学院',53,3,'Y'),(970419,'云南省旅游职业学院',53,3,'Y'),(993422,'云南省曲靖市罗平县职业技术学院',53,3,'Y'),(990474,'云南省曲靖市师宗高级职业技术学校',53,3,'Y'),(972349,'云南省曲靖市宣威师范学校',53,3,'Y'),(975683,'云南省曲靖市麒麟区职业技术学校',53,3,'Y'),(982356,'云南省省委党校',53,3,'Y'),(973312,'云南省税务学校',53,3,'Y'),(987346,'云南省思茅农业学校',53,3,'Y'),(980476,'云南省司法政法干部学校',53,3,'Y'),(976475,'云南省委党校',53,3,'Y'),(982854,'云南省委党校经济管理',53,3,'Y'),(95256,'云南省委党校行政学院',53,3,'Y'),(972519,'云南省委党校直属分院',53,3,'Y'),(986177,'云南省卫生学校',53,3,'Y'),(95144,'云南省西双版纳职业技术学院',53,3,'Y'),(990427,'云南省冶金汽车技工学校',53,3,'Y'),(986063,'云南省玉溪市卫生学校',53,3,'Y'),(986026,'云南省昭通农业学校',53,3,'Y'),(971758,'云南省政法干部（司法）学院',53,3,'Y'),(867634,'云南师大',53,3,'Y'),(12411,'云南师范大学商学院',53,3,'Y'),(12412,'云南师范大学文理学院',53,3,'Y'),(980450,'云南师范学院商学院',53,3,'Y'),(987832,'云南市昆明陆军学院',53,3,'Y'),(12404,'云南司法警官职业学院',53,3,'Y'),(12399,'云南体育运动职业技术学院',53,3,'Y'),(988021,'云南铜业高级技工学校',53,3,'Y'),(80737,'云南文化艺术职业学院',53,3,'Y'),(92647,'云南锡业职业技术学院',53,3,'Y'),(867637,'云南新兴职业学院',53,3,'Y'),(983827,'云南冶金专科学校',53,3,'Y'),(12403,'云南医学高等专科学校',53,3,'Y'),(867635,'云南艺术',53,3,'Y'),(12424,'云南艺术学院',53,3,'Y'),(12425,'云南艺术学院文华学院',53,3,'Y'),(971231,'云南银行学校',53,3,'Y'),(12414,'云南昭通师范专科学校',53,3,'Y'),(990399,'云南政法高等专科学校',53,3,'Y'),(983112,'云南职业技术学校',53,3,'Y'),(12397,'云南中医学院',53,3,'Y'),(98330,'云南中医药中等专业学校',53,3,'Y'),(984915,'云南综合技工学校',53,3,'Y'),(987725,'昭通财校',53,3,'Z'),(986609,'昭通技工学校',53,3,'Z'),(979614,'昭通农业学校',53,3,'Z'),(991031,'昭通人民警察学校',53,3,'Z'),(12445,'昭通师范高等专科学校',53,3,'Z'),(983987,'中共云南省委党校',53,3,'Z'),(972758,'中共云南省委党校',53,3,'Z'),(975921,'中国人民解放军昆明陆军学院',53,3,'Z'),(978000,'中央党校德宏学区',53,3,'Z'),(976780,'中央党校经济管理学院',53,3,'Z'),(972620,'中央党校云南学区',53,3,'Z'),(10293,'浙江大学',33,3,'Z'),(10311,'浙江理工大学',33,3,'Z'),(10300,'浙江工大',33,3,'Z'),(10282,'杭州电子科技大学',33,3,'H'),(10286,'浙江中医药大学',33,3,'Z'),(10298,'浙江工商大学',33,3,'Z'),(94755,'长河大学',33,3,'C'),(995749,'长兴技师学院',33,3,'C'),(973459,'长兴卫校',33,3,'C'),(10335,'长征职业技术学院',33,3,'C'),(978423,'陈豪高级数控学校',33,3,'C'),(973013,'淳安县育才学校',33,3,'C'),(978359,'慈溪卫校',33,3,'C'),(989663,'德清学院',33,3,'D'),(94163,'电视大学分校',33,3,'D'),(971624,'东阳技术学院',33,3,'D'),(982675,'东阳市卫生学校',33,3,'D'),(93064,'杜桥人在椒江大学',33,3,'D'),(80750,'富春江水电职工大学',33,3,'F'),(94756,'工大国际学院',33,3,'G'),(10268,'公安海警高等专科学校',33,3,'G'),(867417,'公安海警学院',33,3,'G'),(973284,'广播电视大学台州分校',33,3,'G'),(980409,'广播电视大学浙江宁波分校',33,3,'G'),(94762,'海宁风和大学',33,3,'H'),(986691,'杭州财经学院',33,3,'H'),(972850,'杭州长征学院',33,3,'H'),(93065,'杭州成人科技大学',33,3,'H'),(986126,'杭州传媒学院',33,3,'H'),(983660,'杭州船舶工业学校',33,3,'H'),(10336,'杭州大学',33,3,'H'),(993630,'杭州第四机械技工学校',33,3,'H'),(93066,'杭州第一技师学院',33,3,'H'),(979715,'杭州电力学校',33,3,'H'),(93067,'杭州电子工业学院',33,3,'H'),(978241,'杭州电子科技大学软件工程学院',33,3,'H'),(987814,'杭州电子科技大学新闻出版学院',33,3,'H'),(986757,'杭州电子科技大学信息工程学院',33,3,'H'),(988000,'杭州高级技术技工学校',33,3,'H'),(991970,'杭州工商管理大学',33,3,'H'),(983017,'杭州工艺美术学校',33,3,'H'),(68814,'杭州广播电视大学',33,3,'H'),(982794,'杭州化工学校',33,3,'H'),(979386,'杭州化学工业学校',33,3,'H'),(976853,'杭州机关职工大学',33,3,'H'),(93069,'杭州建筑安装技术学院',33,3,'H'),(867433,'杭州江南专修学院',33,3,'H'),(980795,'杭州交通干部学校',33,3,'H'),(983891,'杭州教育学院',33,3,'H'),(77725,'杭州经贸自考学院',33,3,'H'),(10337,'杭州科技职业技术学院',33,3,'H'),(867428,'杭州老和山职业技术学院',33,3,'H'),(973275,'杭州理工翠微校区',33,3,'H'),(93070,'杭州理工专修学院',33,3,'H'),(988174,'杭州铝合金工程学院',33,3,'H'),(971581,'杭州铝合金工程学院',33,3,'H'),(985837,'杭州农校',33,3,'H'),(992521,'杭州汽车技工学校',33,3,'H'),(10338,'杭州青年专修学院',33,3,'H'),(10339,'杭州三联专修学院',33,3,'H'),(95286,'杭州社会科学进修学院',33,3,'H'),(10281,'杭州师范大学',33,3,'H'),(867429,'杭州师范大学钱江学院',33,3,'H'),(80763,'杭州市陈经纶体育学校',33,3,'H'),(987745,'杭州市第一育新学校',33,3,'H'),(475685,'杭州市工人业余大学',33,3,'H'),(993688,'杭州市人民警察学校',33,3,'H'),(977823,'杭州市特殊教育职业学院',33,3,'H'),(991853,'杭州市桐庐县桐江职业技术学校',33,3,'H'),(977558,'杭州天禄职业技术学院',33,3,'H'),(10280,'杭州万向职业技术学院',33,3,'H'),(93071,'杭州武警指挥学院',33,3,'H'),(989691,'杭州现代财经专修学院',33,3,'H'),(983123,'杭州新世纪经贸专修学院',33,3,'H'),(10340,'杭州医学高等专科学校',33,3,'H'),(93072,'杭州应用工程技术学院',33,3,'H'),(77719,'杭州游戏学院',33,3,'H'),(984555,'杭州育人自考学院',33,3,'H'),(80751,'杭州育英职业技术学院',33,3,'H'),(10341,'杭州之江专修学院',33,3,'H'),(978295,'杭州职工大学',33,3,'H'),(10283,'杭州职业技术学院',33,3,'H'),(10363,'横店科技专修学院',33,3,'H'),(93074,'横店影视职业学院',33,3,'H'),(10364,'湖州广播电视大学',33,3,'H'),(10326,'湖州师范',33,3,'H'),(95252,'湖州师范学院求真学院',33,3,'H'),(991958,'湖州丝绸工业学校',33,3,'H'),(10327,'湖州职业技术学院',33,3,'H'),(94107,'黄岩师范',33,3,'H'),(973642,'基辅建筑设计工业大学',33,3,'J'),(94761,'嘉善广播电视大学',33,3,'J'),(977523,'嘉兴高级技工学校',33,3,'J'),(77730,'嘉兴广播电视大学',33,3,'J'),(68876,'嘉兴南洋职业技术学院',33,3,'J'),(990483,'嘉兴市高级技工学校',33,3,'J'),(979305,'嘉兴市经济信息专修学院',33,3,'J'),(977331,'嘉兴市秀水学院',33,3,'J'),(988302,'嘉兴卫校',33,3,'J'),(983881,'嘉兴秀水专修学院',33,3,'J'),(10271,'嘉兴学院',33,3,'J'),(969939,'嘉兴学院平湖校区',33,3,'J'),(989842,'嘉兴学院医学院',33,3,'J'),(10272,'嘉兴职业技术学院',33,3,'J'),(989425,'嘉洲工业大学',33,3,'J'),(94767,'江南理工专修学院',33,3,'J'),(77728,'江南专修学院',33,3,'J'),(977380,'江西南昌现代科技学院',33,3,'J'),(94764,'椒江职业学院',33,3,'J'),(10353,'金华广播电视大学',33,3,'J'),(10354,'金华教育学院',33,3,'J'),(978310,'金华市城乡建设学校',33,3,'J'),(10334,'金华职业技术学院',33,3,'J'),(979687,'开化县电大',33,3,'K'),(81384,'丽水电视广播大学',33,3,'L'),(93075,'丽水广播电视大学',33,3,'L'),(10265,'丽水学院',33,3,'L'),(10266,'丽水职业技术学院',33,3,'L'),(989917,'丽新大学',33,3,'L'),(973641,'利沃夫国立美术大学',33,3,'L'),(976341,'琳山职业技术学校',33,3,'L'),(975605,'临安党校',33,3,'L'),(882496,'临安市技工学校',33,3,'L'),(979568,'菱湖技校',33,3,'L'),(993558,'鹿城职业技术学校',33,3,'L'),(77733,'密溪大学',33,3,'M'),(93076,'莫西皇家学院',33,3,'M'),(10273,'宁波城市职业技术学院',33,3,'N'),(10276,'宁波大红鹰学院',33,3,'N'),(93079,'宁波大红鹰职业专修学院',33,3,'N'),(10274,'宁波大学',33,3,'N'),(979537,'宁波大学成人教育学校',33,3,'N'),(10275,'宁波大学科技学院',33,3,'N'),(987957,'宁波大学职教学院',33,3,'N'),(979204,'宁波第二技工学校',33,3,'N'),(93080,'宁波纺织服装职业技术学院',33,3,'N'),(95357,'宁波服装职业技术学院',33,3,'N'),(10278,'宁波工程',33,3,'N'),(986929,'宁波工程学院成教学院',33,3,'N'),(996473,'宁波公安海警高等专科学校',33,3,'N'),(972958,'宁波公安海警学院',33,3,'N'),(983556,'宁波公路运输技工学校',33,3,'N'),(72078,'宁波广播电视大学',33,3,'N'),(980855,'宁波广播电视大学余姚分院',33,3,'N'),(95110,'宁波机械工业学院',33,3,'N'),(972821,'宁波舰艇学院',33,3,'N'),(10344,'宁波教育学院',33,3,'N'),(978232,'宁波旅游职业学校',33,3,'N'),(983675,'宁波诺丁汉大学',33,3,'N'),(973292,'宁波商校',33,3,'N'),(867421,'宁波市广播电视大学',33,3,'N'),(993442,'宁波市商业学校',33,3,'N'),(992201,'宁波市师范学校',33,3,'N'),(993362,'宁波市委党校',33,3,'N'),(10277,'宁波天一职业技术学院',33,3,'N'),(989998,'宁波卫校余姚分校',33,3,'N'),(10279,'宁波职业技术学院',33,3,'N'),(971541,'宁波职业学院',33,3,'N'),(10333,'诺丁汉大学',33,3,'N'),(93081,'勤业学院',33,3,'Q'),(80755,'全农学院',33,3,'Q'),(976791,'瑞安广播电视大学',33,3,'R'),(971391,'瑞安球山大学',33,3,'R'),(93082,'上海财经大学浙江学院',33,3,'S'),(989843,'上虞电大学院',33,3,'S'),(995511,'上虞经济专修学院',33,3,'S'),(993481,'绍兴护士学校',33,3,'S'),(984043,'绍兴经济贸易学校',33,3,'S'),(972693,'绍兴市职业中等卫生学校',33,3,'S'),(10329,'绍兴托普信息职业技术学院',33,3,'S'),(10330,'绍兴文理学院',33,3,'S'),(990380,'绍兴文理学院元培学院',33,3,'S'),(973712,'绍兴信息职业技术学院',33,3,'S'),(10361,'绍兴越秀外国语学院',33,3,'S'),(10331,'绍兴越秀外国语职业学院',33,3,'S'),(995889,'绍兴职业技术学院',33,3,'S'),(867418,'绍兴职业技术学院',33,3,'S'),(970370,'社会人类神经研究大学',33,3,'S'),(996349,'神州大学',33,3,'S'),(972203,'时装设计大学',33,3,'S'),(10284,'树人大学',33,3,'S'),(972135,'树人职业学校',33,3,'S'),(93083,'双桥大学',33,3,'S'),(984144,'台湾健峰管理枝术学校',33,3,'T'),(80757,'台州广播电视大学',33,3,'T'),(867425,'台州科技职业学院',33,3,'T'),(970160,'台州师范专科学校',33,3,'T'),(10350,'台州市台州科技职业学院',33,3,'T'),(10269,'台州学院',33,3,'T'),(10270,'台州职业技术学院',33,3,'T'),(977900,'天台党校',33,3,'T'),(870142,'桐庐县职业技术学校',33,3,'T'),(976016,'桐乡电大',33,3,'T'),(988284,'桐乡技工学校',33,3,'T'),(72093,'同济大学浙江学院',33,3,'T'),(10262,'万里学院',33,3,'W'),(982695,'温岭电视广播大学',33,3,'W'),(972341,'温州财经大学',33,3,'W'),(972057,'温州财经学院',33,3,'W'),(10324,'温州大学',33,3,'W'),(979170,'温州大学城市学院',33,3,'W'),(93084,'温州大学自考学院',33,3,'W'),(976039,'温州大学瓯江学院',33,3,'W'),(985142,'温州大学瓯江学院',33,3,'W'),(983616,'温州管理学院',33,3,'W'),(68827,'温州广播电视大学',33,3,'W'),(93085,'温州机电技师学院',33,3,'W'),(976353,'温州教育学院',33,3,'W'),(94759,'温州经济学院',33,3,'W'),(984054,'温州警察学校',33,3,'W'),(984050,'温州警校',33,3,'W'),(70626,'温州科技职业学院',33,3,'W'),(972676,'温州农业科技学院',33,3,'W'),(979360,'温州商校',33,3,'W'),(70648,'温州师范学院',33,3,'W'),(867420,'温州市工人业余大学',33,3,'W'),(992384,'温州市机械职业学校',33,3,'W'),(987006,'温州市特殊教育学校',33,3,'W'),(978417,'温州信息职业技术学院',33,3,'W'),(10323,'温州医学院',33,3,'W'),(10325,'温州职业技术学院',33,3,'W'),(996256,'温州职业技术学院成教学院',33,3,'W'),(80761,'温州自考大学',33,3,'W'),(982366,'温卅机械工业学校',33,3,'W'),(978340,'乌石山大学',33,3,'W'),(81383,'武警杭州指挥学院',33,3,'W'),(985769,'萧山广播电视大学',33,3,'X'),(985627,'萧山科技学院',33,3,'X'),(984532,'新昌职业技术学校',33,3,'X'),(93086,'秀水经济专修学院',33,3,'X'),(987999,'义乌党校',33,3,'Y'),(990698,'义乌电大',33,3,'Y'),(93087,'义乌工商学院',33,3,'Y'),(10267,'义乌工商职业技术学院',33,3,'Y'),(970230,'义乌市城镇职校',33,3,'Y'),(996226,'永嘉县第三职业学校',33,3,'Y'),(980233,'永康职业技术学院',33,3,'Y'),(93088,'永乐大学',33,3,'Y'),(980708,'余姚市技工学校',33,3,'Y'),(95423,'玉环县坎门文技校',33,3,'Y'),(867432,'越秀外国语学院',33,3,'Y'),(977957,'云和电视广播大学',33,3,'Y'),(977010,'浙大工商学院',33,3,'Z'),(10321,'浙江财经',33,3,'Z'),(93089,'浙江财经学院',33,3,'Z'),(975977,'浙江财经学院东方学院',33,3,'Z'),(980831,'浙江财政东方学院',33,3,'Z'),(93090,'浙江长征职业技术学院',33,3,'Z'),(10288,'浙江传媒',33,3,'Z'),(93091,'浙江传媒学院',33,3,'Z'),(94833,'浙江大学MBA管理学院',33,3,'Z'),(10294,'浙江大学城市学院',33,3,'Z'),(972842,'浙江大学成教',33,3,'Z'),(975693,'浙江大学管理学院',33,3,'Z'),(985648,'浙江大学继续教育学院',33,3,'Z'),(10295,'浙江大学宁波理工学院',33,3,'Z'),(972456,'浙江大学远程教育学院',33,3,'Z'),(80760,'浙江电大富阳学院',33,3,'Z'),(975645,'浙江电大进修学院',33,3,'Z'),(987838,'浙江电大上虞学院',33,3,'Z'),(978921,'浙江电大天台学院',33,3,'Z'),(982737,'浙江电大余杭分校',33,3,'Z'),(10312,'浙江电力职业技术学院',33,3,'Z'),(77716,'浙江电视广播大学特殊教育学院',33,3,'Z'),(94760,'浙江东方职业技术学院',33,3,'Z'),(10285,'浙江东方职业技术学院',33,3,'Z'),(993215,'浙江东南外国语职业学校',33,3,'Z'),(80756,'浙江东阳广厦学院',33,3,'Z'),(980123,'浙江东阳技术学院',33,3,'Z'),(93092,'浙江纺织服装学院',33,3,'Z'),(10314,'浙江纺织服装职业技术学院',33,3,'Z'),(93093,'浙江纺织职业技术学院',33,3,'Z'),(93094,'浙江高级职业技术学院',33,3,'Z'),(10301,'浙江工贸职业技术学院',33,3,'Z'),(867416,'浙江工商',33,3,'Z'),(77722,'浙江工商大学杭州商学院',33,3,'Z'),(978450,'浙江工商大学继续教育学校',33,3,'Z'),(10299,'浙江工商职业技术学院',33,3,'Z'),(70680,'浙江工业大学',33,3,'Z'),(988201,'浙江工业大学国际学院',33,3,'Z'),(996488,'浙江工业大学屏峰校区',33,3,'Z'),(976821,'浙江工业大学西溪分院',33,3,'Z'),(72077,'浙江工业大学之江学院',33,3,'Z'),(10297,'浙江工业职业技术学院',33,3,'Z'),(80754,'浙江公路技师学院',33,3,'Z'),(10345,'浙江广播电视大学',33,3,'Z'),(10349,'浙江广播电视大学工商学院',33,3,'Z'),(93095,'浙江广播电视大学海宁学院',33,3,'Z'),(983533,'浙江广播电视大学海盐学院',33,3,'Z'),(995682,'浙江广播电视大学开化分校',33,3,'Z'),(996579,'浙江广播电视大学兰溪分校',33,3,'Z'),(93096,'浙江广播电视大学临海学院',33,3,'Z'),(486629,'浙江广播电视大学龙泉分校',33,3,'Z'),(486630,'浙江广播电视大学龙泉分校',33,3,'Z'),(81396,'浙江广播电视大学龙游分校',33,3,'Z'),(971179,'浙江广播电视大学青田学院',33,3,'Z'),(971064,'浙江广播电视大学上虞学院',33,3,'Z'),(971468,'浙江广播电视大学遂昌分校',33,3,'Z'),(93097,'浙江广播电视大学萧山学院',33,3,'Z'),(93098,'浙江广播电视大学永嘉学院',33,3,'Z'),(986990,'浙江广播电视大学永康学院',33,3,'Z'),(10357,'浙江广播电视高等专科学校',33,3,'Z'),(10303,'浙江广厦建设职业技术学院',33,3,'Z'),(10292,'浙江国际海运职业技术学校',33,3,'Z'),(80759,'浙江国际海运职业技术学院',33,3,'Z'),(10362,'浙江海洋学院',33,3,'Z'),(988189,'浙江海洋学院东海科学技术学院',33,3,'Z'),(77727,'浙江杭州江南专修学院',33,3,'Z'),(970520,'浙江杭州交通职业学院',33,3,'Z'),(94984,'浙江横店影视职业学院',33,3,'Z'),(972174,'浙江机电技校',33,3,'Z'),(10307,'浙江机电职业技术学院',33,3,'Z'),(976394,'浙江机械工业学校',33,3,'Z'),(867422,'浙江嘉兴教育学院',33,3,'Z'),(971771,'浙江建工学院',33,3,'Z'),(10304,'浙江建设职业技术学院',33,3,'Z'),(94766,'浙江江南理工专修学院',33,3,'Z'),(77723,'浙江江南专修学院',33,3,'Z'),(10287,'浙江交通职业技术学院',33,3,'Z'),(10305,'浙江教育学院',33,3,'Z'),(10342,'浙江金华大学',33,3,'Z'),(93099,'浙江金融学院',33,3,'Z'),(10322,'浙江金融职业学院',33,3,'Z'),(972193,'浙江晶都化妆造型学院',33,3,'Z'),(93100,'浙江经济管理职工大学',33,3,'Z'),(973568,'浙江经济管理专修学院',33,3,'Z'),(10315,'浙江经济职业技术学院',33,3,'Z'),(10316,'浙江经贸职业技术学院',33,3,'Z'),(10320,'浙江警察学院',33,3,'Z'),(77717,'浙江警官学院',33,3,'Z'),(10319,'浙江警官职业学院',33,3,'Z'),(10313,'浙江科技学院',33,3,'Z'),(867414,'浙江理工',33,3,'Z'),(867426,'浙江理工大学成教学院北景园分院',33,3,'Z'),(867431,'浙江理工大学科技与艺术学院',33,3,'Z'),(94757,'浙江理工大学科技与职业技术学院',33,3,'Z'),(984119,'浙江丽水商业学校',33,3,'Z'),(982596,'浙江临海市侨苑美术学校',33,3,'Z'),(10306,'浙江旅游职业学院',33,3,'Z'),(10346,'浙江贸易学校',33,3,'Z'),(986593,'浙江美术学院',33,3,'Z'),(973849,'浙江农村技术师范专科学校',33,3,'Z'),(969942,'浙江农林大学',33,3,'Z'),(93101,'浙江农林大学',33,3,'Z'),(978495,'浙江农林大学天目学院',33,3,'Z'),(860443,'浙江农业商贸职业学院',33,3,'Z'),(77720,'浙江女子专修学院',33,3,'Z'),(10343,'浙江汽车职业技术学院',33,3,'Z'),(10358,'浙江青年专修学院',33,3,'Z'),(93102,'浙江人才专修学院',33,3,'Z'),(989513,'浙江瑞安高等技术学院',33,3,'Z'),(95288,'浙江三联专修学校',33,3,'Z'),(93103,'浙江三联专修学院',33,3,'Z'),(983648,'浙江商业技师学院',33,3,'Z'),(10291,'浙江商业职业技术学院',33,3,'Z'),(80753,'浙江商业职业学院',33,3,'Z'),(80752,'浙江神学院',33,3,'Z'),(980150,'浙江省对外经济贸易学校',33,3,'Z'),(867423,'浙江省广播电视大学',33,3,'Z'),(984978,'浙江省杭州机械工业学校',33,3,'Z'),(993204,'浙江省级机关职工大学',33,3,'Z'),(93104,'浙江省教育华强学院',33,3,'Z'),(93105,'浙江省科技学院',33,3,'Z'),(979420,'浙江省粮食干部学校',33,3,'Z'),(987207,'浙江省龙游县城镇职业技术学校',33,3,'Z'),(980341,'浙江省内然机高级技术学院',33,3,'Z'),(93106,'浙江省宁波大学',33,3,'Z'),(987751,'浙江省宁波市公安海警高等专科学校',33,3,'Z'),(976837,'浙江省农村技术师范专科学校',33,3,'Z'),(989486,'浙江省磐安县广播电视大学',33,3,'Z'),(995893,'浙江省人民警察学校',33,3,'Z'),(990846,'浙江省商业干部学校',33,3,'Z'),(970405,'浙江省商业学校',33,3,'Z'),(81385,'浙江省省级机关职工大学',33,3,'Z'),(867424,'浙江省省级机关职工业余大学',33,3,'Z'),(95298,'浙江省省级职工业余大学',33,3,'Z'),(995555,'浙江省水利水电干部学校',33,3,'Z'),(10351,'浙江省台州市广播电视大学',33,3,'Z'),(971714,'浙江省体育运动技术学院',33,3,'Z'),(93107,'浙江省同济科技职业学院',33,3,'Z'),(489975,'浙江省委党校',33,3,'Z'),(93108,'浙江省委党校函授学院',33,3,'Z'),(972893,'浙江省物资学校',33,3,'Z'),(94765,'浙江省艺术专修学院',33,3,'Z'),(972194,'浙江省义乌市机电技校',33,3,'Z'),(978205,'浙江省舟山市中南石油化工学校',33,3,'Z'),(80769,'浙江省总工会职校',33,3,'Z'),(10296,'浙江省衢州学院',33,3,'Z'),(10302,'浙江师范大学',33,3,'Z'),(867430,'浙江师范大学行知学院',33,3,'Z'),(971166,'浙江树人大学',33,3,'Z'),(975591,'浙江水产学院',33,3,'Z'),(10309,'浙江水利水电专科学校',33,3,'Z'),(984086,'浙江丝绸工学院',33,3,'Z'),(980697,'浙江丝绸工学院',33,3,'Z'),(976831,'浙江台州大学',33,3,'Z'),(975906,'浙江台州添美服装印花职业学校',33,3,'Z'),(93110,'浙江体育职业技术学院',33,3,'Z'),(94754,'浙江体育职业技术学院',33,3,'Z'),(70624,'浙江同济科技职业学院',33,3,'Z'),(867419,'浙江外国语学院',33,3,'Z'),(93111,'浙江万里学院',33,3,'Z'),(989383,'浙江温州技师职业学院',33,3,'Z'),(972533,'浙江文盲大学',33,3,'Z'),(978951,'浙江新昌职业技术学校',33,3,'Z'),(77729,'浙江新世纪经贸专修学院',33,3,'Z'),(80747,'浙江新世纪专修学院',33,3,'Z'),(94763,'浙江信息工程学院',33,3,'Z'),(995381,'浙江冶金工业技术学院',33,3,'Z'),(970017,'浙江冶金经济专科学校',33,3,'Z'),(10289,'浙江医学高等专科学校',33,3,'Z'),(10290,'浙江医药高等专科学校',33,3,'Z'),(10318,'浙江艺术职业学院',33,3,'Z'),(10348,'浙江邮电职业技术学院',33,3,'Z'),(985923,'浙江幼儿师范学院',33,3,'Z'),(93112,'浙江宇翔外国语专修学院',33,3,'Z'),(77731,'浙江宇翔外语学院',33,3,'Z'),(80749,'浙江育人专修学院',33,3,'Z'),(10317,'浙江育英职业技术学院',33,3,'Z'),(93113,'浙江越秀外国语学院',33,3,'Z'),(985272,'浙江振华工贸学校',33,3,'Z'),(993586,'浙江职业专修学院',33,3,'Z'),(867415,'浙江中医药',33,3,'Z'),(985871,'浙江衢州学院',33,3,'Z'),(997221,'浙南成人职业技术学校',33,3,'Z'),(93114,'浙师大杭州幼儿师范学院',33,3,'Z'),(94758,'中等职业技术学院',33,3,'Z'),(988256,'中共中央党校浙江省分校',33,3,'Z'),(982870,'中国标准计量学院',33,3,'Z'),(80758,'中国海警学院',33,3,'Z'),(10264,'中国计量学院',33,3,'Z'),(94753,'中国计算机网络大学',33,3,'Z'),(524770,'中国舰船研究院杭州应用声学研究所',33,3,'Z'),(10263,'中国美术学院',33,3,'Z'),(995506,'中国美术学院研究生院',33,3,'Z'),(995897,'中国美术学院艺术设计职业技术学院',33,3,'Z'),(867427,'中国美术学院艺术职业技术学院',33,3,'Z'),(990857,'中国农业大学江桥乡分校',33,3,'Z'),(971204,'中国社会大学',33,3,'Z'),(977520,'中华会计函授学校',33,3,'Z'),(970316,'中华人民共和国社会大学',33,3,'Z'),(977289,'中央电大长兴分校',33,3,'Z'),(970522,'中央电视广播大学嘉兴分校',33,3,'Z'),(973014,'中央广播电视大学乐清分校',33,3,'Z'),(976290,'舟山蓉浦学院',33,3,'Z'),(973353,'舟山石化学院商业学院',33,3,'Z'),(973596,'舟山市职业学校',33,3,'Z'),(973446,'诸暨教师进修学校',33,3,'Z'),(95408,'诸暨市中等专业学校',33,3,'Z'),(978091,'鄞州广播电视大学',33,3,'Z'),(10365,'衢州广播电视大学',33,3,'Z'),(971371,'衢州学院',33,3,'Z'),(10332,'衢州职业技术学院',33,3,'Z'),(986957,'婺城机电工程学校',33,3,'Z'),(972479,'瓯海一职',33,3,'Z'),(12934,'国立台湾大学',71,3,'G'),(12930,'国立中正大学',71,3,'G'),(12937,'国立台湾艺术大学',71,3,'G'),(12941,'国立清华大学',71,3,'G'),(12929,'国立中山大学',71,3,'G'),(12939,'国立政治大学',71,3,'G'),(98242,'亚东技术学院',71,3,'Y'),(98254,'亚洲大学',71,3,'Y'),(98245,'侨光科技大学',71,3,'Q'),(98248,'吴鳳技术学院',71,3,'W'),(98278,'国防大学',71,3,'G'),(98280,'国防医学院',71,3,'G'),(98147,'国立东华大学',71,3,'G'),(98143,'国立高雄师范大学',71,3,'G'),(98151,'国立高雄应用科技大学',71,3,'G'),(98169,'国立高雄餐旅学院',71,3,'G'),(98150,'国立高雄第一科技大学',71,3,'G'),(98156,'国立高雄海洋科技大学',71,3,'G'),(98155,'国立虎尾科技大学',71,3,'G'),(98146,'国立嘉义大学',71,3,'G'),(98141,'国立交通大学',71,3,'G'),(98172,'国立金门技术学院',71,3,'G'),(98273,'国立空中大学',71,3,'G'),(98154,'国立联合大学',71,3,'G'),(98173,'国立台湾戏曲学院',71,3,'G'),(98142,'国立台湾海洋大学',71,3,'G'),(98160,'国立台湾体育学院',71,3,'G'),(98162,'国立台北教育大学',71,3,'G'),(98171,'国立台北商业技术学院',71,3,'G'),(98152,'国立台北艺术大学',71,3,'G'),(98161,'国立台北护理学院',71,3,'G'),(98158,'国立台南大学',71,3,'G'),(98157,'国立台南艺术大学',71,3,'G'),(98167,'国立台中技术学院',71,3,'G'),(98164,'国立台中教育大学',71,3,'G'),(98170,'国立澎湖科技大学',71,3,'G'),(98165,'国立屏东教育大学',71,3,'G'),(98149,'国立屏东科技大学',71,3,'G'),(98166,'国立屏东商业技术学院',71,3,'G'),(98168,'国立勤益科技大学',71,3,'G'),(979985,'国立台湾大学',71,3,'G'),(992393,'国立台北体育学院',71,3,'G'),(98163,'国立新竹教育大学',71,3,'G'),(98153,'国立宜兰大学',71,3,'G'),(98144,'国立彰化师范大学',71,3,'G'),(973366,'国立中興大学',71,3,'G'),(98145,'国立阳明大学',71,3,'G'),(98148,'国立云林科技大学',71,3,'G'),(98159,'国立体育大学',71,3,'G'),(98190,'实践大学',71,3,'S'),(98197,'昆山科技大学',71,3,'K'),(98225,'岭东科技大学',71,3,'L'),(98176,'东吴大学',71,3,'D'),(98260,'东方技术学院',71,3,'D'),(996267,'东方技术学院',71,3,'D'),(98174,'东海大学',71,3,'D'),(98243,'东南科技大学',71,3,'D'),(98199,'树德科技大学',71,3,'S'),(98247,'环球技术学院',71,3,'H'),(98239,'北台灣科學技術學院',71,3,'B'),(980827,'朝陽科技大學',71,3,'C'),(98263,'崇右技術學院',71,3,'C'),(98200,'慈濟大學',71,3,'C'),(98228,'慈濟技術學院',71,3,'C'),(98227,'大漢技術學院',71,3,'D'),(98185,'大葉大學',71,3,'D'),(98232,'大仁科技大學',71,3,'D'),(98195,'大同大學',71,3,'D'),(98264,'大同技術學院',71,3,'D'),(98178,'淡江大學',71,3,'D'),(98252,'稻江科技暨管理學院',71,3,'D'),(98255,'德霖技術學院',71,3,'D'),(98237,'德明財經科技大學',71,3,'D'),(867778,'东吴大学',71,3,'D'),(98269,'法鼓佛教學院',71,3,'F'),(867780,'逢甲大学',71,3,'F'),(98251,'佛光大學',71,3,'F'),(970151,'高雄市立中正高級工業職業學校',71,3,'G'),(98192,'高雄醫學大學',71,3,'G'),(98222,'高苑科技大學',71,3,'G'),(98266,'高鳳數位內容學院',71,3,'G'),(12938,'国立成功大学',71,3,'G'),(12942,'国立高雄大学',71,3,'G'),(867768,'国立花莲教育大学',71,3,'G'),(12932,'国立台北大学',71,3,'G'),(12933,'国立台北科技大学',71,3,'G'),(975782,'国立台北藝術大學',71,3,'G'),(12931,'国立台东大学',71,3,'G'),(12936,'国立台湾科技大学',71,3,'G'),(12935,'国立台湾师范大学',71,3,'G'),(995498,'国立台湾政治大学',71,3,'G'),(867763,'国立宜蓝大学',71,3,'G'),(12927,'国立中兴大学',71,3,'G'),(12928,'国立中央大学',71,3,'G'),(12940,'国立暨南国际大学',71,3,'G'),(98235,'和春技術學院',71,3,'H'),(996875,'和春科技大學',71,3,'H'),(98207,'弘光科技大學',71,3,'H'),(971526,'华冈艺术学校',71,3,'H'),(971035,'华夏工商专校',71,3,'H'),(984697,'嘉南藥理科技大學',71,3,'J'),(98198,'嘉南藥理科技大學',71,3,'J'),(98261,'经国管理暨健康学院',71,3,'J'),(98213,'建國科技大學',71,3,'J'),(98223,'景文科技大學',71,3,'J'),(992353,'九州工業大学',71,3,'J'),(98281,'空軍航空技術學院',71,3,'K'),(98276,'空軍軍官學校',71,3,'K'),(98259,'黎明技術學院',71,3,'L'),(98217,'立德大學',71,3,'L'),(98229,'圣約翰科技大学',71,3,'S'),(982646,'联合科技大学',71,3,'L'),(98249,'美和技術學院',71,3,'M'),(98253,'明道大學',71,3,'M'),(98205,'明新科技大學',71,3,'M'),(98214,'明志科技大學',71,3,'M'),(98244,'南亞技術學院',71,3,'N'),(98257,'南榮技術學院',71,3,'N'),(98193,'南華大學',71,3,'N'),(98196,'南台科技大學',71,3,'N'),(98256,'南開科技大學',71,3,'N'),(979402,'台湾省新北市新店区景文科技大学',71,3,'T'),(98268,'台湾观光学院',71,3,'T'),(98271,'台北市立教育大学',71,3,'T'),(98272,'台北市立体育学院',71,3,'T'),(98201,'台北医学大学',71,3,'T'),(98218,'兴国管理学院',71,3,'X'),(98209,'清雲科技大學',71,3,'Q'),(98267,'华夏技术学院',71,3,'H'),(98186,'华梵大学',71,3,'H'),(98211,'万能科技大学',71,3,'W'),(989505,'仁德醫護管理專科學校',71,3,'R'),(970857,'社会大学',71,3,'S'),(98188,'世新大學',71,3,'S'),(867785,'世新大学',71,3,'S'),(996608,'四日市大学',71,3,'S'),(98258,'兰阳技术学院',71,3,'L'),(988253,'台灣省屏東縣私立慈惠醫護管理專科學校',71,3,'T'),(975968,'台灣藝術大學',71,3,'T'),(972526,'台灣私立中華工業專科學校',71,3,'T'),(970109,'台灣觀光學院',71,3,'T'),(978875,'台灣龍華科技大學',71,3,'T'),(98270,'台北海洋技術學院',71,3,'T'),(978052,'台北商業大學',71,3,'T'),(978896,'台北实践大学',71,3,'T'),(975769,'台北市國立藝術大學',71,3,'T'),(98220,'台南科技大學',71,3,'T'),(988396,'台湾成功大學',71,3,'T'),(993351,'台湾环球科技大学',71,3,'T'),(867782,'台湾静宜大学',71,3,'T'),(980800,'台湾首府大学',71,3,'T'),(972342,'台湾文化大學',71,3,'T'),(979224,'太平洋生物大学',71,3,'T'),(98226,'文藻外語學院',71,3,'W'),(98241,'醒吾技術學院',71,3,'X'),(98250,'修平技術學院',71,3,'X'),(98212,'玄奘大學',71,3,'X'),(98265,'亲民技术学院',71,3,'Q'),(98231,'永達技術學院',71,3,'Y'),(867784,'育達科技大學',71,3,'Y'),(98236,'育達商業科技大學',71,3,'Y'),(98233,'元培科技大學',71,3,'Y'),(98183,'元智大學',71,3,'Y'),(98194,'真理大學',71,3,'Z'),(98210,'正修科技大學',71,3,'Z'),(98240,'致理技術學院',71,3,'Z'),(98216,'致遠管理學院',71,3,'Z'),(98238,'中國科技大學',71,3,'Z'),(98179,'中國文化大學',71,3,'Z'),(98208,'中國醫藥大學',71,3,'Z'),(867783,'中国文化大学',71,3,'Z'),(98221,'中臺科技大學',71,3,'Z'),(98184,'中華大學',71,3,'Z'),(98224,'中華科技大學',71,3,'Z'),(98234,'中華醫事科技大學',71,3,'Z'),(98202,'中山醫學大學',71,3,'Z'),(98275,'中央警察大學',71,3,'Z'),(98177,'中原大學',71,3,'Z'),(996285,'中正理工大学',71,3,'Z'),(98246,'中州技術學院',71,3,'Z'),(98175,'辅仁大学',71,3,'F'),(98204,'辅英科技大学',71,3,'F'),(984079,'远東工商专校',71,3,'Y'),(98230,'远東科技大学',71,3,'Y'),(98189,'铭傳大学',71,3,'M'),(98206,'长荣大学',71,3,'C'),(98182,'长庚大学',71,3,'C'),(98262,'长庚技术学院',71,3,'C'),(98215,'开南大学',71,3,'K'),(98279,'陆军军官学校',71,3,'L'),(98181,'静宜大学',71,3,'J'),(98203,'龙华科技大学',71,3,'L'),(12963,'香港大学',81,3,'X'),(12961,'香港中文大学',81,3,'X'),(12970,'香港科技大学',81,3,'X'),(12969,'香港理工大学',81,3,'X'),(12962,'香港城市大学',81,3,'X'),(12966,'香港浸会大学',81,3,'X'),(993589,'安格亚洲大学',81,3,'A'),(984572,'东方神学院',81,3,'D'),(996843,'涉外贸易管理学院',81,3,'S'),(977871,'世界华文圣经学院',81,3,'S'),(983678,'香港專業教育学院 (IVE)',81,3,'X'),(98293,'香港樹仁大學',81,3,'X'),(989626,'香港财经学院',81,3,'X'),(98289,'香港公開大學',81,3,'X'),(867745,'香港国际工商管理学院',81,3,'X'),(992447,'香港华仁商学院',81,3,'X'),(12965,'香港教育学院',81,3,'X'),(978922,'香港浸大產經管理及農務系教育商科研究專業學院',81,3,'X'),(978973,'香港警察學院',81,3,'X'),(971349,'香港理工大学專上學院',81,3,'X'),(12964,'香港岭南大学',81,3,'X'),(867746,'香港树仁大学',81,3,'X'),(995340,'香港亚洲商学院',81,3,'X'),(12967,'香港演艺学院',81,3,'X'),(980397,'香港中文大学进修学院',81,3,'X'),(12968,'香港珠海学院',81,3,'X'),(984039,'香港专上教育学院',81,3,'X'),(980642,'亚太服装学校',81,3,'Y'),(988084,'亚洲商学院',81,3,'Y'),(971707,'中國信息管理學院',81,3,'Z'),(12943,'澳门大学',82,3,'A'),(12945,'澳门理工学院',82,3,'A'),(12946,'澳门科技大学',82,3,'A'),(12944,'澳门旅游学院',82,3,'A'),(98297,'亚洲(澳门)国际公开大学',82,3,'Y'),(971434,'澳门城市大学',82,3,'A'),(985088,'澳门东亚大学',82,3,'A'),(867749,'澳门国际公开大学',82,3,'A'),(867748,'澳门镜湖护理学院',82,3,'A'),(98303,'澳門保安部隊高等學校',82,3,'A'),(98301,'澳門管理學院',82,3,'A'),(995907,'澳門社會大學',82,3,'A'),(98299,'澳門鏡湖護理學院',82,3,'A'),(980459,'博士山学院',82,3,'B'),(983622,'成均馆大学',82,3,'C'),(867753,'东海大学',82,3,'D'),(972743,'社会交流研究院',82,3,'S'),(867752,'私立义守大学',82,3,'S'),(991837,'中国人民解放军建设大学',82,3,'Z'),(98302,'中西創新學院',82,3,'Z'),(969887,'河南省南阳市师范学院',41,3,'H'),(983791,'河南省南阳卫校',41,3,'H'),(970257,'河南省农业机械学校',41,3,'H'),(979441,'河南省平顶山煤炭卫生学校',41,3,'H'),(996221,'河南省平顶山市技师学院',41,3,'H'),(992333,'河南省平顶山市卫生学校',41,3,'H'),(978937,'河南省轻工业学院',41,3,'H'),(867620,'河南省轻工业职工大学',41,3,'H'),(986163,'河南省轻工职业学院',41,3,'H'),(995583,'河南省人民警察学校',41,3,'H'),(978519,'河南省商丘市职业技术学院',41,3,'H'),(95132,'河南省商业学院',41,3,'H'),(995854,'河南省省委党校',41,3,'H'),(985071,'河南省省政法学院',41,3,'H'),(988372,'河南省市委党校',41,3,'H'),(969909,'河南省司法警官学校',41,3,'H'),(984580,'河南省司法学校',41,3,'H'),(98329,'河南省台前县卫生学校',41,3,'H'),(976761,'河南省舞蹈学院',41,3,'H'),(992137,'河南省新乡市第一卫生学校',41,3,'H'),(982852,'河南省信阳地区卫生学校',41,3,'H'),(980881,'河南省许昌商业学校',41,3,'H'),(986274,'河南省冶金工业学校',41,3,'H'),(996475,'河南省医药技师学院',41,3,'H'),(976767,'河南省邮电学校',41,3,'H'),(10840,'河南省政法管理干部学院',41,3,'H'),(993536,'河南省郑州商都学院',41,3,'H'),(970895,'河南省郑州市铁道警官高等专科学校',41,3,'H'),(970212,'河南省郑州体育学院',41,3,'H'),(973363,'河南省职电大',41,3,'H'),(984077,'河南省职工医学院',41,3,'H'),(70609,'河南省直广播电视大学',41,3,'H'),(985007,'河南省制藥學校',41,3,'H'),(979011,'河南省制药技工学校',41,3,'H'),(972870,'河南省中医学院针灸推拿职业技术学院',41,3,'H'),(986195,'河南省周口地区艺术学校',41,3,'H'),(971621,'河南省周口农业学校',41,3,'H'),(980297,'河南省周口市艺术学校',41,3,'H'),(984960,'河南省驻马店地区政法干部管理学校',41,3,'H'),(984959,'河南省驻马店政法干校',41,3,'H'),(987873,'河南省总工会干部学校',41,3,'H'),(993584,'河南省漯河市市委党校',41,3,'H'),(867607,'河南师大',41,3,'H'),(10831,'河南师范大学',41,3,'H'),(991973,'河南师范大学美术学院',41,3,'H'),(867615,'河南师范大学新联学院',41,3,'H'),(95168,'河南师范学院华锐学院',41,3,'H'),(979376,'河南水利水电学校',41,3,'H'),(996356,'河南司法警官学院',41,3,'H'),(978888,'河南司法警官学院',41,3,'H'),(10824,'河南司法警官职业学院',41,3,'H'),(93355,'河南铁路职业技术学院',41,3,'H'),(978013,'河南通讯大学',41,3,'H'),(984649,'河南外贸学校',41,3,'H'),(867613,'河南卫生职工学院',41,3,'H'),(989394,'河南卫生职工学院',41,3,'H'),(10835,'河南新华电脑学院',41,3,'H'),(996717,'河南新闻进修学院',41,3,'H'),(971488,'河南新闻进修学院',41,3,'H'),(971652,'河南新乡粮食学校',41,3,'H'),(10886,'河南信息工程学校',41,3,'H'),(95133,'河南信息工程专修学院',41,3,'H'),(979362,'河南信阳科技进修学院',41,3,'H'),(95169,'河南信阳空军第一航空学院',41,3,'H'),(984219,'河南许昌理工学校',41,3,'H'),(985735,'河南许昌农机校',41,3,'H'),(989464,'河南许昌商校',41,3,'H'),(995416,'河南医科大学',41,3,'H'),(971220,'河南医科大学',41,3,'H'),(989337,'河南医药高级技师学院',41,3,'H'),(985761,'河南医药技师学院',41,3,'H'),(973809,'河南医药学院',41,3,'H'),(978494,'河南易斯顿国际美术学院',41,3,'H'),(978487,'河南针灸推拿学校',41,3,'H'),(978501,'河南政法干部管理学院',41,3,'H'),(971067,'河南政法管理干部学院',41,3,'H'),(10845,'河南职工医学院',41,3,'H'),(10844,'河南职业技术学院',41,3,'H'),(94392,'河南质量工程学院',41,3,'H'),(10849,'河南质量工程职业学院',41,3,'H'),(10818,'河南中医学院',41,3,'H'),(990439,'河南周口农业学校',41,3,'H'),(972293,'河南潢川师范学校',41,3,'H'),(971270,'河南漯河食品工程学院',41,3,'H'),(980870,'河南漯河卫生学校',41,3,'H'),(970404,'鹤壁技校',41,3,'H'),(94397,'鹤壁煤业技师学院',41,3,'H'),(986087,'鹤壁汽车工程职业学院',41,3,'H'),(977449,'鹤壁师范',41,3,'H'),(983809,'鹤壁市技工学校',41,3,'H'),(973682,'鹤壁市庞村技校',41,3,'H'),(993636,'鹤壁卫校',41,3,'H'),(10882,'鹤壁职业技术学院',41,3,'H'),(993436,'鹤煤技师学院',41,3,'H'),(980752,'十堰红阳职业技术学校',41,3,'S'),(93356,'湖北信息技术学院',41,3,'H'),(77822,'华北水利水电学院水利职业学院',41,3,'H'),(80812,'华北水利水电职业学院',41,3,'H'),(77820,'华北水利职业学院',41,3,'H'),(94377,'华中电力联合职工大学',41,3,'H'),(985658,'淮阳师范学校',41,3,'H'),(986072,'淮阳幼儿师范学校',41,3,'H'),(980344,'黄河大学',41,3,'H'),(10884,'黄河科技',41,3,'H'),(93357,'黄河科技学院',41,3,'H'),(977967,'黄河科技学院商贸学院',41,3,'H'),(94992,'黄河科学技术学院',41,3,'H'),(95399,'黄河美术设计学院',41,3,'H'),(10883,'黄河水利职业技术学院',41,3,'H'),(970971,'黄河水院',41,3,'H'),(77819,'黄河医学院',41,3,'H'),(10885,'黄淮学院',41,3,'H'),(988265,'济南陆军学院后勤分院',41,3,'J'),(995590,'济源广播电视大学',41,3,'J'),(985762,'济源市技工学校',41,3,'J'),(10854,'济源职业技术学院',41,3,'J'),(979058,'济源中等工业学校',41,3,'J'),(970816,'家寨学院',41,3,'J'),(94400,'焦作财会学院',41,3,'J'),(10858,'焦作大学',41,3,'J'),(985234,'焦作附属卫校',41,3,'J'),(973668,'焦作工贸职业技术学院',41,3,'J'),(971784,'焦作建筑经济学校',41,3,'J'),(987221,'焦作交通技校',41,3,'J'),(971310,'焦作理工大学',41,3,'J'),(10859,'焦作师范高等专科学校',41,3,'J'),(985313,'焦作市高级技工学校',41,3,'J'),(970055,'焦作市化工技校',41,3,'J'),(986984,'焦作市体育运动学校',41,3,'J'),(94398,'焦作学院',41,3,'J'),(989357,'焦作职业技术学院',41,3,'J'),(986703,'焦作中医药学校',41,3,'J'),(972675,'焦作中医中药学校',41,3,'J'),(68818,'解放军防空兵指挥学院',41,3,'J'),(977362,'解放军工程技术学院',41,3,'J'),(81447,'解放军外国语学院',41,3,'J'),(10892,'解放军信息工程学院(郑州)',41,3,'J'),(81450,'金马电脑学院',41,3,'J'),(10813,'开封大学',41,3,'K'),(990686,'开封第三师范学院',41,3,'K'),(977333,'开封电子科技大学',41,3,'K'),(983831,'开封干校',41,3,'K'),(982696,'开封高等师范专科学院',41,3,'K'),(986624,'开封化工技校',41,3,'K'),(94388,'开封技师学院',41,3,'K'),(985679,'开封郊区卫校',41,3,'K'),(68819,'开封教育学院',41,3,'K'),(976788,'开封旅游学校',41,3,'K'),(972602,'开封农业机械化学校',41,3,'K'),(971573,'开封师范高等专科学校',41,3,'K'),(987091,'开封师范学院',41,3,'K'),(989958,'开封师范专科学校',41,3,'K'),(985978,'开封市第三师范学校',41,3,'K'),(993339,'开封市第一师范学校',41,3,'K'),(867610,'开封市电子科技专修学校',41,3,'K'),(983061,'开封市体育运动学校',41,3,'K'),(971725,'开封市委党校',41,3,'K'),(77582,'开封市卫生学校',41,3,'K'),(996589,'开封市医学专科学校',41,3,'K'),(985320,'开封市政法干部学校',41,3,'K'),(987998,'开封市政法干部学校',41,3,'K'),(80820,'开封市职工大学',41,3,'K'),(979544,'开封市中西医药学院',41,3,'K'),(983481,'开封卫校',41,3,'K'),(986137,'开封文化艺术学院',41,3,'K'),(982742,'开封文化艺术职业学院',41,3,'K'),(98383,'开封现代科技中等职业技术学校',41,3,'K'),(992270,'开封县技工学校',41,3,'K'),(996376,'开封行政学院',41,3,'K'),(976843,'开封汴京美术学校',41,3,'K'),(94401,'科创软件学院',41,3,'K'),(992532,'空军军事职业大学',41,3,'K'),(94396,'林州市太平庄大学',41,3,'L'),(980647,'临颍黄龙技术学校',41,3,'L'),(975854,'凌湖农业露天大学',41,3,'L'),(993154,'洛耐技校',41,3,'L'),(970148,'洛阳财会',41,3,'L'),(992174,'洛阳财经学院',41,3,'L'),(10850,'洛阳大学',41,3,'L'),(979061,'洛阳东方电子学校',41,3,'L'),(975993,'洛阳高等工业专科学校',41,3,'L'),(993684,'洛阳高级技工学校',41,3,'L'),(982707,'洛阳工学院',41,3,'L'),(10851,'洛阳工业高等专科学校',41,3,'L'),(972250,'洛阳供销学校',41,3,'L'),(68820,'洛阳广播电视大学',41,3,'L'),(987973,'洛阳技工学校',41,3,'L'),(992159,'洛阳建材工业专科学校',41,3,'L'),(992124,'洛阳解放军外国语学院',41,3,'L'),(982789,'洛阳经贸学院',41,3,'L'),(976959,'洛阳警校',41,3,'L'),(996493,'洛阳军事外国语学院',41,3,'L'),(10853,'洛阳理工学院',41,3,'L'),(978098,'洛阳理疗保健专业学校',41,3,'L'),(985600,'洛阳耐火技工学校',41,3,'L'),(992281,'洛阳农业高等专科学校',41,3,'L'),(977343,'洛阳农专',41,3,'L'),(98640,'洛阳荣华学院',41,3,'L'),(982944,'洛阳三师',41,3,'L'),(990559,'洛阳商贸学院',41,3,'L'),(971572,'洛阳师范学院文学与传媒学院',41,3,'L'),(10852,'洛阳师院',41,3,'L'),(988227,'洛阳市党校',41,3,'L'),(980866,'洛阳市东方电子学校',41,3,'L'),(972375,'洛阳市高级技工学校',41,3,'L'),(990808,'洛阳市技工学校',41,3,'L'),(988159,'洛阳市解放军外语学院',41,3,'L'),(977384,'洛阳市经贸学院',41,3,'L'),(995668,'洛阳市绿业信息学院',41,3,'L'),(990514,'洛阳市卫生学校',41,3,'L'),(94389,'洛阳市职工科学技术学院',41,3,'L'),(990642,'洛阳市重工局技校',41,3,'L'),(971604,'洛阳铁路运输高级技工学校',41,3,'L'),(988226,'洛阳铁路运输学校',41,3,'L'),(973442,'洛阳铁路职工技术学校',41,3,'L'),(982582,'洛阳铜加工厂有色金属职工大学',41,3,'L'),(987821,'洛阳外贸学院',41,3,'L'),(984130,'洛阳卫生学校',41,3,'L'),(995875,'洛阳医学高等专科学校',41,3,'L'),(988160,'洛阳有色金属职工大学',41,3,'L'),(995431,'洛阳有色职工大学',41,3,'L'),(995727,'洛阳幼儿师范学校',41,3,'L'),(989884,'洛阳职业技术学院',41,3,'L'),(984856,'洛阳中信重机技工学院',41,3,'L'),(980707,'洛阳轴承集团职工大学',41,3,'L'),(976274,'洛阳轴承技工学校',41,3,'L'),(94391,'洛轴职工大学',41,3,'L'),(977973,'民权外国语学校',41,3,'M'),(977211,'明杰职业高等技术学校',41,3,'M'),(976087,'南阳第四师范学校',41,3,'N'),(978554,'南阳第五师范学院',41,3,'N'),(970521,'南阳第一师范学校',41,3,'N'),(993349,'南阳第一师范学院',41,3,'N'),(980008,'南阳高级技工学院',41,3,'N'),(72837,'南阳广播电视学院',41,3,'N'),(95229,'南阳技师学院',41,3,'N'),(987720,'南阳技校',41,3,'N'),(985865,'南阳建筑工程学校',41,3,'N'),(10797,'南阳理工',41,3,'N'),(970083,'南阳理工学院',41,3,'N'),(980750,'南阳商业学校',41,3,'N'),(10796,'南阳师范学院',41,3,'N'),(867606,'南阳师院',41,3,'N'),(974015,'南阳师专',41,3,'N'),(984882,'南阳市第一技工学校',41,3,'N'),(978315,'南阳市商业学校',41,3,'N'),(977996,'南阳市体育运动学校',41,3,'N'),(976228,'南阳市医科学院',41,3,'N'),(988142,'南阳市政法干校',41,3,'N'),(10795,'南阳医学高等专科学校',41,3,'N'),(972322,'南阳张仲景国医学院',41,3,'N'),(989760,'平顶山城建环保学校',41,3,'P'),(983949,'平顶山城建学院',41,3,'P'),(993118,'平顶山工学院',41,3,'P'),(992288,'平顶山工学院',41,3,'P'),(95383,'平顶山工业职业技术学院',41,3,'P'),(10811,'平顶山教育学院',41,3,'P'),(982682,'平顶山师范高等专科学校',41,3,'P'),(985141,'平顶山市理工学校',41,3,'P'),(976929,'平顶山市卫生学校',41,3,'P'),(973945,'平顶山卫校',41,3,'P'),(10809,'平顶山学院',41,3,'P'),(10812,'平顶山职业技术学院',41,3,'P'),(10808,'平原大学',41,3,'P'),(977463,'平职学院',41,3,'P'),(970516,'沁阳师范',41,3,'Q'),(867617,'清华IT河南校区',41,3,'Q'),(970885,'确山家庭大学',41,3,'Q'),(972844,'汝南师范',41,3,'R'),(78268,'汝南幼儿师范',41,3,'R'),(992343,'汝南园林学校',41,3,'R'),(980810,'汝南园林学校',41,3,'R'),(976035,'汝州师范',41,3,'R'),(985195,'汝州市技工学校',41,3,'R'),(886963,'汝州市卫校',41,3,'R'),(988123,'三门峡工学院',41,3,'S'),(10788,'三门峡职业技术学院',41,3,'S'),(983552,'商丘步兵学校',41,3,'S'),(982840,'商丘电子计算机应用技术学校',41,3,'S'),(972433,'商丘工学院',41,3,'S'),(10802,'商丘工学院',41,3,'S'),(986863,'商丘技工学院',41,3,'S'),(867611,'商丘科技职业学院',41,3,'S'),(993601,'商丘农学院',41,3,'S'),(867624,'商丘师范学院',41,3,'S'),(977060,'商丘师范学院软件学院',41,3,'S'),(10801,'商丘师院',41,3,'S'),(978249,'商丘市财经学院',41,3,'S'),(972646,'商丘市华强技工学校',41,3,'S'),(987812,'商丘市淮海医药专修学校',41,3,'S'),(970425,'商丘市技工学校',41,3,'S'),(970440,'商丘学院',41,3,'S'),(986718,'商丘学院',41,3,'S'),(973773,'商丘学院',41,3,'S'),(977184,'商丘亚翔职业学校',41,3,'S'),(10800,'商丘医学高等专科学校',41,3,'S'),(972983,'商丘幼儿师范',41,3,'S'),(979523,'商丘幼儿师范学院',41,3,'S'),(10803,'商丘职业技术学院',41,3,'S'),(81468,'上蔡师范',41,3,'S'),(94395,'社会工程学院',41,3,'S'),(980548,'升达大学',41,3,'S'),(971014,'太康职业技术学院',41,3,'T'),(975634,'天地职专',41,3,'T'),(10881,'铁道警官高等专科学校',41,3,'T'),(93358,'铁道警官高等专科学院',41,3,'T'),(94386,'武警郑州指学院',41,3,'W'),(973671,'舞钢技校',41,3,'W'),(978983,'舞钢师范',41,3,'W'),(983093,'舞钢冶金高级技工学校',41,3,'W'),(972129,'西平县杨庄乡仪封大学',41,3,'X'),(983687,'西亚斯国际学院',41,3,'X'),(980072,'夏邑师范学校',41,3,'X'),(973323,'襄城师范',41,3,'X'),(80818,'消防指挥学院',41,3,'X'),(992033,'新乡第一卫校',41,3,'X'),(971634,'新乡电视广播大学',41,3,'X'),(972976,'新乡二技校',41,3,'X'),(985695,'新乡公安干部学校',41,3,'X'),(77828,'新乡广播电视大学',41,3,'X'),(1001242,'新乡海运学校',41,3,'X'),(975912,'新乡海运学校',41,3,'X'),(1001243,'新乡海运学校',41,3,'X'),(10816,'新乡师范高等专科学校',41,3,'X'),(989725,'新乡市第三技工学校',41,3,'X'),(890510,'新乡市第一卫生学校',41,3,'X'),(10815,'新乡市教育学院',41,3,'X'),(993479,'新乡市委党校',41,3,'X'),(884146,'新乡市职业教育中心',41,3,'X'),(991952,'新乡司法干校',41,3,'X'),(976472,'新乡信息工程学校',41,3,'X'),(80817,'新乡学院',41,3,'X'),(991025,'新乡医学院',41,3,'X'),(10814,'新乡医学院',41,3,'X'),(979533,'新乡医学院成人教育学院',41,3,'X'),(77829,'新乡医学院三全学院',41,3,'X'),(971154,'新乡职业技术学院',41,3,'X'),(988356,'新野县天翔職業技術學校',41,3,'X'),(983108,'新远职业学校',41,3,'X'),(94387,'信息工程学院',41,3,'X'),(980570,'信阳第六技工学校',41,3,'X'),(995419,'信阳电子学校',41,3,'X'),(971276,'信阳高等农业大专',41,3,'X'),(95170,'信阳广播电视大学',41,3,'X'),(95297,'信阳航空学院',41,3,'X'),(987065,'信阳化工技校',41,3,'X'),(975643,'信阳技师学院',41,3,'X'),(10893,'信阳教育学院',41,3,'X'),(995690,'信阳陆军学院',41,3,'X'),(988112,'信阳陆军学院',41,3,'X'),(10791,'信阳农业高等专科学校',41,3,'X'),(475679,'信阳师范学院',41,3,'X'),(80816,'信阳师范学院华锐学院',41,3,'X'),(10792,'信阳师院',41,3,'X'),(977317,'信阳市卫生学校',41,3,'X'),(995716,'信阳卫校',41,3,'X'),(10793,'信阳职业技术学院',41,3,'X'),(972067,'信阳专业技术学院',41,3,'X'),(975822,'许昌电气职业技术学院',41,3,'X'),(976842,'许昌电视广播大学',41,3,'X'),(989871,'许昌工商管理学校',41,3,'X'),(983482,'许昌机电工程学校',41,3,'X'),(986659,'许昌理工学校',41,3,'X'),(987894,'许昌农业机械化学校',41,3,'X'),(972287,'许昌市工商管理学校',41,3,'X'),(987182,'许昌市委党校',41,3,'X'),(95246,'许昌市卫生学校',41,3,'X'),(10860,'许昌学院',41,3,'X'),(10861,'许昌职业技术学院',41,3,'X'),(972166,'杨营中心校',41,3,'Y'),(983712,'义煤技校',41,3,'Y'),(10817,'永城职业学院',41,3,'Y'),(978863,'油建技校',41,3,'Y'),(986633,'豫北医专',41,3,'Y'),(971479,'豫南农业高等专科学校',41,3,'Y'),(983769,'豫南农业专科学校',41,3,'Y'),(988141,'豫西师范',41,3,'Y'),(971088,'原阳县教师进修学校',41,3,'Y'),(77832,'张仲景国医学院',41,3,'Z'),(978371,'正阳大学',41,3,'Z'),(972282,'郑大医学院',41,3,'Z'),(976225,'郑缆技校',41,3,'Z'),(93359,'郑州白求恩医学院',41,3,'Z'),(93360,'郑州财经技师学院',41,3,'Z'),(972749,'郑州财贸学校',41,3,'Z'),(972503,'郑州财税学校',41,3,'Z'),(974059,'郑州长大学成教学院',41,3,'Z'),(973386,'郑州城市职业学院',41,3,'Z'),(995546,'郑州大河学院',41,3,'Z'),(93361,'郑州大学工学院',41,3,'Z'),(980639,'郑州大学护理学院',41,3,'Z'),(982343,'郑州大学环境与水利学院',41,3,'Z'),(978395,'郑州大学商学院',41,3,'Z'),(10866,'郑州大学升达经贸管理学院',41,3,'Z'),(68906,'郑州大学体育学院',41,3,'Z'),(986998,'郑州大学土木工程学院',41,3,'Z'),(10867,'郑州大学西亚斯国际学院',41,3,'Z'),(984561,'郑州大学现代远程教育学院',41,3,'Z'),(984698,'郑州大学医学院',41,3,'Z'),(987324,'郑州大学远程教育学院',41,3,'Z'),(973488,'郑州大学中山医学院',41,3,'Z'),(10873,'郑州电力高等专科学校',41,3,'Z'),(976229,'郑州电线电缆技工学校',41,3,'Z'),(10874,'郑州电子信息职业技术学院',41,3,'Z'),(887327,'郑州东方艺术学校',41,3,'Z'),(988060,'郑州纺织工学院',41,3,'Z'),(94381,'郑州高级技工学院',41,3,'Z'),(973434,'郑州高炮学院',41,3,'Z'),(978010,'郑州工程学院',41,3,'Z'),(93362,'郑州工学院',41,3,'Z'),(10868,'郑州工业安全职业学院',41,3,'Z'),(982485,'郑州工业高等专科学校',41,3,'Z'),(986940,'郑州工业高等专科学校',41,3,'Z'),(70691,'郑州广播电视大学',41,3,'Z'),(93363,'郑州国际工商管理学院',41,3,'Z'),(80815,'郑州航空工业管理学院',41,3,'Z'),(980354,'郑州航空管理理学院',41,3,'Z'),(989369,'郑州航天学院',41,3,'Z'),(72045,'郑州航院信息统计职业学院',41,3,'Z'),(985617,'郑州华东技校',41,3,'Z'),(72846,'郑州华信学院',41,3,'Z'),(10864,'郑州华信职业技术学院',41,3,'Z'),(93364,'郑州黄河科技学院',41,3,'Z'),(93365,'郑州黄河医学专修学院',41,3,'Z'),(995737,'郑州机械工程学院',41,3,'Z'),(980163,'郑州技师学院',41,3,'Z'),(93366,'郑州交通大学',41,3,'Z'),(10862,'郑州交通学院',41,3,'Z'),(93367,'郑州交通职业学院',41,3,'Z'),(990045,'郑州教育学院',41,3,'Z'),(983607,'郑州解放军工程信息学院',41,3,'Z'),(81451,'郑州经济管理干部学院',41,3,'Z'),(986766,'郑州经济专修学院',41,3,'Z'),(95402,'郑州经贸职业技术学院',41,3,'Z'),(10876,'郑州经贸职业学院',41,3,'Z'),(980024,'郑州警校',41,3,'Z'),(93368,'郑州科技学院',41,3,'Z'),(10875,'郑州科技职业学院',41,3,'Z'),(978214,'郑州理工',41,3,'Z'),(982623,'郑州理工职业技术学院',41,3,'Z'),(976466,'郑州理工专修学院',41,3,'Z'),(972650,'郑州粮食学院',41,3,'Z'),(10870,'郑州旅游职业学院',41,3,'Z'),(867619,'郑州煤炭管理干部学院',41,3,'Z'),(977046,'郑州煤田职工地质学院',41,3,'Z'),(70622,'郑州美术学院',41,3,'Z'),(867622,'郑州牧业高等专科学校',41,3,'Z'),(10872,'郑州牧业工程高等专科学校',41,3,'Z'),(80811,'郑州牧业工程高等专科学院',41,3,'Z'),(98479,'郑州轻工学院轻工职业学院',41,3,'Z'),(867625,'郑州轻工业轻工职业学院',41,3,'Z'),(970803,'郑州轻工业学院',41,3,'Z'),(70612,'郑州轻工业学院民族职业学院',41,3,'Z'),(94379,'郑州轻工业学院轻工职业学院',41,3,'Z'),(978606,'郑州轻工业学院易斯顿国际美术学院',41,3,'Z'),(976978,'郑州轻工业学院易斯顿美术学院',41,3,'Z'),(94385,'郑州轻工职业技术学院',41,3,'Z'),(978075,'郑州轻院轻工职业学院',41,3,'Z'),(979632,'郑州商贸旅游职业学院',41,3,'Z'),(971062,'郑州升达大学',41,3,'Z'),(991011,'郑州升达经贸管理',41,3,'Z'),(972644,'郑州升达经贸管理学院',41,3,'Z'),(98708,'郑州师范学院',41,3,'Z'),(10869,'郑州师范学院',41,3,'Z'),(973757,'郑州市城市管理学院',41,3,'Z'),(976361,'郑州市防空兵指挥学院',41,3,'Z'),(978627,'郑州市高等师范专科学校',41,3,'Z'),(986824,'郑州市化工医药技工学校',41,3,'Z'),(93369,'郑州市技师学院',41,3,'Z'),(93370,'郑州市绿业科技学院',41,3,'Z'),(94383,'郑州市轻工业学院轻工职业技术学院',41,3,'Z'),(979693,'郑州市商贸管理学校',41,3,'Z'),(990985,'郑州市市委党校',41,3,'Z'),(982604,'郑州市委党校',41,3,'Z'),(95404,'郑州市行政学院',41,3,'Z'),(93371,'郑州市职工大学',41,3,'Z'),(93372,'郑州树青医学院',41,3,'Z'),(94380,'郑州司法警官学院',41,3,'Z'),(976766,'郑州四方模具学校',41,3,'Z'),(970408,'郑州铁道高等专科学校',41,3,'Z'),(972799,'郑州铁路高级技工',41,3,'Z'),(80810,'郑州铁路高级技师学院',41,3,'Z'),(972877,'郑州铁路机械学校',41,3,'Z'),(987007,'郑州铁路局中央党校',41,3,'Z'),(976257,'郑州铁路卫生学校',41,3,'Z'),(10880,'郑州铁路职业技术学院',41,3,'Z'),(979989,'郑州桐柏路纺织学院',41,3,'Z'),(990348,'郑州外资企业管理学院',41,3,'Z'),(975668,'郑州卫生学校',41,3,'Z'),(970334,'郑州卫校',41,3,'Z'),(973012,'郑州文理专修学院',41,3,'Z'),(995833,'郑州新青年职业技术学校',41,3,'Z'),(10863,'郑州信息科技职业学院',41,3,'Z'),(80819,'郑州伊斯兰教经学院',41,3,'Z'),(972463,'郑州政法干部管理学校',41,3,'Z'),(93373,'郑州职工大学',41,3,'Z'),(10877,'郑州职业技术学院',41,3,'Z'),(93374,'郑州指挥学院',41,3,'Z'),(971548,'郑州中立国际广告学院',41,3,'Z'),(985596,'郑州中山医学专修学院',41,3,'Z'),(94378,'郑州中原科技教育学院',41,3,'Z'),(94382,'郑州中原医学院',41,3,'Z'),(976779,'郑州仲景国医大学',41,3,'Z'),(976880,'郑州仲景国医专科学校',41,3,'Z'),(978407,'郑州仲景国医专修学院',41,3,'Z'),(10871,'郑州澍青医学高等专科学校',41,3,'Z'),(94993,'郑州澍青医学院',41,3,'Z'),(979297,'中共安阳市委党校',41,3,'Z'),(990705,'中共洛阳市委党校',41,3,'Z'),(975895,'中国解放军信息工程大学',41,3,'Z'),(970274,'中国人民解放军测绘学院',41,3,'Z'),(980006,'中国人民解放军大学',41,3,'Z'),(982487,'中国人民解放军防空兵指挥学院',41,3,'Z'),(972277,'中国人民解放军空军第九航空学院',41,3,'Z'),(976796,'中国人民解放军空军第十三飞行学院',41,3,'Z'),(80822,'中国人民解放军空军第一航空学院',41,3,'Z'),(94390,'中国人民解放军外国语学院',41,3,'Z'),(10888,'中国人民解放军信息工程大学',41,3,'Z'),(996324,'中国石油一建技工学校',41,3,'Z'),(972323,'中国一拖高级技工学校',41,3,'Z'),(976236,'中国一拖技校',41,3,'Z'),(81449,'中国一拖拖拉机学院',41,3,'Z'),(985655,'中国中铁隧道集团职工学院',41,3,'Z'),(982587,'中南交通技工学校',41,3,'Z'),(996289,'中铁十五局集团技工学校',41,3,'Z'),(972394,'中铁十五局技校',41,3,'Z'),(983800,'中铁隧道集团职工大学',41,3,'Z'),(984667,'中央广播电视大学新乡分校',41,3,'Z'),(10789,'中原工学院',41,3,'Z'),(80813,'中原工学院广播影视学院',41,3,'Z'),(972172,'中原工学院软件学院',41,3,'Z'),(77825,'中原工学院信息商务学院',41,3,'Z'),(990011,'中原工学院信息商务学院',41,3,'Z'),(93375,'中原理工学院',41,3,'Z'),(986203,'中原文化艺术学院',41,3,'Z'),(867621,'中原医学专修学院',41,3,'Z'),(10891,'中原油田广播电视大学',41,3,'Z'),(10790,'中州大学',41,3,'Z'),(988014,'周口地区卫校',41,3,'Z'),(970285,'周口地区艺术学校',41,3,'Z'),(976063,'周口海萍职专',41,3,'Z'),(990347,'周口教育学院',41,3,'Z'),(979703,'周口粮食干部学校',41,3,'Z'),(972114,'周口粮食学校',41,3,'Z'),(979225,'周口美校',41,3,'Z'),(970979,'周口人民大学',41,3,'Z'),(10798,'周口师院',41,3,'Z'),(985640,'周口市技工学校',41,3,'Z'),(973505,'周口市交通技工学校',41,3,'Z'),(995512,'周口卫校',41,3,'Z'),(681377,'周口职业技术学院',41,3,'Z'),(983606,'驻马店大学',41,3,'Z'),(982589,'驻马店工业学校',41,3,'Z'),(77834,'驻马店广播电视大学',41,3,'Z'),(980180,'驻马店华信技校',41,3,'Z'),(987093,'驻马店机械电子工程学校',41,3,'Z'),(77833,'驻马店教育学院',41,3,'Z'),(977288,'驻马店农校',41,3,'Z'),(970390,'驻马店商业学校',41,3,'Z'),(975590,'驻马店师专',41,3,'Z'),(972596,'驻马店市农业学校',41,3,'Z'),(988122,'驻马店职业技术学院',41,3,'Z'),(976934,'砖井村第一大学',41,3,'Z'),(988337,'偃师市委党校',41,3,'Z'),(992185,'郏县卫校',41,3,'Z'),(978365,'嵩山少林寺武僧文武学校',41,3,'Z'),(10807,'嵩山少林武术职业学院',41,3,'Z'),(991040,'汴京大学',41,3,'Z'),(978965,'漯河财校',41,3,'Z'),(982938,'漯河大学',41,3,'Z'),(971562,'漯河电大',41,3,'Z'),(972980,'漯河技术学院',41,3,'Z'),(973698,'漯河食品工业学院',41,3,'Z'),(10855,'漯河医学高等专科学校',41,3,'Z'),(993505,'漯河振华技校',41,3,'Z'),(10856,'漯河职业技术学院',41,3,'Z'),(10890,'濮阳广播电视大学',41,3,'Z'),(984702,'濮阳师范',41,3,'Z'),(990732,'濮阳市第二师范学校',41,3,'Z'),(990806,'濮阳市卫校',41,3,'Z'),(989928,'濮阳卫校',41,3,'Z'),(10857,'濮阳职业技术学院',41,3,'Z'),(986737,'栾川工科职业中专',41,3,'Z'),(973331,'长葛大学',41,3,'C'),(10014,'哈尔滨工业大学',23,3,'H'),(10027,'哈尔滨工程大学',23,3,'H'),(10003,'东北林业大学',23,3,'D'),(10002,'东北农业大学',23,3,'D'),(10008,'哈尔滨医科大学',23,3,'H'),(10044,'黑龙江中医药',23,3,'H'),(982735,'拜泉县技术工人学校',23,3,'B'),(970264,'宝清技工学校',23,3,'B'),(996855,'北安市卫校',23,3,'B'),(94828,'北疆国门大学',23,3,'B'),(80842,'滨才日语学院',23,3,'B'),(971600,'宾县党校',23,3,'B'),(92819,'博大律师专修学院',23,3,'B'),(867237,'诚实外语学院（肇庆分院）',23,3,'C'),(972684,'大庆八一农大',23,3,'D'),(10079,'大庆高等专科学校',23,3,'D'),(10078,'大庆广播电视大学',23,3,'D'),(980437,'大庆技师学院',23,3,'D'),(10031,'大庆师范学院',23,3,'D'),(985936,'大庆石化职工大学',23,3,'D'),(990785,'大庆石油高级技工学校',23,3,'D'),(971518,'大庆石油化工职业大学',23,3,'D'),(10033,'大庆石油学院华瑞学院',23,3,'D'),(975573,'大庆市天然气技工学校',23,3,'D'),(977202,'大庆市天言外国语学院',23,3,'D'),(986138,'大庆天言职业学校',23,3,'D'),(971728,'大庆天言职业学校',23,3,'D'),(984558,'大庆卫校',23,3,'D'),(992313,'大庆职工医学院',23,3,'D'),(10034,'大庆职业学院',23,3,'D'),(990042,'大兴安岭警官学校',23,3,'D'),(980468,'大兴安岭林管局技工学校',23,3,'D'),(10029,'大兴安岭职业学院',23,3,'D'),(867223,'东北林大',23,3,'D'),(80843,'东北农业大学成栋学院',23,3,'D'),(81482,'东北农业大学大庆分院',23,3,'D'),(10032,'东北石油大学',23,3,'D'),(987271,'东北石油大学成人继续学院',23,3,'D'),(972964,'东北石油大学华瑞学院',23,3,'D'),(976148,'东北重型机械学院',23,3,'D'),(10004,'东方学院',23,3,'D'),(979330,'哈尔滨北方联合大学',23,3,'H'),(990789,'哈尔滨财经学校',23,3,'H'),(989675,'哈尔滨财贸职工大学',23,3,'H'),(996888,'哈尔滨船舶工程学院',23,3,'H'),(970924,'哈尔滨船舶工程学院',23,3,'H'),(867239,'哈尔滨德强商务学院',23,3,'H'),(985304,'哈尔滨第一职业学校',23,3,'H'),(972205,'哈尔滨电工学院',23,3,'H'),(976289,'哈尔滨电机厂职工大学',23,3,'H'),(92811,'哈尔滨电力学院',23,3,'H'),(10023,'哈尔滨电力职业技术学院',23,3,'H'),(979719,'哈尔滨电视大学',23,3,'H'),(95303,'哈尔滨对外经济学院',23,3,'H'),(971525,'哈尔滨佛教大学',23,3,'H'),(971615,'哈尔滨佛学院',23,3,'H'),(993318,'哈尔滨工程高等专科学校',23,3,'H'),(978992,'哈尔滨工商职业技术学院',23,3,'H'),(996375,'哈尔滨工业大学成人远程教育学院',23,3,'H'),(10015,'哈尔滨工业大学华德应用技术学院',23,3,'H'),(997228,'哈尔滨工业大学建筑学院',23,3,'H'),(95194,'哈尔滨工业大学职业技术学院',23,3,'H'),(68900,'哈尔滨广播电视大学',23,3,'H'),(81493,'哈尔滨广播电视大学方正分校',23,3,'H'),(989809,'哈尔滨航空服务学院',23,3,'H'),(996863,'哈尔滨航空职工大学',23,3,'H'),(980783,'哈尔滨华德学院',23,3,'H'),(10009,'哈尔滨华夏计算机职业技术学院',23,3,'H'),(970963,'哈尔滨机电专科学校',23,3,'H'),(980160,'哈尔滨嘉恒职业学院',23,3,'H'),(971385,'哈尔滨剑桥学院',23,3,'H'),(989525,'哈尔滨剑桥职业学院',23,3,'H'),(976266,'哈尔滨建工学院',23,3,'H'),(992103,'哈尔滨建设职工大学',23,3,'H'),(980520,'哈尔滨建筑大学',23,3,'H'),(977848,'哈尔滨建筑工程学院',23,3,'H'),(978538,'哈尔滨江南职业技术学院',23,3,'H'),(984987,'哈尔滨江南职业技术学院',23,3,'H'),(10025,'哈尔滨金融高等专科学校',23,3,'H'),(98532,'哈尔滨金融学院',23,3,'H'),(92798,'哈尔滨经济管理干部学院',23,3,'H'),(980281,'哈尔滨军事工程学院',23,3,'H'),(974054,'哈尔滨科技专修学院',23,3,'H'),(979134,'哈尔滨劳动技师学院',23,3,'H'),(10021,'哈尔滨理工大学',23,3,'H'),(92812,'哈尔滨理工大学剑桥学院',23,3,'H'),(10022,'哈尔滨理工大学远东学院',23,3,'H'),(92801,'哈尔滨旅游学院',23,3,'H'),(990973,'哈尔滨民进幼儿师范学校',23,3,'H'),(983579,'哈尔滨农业大学',23,3,'H'),(992043,'哈尔滨汽车职业技术学校',23,3,'H'),(970482,'哈尔滨青年干部学院',23,3,'H'),(976100,'哈尔滨轻工学院',23,3,'H'),(10010,'哈尔滨商业大学',23,3,'H'),(10012,'哈尔滨商业大学德强商务学院',23,3,'H'),(10011,'哈尔滨商业大学广厦学院',23,3,'H'),(976822,'哈尔滨商业高级技工学校',23,3,'H'),(987975,'哈尔滨商业学院',23,3,'H'),(987704,'哈尔滨圣泰技工学校',23,3,'H'),(10082,'哈尔滨师范大学',23,3,'H'),(10018,'哈尔滨师范大学阿城学院',23,3,'H'),(10017,'哈尔滨师范大学恒星学院',23,3,'H'),(10016,'哈尔滨师范大学呼兰学院',23,3,'H'),(960518,'哈尔滨师范大学文泰专业技术学校',23,3,'H'),(971654,'哈尔滨师范专科学校',23,3,'H'),(990993,'哈尔滨食品工业学校',23,3,'H'),(992363,'哈尔滨市财经学校',23,3,'H'),(990580,'哈尔滨市财贸职工大学',23,3,'H'),(984540,'哈尔滨市妇联幼儿师范学校',23,3,'H'),(983076,'哈尔滨市教师体育学院',23,3,'H'),(977029,'哈尔滨市经济干部管理学院',23,3,'H'),(976319,'哈尔滨市劳动和社会保障局技工学校',23,3,'H'),(979546,'哈尔滨市旅游职业学校',23,3,'H'),(984952,'哈尔滨市人民警察学校',23,3,'H'),(980777,'哈尔滨市委党校',23,3,'H'),(977023,'哈尔滨市委党校',23,3,'H'),(979512,'哈尔滨市卫校',23,3,'H'),(977988,'哈尔滨市医药工程学校',23,3,'H'),(867242,'哈尔滨市幼儿师范学校',23,3,'H'),(986932,'哈尔滨市职工大学',23,3,'H'),(975644,'哈尔滨市职工纺织工学院',23,3,'H'),(72828,'哈尔滨市职工医学院',23,3,'H'),(98918,'哈尔滨数字影视专修学院',23,3,'H'),(986666,'哈尔滨司法警官学院',23,3,'H'),(94438,'哈尔滨体育学院',23,3,'H'),(10007,'哈尔滨体院',23,3,'H'),(10026,'哈尔滨铁道职业技术学院',23,3,'H'),(972176,'哈尔滨铁路卫生学校',23,3,'H'),(971457,'哈尔滨铁路卫校',23,3,'H'),(70639,'哈尔滨外国语学院',23,3,'H'),(988275,'哈尔滨卫校',23,3,'H'),(984075,'哈尔滨文泰职业技术学校',23,3,'H'),(985165,'哈尔滨武警指挥学院',23,3,'H'),(10020,'哈尔滨现代公共关系职业学院',23,3,'H'),(10081,'哈尔滨新北方外国语学院',23,3,'H'),(10013,'哈尔滨学院',23,3,'H'),(92802,'哈尔滨阳光计算机学院',23,3,'H'),(867235,'哈尔滨阳光计算机专修学校',23,3,'H'),(94958,'哈尔滨医科大学大庆校区',23,3,'H'),(978158,'哈尔滨艺术学院',23,3,'H'),(990329,'哈尔滨幼儿师范学院',23,3,'H'),(971164,'哈尔滨职工大学',23,3,'H'),(970959,'哈尔滨职工医学院',23,3,'H'),(983035,'哈尔滨中西药大学',23,3,'H'),(867222,'哈工程',23,3,'H'),(970006,'哈工大航天学院',23,3,'H'),(92809,'哈工大华德应用技术学院',23,3,'H'),(68886,'哈工大科技园应用技术学院',23,3,'H'),(972444,'哈理工远东学院',23,3,'H'),(990320,'海林卫校',23,3,'H'),(80839,'鹤岗大学',23,3,'H'),(977043,'鹤岗党校',23,3,'H'),(987855,'鹤岗电大',23,3,'H'),(992338,'鹤岗警校',23,3,'H'),(867226,'鹤岗矿务局职工大学',23,3,'H'),(976320,'鹤岗市电视大学',23,3,'H'),(990489,'鹤岗市矿务局师范学校',23,3,'H'),(973713,'鹤岗市商校',23,3,'H'),(867224,'黑工程',23,3,'H'),(990614,'黑河师范',23,3,'H'),(980654,'黑河市卫生学校',23,3,'H'),(10042,'黑河学院',23,3,'H'),(10047,'黑龙江八一农垦大学',23,3,'H'),(975838,'黑龙江巴彦县职业技术学院',23,3,'H'),(10055,'黑龙江北开职业技术学院',23,3,'H'),(987292,'黑龙江滨才学院',23,3,'H'),(81476,'黑龙江兵器工业大学',23,3,'H'),(993103,'黑龙江兵器工业职工大学',23,3,'H'),(978035,'黑龙江财政专科学校（现哈尔滨商业大学）',23,3,'H'),(867229,'黑龙江大鹏传媒学院',23,3,'H'),(10058,'黑龙江大学',23,3,'H'),(70635,'黑龙江大学剑桥学院',23,3,'H'),(983560,'黑龙江大学新闻传播学院',23,3,'H'),(78228,'黑龙江大学伊春分校',23,3,'H'),(984953,'黑龙江党校',23,3,'H'),(984924,'黑龙江导游学院',23,3,'H'),(92829,'黑龙江第二技师学院',23,3,'H'),(976892,'黑龙江电力职工大学',23,3,'H'),(77660,'黑龙江东方学院',23,3,'H'),(973546,'黑龙江东亚大学',23,3,'H'),(81477,'黑龙江对俄贸易专修学院',23,3,'H'),(72042,'黑龙江对外经济学院',23,3,'H'),(10041,'黑龙江工程学院',23,3,'H'),(973767,'黑龙江工程学院昆仑旅游学院',23,3,'H'),(10059,'黑龙江工商职业技术学院',23,3,'H'),(10048,'黑龙江公安警官职业学院',23,3,'H'),(92803,'黑龙江广播电视大学',23,3,'H'),(94440,'黑龙江国际经贸学院',23,3,'H'),(77659,'黑龙江国际旅游商务学院',23,3,'H'),(970140,'黑龙江哈尔滨东方学院',23,3,'H'),(92804,'黑龙江哈尔滨铁道职业技术学院',23,3,'H'),(10077,'黑龙江海伦师范学校',23,3,'H'),(978227,'黑龙江鹤岗技工学校',23,3,'H'),(978864,'黑龙江黑河卫校',23,3,'H'),(977933,'黑龙江机械制造学校',23,3,'H'),(979452,'黑龙江鸡西市鸡冠外国语学院',23,3,'H'),(10061,'黑龙江建筑职业技术学院',23,3,'H'),(982997,'黑龙江交通大学',23,3,'H'),(10045,'黑龙江交通职业技术学院',23,3,'H'),(984553,'黑龙江教育学院',23,3,'H'),(992109,'黑龙江金融职工学院',23,3,'H'),(971381,'黑龙江经济干部管理学院',23,3,'H'),(10070,'黑龙江科技大学',23,3,'H'),(92800,'黑龙江科技学院',23,3,'H'),(976893,'黑龙江科技职业学院',23,3,'H'),(978978,'黑龙江矿业学院',23,3,'H'),(92799,'黑龙江粮食职业技术学院',23,3,'H'),(77661,'黑龙江粮食职业学院',23,3,'H'),(867228,'黑龙江粮食职业学院　　',23,3,'H'),(984586,'黑龙江林业大学',23,3,'H'),(10063,'黑龙江林业职业技术学院',23,3,'H'),(10062,'黑龙江旅游职业技术学院',23,3,'H'),(68879,'黑龙江煤炭职业技术学院',23,3,'H'),(92813,'黑龙江民航乘务运输学院',23,3,'H'),(81479,'黑龙江民航运输乘务学院',23,3,'H'),(997207,'黑龙江民族干部学院',23,3,'H'),(10064,'黑龙江民族职业学院',23,3,'H'),(72089,'黑龙江农垦管理干部学院',23,3,'H'),(978599,'黑龙江农垦科技职业学院',23,3,'H'),(10053,'黑龙江农垦林业职业技术学院',23,3,'H'),(10052,'黑龙江农垦农业职业技术学院',23,3,'H'),(980653,'黑龙江农垦师范专科学校',23,3,'H'),(10054,'黑龙江农垦职业学院',23,3,'H'),(10049,'黑龙江农业工程职业学院',23,3,'H'),(996618,'黑龙江农业机械化学校',23,3,'H'),(10050,'黑龙江农业经济职业学院',23,3,'H'),(10051,'黑龙江农业职业技术学院',23,3,'H'),(10043,'黑龙江三江美术职业学院',23,3,'H'),(92810,'黑龙江商务技术学院',23,3,'H'),(975939,'黑龙江商学院',23,3,'H'),(993408,'黑龙江商业职工大学',23,3,'H'),(10057,'黑龙江商业职业学院',23,3,'H'),(94436,'黑龙江社会科学院职工大学',23,3,'H'),(987669,'黑龙江社会料学院',23,3,'H'),(10065,'黑龙江生态工程职业学院',23,3,'H'),(867234,'黑龙江生态职业学院',23,3,'H'),(10066,'黑龙江生物科技职业学院',23,3,'H'),(993110,'黑龙江省北安市技工学校',23,3,'H'),(989832,'黑龙江省财贸管理干部学院',23,3,'H'),(984096,'黑龙江省财政专科学院',23,3,'H'),(81474,'黑龙江省大鹏传媒学院',23,3,'H'),(984608,'黑龙江省大兴安岭卫生学校',23,3,'H'),(979358,'黑龙江省电子工业学校',23,3,'H'),(983673,'黑龙江省东北科技专修学院',23,3,'H'),(867241,'黑龙江省对外贸易学校',23,3,'H'),(983025,'黑龙江省二轻职工学院',23,3,'H'),(987871,'黑龙江省纺织工业学校',23,3,'H'),(978453,'黑龙江省服务学校',23,3,'H'),(92805,'黑龙江省工程学院昆仑旅游学院',23,3,'H'),(996364,'黑龙江省工会干部学院',23,3,'H'),(972120,'黑龙江省工商行政管理干部学校',23,3,'H'),(867232,'黑龙江省工商职业技术学院',23,3,'H'),(972657,'黑龙江省广播电视大学',23,3,'H'),(983964,'黑龙江省广播电视大学阿城分校',23,3,'H'),(94141,'黑龙江省广播电视大学农垦分校',23,3,'H'),(979250,'黑龙江省哈尔滨市商务学校',23,3,'H'),(970903,'黑龙江省海伦农业机电工程学校',23,3,'H'),(989355,'黑龙江省海伦师范学校',23,3,'H'),(991888,'黑龙江省合江商业学校',23,3,'H'),(986837,'黑龙江省鹤岗财经学校',23,3,'H'),(971352,'黑龙江省鹤立林业技工学校',23,3,'H'),(992045,'黑龙江省机械制造高级技工学校',23,3,'H'),(971730,'黑龙江省机械制造学校',23,3,'H'),(972577,'黑龙江省鸡西矿务局工学院',23,3,'H'),(971075,'黑龙江省鸡西市北方外国语学院',23,3,'H'),(92816,'黑龙江省鸡西市诚实外国语学院',23,3,'H'),(970364,'黑龙江省鸡西市劳动局技工学院',23,3,'H'),(991865,'黑龙江省鸡西市行政干校',23,3,'H'),(971775,'黑龙江省鸡西市职业技术学院',23,3,'H'),(972841,'黑龙江省技师学院',23,3,'H'),(978240,'黑龙江省佳木斯大学职业技术学院',23,3,'H'),(975561,'黑龙江省建筑工程学校',23,3,'H'),(10069,'黑龙江省教育学院',23,3,'H'),(94441,'黑龙江省金融职工学院',23,3,'H'),(993507,'黑龙江省经济干部管理学院',23,3,'H'),(92807,'黑龙江省经济管理干部学院',23,3,'H'),(982349,'黑龙江省警校',23,3,'H'),(986134,'黑龙江省科技职工大学',23,3,'H'),(985917,'黑龙江省林业卫生学校',23,3,'H'),(990756,'黑龙江省林业卫校',23,3,'H'),(972855,'黑龙江省林业职业技术学院',23,3,'H'),(976106,'黑龙江省煤炭工业学校',23,3,'H'),(996879,'黑龙江省民盟职业大学',23,3,'H'),(995588,'黑龙江省民族干部学院',23,3,'H'),(92806,'黑龙江省农业工程技术学院',23,3,'H'),(992236,'黑龙江省农业机械化学校',23,3,'H'),(986301,'黑龙江省农业机械化学校',23,3,'H'),(983106,'黑龙江省七台河市高级职业学校',23,3,'H'),(969958,'黑龙江省齐齐哈尔农业机械化学校',23,3,'H'),(92826,'黑龙江省齐齐哈尔铁路工程学院',23,3,'H'),(970309,'黑龙江省人民警察学校',23,3,'H'),(970069,'黑龙江省森林工业职工大学',23,3,'H'),(973707,'黑龙江省商务学校（原黑龙江省供销学校）',23,3,'H'),(993391,'黑龙江省商业干部管理学院',23,3,'H'),(986947,'黑龙江省商业职工大学',23,3,'H'),(978354,'黑龙江省商业职工大学',23,3,'H'),(867243,'黑龙江省社会科学院研究生部',23,3,'H'),(984083,'黑龙江省省委党校',23,3,'H'),(974063,'黑龙江省食品工业学校',23,3,'H'),(980533,'黑龙江省税务学校',23,3,'H'),(987795,'黑龙江省体育学校',23,3,'H'),(94439,'黑龙江省铁道职业技术学院',23,3,'H'),(973503,'黑龙江省铁力市朗乡林业局职业技术学校',23,3,'H'),(94824,'黑龙江省卫生管理干部学院',23,3,'H'),(985291,'黑龙江省卫校',23,3,'H'),(984723,'黑龙江省五常师范',23,3,'H'),(980076,'黑龙江省物资学校',23,3,'H'),(972352,'黑龙江省信息职业技术学院',23,3,'H'),(92808,'黑龙江省畜牧兽医职业学院',23,3,'H'),(867238,'黑龙江省畜牧职业学院',23,3,'H'),(970991,'黑龙江省冶金工业学校',23,3,'H'),(10084,'黑龙江省依兰师范学校',23,3,'H'),(988213,'黑龙江省伊春市师范学校',23,3,'H'),(976082,'黑龙江省艺术学校尚志分校',23,3,'H'),(92814,'黑龙江省艺术专修学院',23,3,'H'),(971379,'黑龙江省邮电学校',23,3,'H'),(985011,'黑龙江省政法干部管理学院',23,3,'H'),(10068,'黑龙江省政法管理干部学院',23,3,'H'),(987190,'黑龙江省职工体育运动技术学院',23,3,'H'),(94437,'黑龙江省直属机关职工大学',23,3,'H'),(973490,'黑龙江省中医研究院',23,3,'H'),(982943,'黑龙江双鸭山矿务局师范学校',23,3,'H'),(94959,'黑龙江水力专科学院',23,3,'H'),(10056,'黑龙江司法警官职业学院',23,3,'H'),(971092,'黑龙江外国语学院',23,3,'H'),(985053,'黑龙江卫生干部管理学院',23,3,'H'),(986193,'黑龙江卫生学校',23,3,'H'),(867240,'黑龙江现代艺术学院',23,3,'H'),(10046,'黑龙江信息技术职业学院',23,3,'H'),(978987,'黑龙江行政学院',23,3,'H'),(10067,'黑龙江畜牧兽医职业学院',23,3,'H'),(972171,'黑龙江冶金工业学院',23,3,'H'),(68905,'黑龙江艺术职业学院',23,3,'H'),(92815,'黑龙江艺术专修学院',23,3,'H'),(980604,'黑龙江友谊农垦职业学院',23,3,'H'),(70664,'黑龙江育林电脑美术教育中心',23,3,'H'),(989636,'黑龙江政法管理干部学院',23,3,'H'),(94442,'黑龙江政法学院',23,3,'H'),(989347,'黑龙江职业教育学院',23,3,'H'),(77662,'黑龙江中医药大学',23,3,'H'),(92818,'黑龙江中医药大学佳木斯学院',23,3,'H'),(972788,'黑生物科技职业学院',23,3,'H'),(970211,'呼兰电大',23,3,'H'),(985095,'呼兰师范专科学校',23,3,'H'),(982394,'湖北经贸技术学院',23,3,'H'),(92817,'鸡西北方外国语学院',23,3,'J'),(10039,'鸡西大学',23,3,'J'),(969905,'鸡西矿务局师范学校',23,3,'J'),(977478,'鸡西矿务局职工工学院',23,3,'J'),(995803,'鸡西煤炭卫生学校',23,3,'J'),(980430,'鸡西煤炭医学高等专科学校',23,3,'J'),(978612,'鸡西煤炭医专',23,3,'J'),(867230,'鸡西市北方外国语学院',23,3,'J'),(94827,'鸡西市北方外国语言专修学院',23,3,'J'),(77668,'鸡西市诚实外国语学院',23,3,'J'),(983557,'鸡西市师范学校',23,3,'J'),(95092,'鸡西天立外语学院',23,3,'J'),(94443,'鸡西文举女子外国语学院',23,3,'J'),(992375,'集贤技工学校',23,3,'J'),(10006,'佳木斯大学',23,3,'J'),(990043,'佳木斯工学院',23,3,'J'),(980871,'佳木斯广播电视大学',23,3,'J'),(867227,'佳木斯教育学院',23,3,'J'),(971420,'佳木斯联合职工大学',23,3,'J'),(980624,'佳木斯粮食干校',23,3,'J'),(972609,'佳木斯师范专科学校',23,3,'J'),(985985,'佳木斯师专',23,3,'J'),(996686,'佳木斯市联合职工大学',23,3,'J'),(986118,'佳木斯医学院',23,3,'J'),(979193,'佳木斯职工大学',23,3,'J'),(971017,'佳木斯职业技术学院',23,3,'J'),(982881,'加格达奇电业党校',23,3,'J'),(92820,'精英计算机学院',23,3,'J'),(10075,'克山师范专科学校',23,3,'K'),(95184,'空军第七飞行学院',23,3,'K'),(978887,'空军第一飞行学院',23,3,'K'),(969888,'辽宁省中央党校',23,3,'L'),(995402,'林甸技工学院',23,3,'L'),(978050,'萝北技校',23,3,'L'),(77672,'迈克尔外语学院',23,3,'M'),(94823,'民盟大学',23,3,'M'),(982917,'牡丹间医学院',23,3,'M'),(72044,'牡丹江博大律师学院',23,3,'M'),(10036,'牡丹江大学',23,3,'M'),(81481,'牡丹江电力工业学院',23,3,'M'),(92821,'牡丹江高级技师学院',23,3,'M'),(975897,'牡丹江机械局技工技校',23,3,'M'),(986294,'牡丹江技师学院',23,3,'M'),(989395,'牡丹江教育学院',23,3,'M'),(983709,'牡丹江联合职工大学',23,3,'M'),(972861,'牡丹江林业技工学校',23,3,'M'),(984181,'牡丹江林业师范学校',23,3,'M'),(971016,'牡丹江林业职业技术学院',23,3,'M'),(972789,'牡丹江农垦卫生学校',23,3,'M'),(985231,'牡丹江农业职业技术学院',23,3,'M'),(983817,'牡丹江上海大众科技学院',23,3,'M'),(984730,'牡丹江省幼儿师范高等专科学校',23,3,'M'),(10037,'牡丹江师范',23,3,'M'),(92822,'牡丹江市技师学院',23,3,'M'),(867231,'牡丹江市精英计算机学院',23,3,'M'),(92823,'牡丹江市美术专业学院',23,3,'M'),(979637,'牡丹江市卫生学校',23,3,'M'),(81475,'牡丹江市阳光外语专修学院',23,3,'M'),(982931,'牡丹江市职工大学',23,3,'M'),(971723,'牡丹江卫校',23,3,'M'),(993082,'牡丹江现代商务学院',23,3,'M'),(10035,'牡丹江医学院',23,3,'M'),(971174,'牡丹江幼儿师范',23,3,'M'),(984642,'牡丹江职工大学',23,3,'M'),(92824,'牡丹江职业技术专修学院',23,3,'M'),(985620,'七台河科技学院',23,3,'Q'),(10001,'七台河职业学院',23,3,'Q'),(987805,'齐二机床企业集团技工学校',23,3,'Q'),(10072,'齐齐哈尔大学',23,3,'Q'),(970858,'齐齐哈尔大学黑河分校',23,3,'Q'),(980057,'齐齐哈尔第二机床技工学校',23,3,'Q'),(81480,'齐齐哈尔二厂工学院',23,3,'Q'),(10074,'齐齐哈尔高等师范专科学校',23,3,'Q'),(978592,'齐齐哈尔工程学校',23,3,'Q'),(92825,'齐齐哈尔广播电视大学',23,3,'Q'),(983500,'齐齐哈尔建工学院',23,3,'Q'),(996542,'齐齐哈尔建工学院',23,3,'Q'),(980046,'齐齐哈尔建设职工大学',23,3,'Q'),(987747,'齐齐哈尔教育学院',23,3,'Q'),(867233,'齐齐哈尔林业学院',23,3,'Q'),(984989,'齐齐哈尔农业机械化学院',23,3,'Q'),(976070,'齐齐哈尔农业学院',23,3,'Q'),(996573,'齐齐哈尔商业学校',23,3,'Q'),(92827,'齐齐哈尔师范高等专科学院',23,3,'Q'),(68850,'齐齐哈尔市广播电视大学',23,3,'Q'),(996557,'齐齐哈尔市人民警察学校',23,3,'Q'),(990343,'齐齐哈尔市信息工程学校',23,3,'Q'),(92828,'齐齐哈尔市职工大学',23,3,'Q'),(970218,'齐齐哈尔铁路司机学校',23,3,'Q'),(997225,'齐齐哈尔铁路运输职工大学',23,3,'Q'),(983081,'齐齐哈尔信息工程学校',23,3,'Q'),(991996,'齐齐哈尔信息工程职业技术学院',23,3,'Q'),(976968,'齐齐哈尔一厂机电学院',23,3,'Q'),(10071,'齐齐哈尔医学院',23,3,'Q'),(970307,'齐齐哈尔幼儿师范学校',23,3,'Q'),(979173,'齐齐哈尔职业技术学院',23,3,'Q'),(10073,'齐齐哈尔职业学院',23,3,'Q'),(976493,'双城技校',23,3,'S'),(973570,'双城农机职业学校',23,3,'S'),(10083,'双鸭山市广播电视大学',23,3,'S'),(980301,'松花江地区商校',23,3,'S'),(990339,'松花江林区广播电视大学',23,3,'S'),(982411,'绥滨镇技工校',23,3,'S'),(982439,'绥芬河东方俄语学院',23,3,'S'),(98659,'绥芬河职教中心',23,3,'S'),(983812,'绥化教育学院',23,3,'S'),(980062,'绥化粮食技校',23,3,'S'),(990322,'绥化市广播电视大学',23,3,'S'),(10038,'绥化学院',23,3,'S'),(980711,'塔河大学',23,3,'T'),(990774,'塔河县技工学校',23,3,'T'),(985175,'泰来县技工学校',23,3,'T'),(10076,'天立外国语学院',23,3,'T'),(972106,'同济外国语翻译学院',23,3,'T'),(867236,'伟建工学院',23,3,'W'),(985772,'武警哈尔滨指挥学校',23,3,'W'),(991881,'武警黑龙江指挥学院',23,3,'W'),(988077,'五常卫校',23,3,'W'),(977521,'西钢工学院',23,3,'X'),(80840,'新北方外语学院',23,3,'X'),(989814,'新乐大学',23,3,'X'),(94144,'燕山大学东北分院',23,3,'Y'),(72871,'阳光外语学院',23,3,'Y'),(94826,'一重技师学院',23,3,'Y'),(978265,'依安师范',23,3,'Y'),(983774,'伊春教育学院',23,3,'Y'),(985029,'伊春林产技校',23,3,'Y'),(10080,'伊春市广播电视大学',23,3,'Y'),(992156,'伊春市职工大学',23,3,'Y'),(10005,'伊春职业学院',23,3,'Y'),(986749,'育英学校',23,3,'Y'),(970141,'沾河大学',23,3,'Z'),(92830,'肇东广播电视大学',23,3,'Z'),(94092,'肇东师范',23,3,'Z'),(81478,'中德远程技术学院',23,3,'Z'),(980774,'中共哈尔滨市委党校',23,3,'Z'),(982608,'中共黑龙江省委党校',23,3,'Z'),(970448,'中国人民解放军军事工程学院',23,3,'Z'),(94825,'中国一重技师学院',23,3,'Z'),(94142,'中央电视广播大学黑龙江省机械大专分校',23,3,'Z'),(10409,'武汉大学',42,3,'W'),(10395,'华中科技大学',42,3,'H'),(10392,'华中师范大学',42,3,'H'),(10391,'华中农业大学',42,3,'H'),(10418,'武汉理工大学',42,3,'W'),(10388,'中国地质大学（武汉）',42,3,'Z'),(10385,'中南财经政法大学',42,3,'Z'),(985872,'北经济管理干部学院',42,3,'B'),(10474,'长江大学',42,3,'C'),(95141,'长江大学工程技术学院',42,3,'C'),(993350,'长江大学机械工程学院',42,3,'C'),(80859,'长江大学石油学院',42,3,'C'),(72076,'长江大学文理学院',42,3,'C'),(10475,'长江工程职业技术学院',42,3,'C'),(983981,'长江科学院',42,3,'C'),(95263,'长江艺术学院',42,3,'C'),(10476,'长江职业学院',42,3,'C'),(972672,'长江职专',42,3,'C'),(94944,'赤壁市机电技术学院',42,3,'C'),(990886,'崇阳卫生学校',42,3,'C'),(978500,'楚天科技学校',42,3,'C'),(996773,'大悟师范学校',42,3,'D'),(972127,'大冶有色金属公司广播电视大学',42,3,'D'),(80858,'第二炮兵指挥学院',42,3,'D'),(986064,'东方高等职业学院',42,3,'D'),(80853,'东汽技师学院',42,3,'D'),(80856,'东星商学院',42,3,'D'),(10472,'鄂东职业技术学院',42,3,'E'),(10473,'鄂州大学',42,3,'E'),(972330,'鄂州机械电子学校',42,3,'E'),(10501,'鄂州职业大学',42,3,'E'),(972541,'鄂州职业技术大学',42,3,'E'),(976310,'恩放师专',42,3,'E'),(982658,'恩施交通学校',42,3,'E'),(970984,'恩施市中等职业技术学校',42,3,'E'),(977536,'恩施信息技术学校',42,3,'E'),(10402,'恩施职业技术学院',42,3,'E'),(980571,'恩施州广播电视大学',42,3,'E'),(979698,'恩施州机电工程学校',42,3,'E'),(985318,'恩施州教育学院',42,3,'E'),(977944,'恩施州商务技工学校',42,3,'E'),(978005,'恩施州委党校',42,3,'E'),(992197,'恩施州卫校',42,3,'E'),(984554,'葛洲坝技工学校',42,3,'G'),(10513,'葛洲坝水电工程学院',42,3,'G'),(982329,'葛洲坝水利水电学校',42,3,'G'),(972068,'工农兵大学',42,3,'G'),(973272,'关山口职业技术学院',42,3,'G'),(977499,'广水师范附属学校',42,3,'G'),(982502,'国防科技职工大学',42,3,'G'),(979267,'国防信息学院',42,3,'G'),(10485,'海军工程大学',42,3,'H'),(986216,'汉川卫校',42,3,'H'),(978397,'汉皋大学',42,3,'H'),(969906,'汉口学院',42,3,'H'),(975944,'汉阳东风汽修高级技工学院',42,3,'H'),(81505,'航海学院',42,3,'H'),(975768,'鹤峰师范',42,3,'H'),(995903,'宏博职业技术学院',42,3,'H'),(81504,'弘博国际软件学院',42,3,'H'),(68837,'弘博软件教育学院',42,3,'H'),(975667,'湖北安陆轻工职业学校',42,3,'H'),(867463,'湖北澳新教育专修学院',42,3,'H'),(10463,'湖北财经高等专科学校',42,3,'H'),(10462,'湖北财税职业学院',42,3,'H'),(10442,'湖北城市建设职业技术学院',42,3,'H'),(10443,'湖北大学',42,3,'H'),(94456,'湖北大学人民武装学院',42,3,'H'),(10444,'湖北大学知行学院',42,3,'H'),(95105,'湖北大学职业技术学院',42,3,'H'),(980787,'湖北大学职业技术学院武昌校区',42,3,'H'),(10456,'湖北第二师范学院',42,3,'H'),(987301,'湖北第一服装设计院',42,3,'H'),(990390,'湖北东西湖金山工贸学校',42,3,'H'),(976055,'湖北鄂南技工学校',42,3,'H'),(985017,'湖北恩施商业贸易学院',42,3,'H'),(976526,'湖北纺织大学',42,3,'H'),(973424,'湖北纺织职工大学',42,3,'H'),(969952,'湖北工业大学',42,3,'H'),(10446,'湖北工业大学',42,3,'H'),(80850,'湖北工业大学工程技术学院',42,3,'H'),(10445,'湖北工业大学商贸学院',42,3,'H'),(977406,'湖北工业大学武汉文都学院',42,3,'H'),(993161,'湖北工业大学艺术设计学院',42,3,'H'),(985239,'湖北工业大学职业技术学院',42,3,'H'),(70651,'湖北广播电视大学',42,3,'H'),(977388,'湖北广播电视大学监利分校',42,3,'H'),(970082,'湖北广播电视大学枣阳枣阳分校',42,3,'H'),(10441,'湖北国土资源职业学院',42,3,'H'),(978160,'湖北函授大学',42,3,'H'),(983531,'湖北航校学校',42,3,'H'),(990485,'湖北洪湖技工学校',42,3,'H'),(972069,'湖北黄冈财贸',42,3,'H'),(972079,'湖北黄冈财贸学校',42,3,'H'),(996517,'湖北黄冈高级技工学校',42,3,'H'),(979565,'湖北黄冈警官学院',42,3,'H'),(972579,'湖北黄冈林校',42,3,'H'),(977985,'湖北黄冈旅游学校',42,3,'H'),(977475,'湖北黄冈卫校',42,3,'H'),(980433,'湖北黄冈幼儿师范学校',42,3,'H'),(980183,'湖北黄冈政法学校',42,3,'H'),(10465,'湖北黄石机电职业技术学院',42,3,'H'),(990379,'湖北黄石卫生学校',42,3,'H'),(980440,'湖北黄石卫校',42,3,'H'),(980668,'湖北机电工业学校',42,3,'H'),(977433,'湖北机电学院',42,3,'H'),(979185,'湖北监利经济管理干部学校',42,3,'H'),(986950,'湖北建材工业学校',42,3,'H'),(980456,'湖北建筑学院',42,3,'H'),(975677,'湖北江汉石油学院',42,3,'H'),(972501,'湖北江山技工学校',42,3,'H'),(10440,'湖北交通职业技术学院',42,3,'H'),(95068,'湖北教育学院',42,3,'H'),(990699,'湖北荆门卫生学校',42,3,'H'),(975848,'湖北荆州广播电视大学',42,3,'H'),(983793,'湖北荆州人民警察学校',42,3,'H'),(986995,'湖北荆州师范学院',42,3,'H'),(95264,'湖北经济管理大学',42,3,'H'),(10458,'湖北经济管理干部学院',42,3,'H'),(978028,'湖北经济技术专修学院',42,3,'H'),(10457,'湖北经济学院',42,3,'H'),(68835,'湖北经济学院法商学院',42,3,'H'),(867458,'湖北经济学院法商学院　',42,3,'H'),(982386,'湖北经贸技术学院',42,3,'H'),(10461,'湖北警官学院',42,3,'H'),(977205,'湖北酒店旅游管理学院',42,3,'H'),(10449,'湖北开放职业学院',42,3,'H'),(10504,'湖北科技职业学院',42,3,'H'),(969973,'湖北理工学院',42,3,'H'),(990369,'湖北旅游学校',42,3,'H'),(970072,'湖北美术学院',42,3,'H'),(10459,'湖北美院',42,3,'H'),(971089,'湖北民院科技学院',42,3,'H'),(10450,'湖北民族学院',42,3,'H'),(10451,'湖北民族学院科技学院',42,3,'H'),(976395,'湖北农学院',42,3,'H'),(972304,'湖北汽车工业大学',42,3,'H'),(77851,'湖北汽车工业学院科技学院',42,3,'H'),(10452,'湖北汽院',42,3,'H'),(985065,'湖北潜江技校',42,3,'H'),(94455,'湖北青年职业学院',42,3,'H'),(10464,'湖北轻工职业技术学院',42,3,'H'),(10488,'湖北三峡大学',42,3,'H'),(978605,'湖北三峡大学护理学院',42,3,'H'),(10437,'湖北三峡职业技术学院',42,3,'H'),(992198,'湖北沙洋警官学校',42,3,'H'),(989455,'湖北商学院',42,3,'H'),(975933,'湖北商业高等专科学校',42,3,'H'),(975978,'湖北商专',42,3,'H'),(10453,'湖北生态工程职业技术学院',42,3,'H'),(10454,'湖北生物科技职业学院',42,3,'H'),(975642,'湖北省成人教育学院',42,3,'H'),(970815,'湖北省丹江口移民工程中等专业学校',42,3,'H'),(10500,'湖北省丹江口职工大学',42,3,'H'),(982651,'湖北省地质学校',42,3,'H'),(975892,'湖北省第二机械工业学校',42,3,'H'),(986826,'湖北省电子技工学校',42,3,'H'),(987723,'湖北省对外贸易学校',42,3,'H'),(990027,'湖北省对外贸易学校',42,3,'H'),(970164,'湖北省恩施州供销学校',42,3,'H'),(987994,'湖北省恩施州委党校',42,3,'H'),(973382,'湖北省二轻工业经济管理学校',42,3,'H'),(979033,'湖北省纺织服装工业学校',42,3,'H'),(973418,'湖北省高等商业专科学院',42,3,'H'),(978449,'湖北省公安自修大学',42,3,'H'),(973476,'湖北省谷城卫校',42,3,'H'),(81522,'湖北省广播电视大学鄂州校区',42,3,'H'),(980841,'湖北省广播电视大学荆州分校',42,3,'H'),(72857,'湖北省广播电视大学襄樊分校',42,3,'H'),(867465,'湖北省国土资源学院',42,3,'H'),(94469,'湖北省化学研究院',42,3,'H'),(990778,'湖北省黄冈地区财贸学校',42,3,'H'),(990046,'湖北省黄冈市黄冈高级技工学校',42,3,'H'),(979270,'湖北省黄冈市卫生学校',42,3,'H'),(977851,'湖北省黄冈卫校',42,3,'H'),(989331,'湖北省黄冈医学院',42,3,'H'),(972682,'湖北省黄石市机械工业学院',42,3,'H'),(992527,'湖北省机电学校',42,3,'H'),(972535,'湖北省计划管理干部学院',42,3,'H'),(971257,'湖北省建材工业学校',42,3,'H'),(979541,'湖北省建筑学校',42,3,'H'),(977378,'湖北省江汉油田高级技工学院',42,3,'H'),(970400,'湖北省荆州人民警察学校',42,3,'H'),(887708,'湖北省荆州市财贸学校',42,3,'H'),(980045,'湖北省荆州市监利县经济管理干部学校',42,3,'H'),(972729,'湖北省荆州市人民警察学校',42,3,'H'),(983656,'湖北省荆州市艺术学院',42,3,'H'),(977966,'湖北省经济管理干部学院',42,3,'H'),(988073,'湖北省旅游学校',42,3,'H'),(987250,'湖北省麻城理工学校',42,3,'H'),(975760,'湖北省贸易科技学校',42,3,'H'),(979543,'湖北省煤炭工业学校',42,3,'H'),(990316,'湖北省民政学院',42,3,'H'),(983690,'湖北省能源经济学校',42,3,'H'),(985618,'湖北省农村金融学校',42,3,'H'),(996878,'湖北省农垦学校',42,3,'H'),(980214,'湖北省农业广播电视大学',42,3,'H'),(979042,'湖北省农业广播电视学校巴东分校',42,3,'H'),(971542,'湖北省农业科学院',42,3,'H'),(984769,'湖北省人民警察学校',42,3,'H'),(985037,'湖北省涉外服务学校',42,3,'H'),(972648,'湖北省社会学院',42,3,'H'),(992277,'湖北省审计干部学院',42,3,'H'),(977439,'湖北省生态职业技术学院',42,3,'H'),(976137,'湖北省省委党校',42,3,'H'),(982374,'湖北省十堰教育学院',42,3,'H'),(977943,'湖北省十堰市财校',42,3,'H'),(976473,'湖北省十堰市汉江科技学校',42,3,'H'),(989437,'湖北省十堰市汽车工业学校',42,3,'H'),(989893,'湖北省十堰医学技术学校',42,3,'H'),(995766,'湖北省实验幼儿师范学校',42,3,'H'),(10455,'湖北省水利水电职业技术学院',42,3,'H'),(984911,'湖北省税务学校',42,3,'H'),(987111,'湖北省司法学校',42,3,'H'),(983838,'湖北省随州市卫校',42,3,'H'),(94452,'湖北省天赐科技学院',42,3,'H'),(970439,'湖北省天门市卫生学校',42,3,'H'),(978396,'湖北省同济医科大学郧阳医学院',42,3,'H'),(970990,'湖北省委党校',42,3,'H'),(996490,'湖北省委党校黄冈分院',42,3,'H'),(983099,'湖北省委党校十堰分校',42,3,'H'),(987789,'湖北省委光党校',42,3,'H'),(972696,'湖北省武汉纺织大学',42,3,'H'),(992212,'湖北省武汉海事学院',42,3,'H'),(991863,'湖北省武汉经济管理干部学校',42,3,'H'),(971403,'湖北省武汉市东西湖职校',42,3,'H'),(976515,'湖北省武汉市黄陂县工业学校',42,3,'H'),(10506,'湖北省武汉市江汉大学实验师范学院',42,3,'H'),(988180,'湖北省武汉市清华职业技术学校',42,3,'H'),(990478,'湖北省武汉市仙桃职业学院',42,3,'H'),(976269,'湖北省武汉武警指挥学校',42,3,'H'),(976272,'湖北省武穴市农业大学',42,3,'H'),(982605,'湖北省咸宁财税会计学校',42,3,'H'),(972381,'湖北省咸宁鄂南职业技术学校',42,3,'H'),(978945,'湖北省咸宁农校',42,3,'H'),(982622,'湖北省咸宁师范专科学校',42,3,'H'),(80855,'湖北省咸宁职业技术学院',42,3,'H'),(980201,'湖北省襄樊市第二高级技工学校',42,3,'H'),(980494,'湖北省襄樊市高级技术学院',42,3,'H'),(982991,'湖北省襄樊市经济委员会干部管理学校',42,3,'H'),(973553,'湖北省襄阳县泥咀镇第一职业高级学校',42,3,'H'),(988375,'湖北省孝感地区财贸学校',42,3,'H'),(986019,'湖北省孝感工业学校',42,3,'H'),(979655,'湖北省孝感广播电视大学',42,3,'H'),(975813,'湖北省孝感市航天工业学校',42,3,'H'),(975893,'湖北省孝感市孝南区农业学校',42,3,'H'),(977516,'湖北省孝感市职业技术学院',42,3,'H'),(10505,'湖北省宜昌市三峡电力职业学院',42,3,'H'),(95289,'湖北省宜昌市职业技术学院',42,3,'H'),(985948,'湖北省邮电学校',42,3,'H'),(980102,'湖北省园林工程',42,3,'H'),(984775,'湖北省园林工程技术学校',42,3,'H'),(992106,'湖北省郧县师范',42,3,'H'),(980858,'湖北省郧阳科技学校',42,3,'H'),(986285,'湖北省枣阳市师范学校',42,3,'H'),(989323,'湖北省枣阳市委党校',42,3,'H'),(977989,'湖北省职工医学院',42,3,'H'),(980040,'湖北省钟祥师范',42,3,'H'),(982416,'湖北省自动化工程学校',42,3,'H'),(10447,'湖北师范学院',42,3,'H'),(10448,'湖北师范学院文理学院',42,3,'H'),(980050,'湖北十堰财贸信息技术学校',42,3,'H'),(997260,'湖北十堰高级技工学校',42,3,'H'),(993028,'湖北十堰技师学院',42,3,'H'),(984688,'湖北书画专修学院',42,3,'H'),(970910,'湖北水利水电职业技术学院',42,3,'H'),(980511,'湖北思远信息技术学院',42,3,'H'),(979076,'湖北随州技师学院',42,3,'H'),(996271,'湖北通城劳动技校',42,3,'H'),(977038,'湖北同济医科大学',42,3,'H'),(982678,'湖北外贸学校',42,3,'H'),(975631,'湖北武汉海事学院',42,3,'H'),(971388,'湖北武汉荆州技术学院',42,3,'H'),(991932,'湖北武汉速记秘书进修学院',42,3,'H'),(995899,'湖北武汉通用技术学校',42,3,'H'),(978626,'湖北物资学校',42,3,'H'),(970259,'湖北仙桃技工学院',42,3,'H'),(80849,'湖北仙桃职业学院',42,3,'H'),(972981,'湖北咸宁机电工程学校',42,3,'H'),(990691,'湖北现代科技学院',42,3,'H'),(982831,'湖北襄樊机电工程学校',42,3,'H'),(989658,'湖北襄樊机自动化工程学校',42,3,'H'),(985768,'湖北襄樊军事经济管理学院',42,3,'H'),(980625,'湖北襄樊市工业学院',42,3,'H'),(983828,'湖北襄樊铁路运输职校',42,3,'H'),(976178,'湖北襄樊襄轴技校',42,3,'H'),(972507,'湖北乡镇企业函授学校',42,3,'H'),(993083,'湖北孝感汉川卫校',42,3,'H'),(867464,'湖北孝感职业技术学院',42,3,'H'),(980630,'湖北信息工程学校',42,3,'H'),(970092,'湖北行政学院',42,3,'H'),(983653,'湖北药检高等专科学校',42,3,'H'),(977240,'湖北药检专科学校',42,3,'H'),(867455,'湖北医药学院',42,3,'H'),(982773,'湖北医药学院药护学院',42,3,'H'),(975544,'湖北艺术学院',42,3,'H'),(77840,'湖北银河信息技术学院',42,3,'H'),(77842,'湖北银河信息学院',42,3,'H'),(980181,'湖北郧阳农学院',42,3,'H'),(970435,'湖北郧阳体校',42,3,'H'),(10460,'湖北职业技术学院',42,3,'H'),(975956,'湖北职业技术学院医学分院',42,3,'H'),(985001,'湖北制药工业学校',42,3,'H'),(10438,'湖北中医学院',42,3,'H'),(867452,'湖北中医药大学',42,3,'H'),(10439,'湖北中医药高等专科学校',42,3,'H'),(995880,'湖北自动化工程学校',42,3,'H'),(973661,'湖北自修大学',42,3,'H'),(987083,'湖北蕲春特种专业学校',42,3,'H'),(977473,'湖北浠水师范学校',42,3,'H'),(986704,'湖北工业大学',42,3,'H'),(993561,'湖南军事经济学院',42,3,'H'),(976092,'华科武昌分校',42,3,'H'),(989769,'华美音乐学院',42,3,'H'),(980310,'华农楚天学院',42,3,'H'),(975862,'华腾软件学院',42,3,'H'),(987318,'华夏学院',42,3,'H'),(985745,'华中高级职业技术学校',42,3,'H'),(10514,'华中工学院',42,3,'H'),(77555,'华中工学院汉口分院',42,3,'H'),(81509,'华中科技大孝感科技分院',42,3,'H'),(94835,'华中科技大学MBA工商管理学院',42,3,'H'),(987168,'华中科技大学航天分院',42,3,'H'),(982560,'华中科技大学继续教育学院',42,3,'H'),(94449,'华中科技大学同济医学院',42,3,'H'),(993522,'华中科技大学同济医学院成教院',42,3,'H'),(10396,'华中科技大学文华学院',42,3,'H'),(10510,'华中科技大学武昌分校',42,3,'H'),(10397,'华中科技大学武昌分校　',42,3,'H'),(979499,'华中科技大学襄樊分院',42,3,'H'),(986938,'华中科技大学远程与继续教育学院',42,3,'H'),(970960,'华中理工大学汉口分校',42,3,'H'),(867450,'华中农业大学',42,3,'H'),(982318,'华中农学院郧阳分院',42,3,'H'),(80851,'华中农业大学楚天学院',42,3,'H'),(10394,'华中师范大学汉口分校',42,3,'H'),(990751,'华中师范大学教育学院',42,3,'H'),(980882,'华中师范大学网络教育学院',42,3,'H'),(10393,'华中师范大学武汉传媒学院',42,3,'H'),(80848,'华中师范武汉传媒学院',42,3,'H'),(980438,'黄冈财贸学校',42,3,'H'),(10484,'黄冈大学',42,3,'H'),(990750,'黄冈党校',42,3,'H'),(988221,'黄冈地区卫校',42,3,'H'),(975678,'黄冈第二高级技工学校',42,3,'H'),(982521,'黄冈电子信息学校',42,3,'H'),(978982,'黄冈高级技工学校',42,3,'H'),(10497,'黄冈工业学校',42,3,'H'),(10479,'黄冈广播电视大学',42,3,'H'),(970525,'黄冈皇家大学',42,3,'H'),(10480,'黄冈科技职业学院',42,3,'H'),(10478,'黄冈师院',42,3,'H'),(975788,'黄冈市第一技工学校',42,3,'H'),(993126,'黄冈市电子信息工程学校',42,3,'H'),(969897,'黄冈市就业局职业技术学校',42,3,'H'),(972621,'黄冈市政法学校',42,3,'H'),(989981,'黄冈卫校',42,3,'H'),(976294,'黄冈政法学校',42,3,'H'),(10481,'黄冈职业技术学院',42,3,'H'),(978877,'黄石财贸学校',42,3,'H'),(977330,'黄石高等专科学校',42,3,'H'),(978883,'黄石工业技校',42,3,'H'),(980282,'黄石公风水学院',42,3,'H'),(10511,'黄石广播电视大学',42,3,'H'),(10498,'黄石教育学院',42,3,'H'),(10482,'黄石理工',42,3,'H'),(990587,'黄石理工土木建筑工程学院',42,3,'H'),(982518,'黄石市委党校',42,3,'H'),(978196,'黄石艺术学校',42,3,'H'),(68845,'黄石职业技术学院',42,3,'H'),(982747,'监利电大',42,3,'J'),(10433,'江汉大学',42,3,'J'),(95049,'江汉大学高职学院',42,3,'J'),(95106,'江汉大学卫生技术职业学院',42,3,'J'),(984779,'江汉大学卫生职业技术学院',42,3,'J'),(81501,'江汉大学文理学院',42,3,'J'),(982489,'江汉大学医学与生命科学学院',42,3,'J'),(970864,'江汉石油学院',42,3,'J'),(10434,'江汉艺术职业学院',42,3,'J'),(971665,'江夏区纸坊卫校',42,3,'J'),(70696,'解放军军事经济学院',42,3,'J'),(988133,'解放军军事经济学院襄樊分院',42,3,'J'),(970426,'解放军武汉通信指挥学院',42,3,'J'),(10467,'荆楚理工学院',42,3,'J'),(995341,'荆门市高级技工学校',42,3,'J'),(973626,'荆门市广播电视大学京山分校',42,3,'J'),(988023,'荆门市理工学院',42,3,'J'),(986013,'荆门体育艺术学校',42,3,'J'),(10489,'荆门医学院',42,3,'J'),(10490,'荆门职业技术学院',42,3,'J'),(976954,'荆州财校',42,3,'J'),(993681,'荆州地区农业机械化学校',42,3,'J'),(989328,'荆州地质学校',42,3,'J'),(989459,'荆州电力职工学校',42,3,'J'),(977290,'荆州高级技工学院',42,3,'J'),(986934,'荆州机电技术学院',42,3,'J'),(10491,'荆州教育学院',42,3,'J'),(10483,'荆州理工职业学院',42,3,'J'),(970931,'荆州理工职业学院',42,3,'J'),(985118,'荆州师范专科学校',42,3,'J'),(971752,'荆州师专',42,3,'J'),(986665,'荆州市财贸学校',42,3,'J'),(987063,'荆州市纺织工业大学',42,3,'J'),(971236,'荆州市高级技师学院',42,3,'J'),(972527,'荆州市工艺美校',42,3,'J'),(10508,'荆州市广播电视大学',42,3,'J'),(978360,'荆州市松滋市专等卫生学校',42,3,'J'),(972269,'荆州卫校',42,3,'J'),(10466,'荆州职业技术学院',42,3,'J'),(972586,'经济管理学院',42,3,'J'),(80871,'军事经济学院武昌校区',42,3,'J'),(991937,'军事经济学院襄樊分院',42,3,'J'),(81508,'空军雷达学院',42,3,'K'),(996679,'空军武汉雷达学院',42,3,'K'),(77854,'蓝天职业学院',42,3,'L'),(971041,'老河口市广播电视大学',42,3,'L'),(976763,'老河口市技工学校',42,3,'L'),(972951,'荔湾大学',42,3,'L'),(980686,'利川商务学校',42,3,'L'),(963700,'利川市民族中等职业技术学校',42,3,'L'),(980814,'利川市行政学校',42,3,'L'),(978082,'利川职校',42,3,'L'),(971138,'林顿大学',42,3,'L'),(983453,'鲁台大学',42,3,'L'),(984711,'罗田技校',42,3,'L'),(986730,'罗田理工中等职业学校',42,3,'L'),(976108,'麻城理工学校',42,3,'M'),(10496,'麻城市工业学校',42,3,'M'),(989989,'南湖职业技术学院',42,3,'N'),(977214,'南望山高等雷达炮兵职业技术学院',42,3,'N'),(975869,'南望山职业技术学院',42,3,'N'),(971699,'农业研究院',42,3,'N'),(979144,'蒲圻师范',42,3,'P'),(985036,'蒲圻卫校',42,3,'P'),(992016,'潜江党校',42,3,'Q'),(972244,'潜江电大',42,3,'Q'),(971722,'人民社会大学',42,3,'R'),(10382,'三峡大学',42,3,'S'),(867456,'三峡大学科技学院',42,3,'S'),(77852,'三峡大学职业技术学院',42,3,'S'),(867461,'三峡电力职业学院',42,3,'S'),(980710,'沙市工艺美术学校',42,3,'S'),(989465,'沙市机械技术学校汽电分校',42,3,'S'),(985139,'沙市技工学校',42,3,'S'),(972969,'沙市沙棉工艺学校',42,3,'S'),(10435,'沙市职业大学',42,3,'S'),(973943,'沙洋警校',42,3,'S'),(10436,'沙洋师范高等专科学校',42,3,'S'),(977950,'十堰东方职业技术学校',42,3,'S'),(980157,'十堰高级汽修学院',42,3,'S'),(987268,'十堰广播电视大学',42,3,'S'),(984082,'十堰市财贸学校',42,3,'S'),(10509,'十堰市广播电视大学',42,3,'S'),(985890,'十堰市医学科技学校',42,3,'S'),(976446,'十堰市艺术学校',42,3,'S'),(969889,'十堰卫校',42,3,'S'),(10390,'十堰职业技术学院',42,3,'S'),(77838,'思远信息技术学院',42,3,'S'),(10494,'随州广播电视大学',42,3,'S'),(979388,'随州机电工程电子技术学院',42,3,'S'),(995335,'随州技师学院',42,3,'S'),(10495,'随州师范',42,3,'S'),(995877,'随州市工业技术学校',42,3,'S'),(976187,'随州市技校',42,3,'S'),(996332,'随州市曾都电子工业学校',42,3,'S'),(985327,'随州市曾都区机电工程学校',42,3,'S'),(10477,'随州职业技术学院',42,3,'S'),(989852,'天门大学',42,3,'T'),(10512,'天门广播电视大学',42,3,'T'),(972494,'天门市新世纪电脑学校',42,3,'T'),(988233,'天门卫校',42,3,'T'),(971726,'田范大学',42,3,'T'),(972932,'同济医科大',42,3,'T'),(976223,'同济医科大学卫生管理学院',42,3,'T'),(977241,'土门机电技术学院',42,3,'T'),(973498,'土木工程学院',42,3,'T'),(81502,'微软教育襄樊软件学院',42,3,'W'),(975922,'卧龙师范',42,3,'W'),(969886,'武昌理工学院',42,3,'W'),(974012,'武大卫校',42,3,'W'),(972645,'武大银河学院',42,3,'W'),(990984,'武大职业护士学校',42,3,'W'),(971612,'武汉财经政法大学',42,3,'W'),(978545,'武汉测绘科技大学',42,3,'W'),(984728,'武汉测绘学院',42,3,'W'),(970499,'武汉长江工商学院',42,3,'W'),(993557,'武汉长江职业技术学院',42,3,'W'),(68843,'武汉城市建设学院',42,3,'W'),(867466,'武汉城市职业学院',42,3,'W'),(979670,'武汉船舶职学院',42,3,'W'),(10428,'武汉船舶职业技术学院',42,3,'W'),(10410,'武汉大学东湖分校',42,3,'W'),(990701,'武汉大学武汉测绘科技大学',42,3,'W'),(70614,'武汉大学医学院职业技术学院',42,3,'W'),(77843,'武汉大学珞珈学院',42,3,'W'),(979683,'武汉第二卫生学校',42,3,'W'),(983516,'武汉第一技术学校',42,3,'W'),(976325,'武汉第一轻工业学校',42,3,'W'),(973860,'武汉电大',42,3,'W'),(10421,'武汉电力职业技术学院',42,3,'W'),(10507,'武汉电子专修学院',42,3,'W'),(971496,'武汉东湖学院',42,3,'W'),(982400,'武汉二轻工业经济管理学校',42,3,'W'),(988277,'武汉二轻工业学校',42,3,'W'),(10424,'武汉纺织大学',42,3,'W'),(970182,'武汉纺织大学',42,3,'W'),(979329,'武汉纺织大学外经贸学院',42,3,'W'),(980778,'武汉高等金融专科学校',42,3,'W'),(987970,'武汉歌舞剧院',42,3,'W'),(78269,'武汉工程大学',42,3,'W'),(95107,'武汉工程大学继续教育学院',42,3,'W'),(68871,'武汉工程大学邮电与信息工程学院',42,3,'W'),(867457,'武汉工程大学邮电与信息工程学院　',42,3,'W'),(10499,'武汉工程职业技术',42,3,'W'),(10415,'武汉工程职业技术学院',42,3,'W'),(10414,'武汉工大',42,3,'W'),(77848,'武汉工交职业学院',42,3,'W'),(77846,'武汉工贸职业学院',42,3,'W'),(979517,'武汉工学院黄石分院',42,3,'W'),(10411,'武汉工业学院',42,3,'W'),(10412,'武汉工业学院工商学院',42,3,'W'),(10413,'武汉工业职业技术学院',42,3,'W'),(975751,'武汉共产主义劳动大学',42,3,'W'),(995598,'武汉管理学院',42,3,'W'),(970171,'武汉广播电视大学',42,3,'W'),(95115,'武汉海军工程大学',42,3,'W'),(971414,'武汉海事学院',42,3,'W'),(992507,'武汉汉皋大学',42,3,'W'),(984717,'武汉航海学院',42,3,'W'),(10427,'武汉航海职业技术学院',42,3,'W'),(977992,'武汉河运专科学校',42,3,'W'),(77841,'武汉化工学院',42,3,'W'),(995698,'武汉机械工业学校',42,3,'W'),(996539,'武汉建工高等专科学校',42,3,'W'),(10403,'武汉交通职业学院',42,3,'W'),(970156,'武汉教育学院',42,3,'W'),(996367,'武汉金融高等专科学校',42,3,'W'),(980219,'武汉经济管理专修学院',42,3,'W'),(977223,'武汉经济学院',42,3,'W'),(980073,'武汉经贸大学（民办）',42,3,'W'),(971563,'武汉警官学院',42,3,'W'),(10429,'武汉警官职业学院',42,3,'W'),(94451,'武汉军械士官学院',42,3,'W'),(867454,'武汉科大',42,3,'W'),(10422,'武汉科技大学',42,3,'W'),(95070,'武汉科技大学城建学院',42,3,'W'),(10502,'武汉科技大学城市学院',42,3,'W'),(80868,'武汉科技大学黄家湖校区',42,3,'W'),(984635,'武汉科技大学外语外事职业学院',42,3,'W'),(972447,'武汉科技大学医学院',42,3,'W'),(10423,'武汉科技大学中南分校',42,3,'W'),(989642,'武汉科技工程学校',42,3,'W'),(77850,'武汉科技学院外经贸学院',42,3,'W'),(10425,'武汉科技职业学院',42,3,'W'),(978049,'武汉空军雷达学院',42,3,'W'),(977203,'武汉老年大学',42,3,'W'),(976057,'武汉雷达学院',42,3,'W'),(867451,'武汉理工',42,3,'W'),(80852,'武汉理工大华夏学院',42,3,'W'),(10419,'武汉理工大学华夏学院',42,3,'W'),(94453,'武汉理工大学网络教育学院',42,3,'W'),(982378,'武汉粮食工业学院',42,3,'W'),(980155,'武汉秘书速记进修学院',42,3,'W'),(10417,'武汉民政职业学院',42,3,'W'),(990790,'武汉炮兵指挥学院',42,3,'W'),(983659,'武汉汽车工程学校',42,3,'W'),(982470,'武汉汽车工业大学',42,3,'W'),(972705,'武汉青华职业学校',42,3,'W'),(978624,'武汉轻工职业技术学院',42,3,'W'),(972708,'武汉清华职业学院',42,3,'W'),(10430,'武汉软件工程职业学院',42,3,'W'),(77839,'武汉软件职业技术学院',42,3,'W'),(10407,'武汉商贸学院',42,3,'W'),(10406,'武汉商业服务学院',42,3,'W'),(976429,'武汉商业学院',42,3,'W'),(10420,'武汉生物工程学院',42,3,'W'),(990986,'武汉石化技校',42,3,'W'),(10416,'武汉时代职业学院',42,3,'W'),(989754,'武汉市长江航运人民警察学校',42,3,'W'),(979254,'武汉市第二技术学校',42,3,'W'),(989391,'武汉市第二商务服务学院',42,3,'W'),(973019,'武汉市第二师范学校',42,3,'W'),(983610,'武汉市第二卫生学校',42,3,'W'),(990712,'武汉市第七职业学校',42,3,'W'),(986247,'武汉市第三职业学校',42,3,'W'),(979373,'武汉市第一技术学院',42,3,'W'),(980682,'武汉市二轻工业学校',42,3,'W'),(989805,'武汉市干部管理学院',42,3,'W'),(971203,'武汉市供销商业学校',42,3,'W'),(972686,'武汉市公安干部管理学院',42,3,'W'),(985245,'武汉市公安干部学院',42,3,'W'),(976792,'武汉市广播电视大学',42,3,'W'),(976218,'武汉市国际商务学校',42,3,'W'),(987824,'武汉市航海技术学院',42,3,'W'),(973393,'武汉市华光电子学校',42,3,'W'),(972500,'武汉市建材工业学校',42,3,'W'),(982463,'武汉市建委党校',42,3,'W'),(978299,'武汉市江夏绿色工程学校',42,3,'W'),(982834,'武汉市江夏卫校',42,3,'W'),(990783,'武汉市交通卫生学校',42,3,'W'),(993615,'武汉市经济干部管理学院',42,3,'W'),(972883,'武汉市经济管理干部学院',42,3,'W'),(977219,'武汉市良济专修学院',42,3,'W'),(972339,'武汉市民政学校',42,3,'W'),(980104,'武汉市商业职业学校',42,3,'W'),(996316,'武汉市市委党校',42,3,'W'),(68866,'武汉市私立大学',42,3,'W'),(972914,'武汉市铁路桥梁学校',42,3,'W'),(970809,'武汉市同济医科大学',42,3,'W'),(980657,'武汉市委党校',42,3,'W'),(982962,'武汉市卫生学校',42,3,'W'),(990754,'武汉市文昌职业技术学校',42,3,'W'),(970438,'武汉市新洲区财校',42,3,'W'),(987307,'武汉市艺术学校',42,3,'W'),(996526,'武汉市职工大学',42,3,'W'),(68841,'武汉水利电力大学',42,3,'W'),(977008,'武汉水运工程学院',42,3,'W'),(990942,'武汉水运工业学校',42,3,'W'),(980402,'武汉司法职业学院',42,3,'W'),(10404,'武汉体育学院',42,3,'W'),(77849,'武汉体育学院体育科技学院',42,3,'W'),(867453,'武汉体院',42,3,'W'),(995660,'武汉铁路运输学校吴家山学区',42,3,'W'),(10431,'武汉铁路职业技术学院',42,3,'W'),(987780,'武汉通信指挥学院',42,3,'W'),(971733,'武汉同济医科大学',42,3,'W'),(979515,'武汉同济医学院',42,3,'W'),(10408,'武汉外语外事职业学院',42,3,'W'),(992116,'武汉无线电工业学院',42,3,'W'),(10405,'武汉信息传播职业技术学院',42,3,'W'),(978221,'武汉冶金安全技术学院',42,3,'W'),(77845,'武汉冶金干部管理学院',42,3,'W'),(77835,'武汉冶金管理干部学院',42,3,'W'),(982491,'武汉冶金科技大学',42,3,'W'),(983562,'武汉一师',42,3,'W'),(970076,'武汉仪表电子学校',42,3,'W'),(10432,'武汉音乐学院',42,3,'W'),(77844,'武汉应用科技专修学院',42,3,'W'),(978419,'武汉邮电科学研究院',42,3,'W'),(94454,'武汉邮电信息专修学院',42,3,'W'),(973966,'武汉语言文化学院',42,3,'W'),(68811,'武汉语言文化职业学院',42,3,'W'),(94450,'武汉职工财经学院',42,3,'W'),(980600,'武汉职工大学',42,3,'W'),(10426,'武汉职业技术学院',42,3,'W'),(979467,'武汉指挥学院',42,3,'W'),(993428,'武汉中央广播电视大学',42,3,'W'),(10515,'武警黄金技术学校',42,3,'W'),(987062,'武警武汉指挥学校',42,3,'W'),(995864,'武警孝感指挥学院',42,3,'W'),(95117,'武信学院',42,3,'W'),(985752,'武穴市卫校',42,3,'W'),(987034,'西班牙马德里康普顿斯大学',42,3,'X'),(976907,'仙桃技校',42,3,'X'),(10389,'仙桃职业学院',42,3,'X'),(989649,'咸宁地区崇阳卫校',42,3,'X'),(980671,'咸宁地区机电工程学校',42,3,'X'),(987024,'咸宁高等师范专科学校',42,3,'X'),(983447,'咸宁广播电视大学',42,3,'X'),(971449,'咸宁教教学院',42,3,'X'),(982900,'咸宁农校',42,3,'X'),(10398,'咸宁学院',42,3,'X'),(10399,'咸宁职业技术学院',42,3,'X'),(77836,'现代管理医学院',42,3,'X'),(971298,'襄北农大',42,3,'X'),(976944,'襄樊第二高级技工学校',42,3,'X'),(971265,'襄樊广播电视大学',42,3,'X'),(974069,'襄樊护校',42,3,'X'),(993539,'襄樊技校',42,3,'X'),(986803,'襄樊军事经济学院',42,3,'X'),(980343,'襄樊汽车工业技工学校',42,3,'X'),(973295,'襄樊市财税贸易学校',42,3,'X'),(986251,'襄樊市第二高级技工学院',42,3,'X'),(988136,'襄樊市高级技工学校',42,3,'X'),(986834,'襄樊市广播电视大学',42,3,'X'),(992373,'襄樊市护士学校',42,3,'X'),(985984,'襄樊市汽车工业技工学院',42,3,'X'),(973808,'襄樊铁路高级技工学校',42,3,'X'),(10468,'襄樊学院',42,3,'X'),(77853,'襄樊学院理工学院',42,3,'X'),(10469,'襄樊职业技术学院',42,3,'X'),(77587,'襄樊职业技术学院生物工程分院',42,3,'X'),(993618,'襄樊职业技术学院医学院',42,3,'X'),(983582,'襄阳技师学院',42,3,'X'),(992231,'襄阳汽车职业技术学院',42,3,'X'),(72062,'襄阳师范高等专科学校',42,3,'X'),(977329,'襄阳师专',42,3,'X'),(973598,'襄阳市护士学校',42,3,'X'),(987910,'襄阳市护士学校',42,3,'X'),(986329,'襄阳县师范',42,3,'X'),(983859,'襄阳县卫校',42,3,'X'),(989419,'襄阳学院',42,3,'X'),(993458,'襄阳轴承厂技校',42,3,'X'),(990683,'孝感工业技术学校',42,3,'X'),(969927,'孝感工业学校',42,3,'X'),(982792,'孝感生物工程学校',42,3,'X'),(989982,'孝感师范高等专科学校',42,3,'X'),(983821,'孝感市第一技工学校',42,3,'X'),(984945,'孝感市高级技工学校',42,3,'X'),(987166,'孝感卫校',42,3,'X'),(10400,'孝感学院',42,3,'X'),(10401,'孝感学院新技术学院',42,3,'X'),(975887,'孝感职业技术学院',42,3,'X'),(989368,'孝感职业技术学院医学分院',42,3,'X'),(985324,'孝感职院',42,3,'X'),(983915,'新工业大学',42,3,'X'),(988115,'阳逻娲石技术学校',42,3,'Y'),(971524,'医学科技学校',42,3,'Y'),(983980,'宜昌财经学校',42,3,'Y'),(976132,'宜昌工业学校',42,3,'Y'),(986671,'宜昌机电工程学校',42,3,'Y'),(10487,'宜昌教育学院',42,3,'Y'),(94457,'宜昌三峡旅游职业技术学院',42,3,'Y'),(991047,'宜昌商业技术贸易学院',42,3,'Y'),(979724,'宜昌师范专科学校',42,3,'Y'),(985115,'宜昌市财贸学校',42,3,'Y'),(976971,'宜昌市第一技工学校',42,3,'Y'),(978410,'宜昌市纺织技校',42,3,'Y'),(10486,'宜昌市广播电视大学',42,3,'Y'),(982755,'宜昌市交通学校',42,3,'Y'),(979463,'宜昌市三峡高级技校',42,3,'Y'),(867462,'宜昌市商业学校',42,3,'Y'),(989900,'宜昌市水电学校',42,3,'Y'),(977191,'宜昌土门机电工程学校',42,3,'Y'),(77837,'银河信息技术学院',42,3,'Y'),(987361,'郧西县职业技术学校',42,3,'Y'),(992302,'郧西职业技术学校',42,3,'Y'),(970288,'郧县师范',42,3,'Y'),(988015,'郧县职业技术学校',42,3,'Y'),(980031,'郧阳地区农业学校',42,3,'Y'),(979729,'郧阳科技学校',42,3,'Y'),(10471,'郧阳师范高等专科学校',42,3,'Y'),(10470,'郧阳医学院',42,3,'Y'),(867459,'郧阳医学院药护学院',42,3,'Y'),(10493,'陨阳医学院',42,3,'Y'),(989939,'枣阳职业技术学院',42,3,'Z'),(978540,'中共东风汽车公司委员会党校',42,3,'Z'),(986117,'中共湖北省省委党校',42,3,'Z'),(979661,'中共武汉市委党校',42,3,'Z'),(971188,'中国地质大学（武汉）',42,3,'Z'),(988089,'中国地质大学汉口分校',42,3,'Z'),(10387,'中国地质大学江城学院',42,3,'Z'),(80857,'中国地质江城学院',42,3,'Z'),(975770,'中国农业银行武汉管理干部学院',42,3,'Z'),(95108,'中国人民解放军第二炮兵指挥学院',42,3,'Z'),(993375,'中国人民解放军经济学院',42,3,'Z'),(970020,'中国人民解放军军事财经学院',42,3,'Z'),(81506,'中国人民解放军军事经济学院',42,3,'Z'),(977048,'中国人民解放军军事经济学院襄樊分院',42,3,'Z'),(975798,'中国人民解放军军事经济学院襄阳士官学校',42,3,'Z'),(979465,'中国人民解放军军械工程学院武汉分院',42,3,'Z'),(979466,'中国人民解放军军械士官学院',42,3,'Z'),(986956,'中国人民解放军空军预警学院',42,3,'Z'),(10503,'中国人民解放军通信指挥学院',42,3,'Z'),(95109,'中国人民解放军武汉军事经济学院',42,3,'Z'),(973489,'中国人民解放军武汉通信指挥学院',42,3,'Z'),(985688,'中国社会信息高等学院',42,3,'Z'),(989770,'中国书法函授学院',42,3,'Z'),(970827,'中国武汉地质大学',42,3,'Z'),(977187,'中国武汉社会生存实践应用学院',42,3,'Z'),(995675,'中南财大湖北财政分校',42,3,'Z'),(980317,'中南财经大学',42,3,'Z'),(970460,'中南财经政法大学（原中南政法学院）',42,3,'Z'),(995609,'中南财经政法大学成教院',42,3,'Z'),(10386,'中南财经政法大学武汉学院',42,3,'Z'),(867460,'中南财经政法武汉学院',42,3,'Z'),(10383,'中南民族大学',42,3,'Z'),(10384,'中南民族大学工商学院',42,3,'Z'),(980110,'中南神学院',42,3,'Z'),(977415,'中南医科大学',42,3,'Z'),(972495,'中南財經政法大學（原湖北財經學院）',42,3,'Z'),(98698,'中山职业技术学校',42,3,'Z'),(993414,'中央财经大学武汉学院',42,3,'Z'),(978203,'竹山党校',42,3,'Z'),(988338,'竹山县技工学校',42,3,'Z'),(980405,'竹溪兵营高级学校',42,3,'Z'),(984773,'竹溪县广播电视大学',42,3,'Z'),(977895,'竹溪县应用科技学校',42,3,'Z'),(986148,'潇洒大学',42,3,'Z'),(983695,'珞珈山职业技术学院',42,3,'Z'),(11992,'湖南师范大学',43,3,'H'),(11947,'中南大学',43,3,'Z'),(11982,'湖南大学',43,3,'H'),(12036,'长沙理工大学',43,3,'C'),(11972,'湖南农业大学',43,3,'H'),(11963,'湖南中医药大学',43,3,'H'),(980303,'安化技工学校',43,3,'A'),(978287,'安江农校',43,3,'A'),(977150,'安江农业大学',43,3,'A'),(882383,'安乡创维电脑职业学校',43,3,'A'),(11949,'保险职业学院',43,3,'B'),(519632,'北大青鸟长沙华瑞校区',43,3,'B'),(80873,'北津学院',43,3,'B'),(95405,'财经工业职业学院',43,3,'C'),(81528,'常德财经学院',43,3,'C'),(987088,'常德电脑专修大学',43,3,'C'),(971429,'常德高等专科学校',43,3,'C'),(976939,'常德高级技工学校',43,3,'C'),(12070,'常德广播电视大学',43,3,'C'),(972701,'常德国贸学校',43,3,'C'),(980646,'常德机电工程学校',43,3,'C'),(985908,'常德市卫生技术学校',43,3,'C'),(969928,'常德市文理学院',43,3,'C'),(12071,'常德外事专修学院',43,3,'C'),(991877,'常德卫校',43,3,'C'),(95275,'常德文理学院',43,3,'C'),(984577,'常德信息工程学校',43,3,'C'),(11955,'常德职业技术学院',43,3,'C'),(993662,'常德鴻志職業技術學校',43,3,'C'),(973852,'长沙保险职院',43,3,'C'),(970957,'长沙财经',43,3,'C'),(979659,'长沙财经学院',43,3,'C'),(987818,'长沙城建职业技术学校',43,3,'C'),(971710,'长沙大众传媒学院',43,3,'C'),(972372,'长沙第一师范学校',43,3,'C'),(976258,'长沙电大',43,3,'C'),(988042,'长沙电力学院',43,3,'C'),(77858,'长沙电脑学院',43,3,'C'),(986233,'长沙电子工业学校',43,3,'C'),(68809,'长沙工程兵学院',43,3,'C'),(978220,'长沙工程建筑学校',43,3,'C'),(977455,'长沙工商行政管理学校',43,3,'C'),(976172,'长沙工业高等专科学校',43,3,'C'),(971181,'长沙工业学校',43,3,'C'),(867510,'长沙工业职工大学',43,3,'C'),(972838,'长沙广播电视大学',43,3,'C'),(983957,'长沙国宾旅游外事管理学院',43,3,'C'),(973996,'长沙国开外贸外语专修学院',43,3,'C'),(971158,'长沙航空学院',43,3,'C'),(80880,'长沙航空职业技术学院',43,3,'C'),(993056,'长沙航天工业学校',43,3,'C'),(12035,'长沙环境保护职业技术学院',43,3,'C'),(80872,'长沙黄浦外语学院',43,3,'C'),(12077,'长沙建筑工程学校',43,3,'C'),(969975,'长沙交通学院',43,3,'C'),(94476,'长沙教育学院',43,3,'C'),(72862,'长沙竞男女院',43,3,'C'),(980191,'长沙科技职业学院',43,3,'C'),(867488,'长沙理工',43,3,'C'),(867503,'长沙理工大学城南学院',43,3,'C'),(986657,'长沙理工大学交通运输工程学院',43,3,'C'),(972737,'长沙民政学院',43,3,'C'),(12034,'长沙民政职业技术学院',43,3,'C'),(95368,'长沙明政职业技术学院',43,3,'C'),(12030,'长沙南方职业学院',43,3,'C'),(970250,'长沙农校',43,3,'C'),(985130,'长沙炮兵学院',43,3,'C'),(977925,'长沙涉外经济学院',43,3,'C'),(80874,'长沙社会安全职业技术学院',43,3,'C'),(12033,'长沙师范专科学校',43,3,'C'),(970225,'长沙市楚天学院',43,3,'C'),(985066,'长沙市商业职业技术学校',43,3,'C'),(975731,'长沙市信息技术学校',43,3,'C'),(983858,'长沙市医药学校',43,3,'C'),(978936,'长沙水利电力师范学院',43,3,'C'),(977857,'长沙水利水电职业技术学院',43,3,'C'),(996237,'长沙铁道科技专修学院',43,3,'C'),(975660,'长沙铁道学院',43,3,'C'),(990693,'长沙卫生职业学院',43,3,'C'),(970098,'长沙卫校',43,3,'C'),(980614,'长沙文理专修学院',43,3,'C'),(988311,'长沙武警指挥学院',43,3,'C'),(80875,'长沙物流学院',43,3,'C'),(983555,'长沙县塱梨党校',43,3,'C'),(984152,'长沙信息职业技术学院',43,3,'C'),(12032,'长沙学院',43,3,'C'),(12029,'长沙医学院',43,3,'C'),(978381,'长沙医药学院',43,3,'C'),(977552,'长沙英华学院',43,3,'C'),(94478,'长沙远航翻译专修学院',43,3,'C'),(996868,'长沙政治学院',43,3,'C'),(12039,'长沙职工大学',43,3,'C'),(94917,'长沙中山外国语学院',43,3,'C'),(989371,'郴州广播电视大学',43,3,'C'),(970254,'郴州技师学院',43,3,'C'),(969959,'郴州计算机学校',43,3,'C'),(984659,'郴州建筑学校',43,3,'C'),(12072,'郴州教育学院',43,3,'C'),(970987,'郴州农校',43,3,'C'),(983460,'郴州商业学校',43,3,'C'),(984118,'郴州师范高等专科学院',43,3,'C'),(972667,'郴州师范学校',43,3,'C'),(990463,'郴州师专',43,3,'C'),(982360,'郴州市经贸电子学校',43,3,'C'),(990451,'郴州市师专',43,3,'C'),(971443,'郴州湘南技师学院',43,3,'C'),(12073,'郴州医学高等专科学校',43,3,'C'),(68779,'郴州职业技术学院',43,3,'C'),(978989,'创意信息工程学校',43,3,'C'),(978185,'道县大学',43,3,'D'),(980745,'道县师范',43,3,'D'),(996279,'道县师范学校',43,3,'D'),(975565,'鼎城区预备役学校',43,3,'D'),(980085,'凤凰第一农业大学',43,3,'F'),(972668,'凤凰技工学校',43,3,'F'),(995731,'格如大学',43,3,'G'),(977199,'光明大学',43,3,'G'),(72853,'国防科学技术大学',43,3,'G'),(971745,'汉寿县拓潮电脑职业技术学院',43,3,'H'),(990930,'河南信息科学职业学院',43,3,'H'),(980229,'衡山农业大学',43,3,'H'),(976849,'衡阳财经高等专科学校',43,3,'H'),(12025,'衡阳财经工业职业技术学院',43,3,'H'),(985568,'衡阳第二技工学校',43,3,'H'),(987986,'衡阳高职院',43,3,'H'),(12056,'衡阳工商贸易学院',43,3,'H'),(993360,'衡阳工业科技大学',43,3,'H'),(867506,'衡阳工业职工大学',43,3,'H'),(12054,'衡阳广播电视大学',43,3,'H'),(77865,'衡阳技师学院',43,3,'H'),(993067,'衡阳技校',43,3,'H'),(12057,'衡阳建材高等专科学校',43,3,'H'),(973760,'衡阳建设学校',43,3,'H'),(990393,'衡阳教育学院',43,3,'H'),(977970,'衡阳经济贸易学校',43,3,'H'),(68800,'衡阳师范学院南岳学院',43,3,'H'),(12024,'衡阳师院',43,3,'H'),(12058,'衡阳市财政会计学校',43,3,'H'),(978972,'衡阳市第一技工学校',43,3,'H'),(977304,'衡阳市纺织技校',43,3,'H'),(985770,'衡阳市机电工程学校',43,3,'H'),(95406,'衡阳市机械技工学校',43,3,'H'),(992154,'衡阳市农业学校',43,3,'H'),(989444,'衡阳市卫生学校',43,3,'H'),(987119,'衡阳市卫校',43,3,'H'),(12059,'衡阳市文理专修学院',43,3,'H'),(12055,'衡阳市职工大学',43,3,'H'),(979442,'衡阳市致公专修学院',43,3,'H'),(975710,'衡阳司法干部学校',43,3,'H'),(12060,'衡阳铁路工程学校',43,3,'H'),(980743,'衡阳卫校',43,3,'H'),(996404,'衡阳文理专修学院',43,3,'H'),(987674,'衡阳现代信息管理学校',43,3,'H'),(971430,'衡阳医学院',43,3,'H'),(12053,'衡阳有色冶金职工大学',43,3,'H'),(987328,'衡阳育才专修学院',43,3,'H'),(980215,'衡阳潇湘学院',43,3,'H'),(976140,'厚黑大学',43,3,'H'),(986054,'湖南安化旅游学校',43,3,'H'),(985147,'湖南安江农业技术学院',43,3,'H'),(979606,'湖南兵器工业大学',43,3,'H'),(867511,'湖南兵器工业职工大学',43,3,'H'),(12015,'湖南财经高等专科学校',43,3,'H'),(973458,'湖南财经学院',43,3,'H'),(98652,'湖南财政经济学院',43,3,'H'),(985742,'湖南餐旅服务技工学校',43,3,'H'),(989697,'湖南常德高专',43,3,'H'),(989960,'湖南常德交通旅游管理学院',43,3,'H'),(982516,'湖南常德浦沅技工学校',43,3,'H'),(983836,'湖南常德医学院',43,3,'H'),(977917,'湖南长沙博雅职业技术学院',43,3,'H'),(990501,'湖南长沙大众传媒职业技术学院',43,3,'H'),(970291,'湖南长沙环保学院',43,3,'H'),(973967,'湖南长沙交通职业技术学院',43,3,'H'),(978463,'湖南长沙涉外经济学院',43,3,'H'),(985716,'湖南长沙税务学院',43,3,'H'),(972984,'湖南长沙铁道学院',43,3,'H'),(971315,'湖南长沙武警指挥学院',43,3,'H'),(983508,'湖南长沙中南理工大',43,3,'H'),(990374,'湖南郴州工业学校',43,3,'H'),(984671,'湖南郴州技师学院',43,3,'H'),(980744,'湖南郴州商业学校',43,3,'H'),(11979,'湖南城市学院',43,3,'H'),(973441,'湖南大学财经学院',43,3,'H'),(94500,'湖南大学衡阳分校',43,3,'H'),(977215,'湖南大学人武学院',43,3,'H'),(11981,'湖南大众传媒学院',43,3,'H'),(94918,'湖南大众传媒职业技术学院',43,3,'H'),(12011,'湖南第一师范',43,3,'H'),(972886,'湖南电大',43,3,'H'),(77864,'湖南电气职业技术学院',43,3,'H'),(972113,'湖南电子大学',43,3,'H'),(70608,'湖南电子科技职业学院',43,3,'H'),(77866,'湖南洞庭科技学院',43,3,'H'),(81532,'湖南都市学院',43,3,'H'),(77857,'湖南都市职业学院',43,3,'H'),(11985,'湖南对外经济贸易职业学院',43,3,'H'),(94482,'湖南纺织职工大学',43,3,'H'),(867508,'湖南纺织职工大学湖',43,3,'H'),(984896,'湖南服装工业学校',43,3,'H'),(984122,'湖南富岳外国语专修学院',43,3,'H'),(977461,'湖南富岳外语学院',43,3,'H'),(982981,'湖南高等医学专科学校',43,3,'H'),(977873,'湖南高尔夫旅游职业学院',43,3,'H'),(973906,'湖南高速铁路职业技术学院',43,3,'H'),(976857,'湖南高铁学院',43,3,'H'),(997240,'湖南高铁职业技术学院',43,3,'H'),(11989,'湖南工程学院',43,3,'H'),(867500,'湖南工程学院应用技术学院',43,3,'H'),(11990,'湖南工程职业技术学院',43,3,'H'),(11987,'湖南工大',43,3,'H'),(972911,'湖南工管学院',43,3,'H'),(95392,'湖南工贸学院',43,3,'H'),(12076,'湖南工商贸易专修学院',43,3,'H'),(985651,'湖南工商职业技术学院',43,3,'H'),(987870,'湖南工商职业学院',43,3,'H'),(11988,'湖南工学院',43,3,'H'),(971172,'湖南工业大学',43,3,'H'),(991039,'湖南工业大学财经学院',43,3,'H'),(80878,'湖南工业大学科技学院',43,3,'H'),(979301,'湖南工业大学新校区',43,3,'H'),(80890,'湖南工业大学冶金校区',43,3,'H'),(978272,'湖南工业高级技工学院',43,3,'H'),(979590,'湖南工业高级技术学校',43,3,'H'),(867513,'湖南工业科技职工大学',43,3,'H'),(978291,'湖南工业职工大学',43,3,'H'),(11986,'湖南工业职业技术学院',43,3,'H'),(11991,'湖南工艺美术职业学院',43,3,'H'),(972217,'湖南工艺美院',43,3,'H'),(972216,'湖南工艺职业美院',43,3,'H'),(989353,'湖南公安大学',43,3,'H'),(970280,'湖南公安高等专科学校',43,3,'H'),(973408,'湖南公安专科学校',43,3,'H'),(11993,'湖南广播电视大学',43,3,'H'),(95001,'湖南广播电视学校',43,3,'H'),(993125,'湖南航天工业技术学校',43,3,'H'),(996698,'湖南衡阳工程机械技工学校',43,3,'H'),(94474,'湖南衡阳工业专修学院',43,3,'H'),(974052,'湖南衡阳华岳电子工程学校',43,3,'H'),(982450,'湖南衡阳技工大学',43,3,'H'),(989950,'湖南衡阳邮电技工学校',43,3,'H'),(984966,'湖南衡阳职工大学',43,3,'H'),(988092,'湖南华南学院',43,3,'H'),(976925,'湖南化工厂机械学校',43,3,'H'),(972920,'湖南怀化广播电视大学',43,3,'H'),(983469,'湖南怀化师范高等专科学校',43,3,'H'),(978533,'湖南怀化师专',43,3,'H'),(976022,'湖南怀化职业技术学院',43,3,'H'),(11999,'湖南环境生物职业技术学院',43,3,'H'),(980656,'湖南黄埔外国语学院',43,3,'H'),(11996,'湖南机电职业技术学院',43,3,'H'),(976176,'湖南吉首体院',43,3,'H'),(11994,'湖南建材高等专科学校',43,3,'H'),(985843,'湖南建筑高级技工学校',43,3,'H'),(972084,'湖南教育学院',43,3,'H'),(972492,'湖南金融管理干部学院',43,3,'H'),(867509,'湖南金融技术职工大学',43,3,'H'),(978238,'湖南金融市技术职工大学',43,3,'H'),(12012,'湖南经济干部管理学院',43,3,'H'),(973759,'湖南经济管理专修学院',43,3,'H'),(971694,'湖南经济科技学院',43,3,'H'),(993371,'湖南经济科技专修学院',43,3,'H'),(989412,'湖南经贸大学',43,3,'H'),(11971,'湖南警察学院',43,3,'H'),(12083,'湖南九疑职业技术学院',43,3,'H'),(11965,'湖南九嶷职业技术学院',43,3,'H'),(12007,'湖南科大',43,3,'H'),(867496,'湖南科技大学潇湘学院',43,3,'H'),(867505,'湖南科技工业职业技术学院',43,3,'H'),(12009,'湖南科技经贸职业学院',43,3,'H'),(12008,'湖南科技学院',43,3,'H'),(70694,'湖南科技职业工业技术学院',43,3,'H'),(72058,'湖南科技职业学院',43,3,'H'),(970135,'湖南空军气象学院',43,3,'H'),(985192,'湖南理工南湖学院',43,3,'H'),(12001,'湖南理工学院',43,3,'H'),(12002,'湖南理工职业技术学院',43,3,'H'),(989290,'湖南涟钢职工大学',43,3,'H'),(984529,'湖南林业高等专科学校',43,3,'H'),(867492,'湖南娄底远东职业学校',43,3,'H'),(979415,'湖南毛泽东文学院',43,3,'H'),(973552,'湖南蒙泉学校',43,3,'H'),(987668,'湖南民政干部学院',43,3,'H'),(11997,'湖南民族职业学院',43,3,'H'),(518804,'湖南南方专修学院',43,3,'H'),(977902,'湖南农村金融职工大学',43,3,'H'),(979507,'湖南农村金融职工大学',43,3,'H'),(979551,'湖南农大国际学院',43,3,'H'),(973993,'湖南农金大学',43,3,'H'),(94475,'湖南农业大学东方科技学院',43,3,'H'),(867493,'湖南农业大学国际学院',43,3,'H'),(990407,'湖南农业大学外国语学院',43,3,'H'),(11983,'湖南女子大学',43,3,'H'),(970190,'湖南轻工高级技工学院',43,3,'H'),(11968,'湖南人文科技',43,3,'H'),(971676,'湖南三一工业职业技术学院',43,3,'H'),(972565,'湖南沙坡师范大学',43,3,'H'),(973440,'湖南商贸旅游职业技术学院',43,3,'H'),(11977,'湖南商务职业技术学院',43,3,'H'),(11978,'湖南商学院',43,3,'H'),(95238,'湖南商学院北津学院',43,3,'H'),(972109,'湖南商业管理干部学院',43,3,'H'),(987947,'湖南邵阳电视大学',43,3,'H'),(971603,'湖南邵阳学院',43,3,'H'),(94483,'湖南涉外经济管理学院',43,3,'H'),(72842,'湖南涉外经济学院',43,3,'H'),(975735,'湖南社外经济贸易学院',43,3,'H'),(12004,'湖南生物环境职业技术学院',43,3,'H'),(12003,'湖南生物机电职业技术学院',43,3,'H'),(80881,'湖南生物机电职院',43,3,'H'),(867504,'湖南生物与机电工程职业技术学院',43,3,'H'),(77861,'湖南省兵器工业职工大学',43,3,'H'),(977054,'湖南省财会学校',43,3,'H'),(971511,'湖南省常德地区卫校',43,3,'H'),(995612,'湖南省长沙炮兵学院',43,3,'H'),(971254,'湖南省长沙市机电职业学院',43,3,'H'),(996361,'湖南省长沙市商业学校',43,3,'H'),(12081,'湖南省长沙市司法警官职业警官学院',43,3,'H'),(12082,'湖南省长沙市铁道科技专修学校',43,3,'H'),(984933,'湖南省长沙市现代物流职业技术学院',43,3,'H'),(990776,'湖南省郴州广播电视大学',43,3,'H'),(995825,'湖南省郴州技师学院',43,3,'H'),(973018,'中山市中山学院',44,3,'Z'),(976298,'中山司法学院',44,3,'Z'),(970386,'中山医科大学',44,3,'Z'),(68847,'中山职业技术学院',44,3,'Z'),(977224,'中央龙川小塘大学司法警官学院',44,3,'Z'),(988049,'中英科技学院',44,3,'Z'),(969914,'中友汽配学校',44,3,'Z'),(987164,'钟厝洋学校',44,3,'Z'),(80556,'仲恺农业工程学院',44,3,'Z'),(11451,'仲恺农业工程学院',44,3,'Z'),(977846,'周田大學',44,3,'Z'),(11607,'珠海大学',44,3,'Z'),(11608,'珠海广播电视大学',44,3,'Z'),(978319,'珠海教育学院',44,3,'Z'),(11609,'珠海科技专修学院',44,3,'Z'),(993626,'珠海南洋商贸管理学院',44,3,'Z'),(982492,'珠海市斗门区广播电视大学',44,3,'Z'),(987120,'珠海市工业技工学院',44,3,'Z'),(987117,'珠海市技工学校',44,3,'Z'),(11610,'珠海市教育学院',44,3,'Z'),(68904,'珠海市前程职业培训学校',44,3,'Z'),(11611,'珠海市外经贸专修学院',44,3,'Z'),(983803,'珠海外经贸学院',44,3,'Z'),(990919,'珠海外经贸专修学院',44,3,'Z'),(11553,'珠海艺术职业学院',44,3,'Z'),(986861,'珠海中华培智函授大学',44,3,'Z'),(11564,'遵义医学院珠海校区',44,3,'Z'),(980169,'萦城揭东职业学校',44,3,'Z'),(976315,'嗨疯平东社会大学',44,3,'Z'),(973003,'阳江职业技术学院',44,3,'Y'),(970081,'暨南大学教育学院',44,3,'Z'),(867475,'暨南大学深圳旅游学院',44,3,'Z'),(989666,'暨南大学中旅学院',44,3,'Z'),(11539,'暨南大学珠海学院',44,3,'Z'),(12260,'中国科学技术大学',34,3,'Z'),(12283,'安徽大学',34,3,'A'),(12264,'合肥工业大学',34,3,'H'),(12278,'安徽医科大',34,3,'A'),(12294,'安徽建工',34,3,'A'),(12269,'安徽中医',34,3,'A'),(77753,'安工学院',34,3,'A'),(93115,'安徽安广电脑专修学院',34,3,'A'),(984676,'安徽安庆海军专修学校',34,3,'A'),(989433,'安徽蚌埠财贸学院',34,3,'A'),(983111,'安徽蚌埠党校',34,3,'A'),(12388,'安徽蚌埠机电技师学院',34,3,'A'),(867357,'安徽蚌埠汽车管理学院',34,3,'A'),(972059,'安徽蚌埠坦克指挥学院',34,3,'A'),(976482,'安徽蚌埠信息技术',34,3,'A'),(985194,'安徽蚌埠装甲兵指挥学院',34,3,'A'),(986268,'安徽滨湖科技职业学院',34,3,'A'),(12311,'安徽财经',34,3,'A'),(80415,'安徽财经大学',34,3,'A'),(970917,'安徽财经大学商学院',34,3,'A'),(12312,'安徽财贸职业学院',34,3,'A'),(983476,'安徽长江职业学院',34,3,'A'),(93116,'安徽城市管理学院',34,3,'A'),(12282,'安徽城市管理职业学院',34,3,'A'),(989876,'安徽城市建设学校',34,3,'A'),(12350,'安徽滁洲师范学院',34,3,'A'),(98574,'安徽大学国际商学院',34,3,'A'),(972303,'安徽大学江淮学院',34,3,'A'),(984942,'安徽大学艺术学院',34,3,'A'),(996813,'安徽党校安庆学区',34,3,'A'),(980664,'安徽第一轻工业学校',34,3,'A'),(12351,'安徽电气工程学校',34,3,'A'),(12304,'安徽电气工程职业技术学院',34,3,'A'),(986750,'安徽电视广播大学',34,3,'A'),(80423,'安徽电子信息学院',34,3,'A'),(12303,'安徽电子信息职业技术学院',34,3,'A'),(974010,'安徽东方酒店管理学院',34,3,'A'),(889371,'安徽动漫游戏学院',34,3,'A'),(94883,'安徽纺织工学院',34,3,'A'),(986662,'安徽纺织学院',34,3,'A'),(12352,'安徽纺织职业技术学院',34,3,'A'),(971293,'安徽凤阳农业机械化学校',34,3,'A'),(12353,'安徽高等商业专科学校(马鞍山商业专科学校)',34,3,'A'),(77737,'安徽高新电脑专修学院',34,3,'A'),(81063,'安徽高新教育学院',34,3,'A'),(93117,'安徽高新学院',34,3,'A'),(12289,'安徽工程大学',34,3,'A'),(987758,'安徽工程大学机电学院',34,3,'A'),(980768,'安徽工程科技大学',34,3,'A'),(80417,'安徽工贸大学',34,3,'A'),(12290,'安徽工贸职业技术学院',34,3,'A'),(94884,'安徽工商管理学院',34,3,'A'),(867362,'安徽工商职业技术学院',34,3,'A'),(12288,'安徽工商职业学院',34,3,'A'),(12354,'安徽工学院',34,3,'A'),(12285,'安徽工业大学',34,3,'A'),(972388,'安徽工业大学工商学院',34,3,'A'),(93118,'安徽工业经济学院',34,3,'A'),(12286,'安徽工业经济职业技术学院',34,3,'A'),(12287,'安徽工业职业技术学院',34,3,'A'),(12274,'安徽公安职业学院',34,3,'A'),(12344,'安徽广播电视大学',34,3,'A'),(989830,'安徽广播电视大学开放教育学院（成人教育）',34,3,'A'),(94165,'安徽广播电视大学省直分校',34,3,'A'),(989493,'安徽广播电视大学芜湖分校',34,3,'A'),(984052,'安徽广播电视大学宣城分校',34,3,'A'),(989580,'安徽广播电视大学直属学院',34,3,'A'),(12293,'安徽广播影视职业技术学院',34,3,'A'),(972354,'安徽国防科技学院',34,3,'A'),(12280,'安徽国防科技职业学院',34,3,'A'),(972373,'安徽国防学院',34,3,'A'),(12281,'安徽国际商务职业学院',34,3,'A'),(94997,'安徽合肥财经学院',34,3,'A'),(867360,'安徽合肥机电技师学院',34,3,'A'),(991859,'安徽合肥教育学院',34,3,'A'),(93119,'安徽合肥腾飞电脑专修学院',34,3,'A'),(973336,'安徽合肥兴鹏科技技术学院',34,3,'A'),(982777,'安徽红十字会卫校',34,3,'A'),(973690,'安徽红十字会职业技术学院',34,3,'A'),(985734,'安徽怀宁师范',34,3,'A'),(976413,'安徽淮北党校',34,3,'A'),(80418,'安徽淮北煤电技师学院',34,3,'A'),(972307,'安徽淮北煤师院',34,3,'A'),(971575,'安徽淮北职业技术学院',34,3,'A'),(985625,'安徽淮南动力工程学校',34,3,'A'),(977314,'安徽淮南交通学校',34,3,'A'),(982672,'安徽黄梅戏学校',34,3,'A'),(986162,'安徽黄山广播电视大学',34,3,'A'),(12299,'安徽机电职业技术学院',34,3,'A'),(987173,'安徽机械工业学校',34,3,'A'),(12355,'安徽技术师范学院',34,3,'A'),(971690,'安徽计算机技术学校',34,3,'A'),(77739,'安徽建筑工业学院',34,3,'A'),(93120,'安徽交通学院',34,3,'A'),(12272,'安徽交通职业技术学院',34,3,'A'),(12295,'安徽教育学院',34,3,'A'),(93121,'安徽经济管理干部学院',34,3,'A'),(12307,'安徽经济管理学院',34,3,'A'),(984568,'安徽经济技术学院',34,3,'A'),(987905,'安徽警察教育学校',34,3,'A'),(988126,'安徽警官学院',34,3,'A'),(12310,'安徽警官职业学院',34,3,'A'),(867344,'安徽科技',34,3,'A'),(12306,'安徽科技学院',34,3,'A'),(98676,'安徽矿业职业技术学院',34,3,'A'),(12345,'安徽劳动大学',34,3,'A'),(12302,'安徽理工',34,3,'A'),(93122,'安徽理工大学',34,3,'A'),(12300,'安徽林业职业技术学院',34,3,'A'),(12346,'安徽六安广播电视大学',34,3,'A'),(93123,'安徽旅游职业学院',34,3,'A'),(68833,'安徽绿海商务职业学院',34,3,'A'),(12298,'安徽明星科技职业学院',34,3,'A'),(12387,'安徽能源技术学校',34,3,'A'),(12275,'安徽农大',34,3,'A'),(867358,'安徽农业大学',34,3,'A'),(972733,'安徽企业管理学院',34,3,'A'),(990493,'安徽汽车职业技师学院',34,3,'A'),(972784,'安徽轻工学院',34,3,'A'),(93124,'安徽轻工业技师学院',34,3,'A'),(12305,'安徽三联学院',34,3,'A'),(80421,'安徽商贸工程技师学院',34,3,'A'),(12279,'安徽商贸职业技术学院',34,3,'A'),(12356,'安徽商业高等专科学校',34,3,'A'),(982632,'安徽涉外经济学院',34,3,'A'),(93125,'安徽涉外经济职业技术学院',34,3,'A'),(70702,'安徽涉外经济职业学院',34,3,'A'),(986721,'安徽社会大学',34,3,'A'),(12357,'安徽审计学校',34,3,'A'),(980477,'安徽审计职业技术学院',34,3,'A'),(12284,'安徽审计职业学院',34,3,'A'),(978026,'安徽生物工程学校',34,3,'A'),(12358,'安徽省安庆商业学校',34,3,'A'),(979181,'安徽省安庆市交通职业技术学校',34,3,'A'),(978486,'安徽省蚌埠粮食学校',34,3,'A'),(81060,'安徽省蚌埠市广播电视大学',34,3,'A'),(991987,'安徽省蚌埠市航运技工学校',34,3,'A'),(12391,'安徽省蚌埠市汽车管理学院',34,3,'A'),(983900,'安徽省蚌埠市职业技工学校',34,3,'A'),(971159,'安徽省财政学校',34,3,'A'),(970970,'安徽省巢湖市农业学校',34,3,'A'),(93126,'安徽省巢湖学院',34,3,'A'),(989877,'安徽省城市建设学校',34,3,'A'),(978202,'安徽省滁州广播电视大学',34,3,'A'),(986986,'安徽省滁州卫校',34,3,'A'),(971731,'安徽省大别山中药学校',34,3,'A'),(980176,'安徽省电气工程学校',34,3,'A'),(12359,'安徽省对外经济贸易学校',34,3,'A'),(12361,'安徽省凤阳师范学校',34,3,'A'),(970063,'安徽省阜阳市工商贸易管理学校',34,3,'A'),(867355,'安徽省广播电视大学',34,3,'A'),(94166,'安徽省广播电视大学城市建设学院分院',34,3,'A'),(976392,'安徽省航运技工学校',34,3,'A'),(971478,'安徽省合肥林业学校',34,3,'A'),(972548,'安徽省合肥农机校',34,3,'A'),(972138,'安徽省合肥市城市管理职业学院',34,3,'A'),(80430,'安徽省合肥市公交技校',34,3,'A'),(983443,'安徽省合肥市陆军军官学院',34,3,'A'),(93127,'安徽省合肥市职工科技大学',34,3,'A'),(987373,'安徽省红十字卫校',34,3,'A'),(12362,'安徽省化工学院',34,3,'A'),(978055,'安徽省怀远师范学院',34,3,'A'),(98662,'安徽省淮南化学工程学校',34,3,'A'),(982940,'安徽省淮南市高等专科职业技术学院',34,3,'A'),(12363,'安徽省徽州师范专科学校',34,3,'A'),(989504,'安徽省建材工业学校',34,3,'A'),(93128,'安徽省建工技师学院',34,3,'A'),(93129,'安徽省金诺学院',34,3,'A'),(978383,'安徽省立医院护士学校',34,3,'A'),(12364,'安徽省灵璧师范学校',34,3,'A'),(984971,'安徽省六安农业机械学校',34,3,'A'),(985633,'安徽省六安市委中央党校',34,3,'A'),(983818,'安徽省煤炭技工学校',34,3,'A'),(12365,'安徽省蒙城师范高等专科学校',34,3,'A'),(970355,'安徽省蒙城县聋哑学校',34,3,'A'),(81068,'安徽省农业大学涉外经济学院',34,3,'A'),(93130,'安徽省汽车工业技师学院',34,3,'A'),(991056,'安徽省汽车运输管理干校',34,3,'A'),(980612,'安徽省轻工业干部学校',34,3,'A'),(867345,'安徽省三联职业技术学院',34,3,'A'),(12347,'安徽省省直职工大学',34,3,'A'),(986672,'安徽省司法学校',34,3,'A'),(997219,'安徽省宿州师范专科学校',34,3,'A'),(986149,'安徽省宿州师专',34,3,'A'),(972972,'安徽省宿州市农业技术学院',34,3,'A'),(982559,'安徽省宿州市商业干部学校',34,3,'A'),(973306,'安徽省宿州市师范专科学校',34,3,'A'),(971374,'安徽省宿州市萧县广播电视大学',34,3,'A'),(12390,'安徽省宿州市逸夫师范学院',34,3,'A'),(992445,'安徽省太湖师范学校',34,3,'A'),(93131,'安徽省体育运动职业技术学院',34,3,'A'),(12265,'安徽省万博科技职业学院',34,3,'A'),(970543,'安徽省委党校',34,3,'A'),(12348,'安徽省芜湖市电视广播大学',34,3,'A'),(12366,'安徽省物资学校',34,3,'A'),(93132,'安徽省行政学院',34,3,'A'),(12367,'安徽省宣州教育学院',34,3,'A'),(973298,'安徽省医药学校',34,3,'A'),(969881,'安徽省职业技术学院',34,3,'A'),(971248,'安徽省直电大学校',34,3,'A'),(987275,'安徽省直工委党校',34,3,'A'),(12349,'安徽省直职工大学',34,3,'A'),(970449,'安徽省中央党校',34,3,'A'),(12291,'安徽师范大学',34,3,'A'),(12292,'安徽师范大学皖江学院',34,3,'A'),(93134,'安徽示范大学',34,3,'A'),(93133,'安徽世杰电脑专修学院',34,3,'A'),(94998,'安徽世杰学院',34,3,'A'),(12301,'安徽水利水电职业技术学院',34,3,'A'),(984787,'安徽司法警官学院',34,3,'A'),(978582,'安徽宿州农业技术学校',34,3,'A'),(990651,'安徽宿州商业干部学校',34,3,'A'),(978212,'安徽宿州逸夫师范学校',34,3,'A'),(12369,'安徽体育学院',34,3,'A'),(12273,'安徽体育运动职业技术学院',34,3,'A'),(986295,'安徽铜陵师范',34,3,'A'),(980145,'安徽外国语学院',34,3,'A'),(12370,'安徽外国语学院',34,3,'A'),(93135,'安徽外语学院',34,3,'A'),(976800,'安徽万博职业技术学院',34,3,'A'),(971494,'安徽文达信息工程学院',34,3,'A'),(80419,'安徽文达信息技术学院',34,3,'A'),(12296,'安徽文达信息技术职业学院',34,3,'A'),(80414,'安徽文达信息职业技术学院',34,3,'A'),(978460,'安徽芜湖机电学院',34,3,'A'),(12371,'安徽芜湖教育学院',34,3,'A'),(989475,'安徽芜湖联合大学',34,3,'A'),(12389,'安徽新华学院',34,3,'A'),(12297,'安徽新闻出版职业技术学院',34,3,'A'),(973649,'安徽信息工程学院',34,3,'A'),(12372,'安徽行政经管学院',34,3,'A'),(972081,'安徽宣城地区粮食干部学校',34,3,'A'),(973718,'安徽扬子职业技术学院',34,3,'A'),(979505,'安徽药科学院',34,3,'A'),(12373,'安徽冶金工业学校',34,3,'A'),(93136,'安徽冶金科技职业技术学院',34,3,'A'),(12276,'安徽冶金科技职业学院',34,3,'A'),(93137,'安徽医科大学',34,3,'A'),(970853,'安徽医科大学成人教育学院',34,3,'A'),(81059,'安徽医科大学临床医学院',34,3,'A'),(12277,'安徽医学高等专科学校',34,3,'A'),(12309,'安徽艺术职业学院',34,3,'A'),(12313,'安徽邮电职业技术学院',34,3,'A'),(12308,'安徽职业技术学院',34,3,'A'),(971590,'安徽中澳科技职业技术学院',34,3,'A'),(12271,'安徽中澳科技职业学院',34,3,'A'),(980561,'安徽中澳自考学院',34,3,'A'),(93138,'安徽中医学院',34,3,'A'),(988206,'安徽中医学院成教学院',34,3,'A'),(12270,'安徽中医药高等专科学校',34,3,'A'),(12343,'安徽亳州广播电视大学',34,3,'A'),(93139,'安农大职业技术学院',34,3,'A'),(94211,'安庆大学',34,3,'A'),(80426,'安庆电力中等职业技术学校',34,3,'A'),(980854,'安庆电子职业技术学校',34,3,'A'),(77754,'安庆广播大学',34,3,'A'),(98740,'安庆广播电视大学',34,3,'A'),(992476,'安庆海军学院',34,3,'A'),(980781,'安庆海天职业技术学院',34,3,'A'),(980539,'安庆海天装修学院',34,3,'A'),(12267,'安庆师范',34,3,'A'),(93140,'安庆师范学院',34,3,'A'),(93141,'安庆石化职工大学',34,3,'A'),(987036,'安庆市财贸学院',34,3,'A'),(985938,'安庆市机械技工学校',34,3,'A'),(72856,'安庆市腾飞电脑学校',34,3,'A'),(983852,'安庆卫校',34,3,'A'),(986297,'安庆文都科技职业学校',34,3,'A'),(70669,'安庆医药高等专科学校',34,3,'A'),(12268,'安庆职业技术学院',34,3,'A'),(977266,'安庆自修大学',34,3,'A'),(984562,'安微建筑工业学院',34,3,'A'),(977379,'安微省国防科技学院',34,3,'A'),(977313,'蚌埠党校',34,3,'B'),(980309,'蚌埠电视大学',34,3,'B'),(867346,'蚌埠高等专科学校',34,3,'B'),(973747,'蚌埠工业学校',34,3,'B'),(977312,'蚌埠广播电视大学',34,3,'B'),(992443,'蚌埠技师学院',34,3,'B'),(984689,'蚌埠经济管理学院',34,3,'B'),(80420,'蚌埠经济技术职业学院',34,3,'B'),(976908,'蚌埠经贸学校',34,3,'B'),(983445,'蚌埠汽车工程学校',34,3,'B'),(971582,'蚌埠汽车管理学院',34,3,'B'),(972315,'蚌埠市高等专科学校',34,3,'B'),(979382,'蚌埠市技术学院',34,3,'B'),(867359,'蚌埠坦克学院',34,3,'B'),(989974,'蚌埠铁路技校',34,3,'B'),(12335,'蚌埠学院',34,3,'B'),(12334,'蚌埠医学院',34,3,'B'),(976476,'蚌埠职工机械大学',34,3,'B'),(867347,'蚌埠职业教育专修学院',34,3,'B'),(971448,'冰河学校',34,3,'B'),(971224,'蔡里工大',34,3,'C'),(974013,'长丰卫校',34,3,'C'),(990032,'巢湖广播电视大学',34,3,'C'),(977419,'巢湖建校',34,3,'C'),(12316,'巢湖学院',34,3,'C'),(12317,'巢湖职业技术学院',34,3,'C'),(94209,'城市建设学院',34,3,'C'),(94213,'池州广播电视大学',34,3,'C'),(983960,'池州体育运动学校',34,3,'C'),(12321,'池州学院',34,3,'C'),(12322,'池州职业技术学院',34,3,'C'),(973784,'滁州财税干校',34,3,'C'),(985298,'滁州农机技工学校',34,3,'C'),(94212,'滁州市广播电视大学',34,3,'C'),(978549,'滁州市轻纺技工学校',34,3,'C'),(979572,'滁州卫校',34,3,'C'),(12328,'滁州学院',34,3,'C'),(12329,'滁州职业技术学院',34,3,'C'),(979286,'大别山将军学院',34,3,'D'),(81061,'电子学院',34,3,'D'),(976997,'东方巴黎艺术学院',34,3,'D'),(975810,'肥东卫校',34,3,'F'),(995914,'肥西师范',34,3,'F'),(973483,'阜阳党校',34,3,'F'),(991917,'阜阳广播电视大学',34,3,'F'),(12385,'阜阳教育学院',34,3,'F'),(987699,'阜阳经济管理学院',34,3,'F'),(12339,'阜阳科技职业学院',34,3,'F'),(980558,'阜阳粮食职业技术学校',34,3,'F'),(979132,'阜阳农业学校',34,3,'F'),(12338,'阜阳师范',34,3,'F'),(77756,'阜阳师范学院',34,3,'F'),(986183,'阜阳师范学院信息工程学院',34,3,'F'),(970511,'阜阳市技工学校',34,3,'F'),(983647,'阜阳市卫校',34,3,'F'),(969875,'阜阳体校',34,3,'F'),(992371,'阜阳卫生学校',34,3,'F'),(971378,'阜阳乡镇企业学校',34,3,'F'),(12386,'阜阳行政学院',34,3,'F'),(12340,'阜阳职业技术学院',34,3,'F'),(975924,'工商银行金融管理学院',34,3,'G'),(93142,'广德学院',34,3,'G'),(972666,'国华教育专修学院',34,3,'G'),(93143,'国华学院',34,3,'G'),(983877,'毫州师范州高等专科学校',34,3,'H'),(975691,'合肥滨湖学院',34,3,'H'),(93073,'合肥滨湖职业技术学院',34,3,'H'),(93144,'合肥财经学院',34,3,'H'),(68877,'合肥财经职业学院',34,3,'H'),(977525,'合肥城市管理学院',34,3,'H'),(985998,'合肥电视广播大学',34,3,'H'),(970214,'合肥电子工程学院',34,3,'H'),(985603,'合肥对外经济贸易学校',34,3,'H'),(977526,'合肥工程职业技术学校',34,3,'H'),(977833,'合肥工贸学校',34,3,'H'),(996253,'合肥工业大学技师学院',34,3,'H'),(978503,'合肥工业大学继续教育学院',34,3,'H'),(973780,'合肥工业经济学校',34,3,'H'),(72041,'合肥共达职业技术学院',34,3,'H'),(971706,'合肥广播电视大学',34,3,'H'),(986808,'合肥机电学校',34,3,'H'),(991983,'合肥机械技术学校',34,3,'H'),(973501,'合肥建工技校',34,3,'H'),(975929,'合肥建设学校',34,3,'H'),(976381,'合肥建筑工程管理学院',34,3,'H'),(972583,'合肥建筑工业学院',34,3,'H'),(970527,'合肥教育学院',34,3,'H'),(983053,'合肥经济管理干部学院',34,3,'H'),(12319,'合肥经济技术职业学院',34,3,'H'),(973599,'合肥警官学院',34,3,'H'),(980209,'合肥警官职业技术学院',34,3,'H'),(972655,'合肥科技大学',34,3,'H'),(976408,'合肥联合大学',34,3,'H'),(977181,'合肥庐阳职业学校',34,3,'H'),(973788,'合肥庐州中华职业学校',34,3,'H'),(983085,'合肥农机校',34,3,'H'),(94208,'合肥轻工业大学',34,3,'H'),(973407,'合肥三里街大学',34,3,'H'),(976872,'合肥商学院',34,3,'H'),(972370,'合肥商职业学院',34,3,'H'),(977149,'合肥省艺校',34,3,'H'),(77554,'合肥师范学院',34,3,'H'),(77738,'合肥世杰学院',34,3,'H'),(996620,'合肥市机械工业技工学校',34,3,'H'),(978218,'合肥市劳动局城东技校',34,3,'H'),(93145,'合肥市三联职业技术学院',34,3,'H'),(971578,'合肥市体院',34,3,'H'),(867348,'合肥市万博科技职业学院',34,3,'H'),(81065,'合肥市职工大学',34,3,'H'),(983021,'合肥天马旅游学校',34,3,'H'),(95349,'合肥铁路工程学院',34,3,'H'),(12266,'合肥通用职业技术学院',34,3,'H'),(980117,'合肥文达职业技术学院',34,3,'H'),(979596,'合肥无线电技工学校',34,3,'H'),(93146,'合肥新华电脑学院',34,3,'H'),(991013,'合肥新华学院',34,3,'H'),(978905,'合肥新闻出版学院',34,3,'H'),(978976,'合肥兴鹏职业技术学校',34,3,'H'),(989375,'合肥兴鹏职业学院',34,3,'H'),(12263,'合肥学院',34,3,'H'),(970544,'合肥烟草学院',34,3,'H'),(867350,'合肥幼儿师范学校',34,3,'H'),(77735,'合肥幼儿师范学院',34,3,'H'),(979701,'合肥职工大学',34,3,'H'),(867354,'合肥职工科技大学',34,3,'H'),(986227,'合肥中华职业学校',34,3,'H'),(95359,'合工大高职学院',34,3,'H'),(93147,'河海大学文天学院',34,3,'H'),(971044,'河运技校',34,3,'H'),(972629,'华东冶金学院',34,3,'H'),(982760,'淮北财政学校',34,3,'H'),(80416,'淮北教育学院',34,3,'H'),(93148,'淮北煤炭技师学院',34,3,'H'),(970290,'淮北煤炭师范学院',34,3,'H'),(72835,'淮北师范',34,3,'H'),(12323,'淮北师范大学',34,3,'H'),(987098,'淮北师范大学信息学院',34,3,'H'),(991915,'淮北市卫生职业技术学校',34,3,'H'),(991925,'淮北卫校',34,3,'H'),(12324,'淮北职业技术学院',34,3,'H'),(972136,'淮河矿业学院',34,3,'H'),(12383,'淮南洞山职业技术学院',34,3,'H'),(80424,'淮南工贸职业技术学院',34,3,'H'),(996788,'淮南工业学院',34,3,'H'),(12381,'淮南广播电视大学',34,3,'H'),(980385,'淮南机械工业技术学校',34,3,'H'),(94954,'淮南技师培训学院',34,3,'H'),(979557,'淮南技术学校',34,3,'H'),(995339,'淮南经济技术学院',34,3,'H'),(984033,'淮南矿院',34,3,'H'),(976194,'淮南理工大学',34,3,'H'),(12327,'淮南联合大学',34,3,'H'),(12325,'淮南师范',34,3,'H'),(93149,'淮南师范学院',34,3,'H'),(867353,'淮南市职工大学',34,3,'H'),(980089,'淮南医药学校',34,3,'H'),(95215,'淮南职工大学',34,3,'H'),(12326,'淮南职业技术学院',34,3,'H'),(991030,'淮南职业医学专科学校',34,3,'H'),(976838,'黄山茶业学校',34,3,'H'),(983664,'黄山当代技校',34,3,'H'),(976390,'黄山党校',34,3,'H'),(983463,'黄山广播电视大学',34,3,'H'),(984197,'黄山商业干部学校',34,3,'H'),(990844,'黄山市旅游经济学校',34,3,'H'),(984199,'黄山市商业成人干部学校',34,3,'H'),(12342,'黄山学院',34,3,'H'),(977938,'黄山医学专修学院',34,3,'H'),(985267,'黄山职业技术学院',34,3,'H'),(77741,'徽商学院',34,3,'H'),(94108,'徽州师范',34,3,'H'),(80427,'徽州师范转科学校',34,3,'H'),(80428,'汇口中心学校',34,3,'H'),(94109,'霍邱师范',34,3,'H'),(970102,'霍邱卫校',34,3,'H'),(992390,'江淮汽车职业技术学校',34,3,'J'),(12394,'解放军电子工程学院',34,3,'J'),(993127,'解放军合肥电子工程学院',34,3,'J'),(70704,'解放军合肥炮兵学院',34,3,'J'),(976175,'解放军陆军军官学院',34,3,'J'),(971463,'解放军炮兵学院',34,3,'J'),(990803,'临泉县县委党校',34,3,'L'),(80429,'六安高级技工学校',34,3,'L'),(93150,'六安科达职业中专学院',34,3,'L'),(985193,'六安贸易职业技术学校',34,3,'L'),(996708,'六安师范专科学校',34,3,'L'),(976890,'六安师专',34,3,'L'),(970869,'六安卫生学校',34,3,'L'),(987309,'六安卫校',34,3,'L'),(12262,'六安职业技术学院',34,3,'L'),(973687,'陇海职业技术学校',34,3,'L'),(972619,'庐江师范学校',34,3,'L'),(976010,'马鞍山科技职业技术学院',34,3,'M'),(971680,'马鞍山粮食学校',34,3,'M'),(12379,'马鞍山马钢职大',34,3,'M'),(12341,'马鞍山师范高等专科学校',34,3,'M'),(12377,'马鞍山市广播电视大学',34,3,'M'),(974022,'马鞍山市马钢技校',34,3,'M'),(996527,'马鞍山市委党校',34,3,'M'),(77752,'马鞍山网络大学',34,3,'M'),(98491,'马鞍山职教中心',34,3,'M'),(93151,'马鞍山职业技术学院',34,3,'M'),(991931,'马钢卫校',34,3,'M'),(985322,'蒙城电大',34,3,'M'),(867351,'民办安徽旅游职业学院',34,3,'M'),(867349,'民办合肥经济技术职业学院',34,3,'M'),(973714,'农村修造专科',34,3,'N'),(93152,'三联学院',34,3,'S'),(972337,'寿县师范学院',34,3,'S'),(977158,'舒城师范学校',34,3,'S'),(867352,'宿县地区教育学院',34,3,'S'),(980513,'宿州技师学院',34,3,'S'),(93153,'宿州教育学院',34,3,'S'),(972551,'宿州农干校',34,3,'S'),(972594,'宿州商校',34,3,'S'),(985767,'宿州市广播电视大学',34,3,'S'),(867361,'宿州市联合大学',34,3,'S'),(12314,'宿州学院',34,3,'S'),(12315,'宿州职业技术学院',34,3,'S'),(982704,'桐城高等师范专科学校',34,3,'T'),(12384,'桐城师范',34,3,'T'),(983762,'铜陵电大',34,3,'T'),(995647,'铜陵市中央党校',34,3,'T'),(988271,'铜陵学院',34,3,'T'),(12336,'铜陵学院',34,3,'T'),(12337,'铜陵职业技术学院',34,3,'T'),(976765,'铜陵智通职业技术学院',34,3,'T'),(978916,'土桥湖学院',34,3,'T'),(979157,'皖北农学院',34,3,'W'),(978886,'皖巢湖建筑工程学校',34,3,'W'),(986082,'皖东学院',34,3,'W'),(982873,'皖南机电学院',34,3,'W'),(867356,'皖南农学院',34,3,'W'),(12330,'皖南医学院',34,3,'W'),(973479,'皖西联合大学',34,3,'W'),(972771,'皖西卫生学院',34,3,'W'),(973961,'皖西卫生职业技术学院',34,3,'W'),(12331,'皖西学院',34,3,'W'),(970295,'皖西学院继续教育',34,3,'W'),(93154,'万博科技职业技术学院',34,3,'W'),(969900,'文达信息工程学院',34,3,'W'),(983934,'芜湖地区卫生卫校',34,3,'W'),(95145,'芜湖广播电视大学',34,3,'W'),(978462,'芜湖机电学院',34,3,'W'),(12375,'芜湖机械学校',34,3,'W'),(93155,'芜湖技师学院',34,3,'W'),(12376,'芜湖教育学院',34,3,'W'),(995801,'芜湖联大',34,3,'W'),(972384,'芜湖农校',34,3,'W'),(973557,'芜湖商校',34,3,'W'),(12378,'芜湖师范专科学校',34,3,'W'),(982907,'芜湖市农业学校',34,3,'W'),(12332,'芜湖信息技术职业学院',34,3,'W'),(12333,'芜湖职业技术学院',34,3,'W'),(970320,'芜湖中医学院',34,3,'W'),(978332,'吴桥大学',34,3,'W'),(95183,'武警合肥指挥学院',34,3,'W'),(984965,'五七大学',34,3,'W'),(979990,'宣城地区卫校',34,3,'X'),(12380,'宣城师范',34,3,'X'),(93156,'宣城职业技术学院',34,3,'X'),(978591,'宜城学院',34,3,'Y'),(990802,'昭关工业技术学校',34,3,'Z'),(982697,'中澳职业技术学院',34,3,'Z'),(971176,'中共安徽省委党校',34,3,'Z'),(985101,'中共安徽省委党校淮南分校',34,3,'Z'),(977527,'中国党校',34,3,'Z'),(970118,'中国动力工程学校',34,3,'Z'),(94167,'中国计算机函授学院六安科达分院',34,3,'Z'),(978038,'中国计算机职业技术学院',34,3,'Z'),(979496,'中国科大网络教育学院',34,3,'Z'),(986731,'中国科技大学',34,3,'Z'),(94224,'中国科学院固体物理研究所',34,3,'Z'),(68852,'中国人民解放军蚌埠坦克学院',34,3,'Z'),(978175,'中国人民解放军电子工程学院',34,3,'Z'),(979612,'中国人民解放军海军学院',34,3,'Z'),(978557,'中国人民解放军陆军军官学院（原炮兵学院）',34,3,'Z'),(93157,'中国人民解放军炮兵学院',34,3,'Z'),(93158,'中国人民解放军汽车管理学院',34,3,'Z'),(975653,'中央党校函授学院合肥炮院学区',34,3,'Z'),(977285,'中央电大阜阳分校',34,3,'Z'),(979059,'准北大学',34,3,'Z'),(977277,'亳州汽车工业学校',34,3,'Z'),(979456,'亳州市委党校',34,3,'Z'),(974051,'亳州幼儿师范学校',34,3,'Z'),(12261,'亳州职业技术学院',34,3,'Z'),(983959,'亳州中药科技学校',34,3,'Z'),(973313,'泗县技工学校',34,3,'Z'),(980304,'嬉子湖渔业大学',34,3,'Z'),(12884,'重庆大学',50,3,'Z'),(12871,'西南大学',50,3,'X'),(12893,'重庆师大',50,3,'Z'),(12873,'西南政法大学',50,3,'X'),(12877,'重庆交通大学',50,3,'Z'),(12907,'重庆邮电大学',50,3,'Z'),(973388,'白岩路广播电视大学',50,3,'B'),(987983,'北京师范大学网络教育学院重庆分校',50,3,'B'),(984177,'北京师范大学网络教育重庆分院',50,3,'B'),(971640,'财经职业学院',50,3,'C'),(980159,'长江技术学院',50,3,'C'),(12908,'长江师范学院',50,3,'C'),(12923,'第三军医大学',50,3,'D'),(986992,'涪陵创业学校',50,3,'F'),(972112,'涪陵创业学校（党校内）',50,3,'F'),(971522,'涪陵教育学院',50,3,'F'),(988080,'涪陵区卫生学校',50,3,'F'),(12910,'涪陵师范学院',50,3,'F'),(989643,'涪陵政法干校',50,3,'F'),(975886,'合川广播电视大学',50,3,'H'),(989895,'嘉陵技校',50,3,'J'),(986320,'江津白沙工商职业校',50,3,'J'),(985758,'江津师专',50,3,'J'),(985632,'解放军重庆后勤工程学院',50,3,'J'),(990541,'雷家河医学院',50,3,'L'),(988098,'梁平技工学校',50,3,'L'),(12914,'临沧教育学院',50,3,'L'),(12913,'蒙自师范高等专科学校',50,3,'M'),(985277,'南川广播电视大学',50,3,'N'),(993323,'黔江旅游学院',50,3,'Q'),(977843,'三峡联大信息工程学院',50,3,'S'),(95364,'三峡联合职业大学',50,3,'S'),(973610,'三峡联合职业大学信息科技学院',50,3,'S'),(989333,'沙区卫校',50,3,'S'),(996719,'四川第二党校',50,3,'S'),(12870,'四川美院',50,3,'S'),(987216,'四川青年自修大学',50,3,'S'),(988369,'四川荣昌畜牧兽医学校',50,3,'S'),(976437,'四川三峡学院',50,3,'S'),(972061,'四川省税务学校',50,3,'S'),(867628,'四川外国语',50,3,'S'),(12868,'四川外国语学院',50,3,'S'),(12869,'四川外语学院重庆南方翻译学院',50,3,'S'),(975843,'四川万县教育学院',50,3,'S'),(973345,'松藻技工学校',50,3,'S'),(973554,'铜梁师范校',50,3,'T'),(972631,'万盛区矿业公司南桐技工校',50,3,'W'),(982514,'万盛职业大学',50,3,'W'),(980356,'万县水利电力学校',50,3,'W'),(983524,'万州技工学校',50,3,'W'),(980139,'万州经济贸易学校',50,3,'W'),(984650,'万州商贸校',50,3,'W'),(982512,'万州职业大学',50,3,'W'),(986719,'西南大学（荣昌校区）',50,3,'X'),(78285,'西南大学荣昌校区',50,3,'X'),(77890,'西南大学网络教育学院',50,3,'X'),(867631,'西南大学应用技术学院',50,3,'X'),(12872,'西南大学育才学院',50,3,'X'),(972201,'西南工业管理学校',50,3,'X'),(989548,'西南航天职工大学',50,3,'X'),(971628,'西南铝加工厂职工大学',50,3,'X'),(94783,'西南农业大学',50,3,'X'),(971085,'西南师范大学',50,3,'X'),(867626,'西南政法',50,3,'X'),(973790,'西南政法大学重庆海联职业技术学院',50,3,'X'),(972300,'永川机电校',50,3,'Y'),(973318,'永川经贸学院',50,3,'Y'),(991976,'永川师范校',50,3,'Y'),(988113,'永川师专',50,3,'Y'),(970900,'永川卫校',50,3,'Y'),(975959,'永川文理学院',50,3,'Y'),(12909,'渝西学院',50,3,'Y'),(977825,'渝中区党校',50,3,'Y'),(12912,'渝州教育学院',50,3,'Y'),(977567,'原万县广播电视大学育才分校',50,3,'Y'),(996532,'云阳县技工学校',50,3,'Y'),(980287,'中囸重庆古建工程学院',50,3,'Z'),(980553,'中共重庆市委党校',50,3,'Z'),(985631,'中共重庆市委党校',50,3,'Z'),(980593,'中共重庆市委党校行政学院',50,3,'Z'),(982764,'中共重庆市中央党校',50,3,'Z'),(984762,'中国广播电视大学涪陵分校',50,3,'Z'),(990883,'中国解放军第三医大学',50,3,'Z'),(986951,'中国人民解放军后勤工程学院',50,3,'Z'),(12924,'中国人民解放军后勤工程学院',50,3,'Z'),(12925,'中国人民解放军重庆通信学院',50,3,'Z'),(985607,'中国人民解放军总参通信学院',50,3,'Z'),(986669,'中国人民解放军总参通直职业技术学校',50,3,'Z'),(982396,'中央电视广播大学企业管理学院',50,3,'Z'),(985045,'中央广播电视大学大渡口分校',50,3,'Z'),(970467,'中央广播电视大学南川分校',50,3,'Z'),(978467,'忠县供销学校',50,3,'Z'),(979006,'重大网络教育学院',50,3,'Z'),(980299,'重钢职业技术学校',50,3,'Z'),(979663,'重亲师范大学涉外商贸学院',50,3,'Z'),(979218,'重庆安全技术职业学院',50,3,'Z'),(12892,'重庆巴渝职业技术学院',50,3,'Z'),(980573,'重庆兵器工业职工大学',50,3,'Z'),(995867,'重庆长江航运旅游学校',50,3,'Z'),(970245,'重庆长江师范',50,3,'Z'),(12882,'重庆城市管理职业学院',50,3,'Z'),(81403,'重庆城市建设工程学院',50,3,'Z'),(12883,'重庆城市职业学院',50,3,'Z'),(92598,'重庆传媒职业学院',50,3,'Z'),(971623,'重庆大渡口旅游学校',50,3,'Z'),(12885,'重庆大学城市科技学院',50,3,'Z'),(989863,'重庆大学建筑工程学院',50,3,'Z'),(980754,'重庆大学网络学院',50,3,'Z'),(995913,'重庆党校',50,3,'Z'),(972689,'重庆第三军医大学',50,3,'Z'),(970125,'重庆电大建筑工程学院',50,3,'Z'),(77885,'重庆电大企业管理学院',50,3,'Z'),(81401,'重庆电大物流学院',50,3,'Z'),(985038,'重庆电机厂技校',50,3,'Z'),(982412,'重庆电力高等专科学校',50,3,'Z'),(12901,'重庆电力高等专科学校',50,3,'Z'),(995582,'重庆电力高级技工学校',50,3,'Z'),(972786,'重庆电力学校',50,3,'Z'),(94782,'重庆电力职工大学',50,3,'Z'),(970807,'重庆电视广播大学',50,3,'Z'),(987754,'重庆电信职业学院',50,3,'Z'),(98632,'重庆电讯职业学院',50,3,'Z'),(12922,'重庆电子工程职业学院',50,3,'Z'),(12902,'重庆电子科技职业学院',50,3,'Z'),(989707,'重庆电子信息工程学院',50,3,'Z'),(12903,'重庆电子职业技术学院',50,3,'Z'),(77886,'重庆东亚学院',50,3,'Z'),(518803,'重庆房地产职业学院',50,3,'Z'),(972654,'重庆钢铁高等专科学校',50,3,'Z'),(977033,'重庆钢专',50,3,'Z'),(94872,'重庆高级技师学院',50,3,'Z'),(92599,'重庆高级技术学院',50,3,'Z'),(978960,'重庆工程学院',50,3,'Z'),(12891,'重庆工程职业技术学院',50,3,'Z'),(68844,'重庆工贸职业技术学院',50,3,'Z'),(867627,'重庆工商',50,3,'Z'),(12887,'重庆工商大学',50,3,'Z'),(992305,'重庆工商大学继续学院',50,3,'Z'),(12888,'重庆工商大学派斯学院',50,3,'Z'),(77889,'重庆工商大学融智学院',50,3,'Z'),(987763,'重庆工商大学商务策划学院',50,3,'Z'),(12889,'重庆工商职业学院',50,3,'Z'),(976933,'重庆工业管理学校',50,3,'Z'),(988293,'重庆工业管理学院',50,3,'Z'),(12886,'重庆工业职业技术学院',50,3,'Z'),(980164,'重庆工业职业学院',50,3,'Z'),(979293,'重庆公共运输学院',50,3,'Z'),(995536,'重庆公共运输职业技术学院',50,3,'Z'),(12879,'重庆光彩职业技术学院',50,3,'Z'),(70655,'重庆广播电视大学',50,3,'Z'),(990860,'重庆广播电视大学成人继续教育学院',50,3,'Z'),(80777,'重庆广播电视大学经贸学院',50,3,'Z'),(975737,'重庆广播电视大学开放教育学院',50,3,'Z'),(993665,'重庆广播电视大学企业管理学院',50,3,'Z'),(980845,'重庆广播电视大学荣昌分校',50,3,'Z'),(978414,'重庆广播电视大学沙坪坝分校',50,3,'Z'),(972118,'重庆广播电视大学直属部',50,3,'Z'),(12900,'重庆海联职业技术学院',50,3,'Z'),(996233,'重庆海天软件工程学院',50,3,'Z'),(94777,'重庆航天电子职业技术学院',50,3,'Z'),(94779,'重庆航天职业技术学院',50,3,'Z'),(995746,'重庆河运学校',50,3,'Z'),(976062,'重庆后勤工程学院',50,3,'Z'),(995314,'重庆化工技校',50,3,'Z'),(70616,'重庆化工职工大学',50,3,'Z'),(976296,'重庆化工职业学院',50,3,'Z'),(94780,'重庆化医技师学院',50,3,'Z'),(72827,'重庆机电职业技术学院',50,3,'Z'),(77887,'重庆机械电子技师学院',50,3,'Z'),(976351,'重庆机械高级技工学校',50,3,'Z'),(971508,'重庆继续学院',50,3,'Z'),(991857,'重庆嘉陵职业学校',50,3,'Z'),(984046,'重庆建工学院',50,3,'Z'),(95160,'重庆建筑大学',50,3,'Z'),(973549,'重庆建筑高等专科学校',50,3,'Z'),(976778,'重庆建筑工程学院',50,3,'Z'),(77888,'重庆建筑工程职业学院',50,3,'Z'),(990362,'重庆江北长安第二技校',50,3,'Z'),(972460,'重庆江北机电校',50,3,'Z'),(972326,'重庆江北应用技术学校',50,3,'Z'),(980650,'重庆江南财税管理学校',50,3,'Z'),(94781,'重庆交电职工大学',50,3,'Z'),(983671,'重庆交通大学继续教育学院',50,3,'Z'),(98674,'重庆交通职业学院',50,3,'Z'),(980221,'重庆教育管理学校',50,3,'Z'),(12896,'重庆教育学院',50,3,'Z'),(982926,'重庆经济管理学院',50,3,'Z'),(993172,'重庆经贸管理专修学院',50,3,'Z'),(92600,'重庆经贸学院',50,3,'Z'),(979253,'重庆经贸职业学院',50,3,'Z'),(12906,'重庆警官职业学院',50,3,'Z'),(976221,'重庆聚英技术学院',50,3,'Z'),(976326,'重庆聚英科大',50,3,'Z'),(971134,'重庆科创学院',50,3,'Z'),(72860,'重庆科创职业学院',50,3,'Z'),(12915,'重庆科技工程专修学院',50,3,'Z'),(12904,'重庆科技学院',50,3,'Z'),(12890,'重庆理工大学',50,3,'Z'),(81404,'重庆立信财经传修学院',50,3,'Z'),(995834,'重庆联合职业技术大学',50,3,'Z'),(98643,'重庆旅游职业学院',50,3,'Z'),(971446,'重庆勉仁职业高校',50,3,'Z'),(77892,'重庆民生职业技术学院',50,3,'Z'),(959407,'重庆能源职业学院',50,3,'Z'),(990640,'重庆青年干部管理学院',50,3,'Z'),(77891,'重庆青年职业技术学院',50,3,'Z'),(979711,'重庆轻工业学校',50,3,'Z'),(987130,'重庆轻工业职工大学',50,3,'Z'),(987209,'重庆轻工职业学院',50,3,'Z'),(12875,'重庆三峡学院',50,3,'Z'),(12874,'重庆三峡医药高等专科学校',50,3,'Z'),(12876,'重庆三峡职业学院',50,3,'Z'),(970368,'重庆商学院',50,3,'Z'),(991873,'重庆商业职工大学',50,3,'Z'),(973487,'重庆社会研究大学',50,3,'Z'),(966035,'重庆师范大学',50,3,'Z'),(975779,'重庆师范大学成教院',50,3,'Z'),(977151,'重庆师范大学继续教育学院',50,3,'Z'),(12894,'重庆师范大学涉外商贸学院',50,3,'Z'),(972558,'重庆师范高等专科学校',50,3,'Z'),(971217,'重庆师范专科学校',50,3,'Z'),(991964,'重庆石油高等专科学校',50,3,'Z'),(995299,'重庆石油学校',50,3,'Z'),(975568,'重庆时代科技学院',50,3,'Z'),(993212,'重庆市包装技工学校',50,3,'Z'),(983954,'重庆市北碚区硅酸盐技工学校',50,3,'Z'),(12920,'重庆市川外南方翻译学院',50,3,'Z'),(987766,'重庆市党校',50,3,'Z'),(983825,'重庆市第二交通技校',50,3,'Z'),(982452,'重庆市第二卫校',50,3,'Z'),(973981,'重庆市第三卫生学校',50,3,'Z'),(972794,'重庆市第一师范学校',50,3,'Z'),(68776,'重庆市电力职工大学',50,3,'Z'),(98499,'重庆市对外贸易经济学校',50,3,'Z'),(978048,'重庆市纺织技工学校',50,3,'Z'),(985328,'重庆市涪陵区供销干校',50,3,'Z'),(995837,'重庆市钢铁高等专科学校',50,3,'Z'),(985967,'重庆市高级技工学院',50,3,'Z'),(974045,'重庆市工贸职业技术学院',50,3,'Z'),(989844,'重庆市工业管理职业学校',50,3,'Z'),(92601,'重庆市工业技师学院',50,3,'Z'),(976338,'重庆市工业校',50,3,'Z'),(996727,'重庆市公共交通技工学校',50,3,'Z'),(977402,'重庆市海联学院',50,3,'Z'),(12921,'重庆市合川区西南大学育才学院',50,3,'Z'),(996246,'重庆市化工学院',50,3,'Z'),(992498,'重庆市化工职业学院',50,3,'Z'),(77884,'重庆市化医技师学院',50,3,'Z'),(990728,'重庆市机电工程技术学校',50,3,'Z'),(971445,'重庆市机电工业学院',50,3,'Z'),(80778,'重庆市机械高极技工学院',50,3,'Z'),(92602,'重庆市机械技师学院',50,3,'Z'),(988257,'重庆市建峰技校',50,3,'Z'),(80776,'重庆市建筑工程职业学院',50,3,'Z'),(976287,'重庆市江南财税管理学院',50,3,'Z'),(990422,'重庆市交通运输技工学校',50,3,'Z'),(980032,'重庆市经济贸易学院',50,3,'Z'),(983863,'重庆市九龙坡区西彭镇成人学院',50,3,'Z'),(890286,'重庆市九龙坡区职教中心',50,3,'Z'),(987143,'重庆市聚英技工学校',50,3,'Z'),(986099,'重庆市开县党校',50,3,'Z'),(986263,'重庆市开县三峡技校',50,3,'Z'),(990736,'重庆市联合职业技术大学',50,3,'Z'),(80773,'重庆市民生职业技术学院',50,3,'Z'),(993119,'重庆市南川区党校',50,3,'Z'),(995500,'重庆市能源技师学院',50,3,'Z'),(989373,'重庆市青年管理干部学院',50,3,'Z'),(980322,'重庆市轻工业大学',50,3,'Z'),(98631,'重庆市三峡师范学校',50,3,'Z'),(98629,'重庆市三峡师范学校',50,3,'Z'),(979389,'重庆市沙坪坝区第三军医大学',50,3,'Z'),(977156,'重庆市沙平坝区化龙桥职业学校',50,3,'Z'),(984531,'重庆市铜梁县电讯科技学校',50,3,'Z'),(979395,'重庆市万州区委党校',50,3,'Z'),(973314,'重庆市委党校',50,3,'Z'),(989846,'重庆市委党校（重庆行政学院）',50,3,'Z'),(978949,'重庆市委党校函授学院',50,3,'Z'),(980803,'重庆市卫生学校',50,3,'Z'),(94778,'重庆市五一高级技工学院',50,3,'Z'),(982634,'重庆市行知工商职业技术学校',50,3,'Z'),(986057,'重庆市医科大学中医药学院',50,3,'Z'),(987913,'重庆市艺才技工学校',50,3,'Z'),(995666,'重庆市永川卫生学校',50,3,'Z'),(989406,'重庆市渝东技工学校',50,3,'Z'),(986991,'重庆市渝中高级职业学校',50,3,'Z'),(986293,'重庆市职工大学',50,3,'Z'),(983630,'重庆市中医校',50,3,'Z'),(970018,'重庆市中医药学校',50,3,'Z'),(977271,'重庆水电职业学院',50,3,'Z'),(12899,'重庆水利电力职业技术学院',50,3,'Z'),(976386,'重庆通信学院',50,3,'Z'),(986074,'重庆铜梁电讯科技学校',50,3,'Z'),(989905,'重庆铜梁卫校',50,3,'Z'),(80775,'重庆外国语学院',50,3,'Z'),(996494,'重庆万县卫校',50,3,'Z'),(98445,'重庆万州三峡服装艺术学校',50,3,'Z'),(972186,'重庆万州商贸中专职业学校商贸校',50,3,'Z'),(976047,'重庆卫校',50,3,'Z'),(12897,'重庆文理',50,3,'Z'),(986725,'重庆文理学院',50,3,'Z'),(980761,'重庆五一技师学院',50,3,'Z'),(989680,'重庆物流学院',50,3,'Z'),(12919,'重庆西南大学育才学院',50,3,'Z'),(988168,'重庆西南工业管理学校',50,3,'Z'),(12918,'重庆信息工程专修学院',50,3,'Z'),(12878,'重庆信息技术职业学院',50,3,'Z'),(995782,'重庆行政学院',50,3,'Z'),(988242,'重庆行知技工学校',50,3,'Z'),(973374,'重庆行知技师学院',50,3,'Z'),(989730,'重庆行知技校',50,3,'Z'),(982930,'重庆秀山中职技术学校',50,3,'Z'),(970366,'重庆学院',50,3,'Z'),(983090,'重庆药剂学校',50,3,'Z'),(95237,'重庆冶金成人学院',50,3,'Z'),(12880,'重庆医科大学',50,3,'Z'),(972055,'重庆艺术工程职业学院',50,3,'Z'),(985112,'重庆益民技工学校',50,3,'Z'),(92603,'重庆永川广播电视大学',50,3,'Z'),(976302,'重庆永川国立职业学校',50,3,'Z'),(976147,'重庆永川科创',50,3,'Z'),(970165,'重庆永川市机电工业学院',50,3,'Z'),(976967,'重庆永川松溉镇职校',50,3,'Z'),(72071,'重庆邮电大学移通学院',50,3,'Z'),(991923,'重庆渝西科技工程学校',50,3,'Z'),(12911,'重庆渝州大学',50,3,'Z'),(12898,'重庆正大软件职业技术学院',50,3,'Z'),(985760,'重庆职工会计专科学校',50,3,'Z'),(12905,'重庆职业技术学院',50,3,'Z'),(988137,'重庆中医学校',50,3,'Z'),(972617,'重庆綦江财贸技校',50,3,'Z'),(972391,'重庆綦江卫生学校',50,3,'Z'),(972614,'綦江财贸技校',50,3,'Z'),(984774,'綦江卫生学院',50,3,'Z'),(10526,'厦门大学',35,3,'X'),(10583,'集美大学',35,3,'J'),(10529,'厦门理工学院',35,3,'X'),(10544,'福州大学',35,3,'F'),(10566,'福建师范大学',35,3,'F'),(10557,'福建农林大学',35,3,'F'),(977553,'爱恩国际学院',35,3,'A'),(973926,'安溪技术学校',35,3,'A'),(970541,'灿坤学院',35,3,'C'),(976134,'仓前大学',35,3,'C'),(972455,'创新学校',35,3,'C'),(93159,'德化陶瓷职业技术学院',35,3,'D'),(979208,'东海航海学院',35,3,'D'),(70631,'福安市广播电视大学',35,3,'F'),(980559,'福安市闽东卫校',35,3,'F'),(991890,'福鼎市机电学校',35,3,'F'),(10589,'福建财会管理干部学院',35,3,'F'),(973301,'福建船政交通职业学院',35,3,'F'),(971370,'福建电力技校',35,3,'F'),(93160,'福建电力学院',35,3,'F'),(10575,'福建电力职业技术学院',35,3,'F'),(98344,'福建电视大学宁德分校',35,3,'F'),(10564,'福建对外经济贸易职业技术学院',35,3,'F'),(10590,'福建儿童发展职业学院',35,3,'F'),(977365,'福建佛学院',35,3,'F'),(93161,'福建福州建联学院',35,3,'F'),(983796,'福建福州市农业学校',35,3,'F'),(10565,'福建工程学院',35,3,'F'),(475675,'福建工程学院国脉信息学院',35,3,'F'),(985681,'福建工艺美术学校',35,3,'F'),(10569,'福建广播电视大学',35,3,'F'),(982738,'福建广播电视大学惠安分校',35,3,'F'),(993421,'福建广播电视大学宁德分校',35,3,'F'),(979433,'福建广播电视大学三明分校',35,3,'F'),(977548,'福建广播电视大学永安分校',35,3,'F'),(978228,'福建国防技术学校永安分校',35,3,'F'),(990962,'福建海洋职业技术学校',35,3,'F'),(977292,'福建华光摄影学院',35,3,'F'),(10561,'福建华南女子职业学院',35,3,'F'),(972215,'福建华夏技术学校',35,3,'F'),(93162,'福建机电技术学院',35,3,'F'),(10591,'福建建筑高等专科学校',35,3,'F'),(970352,'福建江夏学院',35,3,'F'),(976204,'福建江夏学院泉州财会分院',35,3,'F'),(10554,'福建交通职业技术学院',35,3,'F'),(10571,'福建教育学院',35,3,'F'),(93163,'福建金融管理干部学院',35,3,'F'),(10579,'福建金融职业技术学院',35,3,'F'),(70657,'福建经济管理干部学院',35,3,'F'),(977947,'福建经济管理学院',35,3,'F'),(10578,'福建警察学院',35,3,'F'),(984184,'福建警官学院',35,3,'F'),(10577,'福建警官职业学院',35,3,'F'),(10587,'福建科技大学',35,3,'F'),(978008,'福建林学院',35,3,'F'),(10572,'福建林业职业技术学院',35,3,'F'),(984859,'福建龙岩农业学校',35,3,'F'),(980283,'福建龙岩师范专科学校',35,3,'F'),(984141,'福建龙岩学院',35,3,'F'),(995382,'福建闽北卫生学校',35,3,'F'),(973383,'福建闽北卫生职业技术学院',35,3,'F'),(95104,'福建闽北职业技术学院',35,3,'F'),(989511,'福建南平农业学校',35,3,'F'),(970551,'福建南平师专',35,3,'F'),(988353,'福建宁德电大',35,3,'F'),(10608,'福建宁德职业技术学院',35,3,'F'),(10558,'福建农林大学东方学院',35,3,'F'),(10559,'福建农林大学金山学院',35,3,'F'),(976977,'福建农林大学南方学院',35,3,'F'),(996697,'福建农林大学软件工程学院',35,3,'F'),(10556,'福建农业职业技术学院',35,3,'F'),(98133,'福建莆田海峡职业中专学校',35,3,'F'),(93164,'福建泉州师范学院',35,3,'F'),(93165,'福建赛迪职业培训学院',35,3,'F'),(990621,'福建三明林业学院',35,3,'F'),(990625,'福建沙县卫生院校',35,3,'F'),(10563,'福建商业高等专科学校',35,3,'F'),(10574,'福建生物工程职业技术学院',35,3,'F'),(980491,'福建省长乐师范学校',35,3,'F'),(978025,'福建省诚毅科技学校',35,3,'F'),(990370,'福建省电子工业学校',35,3,'F'),(976021,'福建省东南职业学校',35,3,'F'),(93166,'福建省儿童发展学院',35,3,'F'),(80514,'福建省福州大学',35,3,'F'),(978919,'福建省福州华光大学',35,3,'F'),(984569,'福建省国防工业技工学校',35,3,'F'),(93167,'福建省海峡职业技术学院',35,3,'F'),(970180,'福建省晋江社会学院',35,3,'F'),(973564,'福建省劳动厅技术学校',35,3,'F'),(977532,'福建省劳动厅技校',35,3,'F'),(98128,'福建省龙岩市龙岩农校',35,3,'F'),(93168,'福建省闽北职业技术学院',35,3,'F'),(78240,'福建省闽中武术院',35,3,'F'),(979318,'福建省南平市广播电视大学',35,3,'F'),(980210,'福建省南平市技师学院',35,3,'F'),(979206,'福建省南平市交通技工学校',35,3,'F'),(987112,'福建省宁德闽东技工学校',35,3,'F'),(990939,'福建省莆田学院',35,3,'F'),(972948,'福建省汽车工业技术学校',35,3,'F'),(990873,'福建省汽车运输技工学校',35,3,'F'),(10592,'福建省侨兴轻工学校',35,3,'F'),(982337,'福建省轻工技校',35,3,'F'),(995376,'福建省泉州艺术学校',35,3,'F'),(985316,'福建省人民警察学校',35,3,'F'),(979561,'福建省生物工程学院',35,3,'F'),(985569,'福建省水产干部学校',35,3,'F'),(10593,'福建省税务学校',35,3,'F'),(976303,'福建省体校',35,3,'F'),(980633,'福建省武警学院',35,3,'F'),(995638,'福建省信息工程技术学院',35,3,'F'),(996514,'福建省医学院莆田分院',35,3,'F'),(970012,'福建省艺术师范学校',35,3,'F'),(10594,'福建省艺术学校',35,3,'F'),(867601,'福建省艺术职业学院',35,3,'F'),(78244,'福建省永春师范',35,3,'F'),(972240,'福建省育才卫校',35,3,'F'),(867597,'福建省漳州业余大学',35,3,'F'),(93169,'福建省政法管理干部学院',35,3,'F'),(993577,'福建师大文学院',35,3,'F'),(94171,'福建师范大学福清分校',35,3,'F'),(10609,'福建师范大学教育产业中心',35,3,'F'),(10568,'福建师范大学闽南科技学院',35,3,'F'),(983608,'福建师范大学外国语学院',35,3,'F'),(989545,'福建师范大学网络教育学院',35,3,'F'),(10567,'福建师范大学协和学院',35,3,'F'),(93170,'福建师范物理和物光学院',35,3,'F'),(93171,'福建水利电力学院',35,3,'F'),(10573,'福建水利电力职业技术学院',35,3,'F'),(989620,'福建私立黎明卫生学校',35,3,'F'),(973891,'福建外语外贸学院',35,3,'F'),(984602,'福建卫生学校',35,3,'F'),(10562,'福建卫生职业技术学院',35,3,'F'),(10555,'福建信息职业技术学院',35,3,'F'),(10576,'福建行政学院',35,3,'F'),(10560,'福建医科大学',35,3,'F'),(980414,'福建医科大学莆田分校',35,3,'F'),(970293,'福建医药学校',35,3,'F'),(867602,'福建艺术学院',35,3,'F'),(867598,'福建艺术职业学校',35,3,'F'),(93172,'福建艺术职业学院',35,3,'F'),(972578,'福建永春师范',35,3,'F'),(10570,'福建政法管理干部学院',35,3,'F'),(10596,'福建职业技术学院',35,3,'F'),(972355,'福建职业卫校',35,3,'F'),(10588,'福建中华职业大学',35,3,'F'),(979070,'福建中华职业技术学院',35,3,'F'),(867594,'福建中医学院五洲科技学院',35,3,'F'),(10553,'福建中医药大学',35,3,'F'),(10606,'福建柘荣职业技术学校',35,3,'F'),(978054,'福清職業技術學校',35,3,'F'),(986218,'福清卫生技术学院',35,3,'F'),(995846,'福清卫校',35,3,'F'),(971649,'福州大学工程技术学院',35,3,'F'),(81135,'福州大学工艺美术学院',35,3,'F'),(95025,'福州大学软件学院',35,3,'F'),(10547,'福州大学阳光学院',35,3,'F'),(10546,'福州大学至诚学院',35,3,'F'),(81136,'福州大学中英Napier学院',35,3,'F'),(985006,'福州第二高级技工学校',35,3,'F'),(68784,'福州工业学校',35,3,'F'),(993030,'福州广播电视大学',35,3,'F'),(982859,'福州国防教育学校',35,3,'F'),(979142,'福州国际语言学校',35,3,'F'),(10548,'福州海峡职业技术学院',35,3,'F'),(72834,'福州教育学院',35,3,'F'),(94907,'福州金融职业技术学院',35,3,'F'),(10549,'福州科技职业技术学院',35,3,'F'),(10552,'福州黎明职业技术学院',35,3,'F'),(10551,'福州软件职业技术学院',35,3,'F'),(992190,'福州商业学校',35,3,'F'),(973592,'福州师范高等专科学校',35,3,'F'),(980583,'福州市高级机械职业学校',35,3,'F'),(989994,'福州市卫生学校',35,3,'F'),(867600,'福州外语外贸学院',35,3,'F'),(10545,'福州外语外贸职业技术学院',35,3,'F'),(993683,'福州艺术师范学校',35,3,'F'),(93174,'福州英华学院',35,3,'F'),(72865,'福州英华职业学院',35,3,'F'),(989664,'福州邮电学院',35,3,'F'),(10550,'福州职业技术学院',35,3,'F'),(970994,'福州榕西高级职业学校',35,3,'F'),(993179,'高崎经济大学',35,3,'G'),(978880,'高苑科技大學',35,3,'G'),(98710,'国家海洋局第三研究所',35,3,'G'),(80513,'国立华侨大学',35,3,'G'),(93175,'海西互联网学院',35,3,'H'),(996677,'海西技职业学院',35,3,'H'),(93176,'红星大学',35,3,'H'),(93177,'红星学院',35,3,'H'),(10519,'华侨大学',35,3,'H'),(10520,'华侨大学福建音乐学院',35,3,'H'),(98064,'华侨大学厦门工学院',35,3,'H'),(72049,'华中师范大学网络学院福州站',35,3,'H'),(971178,'化工学院',35,3,'H'),(990411,'惠安卫校',35,3,'H'),(68860,'吉马学院',35,3,'J'),(988008,'集美财经专科学校',35,3,'J'),(10584,'集美大学诚毅学院',35,3,'J'),(982769,'集美大学轮机工程学院',35,3,'J'),(989849,'集美大学水产学院',35,3,'J'),(990869,'集美航海学院',35,3,'J'),(972374,'建阳汇思技校',35,3,'J'),(93179,'江夏学院',35,3,'J'),(985296,'晋江电大',35,3,'J'),(10585,'黎明职业大学',35,3,'L'),(973356,'龙海职业技术学校',35,3,'L'),(978324,'龙岩国防技术学校',35,3,'L'),(992183,'龙岩农业学校',35,3,'L'),(984766,'龙岩生卫学校',35,3,'L'),(993527,'龙岩师范专科学校',35,3,'L'),(972191,'龙岩师专',35,3,'L'),(93181,'龙岩市职业技能学院',35,3,'L'),(10586,'龙岩学院',35,3,'L'),(93182,'龙岩职业技能学院',35,3,'L'),(93183,'梅山电子工程学院',35,3,'M'),(973980,'闽北高级技工学校',35,3,'M'),(979022,'闽北卫生学校',35,3,'M'),(983515,'闽东高级技工学校',35,3,'M'),(10581,'闽江学院',35,3,'M'),(975764,'闽江学院软件学院',35,3,'M'),(985927,'闽南佛学院',35,3,'M'),(80511,'闽南理工学院',35,3,'M'),(972658,'闽清职专',35,3,'M'),(979190,'闽西大学',35,3,'M'),(10582,'闽西职业技术学院',35,3,'M'),(81134,'闽乡情茶叶学院',35,3,'M'),(980649,'南安成功职业学校',35,3,'N'),(973350,'南安工业学校',35,3,'N'),(978390,'南靖第一职业学校',35,3,'N'),(10603,'南平师范高等专科学校',35,3,'N'),(970530,'南平市文昌技术学校',35,3,'N'),(93184,'南平职业技师学院',35,3,'N'),(867595,'宁德师范高等专科学校',35,3,'N'),(10530,'宁德师范学院',35,3,'N'),(979344,'宁德师院',35,3,'N'),(986698,'宁德市商业干部学校',35,3,'N'),(984053,'宁德职业技术学院船舶分院',35,3,'N'),(984935,'莆田广播电视大学',35,3,'P'),(980594,'莆田航海职业技术学院',35,3,'P'),(80515,'莆田黑旗学院',35,3,'P'),(996744,'莆田卫生学校',35,3,'P'),(10580,'莆田学院',35,3,'P'),(993621,'泉州财贸管理干部学院',35,3,'Q'),(77761,'泉州德化陶瓷学院',35,3,'Q'),(971334,'泉州电视广播大学',35,3,'Q'),(984968,'泉州东海职业技术学院',35,3,'Q'),(70602,'泉州儿童发展职业学院',35,3,'Q'),(10538,'泉州纺织服装职业学院',35,3,'Q'),(10533,'泉州光电信息职业学院',35,3,'Q'),(10597,'泉州广播电视大学',35,3,'Q'),(969999,'泉州广播电视大学南安分校',35,3,'Q'),(10535,'泉州华光摄影艺术职业学院',35,3,'Q'),(976263,'泉州华侨大学',35,3,'Q'),(989980,'泉州技师学院',35,3,'Q'),(995550,'泉州交通职业技术学校',35,3,'Q'),(977307,'泉州教育学院',35,3,'Q'),(978189,'泉州经贸学院',35,3,'Q'),(10539,'泉州经贸职业技术学院',35,3,'Q'),(10598,'泉州黎明大学',35,3,'Q'),(10537,'泉州理工学院',35,3,'Q'),(971355,'泉州汽车运输技工学校',35,3,'Q'),(98639,'泉州轻工职业学院',35,3,'Q'),(977256,'泉州师范软件学院',35,3,'Q'),(10536,'泉州师范学院',35,3,'Q'),(993332,'泉州师范学院软件学院',35,3,'Q'),(10600,'泉州卫生学校',35,3,'Q'),(993620,'泉州卫校',35,3,'Q'),(972212,'泉州卫校安溪分校',35,3,'Q'),(10601,'泉州信息学院',35,3,'Q'),(10532,'泉州信息职业技术学院',35,3,'Q'),(80516,'泉州行政干部学院',35,3,'Q'),(10534,'泉州医学高等专科学校',35,3,'Q'),(990766,'泉州幼儿师范高等专科学校',35,3,'Q'),(978560,'泉州中营学院',35,3,'Q'),(980873,'塞浦路斯学院',35,3,'S'),(980861,'三明高级技术学校',35,3,'S'),(475689,'三明广播电视大学',35,3,'S'),(976816,'三明燎原燎原职业技术学校',35,3,'S'),(972941,'三明师范',35,3,'S'),(971288,'三明市电子技术学校',35,3,'S'),(10516,'三明学院',35,3,'S'),(94239,'三明业余大学',35,3,'S'),(10517,'三明职业技术学院',35,3,'S'),(93185,'上杭广播电视大学',35,3,'S'),(970282,'上山大学',35,3,'S'),(93186,'圣意纺织技术大学',35,3,'S'),(970536,'石狮市服装技术学校',35,3,'S'),(990413,'石狮市工艺美术学校',35,3,'S'),(95009,'石竹山文武学校蓝天学院',35,3,'S'),(987842,'武警福州指挥学院',35,3,'W'),(93187,'武夷山职业学院',35,3,'W'),(10531,'武夷学院',35,3,'W'),(867596,'武夷职业技术学院',35,3,'W'),(972162,'厦大嘉庚',35,3,'X'),(978128,'厦门安防科技职业学院',35,3,'X'),(10525,'厦门城市职业学院',35,3,'X'),(990914,'厦门大学法学院',35,3,'X'),(10527,'厦门大学嘉庚学院',35,3,'X'),(978256,'厦门大学教育学院',35,3,'X'),(68890,'厦门东海学院',35,3,'X'),(971701,'厦门东海职业技术学院',35,3,'X'),(972252,'厦门歌乐大学',35,3,'X'),(98637,'厦门工商旅游学校',35,3,'X'),(93188,'厦门广播电视大学',35,3,'X'),(68878,'厦门国际会展职业学院',35,3,'X'),(984886,'厦门海沧四海技校',35,3,'X'),(987761,'厦门海峡工贸',35,3,'X'),(93189,'厦门海峡外语学院',35,3,'X'),(80512,'厦门海洋学院',35,3,'X'),(10528,'厦门海洋职业技术学院',35,3,'X'),(988274,'厦门航海学院',35,3,'X'),(94238,'厦门华天涉外学院',35,3,'X'),(10523,'厦门华天涉外职业技术学院',35,3,'X'),(10522,'厦门华厦职业学院',35,3,'X'),(95191,'厦门华夏学院',35,3,'X'),(93190,'厦门华夏职业学院',35,3,'X'),(987785,'厦门集美财经学校',35,3,'X'),(985149,'厦门建工学校',35,3,'X'),(980705,'厦门建筑工程技术学校',35,3,'X'),(80509,'厦门康桥学院',35,3,'X'),(77759,'厦门科技学院',35,3,'X'),(984566,'厦门闽南佛学院',35,3,'X'),(10524,'厦门南洋学院',35,3,'X'),(93191,'厦门南洋职业学院',35,3,'X'),(68899,'厦门软件学院',35,3,'X'),(68891,'厦门软件职业技术学院',35,3,'X'),(972706,'厦门市电子职业学校',35,3,'X'),(95192,'厦门市广播电视大学',35,3,'X'),(93192,'厦门市海洋学院',35,3,'X'),(98692,'厦门市同安职业技术学校',35,3,'X'),(977515,'厦门市职业卫生技术学院',35,3,'X'),(80510,'厦门兴才学院',35,3,'X'),(10521,'厦门兴才职业技术学院',35,3,'X'),(72064,'厦门演艺学院',35,3,'X'),(80507,'厦门演艺职业学院',35,3,'X'),(72869,'厦门医学高等专科学校',35,3,'X'),(77760,'厦门远东涉外学院',35,3,'X'),(80517,'厦门远东涉外职业技术学院',35,3,'X'),(986586,'厦门职工大学',35,3,'X'),(93193,'厦门中德经贸学院',35,3,'X'),(971324,'厦門集美师专',35,3,'X'),(972383,'向日葵院校',35,3,'X'),(10518,'仰恩大学',35,3,'Y'),(986791,'永安广播电视大学',35,3,'Y'),(976207,'永安水利电力职业技术学院',35,3,'Y'),(901955,'永安职业中专学校',35,3,'Y'),(80506,'尤溪大学',35,3,'Y'),(982797,'漳浦电大',35,3,'Z'),(983663,'漳州财贸学校',35,3,'Z'),(990589,'漳州城市职业学院',35,3,'Z'),(986153,'漳州第二技工学校',35,3,'Z'),(989640,'漳州第一技工学校',35,3,'Z'),(987064,'漳州第一技校',35,3,'Z'),(973623,'漳州工业交通干部学校',35,3,'Z'),(77764,'漳州广播电视大学',35,3,'Z'),(978046,'漳州海事学院',35,3,'Z'),(93194,'漳州吉马印刷职业技术学院',35,3,'Z'),(867603,'漳州吉马职业印刷技术学院',35,3,'Z'),(10602,'漳州教育学院',35,3,'Z'),(970147,'漳州理工',35,3,'Z'),(996784,'漳州理工职业学院',35,3,'Z'),(10542,'漳州师范学院',35,3,'Z'),(976970,'漳州市财贸干部学校',35,3,'Z'),(10607,'漳州市漳州城市职业学院',35,3,'Z'),(77558,'漳州天福茶职业技术学院',35,3,'Z'),(10541,'漳州卫生职业学院',35,3,'Z'),(996786,'漳州卫校',35,3,'Z'),(10543,'漳州职业技术学院',35,3,'Z'),(973593,'中共福建省委党校函授学院',35,3,'Z'),(977556,'中共福州市委党校',35,3,'Z'),(978948,'中国人民解放军福州医高专',35,3,'Z'),(972261,'中国社会纺织大学',35,3,'Z'),(971614,'中华曙光职业学校',35,3,'Z'),(972497,'中央党校函授学院',35,3,'Z'),(989829,'中央广播电视大学福州分校',35,3,'Z'),(973011,'湄洲湾工业技术学院',35,3,'Z'),(10540,'湄洲湾职业技术学院',35,3,'Z'),(10604,'鹭江职业大学',35,3,'Z'),(10371,'海南大学',46,3,'H'),(10369,'海南医学院',46,3,'H'),(10373,'海南师范大学',46,3,'H'),(10367,'华南热带农业大学',46,3,'H'),(10380,'琼州大学',46,3,'Q'),(10378,'海口经济学院',46,3,'H'),(971211,'哈勃大学',46,3,'H'),(979233,'海航学院',46,3,'H'),(10372,'海南大学三亚学院',46,3,'H'),(980107,'海南大学王五分校',46,3,'H'),(993177,'海南高级技工学校',46,3,'H'),(984782,'海南高级技校',46,3,'H'),(10368,'海南工商职业学院',46,3,'H'),(978924,'海南工业学校',46,3,'H'),(68787,'海南广播电视大学',46,3,'H'),(978378,'海南广播电视大学（华侨学院）',46,3,'H'),(80786,'海南航空大学',46,3,'H'),(10375,'海南经贸职业技术学院',46,3,'H'),(72059,'海南科技职业学院',46,3,'H'),(995824,'海南旅游经济贸易学校',46,3,'H'),(987294,'海南农垦通什师范学校',46,3,'H'),(10377,'海南软件职业技术学院',46,3,'H'),(98590,'海南省财税学校',46,3,'H'),(980098,'海南省第二卫生学校',46,3,'H'),(985268,'海南省海口市南华函授医学院',46,3,'H'),(972336,'海南省技工学校',46,3,'H'),(995858,'海南省交通技工学校',46,3,'H'),(973609,'海南省经济技术学院',46,3,'H'),(985303,'海南省旅游学校',46,3,'H'),(95261,'海南省民族师范',46,3,'H'),(996602,'海南省农垦卫生学校',46,3,'H'),(973493,'海南省农林科技学校',46,3,'H'),(971061,'海南省农业大学',46,3,'H'),(995396,'海南省三亚高级技工学校',46,3,'H'),(80635,'海南省外语学院',46,3,'H'),(988258,'海南省银行学校',46,3,'H'),(81257,'海南实验外国语学院',46,3,'H'),(10370,'海南外国语职业学院',46,3,'H'),(867742,'海南万和信息职业技术学院',46,3,'H'),(978915,'海南文昌师范',46,3,'H'),(81411,'海南文化艺术学院',46,3,'H'),(980462,'海南新闻文学学院',46,3,'H'),(977984,'海南银行学校',46,3,'H'),(970387,'海南政法学院',46,3,'H'),(10374,'海南政法职业学院',46,3,'H'),(10376,'海南职业技术学院',46,3,'H'),(980020,'海南中亚学院',46,3,'H'),(867741,'华南热带农大',46,3,'H'),(971249,'华南热带作物学院',46,3,'H'),(984191,'琼海第三卫校',46,3,'Q'),(94333,'琼山师范大学',46,3,'Q'),(10379,'琼台师范高等专科学校',46,3,'Q'),(971086,'琼州学院',46,3,'Q'),(70659,'三亚城市职业学院',46,3,'S'),(986204,'三亚大学',46,3,'S'),(10366,'三亚航空旅游职业学院',46,3,'S'),(973437,'三亚理工学院',46,3,'S'),(867744,'三亚理工职业学院',46,3,'S'),(867743,'三亚卓达旅游职业学院',46,3,'S'),(985082,'中共海南省委党校',46,3,'Z'),(970112,'中央电视广播大学',46,3,'Z'),(11264,'河北大学',13,3,'H'),(11221,'中央司法警官学院',13,3,'Z'),(11304,'石家庄铁院',13,3,'S'),(11298,'石家庄经院',13,3,'S'),(11270,'河北师大',13,3,'H'),(11228,'华北电力大学(保定)',13,3,'H'),(970321,'白求恩医学院',13,3,'B'),(977529,'柏林工业大学',13,3,'B'),(92755,'百胜大学',13,3,'B'),(987948,'保定地区教育学院',13,3,'B'),(989653,'保定电大',13,3,'B'),(11223,'保定电力职业技术学院',13,3,'B'),(68881,'保定广播电视大学',13,3,'B'),(987791,'保定机械电子技工学院',13,3,'B'),(993492,'保定机械电子技校',13,3,'B'),(993358,'保定机械交通技工学院',13,3,'B'),(988147,'保定技师学院',13,3,'B'),(985991,'保定技师学院',13,3,'B'),(993105,'保定经济管理干部学院',13,3,'B'),(94801,'保定科技学院',13,3,'B'),(11224,'保定科技职业学院',13,3,'B'),(973377,'保定棉纺技工学校',13,3,'B'),(996896,'保定师范专科学校',13,3,'B'),(988303,'保定师专涿州分校',13,3,'B'),(987847,'保定市党校',13,3,'B'),(986211,'保定市警校',13,3,'B'),(978184,'保定市清苑师范',13,3,'B'),(973847,'保定卫生学校',13,3,'B'),(976903,'保定卫校',13,3,'B'),(987252,'保定现代技工学校',13,3,'B'),(11222,'保定学院',13,3,'B'),(94136,'保定学院涿州分院',13,3,'B'),(996804,'保定职工医学院',13,3,'B'),(11225,'保定职业技术学院',13,3,'B'),(81442,'北方机电',13,3,'B'),(81417,'北方机电工业学院',13,3,'B'),(970087,'北方学校',13,3,'B'),(11226,'北方学院',13,3,'B'),(72833,'北华航天工业学院',13,3,'B'),(80799,'北京防灾科技学院',13,3,'B'),(989850,'北京航空航天大学廊坊继续教育学院',13,3,'B'),(72033,'北京交通大学海滨学院',13,3,'B'),(983983,'北京交通干部管理学院',13,3,'B'),(984511,'北京京文国际学院',13,3,'B'),(92756,'北京经贸职业学院航空学院',13,3,'B'),(92757,'北京社会管理职业学院',13,3,'B'),(94348,'北京中医药大学东方学院',13,3,'B'),(11286,'渤海石油职业学院',13,3,'B'),(972134,'渤海石油职业学院北戴河校区',13,3,'B'),(986987,'泊头师范学院',13,3,'B'),(992344,'泊头职业技术学院',13,3,'B'),(982740,'沧州渤海卫生学院',13,3,'C'),(11328,'沧州工业学校（沧州职业技术学院）',13,3,'C'),(11326,'沧州广播电视大学',13,3,'C'),(989811,'沧州商业职业学校',13,3,'C'),(792731,'沧州师范学院',13,3,'C'),(867645,'沧州师范专科学校',13,3,'C'),(972608,'沧州师专',13,3,'C'),(11252,'沧州医学高等专科学校',13,3,'C'),(11254,'沧州职业技术学院',13,3,'C'),(80790,'长安医学院',13,3,'C'),(971375,'成都北方学校',13,3,'C'),(11330,'承德大学',13,3,'C'),(984214,'承德地区卫生学校',13,3,'C'),(992125,'承德工业学校',13,3,'C'),(11331,'承德广播电视大学',13,3,'C'),(979003,'承德护理职业学院',13,3,'C'),(11332,'承德旅游职业学院',13,3,'C'),(11250,'承德民族师范高等专科学校',13,3,'C'),(11333,'承德民族职业技术学院',13,3,'C'),(11251,'承德石油高等专科学校',13,3,'C'),(971770,'承德石油学院',13,3,'C'),(986234,'承德市第二技术学校',13,3,'C'),(77985,'承德市计算机高等专科学校',13,3,'C'),(992495,'承德市经济管理干部学校',13,3,'C'),(11334,'承德燕北计算机专修学院',13,3,'C'),(867659,'承德燕北职业技术专修学院',13,3,'C'),(11249,'承德医学院',13,3,'C'),(982871,'大名师范',13,3,'D'),(94805,'大庆石油学院',13,3,'D'),(11237,'大庆石油学院秦皇岛分院',13,3,'D'),(970195,'大因高级人才大学',13,3,'D'),(977413,'定州师范大学',13,3,'D'),(94137,'东北大学秦皇岛分校',13,3,'D'),(11217,'东北大学秦皇岛校区',13,3,'D'),(977020,'东北石油大学秦皇岛分校',13,3,'D'),(978033,'东方美食学院',13,3,'D'),(70599,'东方信息安全技术学院',13,3,'D'),(11315,'防灾科技学院',13,3,'F'),(982652,'丰南区职业技术学校',13,3,'F'),(996561,'丰南师范',13,3,'F'),(987136,'峰煤技师学院',13,3,'F'),(867658,'赣州东方学校',13,3,'G'),(81426,'广平县博源学校',13,3,'G'),(80791,'邯郸大学',13,3,'H'),(988244,'邯郸峰峰卫生学校',13,3,'H'),(978088,'邯郸高等专科学校',13,3,'H'),(70642,'邯郸广播电视大学',13,3,'H'),(971409,'邯郸农业高等专科学校',13,3,'H'),(978006,'邯郸师专',13,3,'H'),(996741,'邯郸市第一教育学院',13,3,'H'),(978458,'邯郸市师专',13,3,'H'),(979668,'邯郸市幼儿师范',13,3,'H'),(985717,'邯郸市职工大学',13,3,'H'),(988321,'邯郸卫校',13,3,'H'),(11313,'邯郸学院',13,3,'H'),(11339,'邯郸学院大名分院',13,3,'H'),(94138,'邯郸学院武安分院',13,3,'H'),(867660,'邯郸医学高等专科学校',13,3,'H'),(980704,'邯郸职工大学',13,3,'H'),(11314,'邯郸职业技术学院',13,3,'H'),(986615,'邯郸中山学院',13,3,'H'),(867653,'邯郸中原外国语职业学院',13,3,'H'),(980423,'邯钢技校',13,3,'H'),(990899,'河北保定机电高级技工学校',13,3,'H'),(995537,'河北保定冀中医学院',13,3,'H'),(77622,'河北北方学院',13,3,'H'),(970535,'河北财经',13,3,'H'),(977837,'河北财经学院',13,3,'H'),(987037,'河北财经学院邢台分院',13,3,'H'),(92758,'河北沧州学院',13,3,'H'),(969932,'河北柴沟堡师范学校',13,3,'H'),(992505,'河北昌黎师范学校',13,3,'H'),(970814,'河北承德农业技术学校',13,3,'H'),(11256,'河北传媒学院',13,3,'H'),(81421,'河北大学工商学院',13,3,'H'),(987773,'河北大学教育学院',13,3,'H'),(92759,'河北大学人民武装学院',13,3,'H'),(985105,'河北大学人武干部学院',13,3,'H'),(11265,'河北大学医学部',13,3,'H'),(980034,'河北当代文学院',13,3,'H'),(978247,'河北当代文学专修函授学院',13,3,'H'),(92760,'河北地址职工大学',13,3,'H'),(11341,'河北地质职工大学',13,3,'H'),(971809,'河北电大',13,3,'H'),(977397,'河北电力工业大学',13,3,'H'),(11268,'河北工程',13,3,'H'),(986734,'河北工程大学',13,3,'H'),(867655,'河北工程大学科信学院',13,3,'H'),(989831,'河北工程大学农学院',13,3,'H'),(11269,'河北工程技术高等专科学校',13,3,'H'),(973339,'河北工商管理学院',13,3,'H'),(987721,'河北工商管理专修学院',13,3,'H'),(94373,'河北工业大学廊坊分院',13,3,'H'),(987345,'河北工业管理学校',13,3,'H'),(11267,'河北工业职业技术学院',13,3,'H'),(11258,'河北公安警察职业学院',13,3,'H'),(72067,'河北管理干部学院',13,3,'H'),(68872,'河北广播电视大学',13,3,'H'),(867665,'河北广播电视大学高等职业技术学院',13,3,'H'),(972529,'河北广播电视大学信息工程学院',13,3,'H'),(94139,'河北广播电视大学张家口分校',13,3,'H'),(70700,'河北广播电视大学直属学院',13,3,'H'),(977195,'河北邯郸高等农业专科学校',13,3,'H'),(979237,'河北邯郸卫校',13,3,'H'),(973734,'河北衡水工程技术学校',13,3,'H'),(995844,'河北衡水机电技工学校',13,3,'H'),(975797,'河北衡水师范学院',13,3,'H'),(11261,'河北化工医药职业技术学院',13,3,'H'),(11275,'河北机电职业技术学院',13,3,'H'),(990376,'河北冀新建筑技术学校',13,3,'H'),(988389,'河北建材局建材技校【现在的唐山学院分院】',13,3,'H'),(976342,'河北建材学院',13,3,'H'),(11271,'河北建工',13,3,'H'),(92761,'河北建筑工程学院',13,3,'H'),(972167,'河北建筑科技学院',13,3,'H'),(867661,'河北交通大学海滨学院',13,3,'H'),(973544,'河北交通技工学校',13,3,'H'),(990500,'河北交通职业技术学校',13,3,'H'),(11255,'河北交通职业技术学院',13,3,'H'),(970222,'河北教师进修学校',13,3,'H'),(973439,'河北金盾医科专修学校',13,3,'H'),(11285,'河北金融学院',13,3,'H'),(867646,'河北京都高尔夫职业学院',13,3,'H'),(92762,'河北经济管理干部学院',13,3,'H'),(867642,'河北经贸',13,3,'H'),(11280,'河北经贸大学',13,3,'H'),(867656,'河北经贸大学经济管理学院',13,3,'H'),(972716,'河北警官学校',13,3,'H'),(867641,'河北科技',13,3,'H'),(11279,'河北科技大学',13,3,'H'),(993324,'河北科技大学成人教育学院',13,3,'H'),(72048,'河北科技大学理工学院',13,3,'H'),(78210,'河北科技大学陆军学院校区',13,3,'H'),(985704,'河北科技大学唐山分院',13,3,'H'),(11278,'河北科技师范学院',13,3,'H'),(68858,'河北科技师范学院欧美学院',13,3,'H'),(989432,'河北科技信息大学',13,3,'H'),(867643,'河北科师',13,3,'H'),(989978,'河北矿冶学院',13,3,'H'),(990037,'河北廊坊东方大学城民航管理干部学院',13,3,'H'),(984528,'河北廊坊东方大学城西南科技学院',13,3,'H'),(973930,'河北廊坊管道局职工学院',13,3,'H'),(983571,'河北廊坊民航干部管理学院',13,3,'H'),(977544,'河北廊坊炮兵导弹学院',13,3,'H'),(484026,'河北劳动关系职业学院',13,3,'H'),(11276,'河北理工',13,3,'H'),(986708,'河北理工大学',13,3,'H'),(970220,'河北理工大学保定函授站',13,3,'H'),(989817,'河北理工大学继续教育学院',13,3,'H'),(80797,'河北理工大学轻工学院',13,3,'H'),(92763,'河北理工轻工学院',13,3,'H'),(970178,'河北联合大学',13,3,'H'),(971782,'河北联合大学冀唐学院',13,3,'H'),(971360,'河北联合大学迁安学院',13,3,'H'),(971653,'河北联合大学轻工学院',13,3,'H'),(982617,'河北联合大学轻工学院',13,3,'H'),(11274,'河北旅游职业学院',13,3,'H'),(983038,'河北煤炭建工学院',13,3,'H'),(11288,'河北美术学院',13,3,'H'),(92783,'河北美术学院',13,3,'H'),(979393,'河北民航管理干部学院',13,3,'H'),(972056,'河北民族师范学院',13,3,'H'),(11282,'河北能源职业技术学院',13,3,'H'),(867639,'河北农大',13,3,'H'),(989409,'河北农大邯郸分校',13,3,'H'),(92764,'河北农大中兽医学院',13,3,'H'),(990743,'河北农技师范学院',13,3,'H'),(11259,'河北农业大学',13,3,'H'),(985196,'河北农业大学渤海校区',13,3,'H'),(77619,'河北农业大学海洋学院',13,3,'H'),(92765,'河北农业大学水产学院',13,3,'H'),(867654,'河北农业大学现代科技学院',13,3,'H'),(988118,'河北农业管理学院',13,3,'H'),(996850,'河北农业技术师范学院',13,3,'H'),(976891,'河北女子学院',13,3,'H'),(11266,'河北女子职业技术学院',13,3,'H'),(80806,'河北平泉民族师范',13,3,'H'),(988109,'河北汽车专修学院',13,3,'H'),(976506,'河北秦皇岛煤炭工业管理学校',13,3,'H'),(11338,'河北青年管理干部学院',13,3,'H'),(978017,'河北轻工业管理学校',13,3,'H'),(984067,'河北轻化工学院',13,3,'H'),(11283,'河北软件职业技术学院',13,3,'H'),(976998,'河北软件职业技术中学院',13,3,'H'),(993453,'河北省霸州市石油物探技工学校',13,3,'H'),(867664,'河北省保定市财贸学校',13,3,'H'),(988348,'河北省保定市中西医结合学校',13,3,'H'),(995664,'河北省泊头师范学院',13,3,'H'),(979419,'河北省泊头市卫生专业学校',13,3,'H'),(987990,'河北省沧州广播电视大学',13,3,'H'),(969078,'河北省沧州武秘特警中等专业学校',13,3,'H'),(993060,'河北省承德体育运动学校',13,3,'H'),(92766,'河北省工运学院',13,3,'H'),(990465,'河北省广播电视大学高等职业技术学院',13,3,'H'),(983094,'河北省邯郸工程高级技校',13,3,'H'),(973379,'河北省邯郸市陶瓷技工学校',13,3,'H'),(92767,'河北省邯郸中原外国语职业学院',13,3,'H'),(987809,'河北省虎振技校',13,3,'H'),(990511,'河北省冀县师范学校',13,3,'H'),(972703,'河北省建筑材料工业学校',13,3,'H'),(972234,'河北省廊坊市委党校',13,3,'H'),(92768,'河北省能源技术学院',13,3,'H'),(988307,'河北省农业机械化学校',13,3,'H'),(971344,'河北省炮兵指挥学院',13,3,'H'),(990616,'河北省七里营大学',13,3,'H'),(990420,'河北省迁西县广播电视大学',13,3,'H'),(988254,'河北省秦皇岛市山海关桥梁厂技校',13,3,'H'),(989676,'河北省秦皇岛市水运卫生学校',13,3,'H'),(990421,'河北省人民警察学校',13,3,'H'),(992339,'河北省石家庄东方美术大学',13,3,'H'),(94803,'河北省石家庄华强经贸专修学院',13,3,'H'),(971450,'河北省石家庄市白求恩军医学院',13,3,'H'),(986215,'河北省石家庄市冀安法律学校',13,3,'H'),(94802,'河北省石家庄市柯棣华医学专修学院',13,3,'H'),(80800,'河北省石家庄市现代政法专修学院',13,3,'H'),(989487,'河北省石家庄市新华医科专修学院',13,3,'H'),(972987,'河北省石家庄市正定县技工学校',13,3,'H'),(979518,'河北省石家庄市栾城华中医士学院',13,3,'H'),(995809,'河北省石家庄体育运动学校',13,3,'H'),(971297,'河北省石家庄医士学校',13,3,'H'),(996304,'河北省石家庄幼儿师范学校',13,3,'H'),(979522,'河北省石家庄栾城华中医士学院',13,3,'H'),(77610,'河北省体育学院',13,3,'H'),(992470,'河北省天主教神哲学院',13,3,'H'),(970519,'河北省委党校',13,3,'H'),(971177,'河北省冶金职工大学',13,3,'H'),(985836,'河北省张家口地质部高级技工学校',13,3,'H'),(978093,'河北省中央党校中央党校',13,3,'H'),(993359,'河北圣经学校',13,3,'H'),(972547,'河北师大汇华学院',13,3,'H'),(995393,'河北师大信息技术学院',13,3,'H'),(80793,'河北师范大学',13,3,'H'),(80798,'河北师范大学汇华学院',13,3,'H'),(971057,'河北师范大学民族学院',13,3,'H'),(98495,'河北师范大学软件学院',13,3,'H'),(982584,'河北石家庒醫學院',13,3,'H'),(970820,'河北石家庄白求恩医学院',13,3,'H'),(990854,'河北石家庄劳动技工学校',13,3,'H'),(987016,'河北石家庄轻工技校',13,3,'H'),(970986,'河北石家庄邮电通信学院',13,3,'H'),(94349,'河北石油管道学院',13,3,'H'),(978368,'河北水利学院',13,3,'H'),(987866,'河北税务学校',13,3,'H'),(92769,'河北司法警官学院',13,3,'H'),(11263,'河北司法警官职业学院',13,3,'H'),(982791,'河北唐山党校',13,3,'H'),(80794,'河北唐山职业技术学院',13,3,'H'),(971739,'河北体育学院',13,3,'H'),(11257,'河北体院',13,3,'H'),(979194,'河北外国语学院',13,3,'H'),(92770,'河北外国语职业学院',13,3,'H'),(987978,'河北威县师范学校',13,3,'H'),(92771,'河北文理学院',13,3,'H'),(976958,'河北武警学院',13,3,'H'),(996292,'河北新医大学',13,3,'H'),(976488,'河北信息科技专修学院',13,3,'H'),(995685,'河北邢台信息工程学院',13,3,'H'),(92772,'河北行政学院',13,3,'H'),(11336,'河北宣化通信士官学校',13,3,'H'),(996779,'河北冶金高级技工学校',13,3,'H'),(983022,'河北冶金学院',13,3,'H'),(986723,'河北医大',13,3,'H'),(995410,'河北医大二院护校',13,3,'H'),(11262,'河北医科',13,3,'H'),(92773,'河北医科大学',13,3,'H'),(92774,'河北医科大学临床学院',13,3,'H'),(991997,'河北医科大学新华校区',13,3,'H'),(92775,'河北医科大学中医学院',13,3,'H'),(979245,'河北医学院邯郸分院',13,3,'H'),(77613,'河北艺术职业学院',13,3,'H'),(92776,'河北影视学院',13,3,'H'),(990959,'河北游戏学院',13,3,'H'),(993346,'河北玉田师范',13,3,'H'),(80789,'河北远东职业技术学院',13,3,'H'),(978890,'河北张家口医学院',13,3,'H'),(970506,'河北张家口职业教育学院',13,3,'H'),(975789,'河北正定师范',13,3,'H'),(11273,'河北政法管理干部学院',13,3,'H'),(92777,'河北政法职业学院',13,3,'H'),(972857,'河北职工大学',13,3,'H'),(987302,'河北职工医学院',13,3,'H'),(94342,'河北中外文化交流学院',13,3,'H'),(77625,'衡水广播电视大学',13,3,'H'),(988332,'衡水机电技工学校',13,3,'H'),(985206,'衡水技工学校',13,3,'H'),(980051,'衡水技师学院',13,3,'H'),(95204,'衡水科华计算机专修学院',13,3,'H'),(978852,'衡水科技工程学校',13,3,'H'),(983498,'衡水师范专科学校',13,3,'H'),(972346,'衡水天宇职业技术学校',13,3,'H'),(985578,'衡水铁路电气化学校',13,3,'H'),(990807,'衡水卫生学校',13,3,'H'),(11308,'衡水学院',13,3,'H'),(80802,'衡水学院分院',13,3,'H'),(971040,'红色解放大学',13,3,'H'),(979231,'虎振职业技术学院',13,3,'H'),(976208,'华北电力大学',13,3,'H'),(867647,'华北电力大学（保定）',13,3,'H'),(77620,'华北电力大学科技学院',13,3,'H'),(972125,'华北工程学院',13,3,'H'),(77624,'华北航天工业学院',13,3,'H'),(11229,'华北科技',13,3,'H'),(92778,'华北科技学院',13,3,'H'),(986926,'华北科技学院南校区',13,3,'H'),(971239,'华北理工学院',13,3,'H'),(867644,'华北煤炭医学',13,3,'H'),(11227,'华北煤炭医学院',13,3,'H'),(94343,'华北煤炭医学院冀唐学院',13,3,'H'),(94140,'华北煤炭医学院秦皇岛分院',13,3,'H'),(993639,'华北师范学院',13,3,'H'),(11337,'华北石油教育学院',13,3,'H'),(977945,'华北石油职工大学',13,3,'H'),(969944,'华北水利水电学院',13,3,'H'),(80801,'华堪职工大学',13,3,'H'),(986813,'华耐商业学院',13,3,'H'),(977937,'华中医专',13,3,'H'),(976358,'怀来县技工学校',13,3,'H'),(986972,'怀来县卫生学校',13,3,'H'),(81424,'黄骅市职业技术学院',13,3,'H'),(984008,'冀联医学院',13,3,'J'),(973302,'冀中能源高级技工学院',13,3,'J'),(77621,'冀中职业学院',13,3,'J'),(966146,'嘉黎顿私立学院',13,3,'J'),(867648,'监督管理局',13,3,'J'),(81425,'交通部管理干部学院',13,3,'J'),(985211,'开滦大学',13,3,'K'),(978555,'空军第六飞行学院',13,3,'K'),(979035,'空军飞行学院',13,3,'K'),(978927,'廊坊财贸',13,3,'L'),(11245,'廊坊大学城北大方正软件学院',13,3,'L'),(972144,'廊坊电视广播大学',13,3,'L'),(971790,'廊坊电子信息工程学校',13,3,'L'),(867649,'廊坊东方大学城北京澳际联邦英语学校',13,3,'L'),(11242,'廊坊东方大学城北京财经学院',13,3,'L'),(867650,'廊坊东方大学城北京城市学院',13,3,'L'),(11239,'廊坊东方大学城北京传媒学院',13,3,'L'),(995740,'廊坊东方大学城北京东方研修学院',13,3,'L'),(11240,'廊坊东方大学城北京经济技术职业学院',13,3,'L'),(867651,'廊坊东方大学城北京经贸职业学院航空服务学院',13,3,'L'),(11241,'廊坊东方大学城北京联合大学',13,3,'L'),(11244,'廊坊东方大学城河北体育学院',13,3,'L'),(985326,'廊坊东方大学城卫生学校',13,3,'L'),(98335,'廊坊东方职业技术学院',13,3,'L'),(995517,'廊坊管道职工学院',13,3,'L'),(92779,'廊坊广播电视大学',13,3,'L'),(984970,'廊坊技师学院',13,3,'L'),(975812,'廊坊陆军导弹学院',13,3,'L'),(11246,'廊坊师范',13,3,'L'),(983067,'廊坊市东方大学城华航航空学校',13,3,'L'),(81420,'廊坊市东方大学城民航管理干部学院',13,3,'L'),(980148,'廊坊市高级技工学院',13,3,'L'),(990907,'廊坊市体育运动学校',13,3,'L'),(972132,'廊坊市卫生职业技术学院',13,3,'L'),(996711,'廊坊市卫生职业学院',13,3,'L'),(92780,'廊坊市职业技术学院',13,3,'L'),(976071,'廊坊卫生职业学院',13,3,'L'),(983097,'乐亭县综合职业技术学校',13,3,'L'),(980531,'乐亭职校',13,3,'L'),(977963,'乐亭职业技术学校',13,3,'L'),(970451,'联华职业技术学校',13,3,'L'),(979744,'良村企业经济技术大学',13,3,'L'),(976322,'临漳卫校',13,3,'L'),(975688,'路南电大',13,3,'L'),(992191,'滦县教育学院',13,3,'L'),(991985,'南乐圣会大学',13,3,'N'),(81419,'炮兵指挥学院',13,3,'P'),(975682,'平乡技校',13,3,'P'),(970213,'秦皇岛渤海医学院',13,3,'Q'),(972559,'秦皇岛昌黎技校',13,3,'Q'),(94806,'秦皇岛高等职业技术学院',13,3,'Q'),(11322,'秦皇岛广播电视大学',13,3,'Q'),(11306,'秦皇岛教育学院',13,3,'Q'),(970231,'秦皇岛煤炭工业管理学校',13,3,'Q'),(11323,'秦皇岛市财经学校(现已经合并秦皇岛职业技术学院)',13,3,'Q'),(988205,'秦皇岛市高级技师学院',13,3,'Q'),(979510,'秦皇岛市技师学院',13,3,'Q'),(95039,'秦皇岛市经济管理干部中等专业学校',13,3,'Q'),(992335,'秦皇岛市卫校',13,3,'Q'),(980488,'秦皇岛司法警官学校',13,3,'Q'),(11305,'秦皇岛外国语职业学院',13,3,'Q'),(81423,'秦皇岛现代中等经济专业学院',13,3,'Q'),(92781,'秦皇岛应用技术学院',13,3,'Q'),(990906,'任丘卫校',13,3,'R'),(985925,'山东华洋职业学院',13,3,'S'),(92782,'石家庄白求恩专修学院',13,3,'S'),(970947,'石家庄财经职业技术学院',13,3,'S'),(81412,'石家庄长安医学院',13,3,'S'),(986266,'石家庄城建学校',13,3,'S'),(970348,'石家庄城市职业学院',13,3,'S'),(984716,'石家庄第一商业学校',13,3,'S'),(985848,'石家庄电力学校',13,3,'S'),(867652,'石家庄东方美术职业学院',13,3,'S'),(92784,'石家庄法商学院',13,3,'S'),(11296,'石家庄法商职业学院',13,3,'S'),(92785,'石家庄方远信息高等职业专修学院',13,3,'S'),(979251,'石家庄高等医学专修学院',13,3,'S'),(11295,'石家庄工商职业学院',13,3,'S'),(993086,'石家庄工业职业技术学校',13,3,'S'),(92786,'石家庄光明医学专修学院',13,3,'S'),(77614,'石家庄广播电视大学',13,3,'S'),(94336,'石家庄和平医学院',13,3,'S'),(979187,'石家庄华北制药技工学校',13,3,'S'),(978018,'石家庄华夏科技职业学院',13,3,'S'),(970358,'石家庄华夏中西医专修学院',13,3,'S'),(77618,'石家庄华医医学院',13,3,'S'),(92787,'石家庄机械化步兵学院',13,3,'S'),(990780,'石家庄机械化步兵指挥学院',13,3,'S'),(992056,'石家庄技师学院',13,3,'S'),(979575,'石家庄冀联医学院',13,3,'S'),(986143,'石家庄冀联医学专科学校',13,3,'S'),(11301,'石家庄计算机职业学院',13,3,'S'),(975652,'石家庄经济管理学校',13,3,'S'),(80792,'石家庄经济学院',13,3,'S'),(983459,'石家庄经济学院北校区',13,3,'S'),(70597,'石家庄经济学院华信学院',13,3,'S'),(978942,'石家庄军械工程学院',13,3,'S'),(975831,'石家庄军械工程学院',13,3,'S'),(986680,'石家庄军械工程学院',13,3,'S'),(970001,'石家庄开拓计算机专修学院',13,3,'S'),(971383,'石家庄科技大学',13,3,'S'),(92788,'石家庄科技工程职业学院',13,3,'S'),(11297,'石家庄科技信息职业学院',13,3,'S'),(94341,'石家庄科技职业学院',13,3,'S'),(982992,'石家庄科普计算机',13,3,'S'),(80795,'石家庄理工职业学院',13,3,'S'),(94338,'石家庄联合大学',13,3,'S'),(11300,'石家庄联合技术职业学院',13,3,'S'),(971724,'石家庄陆军参谋学院',13,3,'S'),(970848,'石家庄陆军学院',13,3,'S'),(70641,'石家庄陆军指挥学院',13,3,'S'),(972070,'石家庄平安医学院',13,3,'S'),(972270,'石家庄仁济医学专修学院',13,3,'S'),(977194,'石家庄人民医学高等专科学校',13,3,'S'),(987684,'石家庄师范专科学校',13,3,'S'),(980208,'石家庄师专元氏分校',13,3,'S'),(993476,'石家庄市第一商业学校',13,3,'S'),(11340,'石家庄市河北师范大学附属民族学院',13,3,'S'),(94339,'石家庄市华强铁路学院',13,3,'S'),(94340,'石家庄市科技经贸学院',13,3,'S'),(77590,'石家庄市信息管理学校',13,3,'S'),(987338,'石家庄天使卫校',13,3,'S'),(973333,'石家庄铁道兵工程学院',13,3,'S'),(867640,'石家庄铁道大学',13,3,'S'),(973417,'石家庄铁道大学四方学院',13,3,'S'),(81416,'石家庄铁道学院',13,3,'S'),(77617,'石家庄铁道学院四方学院',13,3,'S'),(867662,'石家庄铁路工程技术学院',13,3,'S'),(92789,'石家庄铁路工程职业技术学院',13,3,'S'),(982482,'石家庄铁路运输学校技师学院',13,3,'S'),(11303,'石家庄铁路职业技术学院',13,3,'S'),(971622,'石家庄铁运输学院',13,3,'S'),(990622,'石家庄通装职业技术学校',13,3,'S'),(11291,'石家庄外国语职业学院',13,3,'S'),(11292,'石家庄外经贸职业学院',13,3,'S'),(77569,'石家庄外事职业学院',13,3,'S'),(11293,'石家庄外语翻译职业学院',13,3,'S'),(979198,'石家庄卫校',13,3,'S'),(92790,'石家庄卫协医学院',13,3,'S'),(972809,'石家庄文理学院',13,3,'S'),(970192,'石家庄武警指挥学院',13,3,'S'),(971380,'石家庄现代商业学校',13,3,'S'),(68902,'石家庄协和医学院',13,3,'S'),(985710,'石家庄新华医学院',13,3,'S'),(92791,'石家庄信息工程学院',13,3,'S'),(92792,'石家庄信息工程职业技术学院',13,3,'S'),(11289,'石家庄信息工程职业学院',13,3,'S'),(980213,'石家庄信息管理学校',13,3,'S'),(81422,'石家庄兴冀专修学院',13,3,'S'),(11294,'石家庄学院',13,3,'S'),(976023,'石家庄学院北校区',13,3,'S'),(977006,'石家庄医卫生学校',13,3,'S'),(11290,'石家庄医学高等专科学校',13,3,'S'),(993374,'石家庄影视艺术学院',13,3,'S'),(11302,'石家庄邮电职业技术学院',13,3,'S'),(987178,'石家庄幼儿师范',13,3,'S'),(979708,'石家庄幼儿师范高等专科学校',13,3,'S'),(990344,'石家庄幼儿师范学校',13,3,'S'),(77611,'石家庄职工大学',13,3,'S'),(11299,'石家庄职业技术学院',13,3,'S'),(980428,'石家庄装陆军指挥学院',13,3,'S'),(990727,'唐山对外经济贸易学校',13,3,'T'),(985883,'唐山纺织职工大学',13,3,'T'),(989703,'唐山工程技术学院',13,3,'T'),(11232,'唐山工业职业技术学院',13,3,'T'),(11234,'唐山广播电视大学',13,3,'T'),(983645,'唐山机车车辆厂高级技工学院',13,3,'T'),(976956,'唐山交通大学',13,3,'T'),(989316,'唐山教育学院',13,3,'T'),(11235,'唐山科技职业技术学院',13,3,'T'),(995646,'唐山劳动技师学院',13,3,'T'),(988087,'唐山煤矿医学院',13,3,'T'),(11233,'唐山师范',13,3,'T'),(70685,'唐山师范学院初等教育学院',13,3,'T'),(972745,'唐山师范专科学校',13,3,'T'),(979455,'唐山市财经学校',13,3,'T'),(973540,'唐山市对外经济贸易学校',13,3,'T'),(986605,'唐山市对外经贸学校',13,3,'T'),(979307,'唐山市高等师范专科学校',13,3,'T'),(987732,'唐山市经济贸易学校',13,3,'T'),(980530,'唐山市经济贸易学校',13,3,'T'),(977863,'唐山市体育运动学校',13,3,'T'),(983627,'唐山市兴唐技校',13,3,'T'),(11231,'唐山学院',13,3,'T'),(92793,'唐山冶金矿山机械厂技工学院',13,3,'T'),(11236,'唐山职业技术学院',13,3,'T'),(92794,'同仁医学院',13,3,'T'),(92795,'新华政法学院',13,3,'X'),(990645,'邢台工业大学',13,3,'X'),(990970,'邢台工业学校',13,3,'X'),(972141,'邢台光华职业技术专修学院',13,3,'X'),(94345,'邢台广播电视大学',13,3,'X'),(991951,'邢台教育学院',13,3,'X'),(978528,'邢台军需学院',13,3,'X'),(982472,'邢台矿务局技工学校',13,3,'X'),(987748,'邢台农业学校',13,3,'X'),(985884,'邢台市第一劳动技校',13,3,'X'),(983144,'邢台市经贸学校',13,3,'X'),(990477,'邢台县师范学校',13,3,'X'),(11311,'邢台学院',13,3,'X'),(11310,'邢台医学高等专科学校',13,3,'X'),(11312,'邢台职业技术学院',13,3,'X'),(979001,'宣化河北冶金职工大学',13,3,'X'),(98678,'宣化科技职业学院',13,3,'X'),(94091,'宣化师范',13,3,'X'),(990572,'燕京技术校院',13,3,'Y'),(11287,'燕山大学',13,3,'Y'),(94344,'燕山大学里仁学院',13,3,'Y'),(955826,'阳原县职教中心',13,3,'Y'),(976034,'张家口北方机电',13,3,'Z'),(11318,'张家口财经学校（并入张家口教育学院）',13,3,'Z'),(11316,'张家口大学',13,3,'Z'),(997253,'张家口高级技工学校',13,3,'Z'),(978455,'张家口工业交通学校',13,3,'Z'),(11317,'张家口广播电视大学',13,3,'Z'),(996350,'张家口技师学院',13,3,'Z'),(11247,'张家口教育学院',13,3,'Z'),(11319,'张家口农业高等专科学校',13,3,'Z'),(973349,'张家口商业学校',13,3,'Z'),(983479,'张家口师范专科学校',13,3,'Z'),(95332,'张家口市工业交通学校',13,3,'Z'),(980441,'张家口市华耐商业学校',13,3,'Z'),(987906,'张家口市人民警察学校',13,3,'Z'),(11320,'张家口市师范专科学校',13,3,'Z'),(11321,'张家口医学院',13,3,'Z'),(989408,'张家口医专',13,3,'Z'),(11248,'张家口职业技术学院',13,3,'Z'),(993644,'正定师范学校',13,3,'Z'),(94346,'郑各庄工业大学',13,3,'Z'),(969935,'中共河北省委党校函授学院',13,3,'Z'),(977431,'中共廊坊市委党校',13,3,'Z'),(975951,'中国安全科技大学',13,3,'Z'),(11218,'中国地质大学长城学院',13,3,'Z'),(985714,'中国电子科学研究院',13,3,'Z'),(977840,'中国环境工程大学',13,3,'Z'),(11220,'中国环境管理干部学院',13,3,'Z'),(983820,'中国交通工程学院',13,3,'Z'),(982958,'中国金融管理学院',13,3,'Z'),(11219,'中国民航管理干部学院',13,3,'Z'),(979213,'中国轻工干部管理学院',13,3,'Z'),(81413,'中国人民解放军白求恩军医学院',13,3,'Z'),(977540,'中国人民解放军河北炮兵导弹学院',13,3,'Z'),(977904,'中国人民解放军机械工程学院',13,3,'Z'),(992516,'中国人民解放军机械化步兵学院',13,3,'Z'),(98417,'中国人民解放军军械工程学院',13,3,'Z'),(11342,'中国人民解放军军械工程学院信息与管理学院',13,3,'Z'),(92796,'中国人民解放军军需工业学院',13,3,'Z'),(987679,'中国人民解放军空军第四飞行学院学院',13,3,'Z'),(980293,'中国人民解放军廊坊陆军导弹学院',13,3,'Z'),(81418,'中国人民解放军炮兵指挥学院',13,3,'Z'),(975799,'中国人民解放军石家庄装甲兵指挥学院',13,3,'Z'),(977476,'中国人民解放军宣化炮兵指挥学院',13,3,'Z'),(92797,'中国人民解放军张家口通信学院',13,3,'Z'),(982867,'中国人民解放军装甲兵指挥学院',13,3,'Z'),(68831,'中国人民武装警察部队学院',13,3,'Z'),(979595,'中国石家庄陆军学院',13,3,'Z'),(989708,'中国石油管道学院',13,3,'Z'),(989801,'中华台北心里研究学院',13,3,'Z'),(72849,'中科计算机职业培训学校',13,3,'Z'),(970413,'中央党校石家庄市委党校',13,3,'Z'),(982912,'中央党校唐山分校',13,3,'Z'),(990408,'中央电视广播大学河北分校',13,3,'Z'),(990406,'中央司法警官教育学院',13,3,'Z'),(978421,'装甲兵指挥学院',13,3,'Z'),(996762,'遵化电大',13,3,'Z'),(989581,'遵化市师范学校',13,3,'Z'),(11325,'涿州市石油物探学院',13,3,'Z'),(10865,'郑州大学',41,3,'Z'),(10827,'河南工业',41,3,'H'),(10823,'河南农业大学',41,3,'H'),(10794,'华北水利水电',41,3,'H'),(10879,'郑州轻工',41,3,'Z'),(10878,'郑州航空工业',41,3,'Z'),(982775,'安钢职工大学',41,3,'A'),(980818,'安阳财会学校',41,3,'A'),(993085,'安阳大学',41,3,'A'),(990491,'安阳钢铁集团公司职工大学',41,3,'A'),(10804,'安阳工学院',41,3,'A'),(10889,'安阳广播电视大学',41,3,'A'),(94394,'安阳技师学院',41,3,'A'),(986303,'安阳教育学院',41,3,'A'),(985107,'安阳农校',41,3,'A'),(988379,'安阳师范学院',41,3,'A'),(10805,'安阳师范学院人文管理学院',41,3,'A'),(10806,'安阳师院',41,3,'A'),(976973,'安阳市财会学校',41,3,'A'),(972378,'安阳市中医药学校',41,3,'A'),(985996,'安阳卫校',41,3,'A'),(993089,'安阳中医药学校',41,3,'A'),(979078,'北方电子科技学院',41,3,'B'),(973929,'北京林业大学河南教育学院',41,3,'B'),(978062,'长铝工学院',41,3,'C'),(974008,'创业大学',41,3,'C'),(867618,'第一拖拉机制造厂拖拉机学院',41,3,'D'),(978083,'丁庄大学',41,3,'D'),(974031,'二仙庙大学',41,3,'E'),(966050,'封丘大学',41,3,'F'),(993099,'国家检察官学院河南分院',41,3,'G'),(94384,'航空信息统计学院',41,3,'H'),(973612,'河岸经贸职业学院',41,3,'H'),(976206,'河大医学院',41,3,'H'),(867605,'河南财经',41,3,'H'),(10848,'河南财经学院成功学院',41,3,'H'),(972430,'河南财经政法成功学院',41,3,'H'),(10847,'河南财经政法大学',41,3,'H'),(970022,'河南财经政法大学',41,3,'H'),(972732,'河南财经政法大学成功学院',41,3,'H'),(971207,'河南财政经法大学',41,3,'H'),(10846,'河南财政税务高等专科学校',41,3,'H'),(971804,'河南财专',41,3,'H'),(94393,'河南城建工程学院',41,3,'H'),(10810,'河南城建学院',41,3,'H'),(10826,'河南大学',41,3,'H'),(867614,'河南大学民生学院',41,3,'H'),(81452,'河南大学人民武装学院',41,3,'H'),(992111,'河南大学软件学院',41,3,'H'),(970304,'河南大学医学院',41,3,'H'),(971515,'河南党校',41,3,'H'),(985085,'河南第一航空学院',41,3,'H'),(975563,'河南电大',41,3,'H'),(93345,'河南电力技师学院',41,3,'H'),(971362,'河南电力职工大学',41,3,'H'),(982804,'河南电力职业学院',41,3,'H'),(971368,'河南电器化学校',41,3,'H'),(983570,'河南电气化学校',41,3,'H'),(986245,'河南电气化学校',41,3,'H'),(983609,'河南法律学院',41,3,'H'),(93346,'河南方远计算机专修学院',41,3,'H'),(68854,'河南纺织高等专科学校',41,3,'H'),(10830,'河南工程学院',41,3,'H'),(995627,'河南工商行政管理学校',41,3,'H'),(987844,'河南工业安全职业学院',41,3,'H'),(77813,'河南工业大学',41,3,'H'),(93347,'河南工业大学化工学院',41,3,'H'),(77814,'河南工业大学化学工业职业学院',41,3,'H'),(972520,'河南工业大学机电工程学院',41,3,'H'),(93348,'河南工业技师学院',41,3,'H'),(10829,'河南工业贸易职业学院',41,3,'H'),(10828,'河南工业职业技术学院',41,3,'H'),(867609,'河南公安高等专科学校',41,3,'H'),(72047,'河南广播电视大学',41,3,'H'),(10832,'河南广播影视学院',41,3,'H'),(990499,'河南化工技师学院',41,3,'H'),(982860,'河南化工技校',41,3,'H'),(985754,'河南化工职业技术学院',41,3,'H'),(93349,'河南化妆摄影学院',41,3,'H'),(10836,'河南机电高等专科学校',41,3,'H'),(853013,'河南机电职业学院',41,3,'H'),(991024,'河南汲县医学专科学校',41,3,'H'),(980500,'河南技工学校',41,3,'H'),(984000,'河南检察官学院',41,3,'H'),(10837,'河南检察职业学院',41,3,'H'),(10833,'河南建筑职工大学',41,3,'H'),(77815,'河南建筑职业技术学院',41,3,'H'),(978861,'河南焦作艺术学校',41,3,'H'),(970346,'河南交通大学',41,3,'H'),(10819,'河南交通职业技术学院',41,3,'H'),(10834,'河南教育学院',41,3,'H'),(982649,'河南金融干部管理学院',41,3,'H'),(975828,'河南金融管理干部学院',41,3,'H'),(987121,'河南经济贸易高级技工学校',41,3,'H'),(10843,'河南经贸职业学院',41,3,'H'),(10820,'河南警察学院',41,3,'H'),(989520,'河南开封人民警察学校',41,3,'H'),(984579,'河南开封师范学院',41,3,'H'),(979634,'河南开普化工技校',41,3,'H'),(10841,'河南科技大学',41,3,'H'),(77826,'河南科技大学林业职业学院',41,3,'H'),(995891,'河南科技大学农学院',41,3,'H'),(10842,'河南科技学院',41,3,'H'),(867612,'河南科技学院新科学院',41,3,'H'),(867608,'河南理工',41,3,'H'),(10838,'河南理工大学',41,3,'H'),(989886,'河南理工大学成人教育学院',41,3,'H'),(94399,'河南理工大学高职学院',41,3,'H'),(68846,'河南理工大学万方科技学院',41,3,'H'),(95124,'河南理工高等职业学院',41,3,'H'),(977014,'河南理工万方科技学院',41,3,'H'),(990627,'河南粮食工程学院',41,3,'H'),(978015,'河南林业大学',41,3,'H'),(93350,'河南旅游学院',41,3,'H'),(957063,'河南洛阳东方中等专业学校',41,3,'H'),(984644,'河南洛阳机车技师学院',41,3,'H'),(976875,'河南洛阳医科专业学校',41,3,'H'),(980202,'河南煤炭技工学校',41,3,'H'),(990295,'河南民权县卫生学校',41,3,'H'),(990800,'河南民政学校',41,3,'H'),(984128,'河南牧业高等专科学院',41,3,'H'),(867604,'河南农大',41,3,'H'),(10821,'河南农业大学华豫学院',41,3,'H'),(982488,'河南农业大学许昌校区',41,3,'H'),(10822,'河南农业职业学院',41,3,'H'),(972746,'河南平顶山工贸学校',41,3,'H'),(980035,'河南汝南园林学校',41,3,'H'),(982824,'河南商丘淮海医学院',41,3,'H'),(972210,'河南商丘师范',41,3,'H'),(976906,'河南商丘司法警校大专',41,3,'H'),(10825,'河南商业高等专科学校',41,3,'H'),(973878,'河南社会大学',41,3,'H'),(979588,'河南升达学院',41,3,'H'),(983501,'河南省安阳钢铁集团公司职工大学',41,3,'H'),(995383,'河南省安装公司技校',41,3,'H'),(986080,'河南省财税高等专科学校',41,3,'H'),(993188,'河南省长铝工学院',41,3,'H'),(992150,'河南省党校',41,3,'H'),(984057,'河南省第二税务学校',41,3,'H'),(970504,'河南省对外经济贸易职工大学',41,3,'H'),(980610,'河南省二轻工业学校',41,3,'H'),(77550,'河南省高等专科学校',41,3,'H'),(990997,'河南省高级化工技师学院',41,3,'H'),(970824,'河南省高级煤炭技术学院',41,3,'H'),(95322,'河南省工贸职业学院',41,3,'H'),(10839,'河南省工商行政管理广播电视大学',41,3,'H'),(971246,'河南省工业科技学校',41,3,'H'),(973710,'河南省工业学校',41,3,'H'),(95130,'河南省工艺美术学院',41,3,'H'),(993399,'河南省公安高等专科学校',41,3,'H'),(867616,'河南省广播电视大学',41,3,'H'),(988163,'河南省机电学校',41,3,'H'),(970927,'河南省技术学校',41,3,'H'),(974016,'河南省济源市中共中央党校',41,3,'H'),(93351,'河南省计划生育干部学院',41,3,'H'),(973676,'河南省建筑工程学校',41,3,'H'),(93352,'河南省建筑职工大学',41,3,'H'),(93353,'河南省建筑职业技术学院',41,3,'H'),(973560,'河南省金融管理干部学院',41,3,'H'),(70688,'河南省经济管理学校',41,3,'H'),(971507,'河南省经济贸易学校',41,3,'H'),(980782,'河南省经贸工程技术学校',41,3,'H'),(989451,'河南省开封高级医药技工学校',41,3,'H'),(975617,'河南省开封市社会大学',41,3,'H'),(970845,'河南省开封县口腔卫校',41,3,'H'),(93354,'河南省劳动干部学院',41,3,'H'),(972512,'河南省洛阳第一师范',41,3,'H'),(984605,'河南省洛阳经济学校',41,3,'H'),(95282,'河南省洛阳人民警察培训学院',41,3,'H'),(993680,'河南省洛阳市高级技工学院',41,3,'H'),(983833,'河南省洛阳市有色金属职工大学',41,3,'H'),(978547,'河南省洛阳市嵩县职业大学',41,3,'H'),(992210,'河南省煤炭技工学校',41,3,'H'),(98366,'河南省民政学校',41,3,'H'),(80814,'河南省南阳市南阳农业学院',41,3,'H'),(11812,'清华大学',11,3,'Q'),(11761,'北京大学',11,3,'B'),(11722,'中国人民大学',11,3,'Z'),(11795,'北京航空航天大学',11,3,'B'),(11800,'北京邮电大学',11,3,'B'),(11769,'北京师范大学',11,3,'B'),(11763,'北京工业大学',11,3,'B'),(11753,'北京化工大学',11,3,'B'),(11744,'北京交通大学',11,3,'B'),(11784,'北京科技大学',11,3,'B'),(11779,'北京理工大学',11,3,'B'),(11774,'北京林业大学',11,3,'B'),(11760,'北京外国语大学',11,3,'B'),(11743,'北京中医药大学',11,3,'B'),(11810,'对外经济贸易大学',11,3,'D'),(11807,'华北电力大学（北京）',11,3,'H'),(11732,'中国矿业大学（北京）',11,3,'Z'),(11725,'中国农业大学',11,3,'Z'),(11731,'中国石油大学（北京）',11,3,'Z'),(11727,'中国协和医科大学',11,3,'Z'),(11730,'中国政法大学',11,3,'Z'),(11740,'中央财经大学',11,3,'Z'),(11738,'中央民族大学',11,3,'Z'),(11741,'中央音乐学院',11,3,'Z'),(94203,'北大国际MBA',11,3,'B'),(11805,'北大资源美术学院',11,3,'B'),(11804,'北大资源学院',11,3,'B'),(94794,'北方工商管理学院',11,3,'B'),(979519,'北方工商管理研修学院',11,3,'B'),(11806,'北方工业大学',11,3,'B'),(978403,'北方交大',11,3,'B'),(987915,'北方科技管理学院',11,3,'B'),(985700,'北方理工学院',11,3,'B'),(978895,'北海道大学',11,3,'B'),(92741,'北京八维计算机学院',11,3,'B'),(77960,'北京八维研修学院',11,3,'B'),(989908,'北京八一军事学院',11,3,'B'),(11755,'北京北大方正软件技术学院',11,3,'B'),(970374,'北京北大计算机研修学院',11,3,'B'),(92742,'北京北大资源研修学院',11,3,'B'),(92732,'北京财经大学',11,3,'B'),(991041,'北京财经贸易管理学院',11,3,'B'),(971299,'北京财经贸易学院',11,3,'B'),(975826,'北京财贸金融学院',11,3,'B'),(976498,'北京财贸科技学院',11,3,'B'),(11799,'北京财贸职业学院',11,3,'B'),(984506,'北京昌平卫生学校',11,3,'B'),(95547,'北京长城研修学院',11,3,'B'),(973555,'北京朝阳建设职工大学',11,3,'B'),(11822,'北京朝阳职工大学',11,3,'B'),(11758,'北京城市学院',11,3,'B'),(980714,'北京崇文财贸干校',11,3,'B'),(982627,'北京传媒大学',11,3,'B'),(95037,'北京达内计算机研修学院',11,3,'B'),(11885,'北京大兴林业管理干部学院',11,3,'B'),(11886,'北京大兴中央文化管理干部学院',11,3,'B'),(94832,'北京大学MBA光华管理学院',11,3,'B'),(990877,'北京大学法学院玉泉山分校',11,3,'B'),(867190,'北京大学国际法学院',11,3,'B'),(986244,'北京大学网络教育学院',11,3,'B'),(11762,'北京大学医学部',11,3,'B'),(979012,'北京大学远程教育学院',11,3,'B'),(867189,'北京当代艺术学院',11,3,'B'),(975549,'北京地质大学',11,3,'B'),(11824,'北京第二商业局职工大学',11,3,'B'),(992169,'北京第二外国语大学',11,3,'B'),(11787,'北京第二外国语学院',11,3,'B'),(976237,'北京第二外国语学院中瑞酒店管理学院',11,3,'B'),(971199,'北京第二外国语学院中瑞酒店管理学院',11,3,'B'),(988223,'北京第三师范学院',11,3,'B'),(976911,'北京第三职业技术学校',11,3,'B'),(995545,'北京第一轻工业学校',11,3,'B'),(989381,'北京电机学校',11,3,'B'),(978325,'北京电力管理干部学院',11,3,'B'),(81082,'北京电力经济研修学院',11,3,'B'),(987310,'北京电气化铁路学校',11,3,'B'),(980669,'北京电气化学院',11,3,'B'),(92753,'北京电视广播大学',11,3,'B'),(11782,'北京电影学院',11,3,'B'),(996374,'北京电子科技大学',11,3,'B'),(11780,'北京电子科技学院',11,3,'B'),(80471,'北京电子科技职业学院机械工程学院',11,3,'B'),(986144,'北京电子科技职业学院自动化工程学院',11,3,'B'),(987187,'北京电子信息高级技工学校',11,3,'B'),(986786,'北京电子信息工程学院',11,3,'B'),(77953,'北京东方大学',11,3,'B'),(978309,'北京东方大学朝阳校区',11,3,'B'),(81084,'北京东方文化艺术学院',11,3,'B'),(980144,'北京东方研修学院',11,3,'B'),(11931,'北京东燕郊防灾技术高等专科学校',11,3,'B'),(978907,'北京东燕郊有色金属管理干部学院',11,3,'B'),(94228,'北京对外经济贸易大学',11,3,'B'),(11887,'北京对外经济贸易管理干部学院',11,3,'B'),(978443,'北京二轻党校',11,3,'B'),(978164,'北京翻译研修学院',11,3,'B'),(11825,'北京房地产职工大学',11,3,'B'),(984632,'北京房山第二职业学校',11,3,'B'),(983519,'北京房山幼师学校',11,3,'B'),(77971,'北京防化指挥工程学院',11,3,'B'),(11821,'北京防灾技术高等专科学校',11,3,'B'),(978222,'北京纺织服装学校',11,3,'B'),(11773,'北京服装学院',11,3,'B'),(976434,'北京服装学院莱佛士国际学院',11,3,'B'),(11938,'北京辅仁外国语大学',11,3,'B'),(11803,'北京高等秘书学院',11,3,'B'),(970856,'北京高级工贸技师学院',11,3,'B'),(969933,'北京工贸高级技工学院轻工分院',11,3,'B'),(969971,'北京工贸技师学院',11,3,'B'),(980152,'北京工贸技术学校',11,3,'B'),(11766,'北京工商大学',11,3,'B'),(11767,'北京工商大学嘉华学院',11,3,'B'),(971688,'北京工商管理学院',11,3,'B'),(92743,'北京工商管理研修学院',11,3,'B'),(92752,'北京工商学院',11,3,'B'),(11764,'北京工业大学耿丹学院',11,3,'B'),(977485,'北京工业大学继续教育学院',11,3,'B'),(94134,'北京工业大学通州分校',11,3,'B'),(980002,'北京工业技师学院',11,3,'B'),(990466,'北京工艺美术技工学校',11,3,'B'),(970301,'北京公交党校',11,3,'B'),(989711,'北京光明中医函授大学',11,3,'B'),(867175,'北京广播电视大学',11,3,'B'),(77951,'北京广播电视大学东城分校',11,3,'B'),(98423,'北京广播电视大学海淀分校',11,3,'B'),(77966,'北京广播电视大学门头沟校区',11,3,'B'),(11940,'北京广播电视大学顺义分校',11,3,'B'),(81123,'北京广播电视大学通州分校',11,3,'B'),(94135,'北京广播电视大学西城分校',11,3,'B'),(81095,'北京国际工商管理研修学院',11,3,'B'),(81083,'北京国际金融学院',11,3,'B'),(77967,'北京国际经贸研修学院',11,3,'B'),(11826,'北京国际商务学院',11,3,'B'),(973719,'北京海淀区培黎职业学院',11,3,'B'),(989868,'北京海淀职工大学',11,3,'B'),(11827,'北京海淀走读大学',11,3,'B'),(92744,'北京翰林职业研修学院',11,3,'B'),(979716,'北京航空工业专科学校',11,3,'B'),(972935,'北京护士学校',11,3,'B'),(81098,'北京华诚学院',11,3,'B'),(11890,'北京华诚研修学院',11,3,'B'),(11828,'北京华大高教自考专修学校',11,3,'B'),(11829,'北京华夏管理学院',11,3,'B'),(11754,'北京化工大学北方学院',11,3,'B'),(995720,'北京化工大学继续教育学院',11,3,'B'),(995679,'北京化工大学职业技术学院',11,3,'B'),(971038,'北京化工干部管理学院',11,3,'B'),(72061,'北京黄埔大学',11,3,'B'),(11830,'北京会计专修学院',11,3,'B'),(11775,'北京汇佳职业学院',11,3,'B'),(92733,'北京火星时代动画学院',11,3,'B'),(970836,'北京机电工程学院',11,3,'B'),(989393,'北京机械干部管理学院',11,3,'B'),(975940,'北京机械工业管理干部学院',11,3,'B'),(92726,'北京机械工业学院',11,3,'B'),(970120,'北京机械士官学校',11,3,'B'),(976318,'北京机械学院',11,3,'B'),(11757,'北京吉利大学',11,3,'B'),(11831,'北京计划劳动干部管理学院',11,3,'B'),(80467,'北京计算机专修学院',11,3,'B'),(983074,'北京建工党校',11,3,'B'),(70665,'北京建设大学',11,3,'B'),(996789,'北京建设职工大学',11,3,'B'),(11771,'北京建筑工程学院',11,3,'B'),(992221,'北京建筑工程学院怀柔分院',11,3,'B'),(983488,'北京交通部人民警察学校',11,3,'B'),(995828,'北京交通大学继续教育学院',11,3,'B'),(983805,'北京交通大学经济管理学院',11,3,'B'),(995680,'北京交通大学远程与继续教育学院',11,3,'B'),(80469,'北京交通管理干部学院',11,3,'B'),(98594,'北京交通运输职业学院',11,3,'B'),(11745,'北京交通职业技术学院',11,3,'B'),(11832,'北京教育学院',11,3,'B'),(77970,'北京解放军防化指挥工程学院',11,3,'B'),(11833,'北京金融学院',11,3,'B'),(970500,'北京金世纪',11,3,'B'),(980470,'北京金隅科技学校',11,3,'B'),(11897,'北京京城学院',11,3,'B'),(973775,'北京京海学院',11,3,'B'),(11834,'北京京海研修学院',11,3,'B'),(11835,'北京京华医科大学',11,3,'B'),(11836,'北京京桥大学',11,3,'B'),(971487,'北京经济工程学院',11,3,'B'),(971491,'北京经济管理干部学院',11,3,'B'),(982820,'北京经济管理函授学院',11,3,'B'),(92734,'北京经济管理学院',11,3,'B'),(11789,'北京经济管理职业学院',11,3,'B'),(11837,'北京经济函授大学',11,3,'B'),(979520,'北京经济技术研究学院',11,3,'B'),(92745,'北京经济技术研修学院',11,3,'B'),(11788,'北京经济技术职业学院',11,3,'B'),(989713,'北京经济社会学院',11,3,'B'),(987798,'北京经济信息管理函授学院',11,3,'B'),(977318,'北京经济学院',11,3,'B'),(973904,'北京经济研修学院',11,3,'B'),(978297,'北京经贸高级技术学院',11,3,'B'),(94230,'北京经贸航空服务学院',11,3,'B'),(11790,'北京经贸职业学院',11,3,'B'),(11796,'北京警察学院',11,3,'B'),(11838,'北京军地专修学院',11,3,'B'),(975571,'北京军区管理学院',11,3,'B'),(991023,'北京军事科学院',11,3,'B'),(77955,'北京军医学院',11,3,'B'),(93523,'北京科技大学管状校区',11,3,'B'),(987094,'北京科技高级技术学校',11,3,'B'),(985024,'北京科技经济管理职业学院',11,3,'B'),(11785,'北京科技经营管理学院',11,3,'B'),(975741,'北京科技师范',11,3,'B'),(982433,'北京科技师范学院',11,3,'B'),(92727,'北京科技职业技术学院',11,3,'B'),(11786,'北京科技职业学院',11,3,'B'),(987290,'北京科学院管理干部学院',11,3,'B'),(978601,'北京空军军事职业大学',11,3,'B'),(80464,'北京空军指挥学院',11,3,'B'),(972916,'北京矿业大学',11,3,'B'),(996330,'北京廊坊京安专修学院',11,3,'B'),(867182,'北京劳动保障职业学院',11,3,'B'),(11858,'北京劳动保障职业学院(原北京市计划劳动管理干部学院)',11,3,'B'),(977429,'北京劳动关系学院',11,3,'B'),(980151,'北京理工大学房山分校',11,3,'B'),(98047,'北京理工大学现代远程教育学院',11,3,'B'),(94791,'北京立高防水工程学院',11,3,'B'),(996674,'北京联大建材轻工学院（北航分院）',11,3,'B'),(11792,'北京联合大学',11,3,'B'),(526597,'北京联合大学北苑校区',11,3,'B'),(987255,'北京联合大学纺织工程学院',11,3,'B'),(11793,'北京联合大学广告学院',11,3,'B'),(970891,'北京联合大学机电学院',11,3,'B'),(993649,'北京联合大学继续教育学院',11,3,'B'),(70695,'北京联合大学旅游学院',11,3,'B'),(950760,'北京联合大学商务学院',11,3,'B'),(80458,'北京联合大学生物化学工程学院',11,3,'B'),(92729,'北京联合大学师范学院',11,3,'B'),(94790,'北京联合大学特殊教育学院',11,3,'B'),(984858,'北京联合大学应用科技学院',11,3,'B'),(80488,'北京联合大学应用文理学院',11,3,'B'),(990490,'北京联合大学自动化工程学院',11,3,'B'),(985959,'北京联华高等技术学院',11,3,'B'),(975823,'北京联华高等职业技术学院',11,3,'B'),(11823,'北京林业管理干部学院',11,3,'B'),(980101,'北京鲁迅文学院',11,3,'B'),(989320,'北京陆军航空兵学院',11,3,'B'),(975829,'北京旅游学院',11,3,'B'),(867185,'北京旅游专修学院',11,3,'B'),(11839,'北京罗德岱尔研修学院',11,3,'B'),(990562,'北京贸易学院航空学院',11,3,'B'),(11840,'北京煤炭管理干部学院',11,3,'B'),(11791,'北京美国英语语言学院',11,3,'B'),(982423,'北京美国语言学院',11,3,'B'),(963698,'北京迷笛音乐学校',11,3,'B'),(95222,'北京民政部管理干部学院',11,3,'B'),(11841,'北京民族大学',11,3,'B'),(976412,'北京民族艺术学院',11,3,'B'),(11842,'北京明园大学',11,3,'B'),(978955,'北京名人艺术学校',11,3,'B'),(978952,'北京农机学院',11,3,'B'),(976267,'北京农垦干部管理学院',11,3,'B'),(11752,'北京农学院',11,3,'B'),(970406,'北京农业部农垦干部管理学院',11,3,'B'),(11751,'北京农业职业学院',11,3,'B'),(11759,'北京培黎职业学院',11,3,'B'),(972164,'北京齐白石艺术函授学院',11,3,'B'),(11844,'北京齐鲁音乐学院',11,3,'B'),(972242,'北京气象学院',11,3,'B'),(972598,'北京前进大学',11,3,'B'),(92735,'北京青年管理研修学院',11,3,'B'),(986699,'北京青年企业管理研修学院',11,3,'B'),(11802,'北京青年政治学院',11,3,'B'),(80473,'北京轻工业学院',11,3,'B'),(976991,'北京清华颐文自修学院',11,3,'B'),(980555,'北京求实职业学校',11,3,'B'),(11902,'北京求知学院',11,3,'B'),(11845,'北京求知研修学院',11,3,'B'),(11747,'北京人文大学',11,3,'B'),(986232,'北京商贸管理学院',11,3,'B'),(990977,'北京商贸学校',11,3,'B'),(976268,'北京商务管理学院',11,3,'B'),(977258,'北京商务科技学校',11,3,'B'),(11903,'北京商学院函授学院',11,3,'B'),(995677,'北京商业管理干部学院',11,3,'B'),(11847,'北京涉外经济学院',11,3,'B'),(971369,'北京涉外经济专修学院',11,3,'B'),(990297,'北京社會科學研究院',11,3,'B'),(92750,'北京社会管理职业技术学院',11,3,'B'),(11846,'北京社会函授大学',11,3,'B'),(993048,'北京神州大学',11,3,'B'),(11848,'北京生物科技研修学院',11,3,'B'),(867170,'北京盛基艺术学校',11,3,'B'),(92749,'北京盛基艺术学院',11,3,'B'),(985868,'北京师范大学继续教育学院',11,3,'B'),(996578,'北京师范大学继续教育学院',11,3,'B'),(987733,'北京师范大学继续教育学院',11,3,'B'),(976343,'北京师范大学继续教育学院',11,3,'B'),(976407,'北京石油大学',11,3,'B'),(11783,'北京石油化工学院',11,3,'B'),(978529,'北京什刹海运动学校',11,3,'B'),(996775,'北京世贤进修学院',11,3,'B'),(976250,'北京市北普陀影视研究学院',11,3,'B'),(979039,'北京市财经学校',11,3,'B'),(982806,'北京市财贸干部管理学院',11,3,'B'),(11849,'北京市财贸管理干部学院',11,3,'B'),(970054,'北京市朝阳区涵授学校',11,3,'B'),(984143,'北京市朝阳区生物化学工程学院',11,3,'B'),(867179,'北京市朝阳区职工大学',11,3,'B'),(985616,'北京市崇文区才贸干校',11,3,'B'),(11932,'北京市崇文区职工大学',11,3,'B'),(983826,'北京市大兴区第二职业学校',11,3,'B'),(986612,'北京市大兴区旅游专修学院',11,3,'B'),(979418,'北京市电子信息高级技工学校',11,3,'B'),(11851,'北京市东城区职工大学',11,3,'B'),(867176,'北京市东城区职工业余大学',11,3,'B'),(867172,'北京市房地产职工大学',11,3,'B'),(978344,'北京市房山区市委党校',11,3,'B'),(989806,'北京市丰台党校',11,3,'B'),(867174,'北京市丰台区职工大学',11,3,'B'),(975888,'北京市高级技工学校',11,3,'B'),(978095,'北京市工贸高级技师学院',11,3,'B'),(982364,'北京市工业工程学院',11,3,'B'),(92730,'北京市工业技师学院',11,3,'B'),(973812,'北京市工运学院',11,3,'B'),(988033,'北京市公共交通高级技工学校',11,3,'B'),(800145,'北京市古城旅游职业学校',11,3,'B'),(11854,'北京市广播电视大学',11,3,'B'),(970070,'北京市广播电视大学怀柔分校',11,3,'B'),(81124,'北京市广播电视大学密云分校',11,3,'B'),(11855,'北京市国家检察官学院',11,3,'B'),(989924,'北京市海淀区卫生学校',11,3,'B'),(867177,'北京市海淀区职工大学',11,3,'B'),(11856,'北京市海淀职工大学',11,3,'B'),(867180,'北京市机械工业局职工大学',11,3,'B'),(11857,'北京市机械局职工大学',11,3,'B'),(11911,'北京市计划劳动管理干部学院',11,3,'B'),(978157,'北京市计算机工业学校',11,3,'B'),(972778,'北京市建工党校',11,3,'B'),(867171,'北京市建设职工大学',11,3,'B'),(972289,'北京市金隅科技学校',11,3,'B'),(11933,'北京市京师科技学院',11,3,'B'),(11860,'北京市京西大学',11,3,'B'),(992483,'北京市经济工程学院',11,3,'B'),(92731,'北京市经济管理干部学院',11,3,'B'),(985903,'北京市经济科技管理学院',11,3,'B'),(988393,'北京市经贸高级技术学校',11,3,'B'),(867173,'北京市汽车工业总公司职工大学',11,3,'B'),(992101,'北京市汽车维修工程职业学校',11,3,'B'),(972137,'北京市青春美国际艺术学院',11,3,'B'),(11863,'北京市轻工职业技术学院',11,3,'B'),(986300,'北京市人民警察学校',11,3,'B'),(98636,'北京市商务管理学校',11,3,'B'),(11864,'北京市商业管理干部学院',11,3,'B'),(80489,'北京市石景山区业余大学',11,3,'B'),(980078,'北京市实美职业学校',11,3,'B'),(972913,'北京市实验技工学校',11,3,'B'),(979161,'北京市市政工程技术学校',11,3,'B'),(987013,'北京市市政管理学校',11,3,'B'),(977250,'北京市首都经贸学校',11,3,'B'),(988051,'北京市首钢技工学校',11,3,'B'),(972715,'北京市顺义第一职业学校',11,3,'B'),(989287,'北京市通州财政学院',11,3,'B'),(975579,'北京市委党校',11,3,'B'),(972707,'北京市委党校经济管理学院',11,3,'B'),(996521,'北京市委党校平谷分校',11,3,'B'),(982803,'北京市物资贸易学校',11,3,'B'),(11865,'北京市西城经济科学大学',11,3,'B'),(972936,'北京市新媒体技师学院',11,3,'B'),(996474,'北京市宣武区第一职业学校',11,3,'B'),(11867,'北京市宣武区红旗业余大学',11,3,'B'),(993211,'北京市宣武一职',11,3,'B'),(975703,'北京市医药器械学校',11,3,'B'),(11916,'北京市伊斯兰教经学院',11,3,'B'),(976180,'北京市仪器仪表高级技工学校',11,3,'B'),(11868,'北京市艺术设计学院',11,3,'B'),(11869,'北京市职工医学院',11,3,'B'),(982915,'北京市中北国际演艺专修学院',11,3,'B'),(11870,'北京市中华研修大学',11,3,'B'),(11871,'北京市中加工商学院',11,3,'B'),(975685,'北京市中央党校函授学院',11,3,'B'),(996876,'北京市中医药职工大学',11,3,'B'),(11872,'北京市总工会职工大学',11,3,'B'),(978257,'北京首都体育运动学院',11,3,'B'),(986136,'北京水利水电学校',11,3,'B'),(972516,'北京孙进教育学院',11,3,'B'),(972163,'北京特警学院',11,3,'B'),(11748,'北京体育大学',11,3,'B'),(996401,'北京体育职业学院',11,3,'B'),(11873,'北京铁道管理干部学院',11,3,'B'),(972827,'北京铁道学院',11,3,'B'),(990840,'北京通信士官学校',11,3,'B'),(973782,'北京通州物资学院',11,3,'B'),(11874,'北京同颐研修学院',11,3,'B'),(989966,'北京外国语大学（附属中院）',11,3,'B'),(977012,'北京外交学院',11,3,'B'),(11875,'北京外事学院',11,3,'B'),(979746,'北京外事研修学院',11,3,'B'),(996331,'北京卫校',11,3,'B'),(988246,'北京文博学院',11,3,'B'),(974066,'北京文理学院',11,3,'B'),(77957,'北京文理研修学院',11,3,'B'),(80466,'北京文理研学院',11,3,'B'),(976168,'北京武警指挥学院',11,3,'B'),(11794,'北京舞蹈学院',11,3,'B'),(990937,'北京舞蹈艺术学院',11,3,'B'),(11776,'北京物资学院',11,3,'B'),(81108,'北京西城经济科技大学',11,3,'B'),(80459,'北京西城经济科学大学',11,3,'B'),(867169,'北京锡华国际经贸职业学院',11,3,'B'),(72847,'北京戏曲艺术职业学院',11,3,'B'),(989912,'北京现代工程学院',11,3,'B'),(11813,'北京现代管理大学',11,3,'B'),(92748,'北京现代管理大学航空学院',11,3,'B'),(980701,'北京现代国际经济管理学院',11,3,'B'),(993370,'北京现代经管干校',11,3,'B'),(982698,'北京现代商务学院',11,3,'B'),(11866,'北京现代实用美术专修学院',11,3,'B'),(971223,'北京现代音乐学院',11,3,'B'),(11778,'北京现代音乐研修学院',11,3,'B'),(11777,'北京现代职业技术学院',11,3,'B'),(979007,'北京现在科技学院',11,3,'B'),(867168,'北京协和医学院',11,3,'B'),(996406,'北京协和医学院护理学院',11,3,'B'),(11876,'北京新亚研修学院',11,3,'B'),(92736,'北京新园明职业学院',11,3,'B'),(11935,'北京新圆明职业学院',11,3,'B'),(970075,'北京信息工程学院',11,3,'B'),(995426,'北京信息工程专修学院',11,3,'B'),(11749,'北京信息科技大学',11,3,'B'),(11877,'北京兴华大学',11,3,'B'),(983896,'北京行政管理学院',11,3,'B'),(11925,'北京行政学院',11,3,'B'),(971183,'北京宣武红旗大学',11,3,'B'),(867178,'北京宣武红旗业余大学',11,3,'B'),(972077,'北京延庆现代工程学院',11,3,'B'),(92728,'北京演艺学院',11,3,'B'),(80433,'北京演艺专修学院',11,3,'B'),(984872,'北京燕京函授医学院',11,3,'B'),(983756,'北京燕京华侨大学',11,3,'B'),(990315,'北京燕京神学院',11,3,'B'),(976314,'北京冶金管理干部学院',11,3,'B'),(11878,'北京医科大学',11,3,'B'),(77962,'北京医科专修学院',11,3,'B'),(92737,'北京医学院',11,3,'B'),(867181,'北京医药集团职工大学',11,3,'B'),(11756,'北京印刷学院',11,3,'B'),(11926,'北京英迪经贸学院',11,3,'B'),(11770,'北京应用技术大学',11,3,'B'),(970469,'北京影视学院',11,3,'B'),(94795,'北京影视研修学院',11,3,'B'),(11801,'北京邮电大学世纪学院',11,3,'B'),(980637,'北京邮电工业学校',11,3,'B'),(11879,'北京有色金属干部管理学院',11,3,'B'),(11797,'北京语言大学',11,3,'B'),(986773,'北京语言大学网络教育学院',11,3,'B'),(11927,'北京育达工商管理学院',11,3,'B'),(80438,'北京圆明园学院',11,3,'B'),(976008,'北京远东体育舞蹈学院',11,3,'B'),(11880,'北京针灸骨伤学院',11,3,'B'),(11881,'北京政法管理干部学院',11,3,'B'),(11772,'北京政法职业学院',11,3,'B'),(1001291,'北京政法职业学院',11,3,'B'),(972710,'北京职工体育运动技术学校',11,3,'B'),(972435,'北京职业技术设计艺术学院',11,3,'B'),(832839,'北京质量管理学院',11,3,'B'),(977249,'北京中科院管理干部学院',11,3,'B'),(992310,'北京中美工商管理研修学院',11,3,'B'),(77969,'北京中山学院',11,3,'B'),(11883,'北京中新企业管理学院',11,3,'B'),(972371,'北京中亚学校',11,3,'B'),(978089,'北京中央广播电视大学',11,3,'B'),(989823,'北京中医研究学院',11,3,'B'),(978934,'北京中艺摄影学院',11,3,'B'),(92746,'北京珠宝首饰研修学院',11,3,'B'),(972116,'北京装甲兵工程学院',11,3,'B'),(11884,'北京卓达大学',11,3,'B'),(81107,'北京卓达经济管理研修学院',11,3,'B'),(95038,'北京自修大学',11,3,'B'),(992122,'北影影视艺术学院',11,3,'B'),(11814,'财政部财政科学研究所',11,3,'C'),(867192,'朝阳二外',11,3,'C'),(94792,'大庆体育运动学院',11,3,'D'),(983083,'大石河技校',11,3,'D'),(979136,'大阪大学',11,3,'D'),(81109,'电信科学技术研究院',11,3,'D'),(996255,'东方财经日语大学',11,3,'D'),(996264,'东方工商大学',11,3,'D'),(94229,'东方视线商业摄影学院',11,3,'D'),(867186,'东方文化艺术学院',11,3,'D'),(81080,'东方艺术学院',11,3,'D'),(983101,'东京外国语大学院',11,3,'D'),(982406,'东照医学院',11,3,'D'),(867166,'对外经贸大学',11,3,'D'),(971358,'法国奥尔良国立大学',11,3,'F'),(984132,'房山大石河卫校',11,3,'F'),(987955,'房山卫校',11,3,'F'),(986187,'丰台党校',11,3,'F'),(11937,'丰台区职工大学',11,3,'F'),(972600,'伏龙芝军事学院',11,3,'F'),(970818,'钢铁研究总院',11,3,'G'),(973567,'光明中医函授大学',11,3,'G'),(976964,'国防学院',11,3,'G'),(11808,'国际关系学院',11,3,'G'),(992232,'国际政治学院',11,3,'G'),(11946,'国家法官学院',11,3,'G'),(995532,'国家建材局管理干部学院',11,3,'G'),(987670,'海淀区卫生学校',11,3,'H'),(973679,'海陸空叁軍軍官學校',11,3,'H'),(987150,'韩国东明大学',11,3,'H'),(993198,'华北电业联合职工大学',11,3,'H'),(983581,'华北工业大学',11,3,'H'),(94237,'华北计算机系统工程研究所',11,3,'H'),(11944,'华北矿业高等专科学校',11,3,'H'),(989856,'华北信息科技学院',11,3,'H'),(971444,'华电电力大学',11,3,'H'),(80486,'环球动漫艺术学院',11,3,'H'),(983765,'汇佳学院',11,3,'H'),(81110,'解放军防化研究院',11,3,'J'),(11945,'解放军艺术学院',11,3,'J'),(72055,'解放军装备指挥技术学院',11,3,'J'),(975870,'解放军装甲兵工程学院',11,3,'J'),(72091,'京安学院',11,3,'J'),(986133,'军乐艺术学院',11,3,'J'),(971167,'军事医学科学院',11,3,'J'),(970892,'军事院校',11,3,'J'),(976982,'军医进修学院',11,3,'J'),(971555,'军营大学',11,3,'J'),(969922,'鲁迅文学院',11,3,'L'),(977068,'陆军航空兵学院',11,3,'L'),(985645,'伦庄博士生研究学院',11,3,'L'),(979485,'梅尚大学',11,3,'M'),(976494,'蒙代尔国际企业家大学',11,3,'M'),(982983,'密云县党校',11,3,'M'),(993309,'密云县职业学校',11,3,'M'),(983880,'南京政法大学',11,3,'N'),(982478,'农业部北京农垦管理干部学院',11,3,'N'),(986076,'平谷师范学校',11,3,'P'),(970403,'前进大学',11,3,'Q'),(94834,'清华大学MBA管理学院',11,3,'Q'),(972751,'清华大学美术学院',11,3,'Q'),(976001,'清华美术学院',11,3,'Q'),(976372,'华夏帝国神州大学',11,3,'H'),(970324,'社会和谐专科大学',11,3,'S'),(977398,'首都财经贸易大学',11,3,'S'),(11819,'首都经济贸易大学',11,3,'S'),(989808,'首都经济贸易大学密云分校',11,3,'S'),(11939,'首都联合职工大学',11,3,'S'),(11817,'首都师范大学',11,3,'S'),(989483,'首都师范大学歌德学院',11,3,'S'),(11818,'首都师范大学科德学院',11,3,'S'),(11815,'首都体育学院',11,3,'S'),(11816,'首都医科大学',11,3,'S'),(996659,'首都职工联合大学',11,3,'S'),(11820,'首钢工学院',11,3,'S'),(975689,'水晶石数字教育学院',11,3,'S'),(978906,'顺义区第一职业学院',11,3,'S'),(81088,'泰尔弗国际商学院',11,3,'T'),(972457,'天津医科大学继续教育学院北京教学区',11,3,'T'),(976196,'铁道部中央党校',11,3,'T'),(11809,'外交学院',11,3,'W'),(983708,'完美动力动画学院',11,3,'W'),(867191,'网络销售大学',11,3,'W'),(971072,'威海工程技术学院（哈理工荣成分校）',11,3,'W'),(987730,'乌鲁木齐枝工学校',11,3,'W'),(98658,'武警北京指挥学院',11,3,'W'),(986838,'武警警种指挥学院',11,3,'W'),(990542,'武警特警学院',11,3,'W'),(976288,'武警特种警察学院',11,3,'W'),(985079,'西安机械工程大学',11,3,'X'),(970056,'现代国际经济管理学院',11,3,'X'),(986821,'香港国际艺术学院',11,3,'X'),(973305,'信息产业部邮电管理干部学院',11,3,'X'),(982344,'亚太商学院',11,3,'Y'),(970345,'延庆第一职业学校',11,3,'Y'),(982779,'燕京神学院',11,3,'Y'),(972947,'友谊医院护校',11,3,'Y'),(980463,'原机电工业部干部管理学院',11,3,'Y'),(972200,'郑州铁路学院',11,3,'Z'),(983652,'中囯石油大学',11,3,'Z'),(867193,'中北国际演艺学校',11,3,'Z'),(983522,'中共北京二商集团党校',11,3,'Z'),(988093,'中共北京市石景山区委党校',11,3,'Z'),(992496,'中共北京市委党校成人教育学院',11,3,'Z'),(970409,'中共央央党校',11,3,'Z'),(98783,'中共中央党校',11,3,'Z'),(986941,'中关村学院',11,3,'Z'),(68834,'中关村游戏学院',11,3,'Z'),(984675,'中国北方理工学院',11,3,'Z'),(94227,'中国财经贸易管理学院',11,3,'Z'),(11723,'中国传媒大学',11,3,'Z'),(98723,'中国传媒艺术学院',11,3,'Z'),(975980,'中国道教学院',11,3,'Z'),(11728,'中国地质大学（北京）',11,3,'Z'),(995313,'中国地质大学（北京）继续教育学院',11,3,'Z'),(972651,'中国地质大学北京网络学院',11,3,'Z'),(971169,'中国地质科学院',11,3,'Z'),(77950,'中国电力科学研究院',11,3,'Z'),(80439,'中国电子科技学院',11,3,'Z'),(11734,'中国防卫科技学院',11,3,'Z'),(489893,'中国佛学院',11,3,'Z'),(980487,'中国歌剧舞剧院',11,3,'Z'),(995551,'中国工程科技学院',11,3,'Z'),(990722,'中国工程信息学院',11,3,'Z'),(972508,'中国工商管理大学',11,3,'Z'),(985183,'中国工业工程学院',11,3,'Z'),(983496,'中国工运学院',11,3,'Z'),(976479,'中国公安大学',11,3,'Z'),(984573,'中国共产党中央党校',11,3,'Z'),(11733,'中国管理软件学院',11,3,'Z'),(94226,'中国广播电视大学',11,3,'Z'),(975994,'中国国际经济管理学院',11,3,'Z'),(92740,'中国国际经济学院',11,3,'Z'),(978067,'中国国际商棋研究院',11,3,'Z'),(976104,'中国航空航天大学',11,3,'Z'),(986201,'中国航天航空大学',11,3,'Z'),(982770,'中国核辐射防护研究联合学校',11,3,'Z'),(986032,'中国建筑科学研究院',11,3,'Z'),(976348,'中国交通学院',11,3,'Z'),(996229,'中国金融学院',11,3,'Z'),(978956,'中国经济管理学院',11,3,'Z'),(993379,'中国经济贸易管理学院',11,3,'Z'),(986797,'中国警官大学',11,3,'Z'),(971789,'中国科技工程学院',11,3,'Z'),(80480,'中国科技管理学院',11,3,'Z'),(980400,'中国科技经营管理大学',11,3,'Z'),(92739,'中国科技研修学院',11,3,'Z'),(98088,'中国科学技术信息研究所',11,3,'Z'),(11742,'中国科学院',11,3,'Z'),(973686,'中国科学院北京科学技术学校',11,3,'Z'),(80492,'中国科学院研究生院',11,3,'Z'),(11726,'中国劳动关系学院',11,3,'Z'),(77963,'中国林业科学研究院',11,3,'Z'),(94231,'中国逻大航空服务学院',11,3,'Z'),(982762,'中国逻辑与语言函授大学',11,3,'Z'),(94225,'中国民航管理干部学院',11,3,'Z'),(81106,'中国民用航空飞行学院',11,3,'Z'),(81102,'中国农业科学院',11,3,'Z'),(77959,'中国农业科学院研究生院',11,3,'Z'),(992192,'中国气象科学研究院',11,3,'Z'),(11735,'中国青年政治学院',11,3,'Z'),(94838,'中国人民大学MBA商学院',11,3,'Z'),(986589,'中国人民大学财政金融学院',11,3,'Z'),(989639,'中国人民大学继续教育学院网络教育',11,3,'Z'),(77961,'中国人民大学培训学院',11,3,'Z'),(985109,'中国人民大学行政学院',11,3,'Z'),(986597,'中国人民大学艺术学院',11,3,'Z'),(11721,'中国人民公安大学',11,3,'Z'),(977896,'中国人民解放防化指挥工程学院',11,3,'Z'),(980313,'中国人民解放军北京机械士官学校',11,3,'Z'),(985650,'中国人民解放军北京军区特种兵指挥学院',11,3,'Z'),(970437,'中国人民解放军北京军医学院',11,3,'Z'),(985961,'中国人民解放军北京卫戍区',11,3,'Z'),(973597,'中国人民解放军北京卫戍区',11,3,'Z'),(77968,'中国人民解放军防化指挥工程学院',11,3,'Z'),(77965,'中国人民解放军国防大学',11,3,'Z'),(98789,'中国人民解放军后勤指挥学院',11,3,'Z'),(980719,'中国人民解放军军事科学院',11,3,'Z'),(980375,'中国人民解放军军事医学科学院',11,3,'Z'),(980762,'中国人民解放军军政大学',11,3,'Z'),(92738,'中国人民解放军空军雷达学院',11,3,'Z'),(92747,'中国人民解放军空军指挥学院',11,3,'Z'),(92751,'中国人民解放军陆军航空兵学院',11,3,'Z'),(81085,'中国人民解放军医学院',11,3,'Z'),(984657,'中国人民解放军艺术学院',11,3,'Z'),(980140,'中国人民解放军装备学院',11,3,'Z'),(970372,'中国人民解放军装备指挥技术学院',11,3,'Z'),(980039,'中国人民解放军装备指挥技术学院',11,3,'Z'),(973621,'中国人民解放军装甲兵工程学院',11,3,'Z'),(982395,'中国人民解放军陸軍航空兵學院',11,3,'Z'),(970523,'中国人民解军装甲兵技术学院',11,3,'Z'),(990437,'中国人民警官大学',11,3,'Z'),(983784,'中国人民武装警察部队特警学院',11,3,'Z'),(983701,'中国人民武装警察部队特种警察学院',11,3,'Z'),(975564,'中国软件管理学院',11,3,'Z'),(976819,'中国商业大学',11,3,'Z'),(993296,'中国社会科学电子商务学院',11,3,'Z'),(80493,'中国社会科学院研究生院',11,3,'Z'),(971658,'中国社会哲学学院',11,3,'Z'),(867184,'中国社科院',11,3,'Z'),(980167,'中国社科院研究生院',11,3,'Z'),(986147,'中国石油大学（北京）成人教育学院',11,3,'Z'),(976385,'中国石油勘探开发研究院',11,3,'Z'),(11941,'中国书画函授大学',11,3,'Z'),(977513,'中国水利水电科学研究院',11,3,'Z'),(94793,'中国司法学院',11,3,'Z'),(980012,'中国铁道科学研究院',11,3,'Z'),(995856,'中国统计学院北京分院',11,3,'Z'),(990928,'中国武警大学',11,3,'Z'),(11729,'中国戏曲学院',11,3,'Z'),(983967,'中国现代财经学院',11,3,'Z'),(989420,'中国现代国际关系研究院',11,3,'Z'),(988323,'中国现代经贸学院',11,3,'Z'),(972605,'中国新闻学院',11,3,'Z'),(11724,'中国信息大学',11,3,'Z'),(993202,'中国信息科学技术学院',11,3,'Z'),(81105,'中国药科大',11,3,'Z'),(996373,'中国医科大学网络教育学院',11,3,'Z'),(92754,'中国伊斯兰教经学院',11,3,'Z'),(80494,'中国艺术研究院',11,3,'Z'),(11736,'中国音乐学院',11,3,'Z'),(983043,'中国原子能科学研究院',11,3,'Z'),(992223,'中国政法大学管理干部学院',11,3,'Z'),(971544,'中国中医科学院',11,3,'Z'),(975705,'中华帝国大学',11,3,'Z'),(11720,'中华女子学院',11,3,'Z'),(11942,'中华社会大学',11,3,'Z'),(867167,'中科院',11,3,'Z'),(970444,'中科院研究生院',11,3,'Z'),(867187,'中瑞酒店管理学院',11,3,'Z'),(983761,'中石化石油化工科学研究院',11,3,'Z'),(982807,'中央财政管理干部学院',11,3,'Z'),(970292,'中央党校',11,3,'Z'),(972623,'中央党校研究生院',11,3,'Z'),(970554,'中央电大',11,3,'Z'),(978964,'中央工艺美术学院',11,3,'Z'),(11943,'中央广播电视大学',11,3,'Z'),(987967,'中央广播电视大学八一学院',11,3,'Z'),(11739,'中央美术学院',11,3,'Z'),(990480,'中央美术学院城市设计学院',11,3,'Z'),(979338,'中央民族大学继续教育学院',11,3,'Z'),(987711,'中央民族大学音乐学院',11,3,'Z'),(991914,'中央农业广播电视学校',11,3,'Z'),(976793,'中央人民广播电视大学',11,3,'Z'),(622917,'中央社会主义学院',11,3,'Z'),(11737,'中央戏剧学院',11,3,'Z'),(989793,'中央政法管理干部学院',11,3,'Z'),(72872,'装甲兵工程学院',11,3,'Z'),(976081,'总装指挥技术学院',11,3,'Z'),(10950,'复旦大学',31,3,'F'),(10901,'上海交通大学',31,3,'S'),(10949,'同济大学',31,3,'T'),(10911,'上海大学',31,3,'S'),(10940,'上海财经大学',31,3,'S'),(10987,'上海第二医科大学',31,3,'S'),(10894,'上海外国语大学',31,3,'S'),(10945,'东华大学',31,3,'D'),(10948,'华东理工大学',31,3,'H'),(10946,'华东师范大学',31,3,'H'),(985748,'安利大学',31,3,'A'),(979294,'宝山建峰学院',31,3,'B'),(971333,'曹杨职业技术学校',31,3,'C'),(94830,'长江商学院',31,3,'C'),(978920,'长宁区业余大学',31,3,'C'),(990506,'东华大学拉萨尔国际设计学院',31,3,'D'),(970868,'东邮大学',31,3,'D'),(976894,'奉贤电视大学',31,3,'F'),(94831,'复旦大学MBA管理学院',31,3,'F'),(77677,'复旦大学继续教育学院',31,3,'F'),(10952,'复旦大学上海视觉艺术学院',31,3,'F'),(10951,'复旦大学上海医学院',31,3,'F'),(10953,'复旦大学太平洋金融学院',31,3,'F'),(92996,'复旦大学网络教育学院',31,3,'F'),(980274,'海军第二职工大学',31,3,'H'),(985265,'华东电力大学',31,3,'H'),(976422,'华东电脑进修学院',31,3,'H'),(10998,'华东工业大学',31,3,'H'),(973291,'华东工业工程学院',31,3,'H'),(867196,'华东理工',31,3,'H'),(867206,'华东理工大学网络教育学院',31,3,'H'),(987188,'华东理工大学网络教育学院',31,3,'H'),(988030,'华东理工网络学院',31,3,'H'),(81290,'华东神学院',31,3,'H'),(867194,'华东师大',31,3,'H'),(975582,'华东政法成人大学',31,3,'H'),(10947,'华东政法大学',31,3,'H'),(991042,'华东政法学院',31,3,'H'),(95080,'华育国际IT学院',31,3,'H'),(971341,'黄浦区电视大学',31,3,'H'),(970308,'嘉定第三职业学校',31,3,'J'),(10954,'建桥学院',31,3,'J'),(94680,'交大昂立萨优软件学院',31,3,'J'),(94829,'交大昂立学院',31,3,'J'),(970999,'交通大学理工学院',31,3,'J'),(984517,'锦江国际理诺士酒店管理专修学院',31,3,'J'),(10994,'静安区业余大学',31,3,'J'),(985711,'空军政治学院',31,3,'K'),(993403,'空军政治学院上海分院',31,3,'K'),(867219,'拉萨尔国际设计学院',31,3,'L'),(976356,'燎原进修学院',31,3,'L'),(10999,'卢湾区业余大学',31,3,'L'),(980518,'陆军士官学校',31,3,'L'),(977057,'美和技術學院',31,3,'M'),(992262,'南湖二分校',31,3,'N'),(984234,'南汇卫校',31,3,'N'),(94161,'南京政治学院上海分院',31,3,'N'),(982821,'青年干部管理学院',31,3,'Q'),(971639,'沙宣美发学院',31,3,'S'),(10955,'杉达学院',31,3,'S'),(92994,'上海STMC科技管理学院',31,3,'S'),(10941,'上海邦德职业技术学院',31,3,'S'),(986828,'上海宝山职业技术学校行知校区',31,3,'S'),(867195,'上海财经',31,3,'S'),(983536,'上海财经大学继续教育学院',31,3,'S'),(681388,'上海财经贸易学院',31,3,'S'),(975776,'上海长宁业余大学',31,3,'S'),(10909,'上海城市管理职业技术学院',31,3,'S'),(972173,'上海城市建设工程学校',31,3,'S'),(973833,'上海城市建设学院',31,3,'S'),(971550,'上海城市学院',31,3,'S'),(990904,'上海城市专修学院',31,3,'S'),(80673,'上海诚信学院',31,3,'S'),(10905,'上海出版印刷高等专科学校',31,3,'S'),(977021,'上海大江职业技术学院',31,3,'S'),(989774,'上海大学法学院',31,3,'S'),(973918,'上海大学文学院',31,3,'S'),(867208,'上海大学艺术研究院',31,3,'S'),(10956,'上海第二工业大学',31,3,'S'),(972236,'上海第二工业大学奉贤校区',31,3,'S'),(10986,'上海第二军医大学',31,3,'S'),(985963,'上海第二冶金专科学校',31,3,'S'),(993213,'上海第六师范学校',31,3,'S'),(971126,'上海第一医科大学',31,3,'S'),(978868,'上海电视大学',31,3,'S'),(10935,'上海电机学院',31,3,'S'),(982750,'上海电机技术高等专科学校',31,3,'S'),(978192,'上海电机技术高等专科学校',31,3,'S'),(10932,'上海电力',31,3,'S'),(987778,'上海电视大学宝山分校',31,3,'S'),(883543,'上海电视大学长宁分校',31,3,'S'),(977370,'上海电视大学川沙分校',31,3,'S'),(993192,'上海电视大学奉贤分校',31,3,'S'),(993624,'上海电视大学黄浦经贸委分校',31,3,'S'),(988128,'上海电视大学嘉定分校',31,3,'S'),(993141,'上海电视大学金山分校',31,3,'S'),(881180,'上海电视大学金山分校',31,3,'S'),(475680,'上海电视大学卢湾分校',31,3,'S'),(81305,'上海电视大学南汇分校',31,3,'S'),(970116,'上海电视大学普陀分校',31,3,'S'),(985280,'上海电视大学浦东分校',31,3,'S'),(980516,'上海电视大学浦东分校',31,3,'S'),(978321,'上海电视大学浦东新区分校',31,3,'S'),(94159,'上海电视大学松江分校',31,3,'S'),(982868,'上海电视大学西区分部',31,3,'S'),(989284,'上海电视大学闸北分校',31,3,'S'),(975583,'上海电视大学闵行二分校',31,3,'S'),(983088,'上海电视大学闵行一分校',31,3,'S'),(976799,'上海电视大学闵一分校',31,3,'S'),(94160,'上海电视广播大学松江分校',31,3,'S'),(979591,'上海电业职工大学',31,3,'S'),(77678,'上海电影艺术学院',31,3,'S'),(10934,'上海电影艺术职业学院',31,3,'S'),(979326,'上海电子工业学校',31,3,'S'),(10933,'上海电子信息职业技术学院',31,3,'S'),(978226,'上海东方科技学院',31,3,'S'),(867202,'上海东方文化职业学院',31,3,'S'),(986001,'上海东方职业技术学院',31,3,'S'),(993500,'上海东方职业技术学院',31,3,'S'),(982903,'上海东海学院',31,3,'S'),(10896,'上海东海职业技术学院',31,3,'S'),(979232,'上海东华大学',31,3,'S'),(992038,'上海东华大学来福士学院',31,3,'S'),(10996,'上海东辉职业技术学校',31,3,'S'),(983122,'上海东亚管理学院',31,3,'S'),(98607,'上海对外贸易学院',31,3,'S'),(98606,'上海对外贸易学院',31,3,'S'),(10957,'上海纺织高等专科学校',31,3,'S'),(10938,'上海纺织工业职工大学',31,3,'S'),(92990,'上海佛学院',31,3,'S'),(81296,'上海复旦求是学院',31,3,'S'),(970828,'上海工程管理学院',31,3,'S'),(10914,'上海工程技术大学',31,3,'S'),(98596,'上海工程技术大学中法埃菲时装设计师学院',31,3,'S'),(984661,'上海工程技术管理学院',31,3,'S'),(10912,'上海工会管理职业学院',31,3,'S'),(10913,'上海工商外国语学院',31,3,'S'),(81292,'上海工商学院',31,3,'S'),(970015,'上海工业大学',31,3,'S'),(10915,'上海工艺美术职业学院',31,3,'S'),(10958,'上海光启学院',31,3,'S'),(867210,'上海广播电视大学',31,3,'S'),(92992,'上海国际交流学院',31,3,'S'),(978405,'上海国家会计学院',31,3,'S'),(10930,'上海海关学院',31,3,'S'),(996739,'上海海建桥学院',31,3,'S'),(867198,'上海海事',31,3,'S'),(10928,'上海海事大学',31,3,'S'),(973332,'上海海事大学高等技术学院',31,3,'S'),(10929,'上海海事职业技术学院',31,3,'S'),(80676,'上海海洋大学',31,3,'S'),(10959,'上海海运高等技术学院',31,3,'S'),(984015,'上海海运学院',31,3,'S'),(982607,'上海海运职业技术学院',31,3,'S'),(980759,'上海航空服务学校',31,3,'S'),(982757,'上海荷兰国际函授学校',31,3,'S'),(867220,'上海鸿文职业技术学院',31,3,'S'),(977511,'上海沪西职业大学',31,3,'S'),(979647,'上海华东理工大学网络教育学院',31,3,'S'),(978522,'上海华东理工继续教育学院',31,3,'S'),(976808,'上海华东人才专修学院',31,3,'S'),(966037,'上海华东师范大学',31,3,'S'),(978999,'上海华东师范大学网络教育学院',31,3,'S'),(10960,'上海化工高等专科学校',31,3,'S'),(10988,'上海机电工业职工大学',31,3,'S'),(982849,'上海机械高等专科学校',31,3,'S'),(978531,'上海机械学院',31,3,'S'),(969964,'上海机械学院轻工分院',31,3,'S'),(980435,'上海技术师范学院',31,3,'S'),(10927,'上海济光职业技术学院',31,3,'S'),(973951,'上海家事学院',31,3,'S'),(983830,'上海健康技术学院',31,3,'S'),(979435,'上海健康职业技术学院',31,3,'S'),(10919,'上海建峰职业技术学院',31,3,'S'),(80672,'上海建桥学院',31,3,'S'),(996379,'上海建设审计进修学院',31,3,'S'),(10961,'上海建筑材料工业学院',31,3,'S'),(10962,'上海建筑工程学校',31,3,'S'),(971503,'上海交大思源进修学院',31,3,'S'),(983121,'上海交大网络教育学院',31,3,'S'),(98377,'上海交大致远学院',31,3,'S'),(989947,'上海交通大学成人教育学院农业与生物学院分院',31,3,'S'),(979470,'上海交通大学附属卫生学校金山分校',31,3,'S'),(971196,'上海交通大学机电分校',31,3,'S'),(980884,'上海交通大学技术学院',31,3,'S'),(81298,'上海交通大学网络学院',31,3,'S'),(989810,'上海交通大学药学院',31,3,'S'),(10902,'上海交通职业技术学院',31,3,'S'),(969876,'上海教育学院',31,3,'S'),(975730,'上海金桥专修学院',31,3,'S'),(970879,'上海金融学院',31,3,'S'),(10963,'上海锦江经济文化学院',31,3,'S'),(970314,'上海进修学院',31,3,'S'),(94681,'上海经济管理学院',31,3,'S'),(978237,'上海经济贸易大学',31,3,'S'),(977310,'上海静安区业余大学',31,3,'S'),(972099,'上海科技大学',31,3,'S'),(10964,'上海科技管理干部学院',31,3,'S'),(867217,'上海科技学院',31,3,'S'),(867213,'上海科学技术学院',31,3,'S'),(70646,'上海科学技术职业学院',31,3,'S'),(867216,'上海科学职业技术学院',31,3,'S'),(986754,'上海空军政治学院',31,3,'S'),(979445,'上海理工成人大学',31,3,'S'),(10931,'上海理工大学',31,3,'S'),(10937,'上海立达职业技术学院',31,3,'S'),(990594,'上海立信会计高等专科学校',31,3,'S'),(10936,'上海立信会计学院',31,3,'S'),(975937,'上海卢湾区业余大学',31,3,'S'),(10925,'上海旅游高等专科学校',31,3,'S'),(985031,'上海迈克汀国际商务学院',31,3,'S'),(982341,'上海迈克汀商务学院',31,3,'S'),(10965,'上海民远职业技术学院',31,3,'S'),(10904,'上海农林职业技术学院',31,3,'S'),(10966,'上海农学院',31,3,'S'),(10977,'上海欧华职业技术学院',31,3,'S'),(92985,'上海欧文经济学院',31,3,'S'),(81289,'上海普陀区业余大学',31,3,'S'),(10967,'上海青年管理干部学院',31,3,'S'),(10968,'上海轻工业高等专科学校',31,3,'S'),(995705,'上海群益职业技术学校',31,3,'S'),(973380,'上海软件工程学院',31,3,'S'),(972909,'上海杉达大学',31,3,'S'),(980495,'上海杉友职业技术学校',31,3,'S'),(10908,'上海商学院',31,3,'S'),(973454,'上海商业会计学校',31,3,'S'),(867207,'上海社会科学院',31,3,'S'),(92989,'上海社会学院',31,3,'S'),(867212,'上海生物制品研究所',31,3,'S'),(10916,'上海师范大学',31,3,'S'),(10917,'上海师范大学天华学院',31,3,'S'),(983505,'上海师范大学中新科技管理学院',31,3,'S'),(989389,'上海石化工业学校',31,3,'S'),(976041,'上海食品科技学校',31,3,'S'),(990467,'上海是青浦区电子大学',31,3,'S'),(983485,'上海市财经大学成人教育学院',31,3,'S'),(92999,'上海市长宁科技进修学院',31,3,'S'),(10970,'上海市城市管理职业技术学院',31,3,'S'),(10997,'上海市第二教育学院',31,3,'S'),(983775,'上海市第二轻工业学校',31,3,'S'),(980361,'上海市第二幼儿师范学校',31,3,'S'),(988217,'上海市第四师范学校',31,3,'S'),(10972,'上海市第一师范学校',31,3,'S'),(982606,'上海市二轻机械学校',31,3,'S'),(973768,'上海市房地产管理进修学院',31,3,'S'),(975743,'上海市纺织专科学校',31,3,'S'),(984703,'上海市奉贤建工学校',31,3,'S'),(92993,'上海市复旦视觉艺术学院',31,3,'S'),(81288,'上海市工程技术大学',31,3,'S'),(979271,'上海市工程技术沪东学院',31,3,'S'),(867215,'上海市工会管理学院',31,3,'S'),(867211,'上海市工商外国语学院',31,3,'S'),(984972,'上海市公共卫生学校',31,3,'S'),(867204,'上海市广播电视大学',31,3,'S'),(10973,'上海市海粟美术设计学院',31,3,'S'),(70611,'上海市虹口区业余大学',31,3,'S'),(980663,'上海市华东师范大学网络教育学院',31,3,'S'),(10990,'上海市黄浦区业余大学',31,3,'S'),(985257,'上海市交通大学成人教育学院',31,3,'S'),(92986,'上海市交通职业技术学院',31,3,'S'),(10975,'上海市金山社区学院',31,3,'S'),(10976,'上海市经济管理干部学院',31,3,'S'),(95081,'上海市乐宁进修学院',31,3,'S'),(961240,'上海市聋哑青年技术学校',31,3,'S'),(973839,'上海市农业学校',31,3,'S'),(984030,'上海市普盟财经学院',31,3,'S'),(975982,'上海市前进进修学院',31,3,'S'),(95348,'上海市求索进修学院',31,3,'S'),(978909,'上海市群星职业技术学校',31,3,'S'),(10978,'上海市行健职业学院',31,3,'S'),(81056,'上海市徐汇区业余大学',31,3,'S'),(977453,'上海市杨浦区风光职业技术学校',31,3,'S'),(77676,'上海市杨浦区业余大学',31,3,'S'),(978059,'上海市杨浦职业技术学校',31,3,'S'),(10979,'上海市冶金高等专科学校(上海应用技术学院)',31,3,'S'),(983794,'上海市幼儿师范学校',31,3,'S'),(987246,'上海市园林学校',31,3,'S'),(977940,'上海市中央党校',31,3,'S'),(984126,'上海市专职技工学校',31,3,'S'),(10926,'上海水产大学',31,3,'S'),(77680,'上海斯塔瑞恩国际设计学院',31,3,'S'),(867214,'上海思博职业技术学校',31,3,'S'),(10920,'上海思博职业技术学院',31,3,'S'),(990944,'上海司法警察学校',31,3,'S'),(980280,'上海松江电视大学',31,3,'S'),(10903,'上海体育学院',31,3,'S'),(987829,'上海体育职业学院',31,3,'S'),(10993,'上海铁道大学',31,3,'S'),(979024,'上海同济大学网络学院',31,3,'S'),(92997,'上海同联装潢学院',31,3,'S'),(10922,'上海托普信息技术学院',31,3,'S'),(970968,'上海外国语大学贤达经济人文学院',31,3,'S'),(983082,'上海外国语大学贤达学院',31,3,'S'),(976135,'上海外国语大学夜大',31,3,'S'),(985032,'上海外国语进修学院',31,3,'S'),(80671,'上海外国语学院',31,3,'S'),(10910,'上海外贸',31,3,'S'),(988186,'上海文广职业技能学校',31,3,'S'),(973694,'上海武将政治学院',31,3,'S'),(990988,'上海武警政治学院',31,3,'S'),(976357,'上海西南进修学院',31,3,'S'),(10921,'上海戏剧学院',31,3,'S'),(982593,'上海现代商务进修学院',31,3,'S'),(973643,'上海现代应用技术学院',31,3,'S'),(995693,'上海现代职业技术学校',31,3,'S'),(986090,'上海现代职业技术学校',31,3,'S'),(989630,'上海现代职业学校',31,3,'S'),(973680,'上海县工业局技校',31,3,'S'),(972367,'上海新加坡科技管理学院',31,3,'S'),(98641,'上海新江进修学院',31,3,'S'),(10924,'上海新侨职业技术学院',31,3,'S'),(971402,'上海新闻职业技术学校',31,3,'S'),(10981,'上海信息管理专修学院',31,3,'S'),(10939,'上海行健职业学院',31,3,'S'),(10982,'上海行政学院',31,3,'S'),(10983,'上海行知学院',31,3,'S'),(990373,'上海杨浦职业技术学校',31,3,'S'),(992345,'上海冶金高等专科学校',31,3,'S'),(977561,'上海冶金专科学校',31,3,'S'),(973494,'上海医科大学',31,3,'S'),(10906,'上海医疗器械高等专科学校',31,3,'S'),(996747,'上海医学高等专科学校',31,3,'S'),(10907,'上海医药高等专科学校',31,3,'S'),(10992,'上海仪表电子工业职工大学',31,3,'S'),(10944,'上海音乐学院',31,3,'S'),(990927,'上海银都艺校',31,3,'S'),(10984,'上海英华美精文学院',31,3,'S'),(10918,'上海应用技术学院',31,3,'S'),(978534,'上海邮电学校',31,3,'S'),(92995,'上海游戏学院',31,3,'S'),(92987,'上海远东科技学院',31,3,'S'),(10943,'上海震旦职业学院',31,3,'S'),(979548,'上海政法学院',31,3,'S'),(867205,'上海职工体育运动技术学院',31,3,'S'),(10985,'上海职工医学院',31,3,'S'),(978225,'上海指挥学院',31,3,'S'),(92983,'上海中博进修学院',31,3,'S'),(80675,'上海中博学院',31,3,'S'),(989752,'上海中华社科会计进修学院',31,3,'S'),(10899,'上海中华职业技术学院',31,3,'S'),(10897,'上海中侨职业技术学院',31,3,'S'),(10898,'上海中医药大学',31,3,'S'),(10895,'上外贤达经济人文学院',31,3,'S'),(976521,'社会射科院院士',31,3,'S'),(973504,'松江电视大学',31,3,'S'),(977958,'台湾国立博士学校',31,3,'T'),(976487,'天津大学建筑学院',31,3,'T'),(77675,'同济大学同科学院',31,3,'T'),(77674,'同济大学网络教育学院',31,3,'T'),(996869,'武汉大学网络教育学院',31,3,'W'),(92998,'武警上海政治学院',31,3,'W'),(979677,'武警上海指挥学院',31,3,'W'),(992168,'兴韦信息技术学院',31,3,'X'),(81294,'徐汇区业余大学',31,3,'X'),(983089,'徐家汇男子商科学校',31,3,'X'),(92991,'娱乐传播学院',31,3,'Y'),(983042,'闸北旅游职业学校',31,3,'Z'),(990423,'闸北职校',31,3,'Z'),(92984,'中博进修学院',31,3,'Z'),(990597,'中共上海市委党校',31,3,'Z'),(11000,'中国纺织大学',31,3,'Z'),(92982,'中国建工学院',31,3,'Z'),(987194,'中国景观园林大学',31,3,'Z'),(98917,'中国科学院上海技术物理研究所',31,3,'Z'),(867209,'中国科学院上海生命科学研究院',31,3,'Z'),(81309,'中国科学院上海有机化学研究所',31,3,'Z'),(81293,'中国美术学院上海设计学院',31,3,'Z'),(983699,'中国人民解放军第二军医大学',31,3,'Z'),(970396,'中国人民解放军高等教育学院',31,3,'Z'),(976835,'中国人民解放军空军政治学院',31,3,'Z'),(989293,'中国人民武装警察部队指挥学院',31,3,'Z'),(984877,'中国社会环境大学',31,3,'Z'),(10969,'中国社会科学院',31,3,'Z'),(92981,'中华学院',31,3,'Z'),(80674,'中欧国际工商学院',31,3,'Z'),(972306,'中央网络电视大学',31,3,'Z'),(971042,'闵行区委党校',31,3,'Z'),(11461,'华南理工大学',44,3,'H'),(11446,'中山大学',44,3,'Z'),(11538,'暨南大学',44,3,'Z'),(11458,'华南师范大学',44,3,'H'),(11483,'广东工业大学',44,3,'G'),(11456,'华南农业大学',44,3,'H'),(11477,'广东外语外贸大学',44,3,'G'),(11512,'广州中医药大学',44,3,'G'),(11546,'深圳大学',44,3,'S'),(984193,'广东环境保护工程职业学院',44,3,'G'),(979392,'广东江门中医药学校',44,3,'G'),(982573,'广东省科技干部学院',44,3,'G'),(969916,'广州工商职业技术学院',44,3,'G'),(979639,'广州华夏学院',44,3,'G'),(982702,'东莞市广播电视大学',44,3,'D'),(984139,'环球学院',44,3,'H'),(990475,'百领国际教育管理学院',44,3,'B'),(992468,'北街技校',44,3,'B'),(867485,'北京大学深圳研究生院',44,3,'B'),(989667,'北京交通大学深圳研究院',44,3,'B'),(11455,'北京理工大学珠海学院',44,3,'B'),(867474,'北京师范大学－香港浸会大学联合国际学院',44,3,'B'),(11454,'北京师范大学珠海分校',44,3,'B'),(971059,'北师大继续教育学院',44,3,'B'),(80600,'北师大珠海分校',44,3,'B'),(94269,'北闸中队附属大学',44,3,'B'),(976485,'北中学院',44,3,'B'),(976878,'博罗电大',44,3,'B'),(996849,'曹溪学院',44,3,'C'),(993413,'长成国际商学院',44,3,'C'),(11596,'潮汕学院',44,3,'C'),(867476,'潮汕职业技术学院',44,3,'C'),(98716,'潮阳广播电视大学',44,3,'C'),(11597,'潮州广播电视大学',44,3,'C'),(80544,'潮州韩山师范学院',44,3,'C'),(980741,'潮州市东方科技学校',44,3,'C'),(976416,'成功大学',44,3,'C'),(94943,'澄海广播电视大学',44,3,'C'),(993588,'澄海职业技术学校',44,3,'C'),(978548,'诚志交通学院',44,3,'C'),(996662,'从化职业技术学校',44,3,'C'),(977265,'大浪滩大学',44,3,'D'),(978016,'大领山职业技术学校',44,3,'D'),(973502,'电子工业学院',44,3,'D'),(11554,'电子科技大学中山学院',44,3,'D'),(986110,'电子科技大学中山学院继续教育学院',44,3,'D'),(971532,'东光电大',44,3,'D'),(990654,'东江职业技术学校',44,3,'D'),(80572,'东山书院',44,3,'D'),(973765,'东莞电大',44,3,'D'),(973452,'东莞电子科技学院',44,3,'D'),(983518,'东莞高级技工学校',44,3,'D'),(973954,'东莞广播电视大学',44,3,'D'),(972273,'东莞经济贸易学校',44,3,'D'),(80573,'东莞科技进修学院',44,3,'D'),(986308,'东莞科技学院',44,3,'D'),(11444,'东莞理工学院',44,3,'D'),(11445,'东莞理工学院城市学院',44,3,'D'),(971273,'东莞理工学院厚街成人学校',44,3,'D'),(976191,'东莞联合技工学校',44,3,'D'),(867469,'东莞南博职业技术学院',44,3,'D'),(986988,'东莞市东坑电大学校',44,3,'D'),(970954,'东莞市厚街专业技术学校',44,3,'D'),(988278,'东莞市虎门南华职业技术学校',44,3,'D'),(991962,'东莞市社会职业教育大学',44,3,'D'),(995741,'东莞育才科技专修学院',44,3,'D'),(988072,'东莞智通职业技术学校',44,3,'D'),(986845,'东莞珠江电子学校',44,3,'D'),(94989,'恩平市广播电视大学',44,3,'E'),(11643,'番禺广播电视大学',44,3,'F'),(80574,'番禺理工学院',44,3,'F'),(867470,'番禺职业技术学院',44,3,'F'),(983706,'佛山纺织工业技术学院',44,3,'F'),(980118,'佛山纺织学院',44,3,'F'),(972768,'佛山高级技工学校',44,3,'F'),(77875,'佛山广播电视大学',44,3,'F'),(11599,'佛山教育学院',44,3,'F'),(11452,'佛山科技学院',44,3,'F'),(80536,'佛山科学技术教育学院',44,3,'F'),(989764,'佛山科学技术学院',44,3,'F'),(972310,'佛山職業技術學院',44,3,'F'),(11600,'佛山煤田职工地质学院',44,3,'F'),(969903,'佛山南海东软信息技术学院',44,3,'F'),(986925,'佛山市科学技术学院',44,3,'F'),(80542,'佛山市南海东软信息技术学院',44,3,'F'),(972836,'佛山市三水区广播电视大学',44,3,'F'),(996700,'佛山兽医专科学校',44,3,'F'),(11601,'佛山职工医学院',44,3,'F'),(11453,'佛山职业技术学院',44,3,'F'),(985960,'高明广播电视大学',44,3,'G'),(991944,'高要市委党校',44,3,'G'),(977560,'高州市广播电视大学',44,3,'G'),(982680,'高州市育英科技学校',44,3,'G'),(972702,'高州市中港理工学校',44,3,'G'),(976286,'光明美术专修学院',44,3,'G'),(11569,'广安广播电视大学',44,3,'G'),(976426,'广大华软软件学院',44,3,'G'),(80558,'广大松山职业技术学院',44,3,'G'),(81181,'广大专修学院',44,3,'G'),(989436,'广东白云工商学院',44,3,'G'),(11500,'广东白云学院',44,3,'G'),(989309,'广东北达经贸专修学院',44,3,'G'),(988071,'广东博雅专修学院',44,3,'G'),(970166,'广东布艺大学',44,3,'G'),(11508,'广东财经职业学院',44,3,'G'),(94876,'广东财贸管理干部学院',44,3,'G'),(11499,'广东潮汕职业技术学院',44,3,'G'),(973875,'广东城市建设高级技工学校',44,3,'G'),(987908,'广东成人财经学院',44,3,'G'),(94272,'广东厨艺职业培训学院',44,3,'G'),(872938,'广东创新科技职业学院',44,3,'G'),(978442,'广东第二师范',44,3,'G'),(991892,'广东电子技师商务学院',44,3,'G'),(990488,'广东东南科技大学',44,3,'G'),(984986,'广东东莞育才职业技术学院',44,3,'G'),(975679,'广东高级技能学院',44,3,'G'),(983535,'广东高州电子专业技术学院',44,3,'G'),(987363,'广东高州时代学院',44,3,'G'),(985880,'广东高州市时代专修学院',44,3,'G'),(11485,'广东工程职业技术学院',44,3,'G'),(11486,'广东工贸职业技术学院',44,3,'G'),(985582,'广东工商职业技术学院',44,3,'G'),(996592,'广东工业大学管理学院',44,3,'G'),(11484,'广东工业大学华立学院',44,3,'G'),(990895,'广东工业高级技工技校',44,3,'G'),(985657,'广东工业理工',44,3,'G'),(976399,'广东公安司法管理干部学院',44,3,'G'),(970287,'广东广播电视大学',44,3,'G'),(983703,'广东广深科技学校',44,3,'G'),(975725,'广东硅谷学院',44,3,'G'),(972678,'广东国际金融学校',44,3,'G'),(993065,'广东海德堡学院',44,3,'G'),(11496,'广东海洋大学',44,3,'G'),(11497,'广东海洋大学寸金学院',44,3,'G'),(11498,'广东海洋大学海滨学院',44,3,'G'),(978308,'广东宏通科技学校',44,3,'G'),(976122,'广东华立技师学院',44,3,'G'),(95380,'广东华立科技技术学院',44,3,'G'),(94263,'广东华立职业技术学院',44,3,'G'),(11471,'广东化工制药职业技术学院',44,3,'G'),(955502,'广东环境保护工程学院',44,3,'G'),(972742,'广东环境保护工程职业学院',44,3,'G'),(11625,'广东惠州市农业学校',44,3,'G'),(11493,'广东机电职业技术学院',44,3,'G'),(985918,'广东机械学院',44,3,'G'),(984621,'广东技师学院',44,3,'G'),(11488,'广东技术师范天河分院',44,3,'G'),(11489,'广东技术师范学院',44,3,'G'),(11490,'广东技术师范学院北校区',44,3,'G'),(78277,'广东技术师范学院南校区',44,3,'G'),(80570,'广东技术师范学院天河学院',44,3,'G'),(993205,'广东技术师范学院西校区',44,3,'G'),(986055,'广东嘉应教育学院',44,3,'G'),(993281,'广东建材职业技术学院',44,3,'G'),(94267,'广东建华职业学院',44,3,'G'),(11487,'广东建设职业技术学院',44,3,'G'),(978071,'广东建筑学院',44,3,'G'),(11580,'广东江门教育学院',44,3,'G'),(982866,'广东江南科技学校',44,3,'G'),(11469,'广东交通职业技术学院',44,3,'G'),(11491,'广东教育学院',44,3,'G'),(11511,'广东金融学院',44,3,'G'),(11581,'广东经济管理学院',44,3,'G'),(980809,'广东经济贸易学校',44,3,'G'),(986787,'广东经济贸易职业技术学校',44,3,'G'),(11507,'广东警官学院',44,3,'G'),(973863,'广东科技进修学院',44,3,'G'),(11443,'广东科技学院',44,3,'G'),(970904,'广东科技学院',44,3,'G'),(77871,'广东科贸职业学院',44,3,'G'),(971786,'广东科贸职业学院石井校区',44,3,'G'),(81189,'广东科学技术职业学院成大院',44,3,'G'),(11504,'广东科学技术职业学院国防工大',44,3,'G'),(986961,'广东科学学院',44,3,'G'),(94877,'广东理工职业技术学校',44,3,'G'),(68832,'广东理工职业学院',44,3,'G'),(976762,'广东岭南工商第一技师学院',44,3,'G'),(985075,'广东岭南工商学院',44,3,'G'),(983822,'广东岭南现代技工学校',44,3,'G'),(970415,'广东岭南学院',44,3,'G'),(11482,'广东岭南职业技术学院',44,3,'G'),(11570,'广东龙川广播电视大学',44,3,'G'),(982467,'广东龙川师范学校',44,3,'G'),(982424,'广东旅游专科学校',44,3,'G'),(989927,'广东茂名宏通科技学校',44,3,'G'),(979272,'广东茂名华粤工业学校',44,3,'G'),(984585,'广东茂名教育学院',44,3,'G'),(976142,'广东茂名科技学校',44,3,'G'),(976432,'广东茂名南粤科技学院',44,3,'G'),(980015,'广东茂名市宏通科技学院',44,3,'G'),(986696,'广东茂名新星技术学校',44,3,'G'),(11571,'广东梅州大学',44,3,'G'),(979367,'广东民族学院',44,3,'G'),(973704,'广东南方高级技工学校',44,3,'G'),(996625,'广东南粤专修学院',44,3,'G'),(11470,'广东农工商职业技术学院',44,3,'G'),(975801,'广东农垦茂名技工学校',44,3,'G'),(11582,'广东女子学院',44,3,'G'),(11481,'广东女子职业技术学院',44,3,'G'),(970258,'广东欧博工商管理学院',44,3,'G'),(971141,'广东培正商学院',44,3,'G'),(11476,'广东培正学院',44,3,'G'),(984963,'广东皮革大学',44,3,'G'),(11583,'广东青年干部学院',44,3,'G'),(867480,'广东青年管理干部学院',44,3,'G'),(985726,'广东青年职业技术学院',44,3,'G'),(993197,'广东轻工高级技工学校',44,3,'G'),(993098,'广东轻工业高级技工学校',44,3,'G'),(976226,'广东轻院',44,3,'G'),(77874,'广东汕头教育学院',44,3,'G'),(975754,'广东汕尾广播电视大学',44,3,'G'),(11474,'广东商学院',44,3,'G'),(11475,'广东商学院华商学院',44,3,'G'),(990772,'广东韶关高级技工学校',44,3,'G'),(11572,'广东社会科学大学',44,3,'G'),(976214,'广东深圳市社会大学',44,3,'G'),(987342,'广东深圳西乡职业技术学校',44,3,'G'),(94274,'广东省博罗县广播电视大学',44,3,'G'),(993058,'广东省博罗县省委党校',44,3,'G'),(94262,'广东省财贸管理干部学院',44,3,'G'),(11584,'广东省财税高等专科学校',44,3,'G'),(982561,'广东省财政学校',44,3,'G'),(996510,'广东省城建技师学院',44,3,'G'),(990312,'广东省城市建设高级技师学院',44,3,'G'),(977401,'广东省城市建设技师学院',44,3,'G'),(976431,'广东省党校大学',44,3,'G'),(973378,'广东省电力工业职业技术学校',44,3,'G'),(988192,'广东省电子商务高级技工学校',44,3,'G'),(980106,'广东省电子商务学院',44,3,'G'),(11635,'广东省东莞市广播电视大学',44,3,'G'),(979152,'广东省东莞市科通职业学院',44,3,'G'),(996551,'广东省东莞市南华技校',44,3,'G'),(970005,'广东省番禺市职业技术学院',44,3,'G'),(976921,'广东省佛山纺织工业技术学院',44,3,'G'),(80563,'广东省佛山广播电视大学',44,3,'G'),(972432,'广东省高级技工学院',44,3,'G'),(976876,'广东省高级技师学院',44,3,'G'),(975966,'广东省高级技术轻工业学院',44,3,'G'),(970443,'广东省高级职业技术学院',44,3,'G'),(978966,'广东省高州农校',44,3,'G'),(987787,'广东省高州时代专修学院',44,3,'G'),(80555,'广东省高州市科技专修学院',44,3,'G'),(971325,'广东省高州市南方机电学校',44,3,'G'),(995849,'广东省高州市南航理工学院',44,3,'G'),(993123,'广东省高州市运输技工学校',44,3,'G'),(971296,'广东省供销合作学校',44,3,'G'),(976309,'广东省公安司法管理干部学院',44,3,'G'),(11573,'广东省广播电视大学',44,3,'G'),(977437,'广东省广宁卫生学校',44,3,'G'),(80559,'广东省广州工商职业技术学院',44,3,'G'),(980673,'广东省广州林业学校',44,3,'G'),(995539,'广东省广州市广州公用事业技工学校',44,3,'G'),(988129,'广东省广州新里程旅游技工学院',44,3,'G'),(11575,'广东省国防工业职工大学',44,3,'G'),(985000,'广东省国防技师学院',44,3,'G'),(976450,'广东省海洋工程职业技术学校',44,3,'G'),(996853,'广东省航运学校',44,3,'G'),(972348,'广东省核工业华南技工学校',44,3,'G'),(11576,'广东省河源市广播电视大学',44,3,'G'),(977920,'广东省河源市和平职业学校',44,3,'G'),(979488,'广东省河源市市体育运动学校',44,3,'G'),(970252,'广东省河源市源城党校',44,3,'G'),(975817,'广东省红尘大学社会大学学院',44,3,'G'),(986785,'广东省华立技师学院',44,3,'G'),(976121,'广东省华立技师学院',44,3,'G'),(984100,'广东省华南工商技工学校',44,3,'G'),(996325,'广东省华南理工公开学院',44,3,'G'),(969913,'广东省华南师范大学',44,3,'G'),(970981,'广东省化学工业学校',44,3,'G'),(975700,'广东省环境保护工程职业学院',44,3,'G'),(993206,'广东省黄埔技工学校',44,3,'G'),(977180,'广东省黄埔技工学校',44,3,'G'),(971303,'广东省惠州市新世纪技工学校',44,3,'G'),(979247,'广东省机械高级技工学校',44,3,'G'),(973586,'广东省机械高级学院',44,3,'G'),(990839,'广东省机械技师学院',44,3,'G'),(980629,'广东省机械技师学院',44,3,'G'),(11578,'广东省机械学院',44,3,'G'),(970011,'广东省技师学院',44,3,'G'),(989392,'广东省技师学院',44,3,'G'),(989429,'广东省计量科学研究院',44,3,'G'),(992376,'广东省建设工程学校',44,3,'G'),(989610,'广东省建筑工程技工学校',44,3,'G'),(995722,'广东省交通技工学校',44,3,'G'),(995556,'广东省交通运输高级技工学校',44,3,'G'),(987235,'广东省揭阳市广播电视大学',44,3,'G'),(95207,'广东省科技干部学院',44,3,'G'),(72035,'广东省科贸职业学院',44,3,'G'),(986928,'广东省老隆师范学校',44,3,'G'),(80571,'广东省廉江市城北电视大学',44,3,'G'),(986283,'广东省粮食学校',44,3,'G'),(991063,'广东省林业职业技术学校',44,3,'G'),(995700,'广东省岭南工商第一高级技工学校',44,3,'G'),(11589,'广东省旅游学校',44,3,'G'),(970146,'广东省旅游职业技术学校',44,3,'G'),(984922,'广东省茂名南粤科技学院',44,3,'G'),(987992,'广东省茂名市电子学校',44,3,'G'),(95019,'广东省茂名市高州中港理工学院',44,3,'G'),(984902,'广东省茂名市宏通科技学校',44,3,'G'),(990761,'广东省梅州市嘉应技校',44,3,'G'),(11640,'广东省梅州市嘉应学院梅州师范分院',44,3,'G'),(975965,'广东省梅州市嘉应学院医学院分院',44,3,'G'),(985010,'广东省梅州市五华县广播电视大学',44,3,'G'),(995743,'广东省美术学院',44,3,'G'),(11591,'广东省南海市南海师范',44,3,'G'),(972762,'广东省南茂名市南海科技学院',44,3,'G'),(11592,'广东省农业管理干部学院',44,3,'G'),(11593,'广东省青年干部学院',44,3,'G'),(995813,'广东省轻工业高级技工学校',44,3,'G'),(992480,'广东省清远市高级技工学校',44,3,'G'),(978041,'广东省沙角大学',44,3,'G'),(970457,'广东省商业学校',44,3,'G'),(985295,'广东省韶关技师学院珠海分院',44,3,'G'),(978188,'广东省韶关教育学院',44,3,'G'),(975734,'广东省韶关市韶关学院医学院',44,3,'G'),(976966,'广东省韶关育威技校',44,3,'G'),(972233,'广东省社会科学院',44,3,'G'),(11638,'广东省深圳广播电视大学',44,3,'G'),(979490,'广东省深圳市工会学院',44,3,'G'),(970080,'广东省石油化工学院',44,3,'G'),(972102,'广东省石油化工职业拔术学校',44,3,'G'),(984627,'广东省食品药品学院',44,3,'G'),(980370,'广东省税务学校',44,3,'G'),(971190,'广东省司法警察学校',44,3,'G'),(995684,'广东省遂溪师范学校',44,3,'G'),(867477,'广东省外语艺术职业学院',44,3,'G'),(974035,'广东省委党校',44,3,'G'),(993548,'广东省委党校函授学院',44,3,'G'),(989719,'广东省委党校花都分院',44,3,'G'),(970532,'广东省委党校台山分校',44,3,'G'),(983643,'广东省卫生学校',44,3,'G'),(982887,'广东省五华广播电视大学',44,3,'G'),(81174,'广东省新闻出版高级技师学院',44,3,'G'),(989374,'广东省阳江市卫生学校',44,3,'G'),(987197,'广东省冶金技工学校',44,3,'G'),(983640,'广东省医药学校',44,3,'G'),(985145,'广东省银行学校',44,3,'G'),(978566,'广东省应用科技专修学院',44,3,'G'),(977359,'广东省育音科技学院',44,3,'G'),(986776,'广东省云浮市广播电视大学',44,3,'G'),(991053,'广东省湛江农工商职业技术学校',44,3,'G'),(977812,'广东省肇庆区怀集汶潭社会大学',44,3,'G'),(977868,'广东省职业技术学院',44,3,'G'),(978173,'广东省中山技师学院',44,3,'G'),(986038,'广东省中药学校',44,3,'G'),(984571,'广东省中英理工学院',44,3,'G'),(977206,'广东省珠海外经贸专修学院',44,3,'G'),(979401,'广东师范技术学校',44,3,'G'),(997259,'广东十六冶技工学校',44,3,'G'),(11561,'广东石油化工学院',44,3,'G'),(980055,'广东石油化工学院高州师范学院',44,3,'G'),(978947,'广东时代电子学院',44,3,'G'),(72826,'广东食品药品职业学院',44,3,'G'),(972338,'广东实验技工学校',44,3,'G'),(80546,'广东水利电力技术学院',44,3,'G'),(11495,'广东水利电力职业技术学院',44,3,'G'),(11473,'广东司法警官职业学院',44,3,'G'),(997218,'广东穗华科技干部管理学院',44,3,'G'),(80551,'广东体育职业技术学院',44,3,'G'),(995802,'广东天目通电信职业学校',44,3,'G'),(11478,'广东外语外贸大学公开学院',44,3,'G'),(11479,'广东外语外贸大学南国商学院',44,3,'G'),(11480,'广东外语艺术职业学院',44,3,'G'),(11492,'广东文艺职业学院',44,3,'G'),(995320,'广东协和神学院',44,3,'G'),(68842,'广东新安职业技术学院',44,3,'G'),(867479,'广东新华教育学院',44,3,'G'),(11506,'广东行政职业学院',44,3,'G'),(80539,'广东亚视演艺学院',44,3,'G'),(11468,'广东亚视演艺职业学院',44,3,'G'),(976418,'广东阳山县广播电视大学',44,3,'G'),(11505,'广东药学院',44,3,'G'),(971428,'广东药学院中山校区',44,3,'G'),(11472,'广东医学院',44,3,'G'),(970339,'广东音乐大学',44,3,'G'),(991954,'广东英德师范',44,3,'G'),(11510,'广东邮电职业技术学院',44,3,'G'),(980192,'广东有色金属第一技工学校',44,3,'G'),(971015,'广东有色金属学校',44,3,'G'),(993583,'广东宇航理工学校',44,3,'G'),(987212,'广东宇航理工学校',44,3,'G'),(982865,'广东育才科技学校',44,3,'G'),(992397,'广东湛江海洋大学',44,3,'G'),(68801,'广东肇庆广播电视大学',44,3,'G'),(987865,'广东肇庆技师学院',44,3,'G'),(80565,'广东肇庆科学技术职业学院',44,3,'G'),(996613,'广东肇庆农业学校',44,3,'G'),(972439,'广东职业技术设计艺术学院',44,3,'G'),(990033,'广东中南工业学校',44,3,'G'),(976091,'广东中为工商技工学校',44,3,'G'),(977999,'广东中医学院',44,3,'G'),(985661,'广东中医药大学',44,3,'G'),(976974,'广东中英理工',44,3,'G'),(976317,'广东中英理工学校',44,3,'G'),(976350,'广深科技',44,3,'G'),(976402,'广省边防学校',44,3,'G'),(979728,'广州白云酒店管理学校',44,3,'G'),(976270,'广州白云区卫校',44,3,'G'),(972869,'广州白云羊城学院',44,3,'G'),(980066,'广州财经管理干部学院',44,3,'G'),(979745,'广州财经专修学院',44,3,'G'),(976233,'广州财政学校',44,3,'G'),(94264,'广州城建职业学院',44,3,'G'),(11518,'广州城市职业学院',44,3,'G'),(988308,'广州从化广播电视大学',44,3,'G'),(976854,'广州大城建职业学院',44,3,'G'),(11519,'广州大学',44,3,'G'),(11521,'广州大学城建学院',44,3,'G'),(80566,'广州大学纺织服装学院',44,3,'G'),(989514,'广州大学桂花岗纺织服装学院',44,3,'G'),(11520,'广州大学华软软件学院',44,3,'G'),(976044,'广州大学继续教育学院',44,3,'G'),(996249,'广州大学商学院',44,3,'G'),(11523,'广州大学松田学院',44,3,'G'),(80575,'广州大学松田职业学院',44,3,'G'),(972837,'广州第二师范学院',44,3,'G'),(972183,'广州第一商业学校',44,3,'G'),(975941,'广州广播电视大学',44,3,'G'),(978933,'广州电子商务学院',44,3,'G'),(970191,'广州东华职业学院',44,3,'G'),(990595,'广州法国蓝带学院',44,3,'G'),(971253,'广州纺织学院',44,3,'G'),(985858,'广州服装艺术学院',44,3,'G'),(972110,'广州钢铁学校',44,3,'G'),(971592,'广州高等师范专科学校',44,3,'G'),(973774,'广州高级技工学校',44,3,'G'),(11525,'广州工程技术职业学院',44,3,'G'),(978589,'广州工程学院',44,3,'G'),(976150,'广州工贸技师学院',44,3,'G'),(971317,'广州工商经贸学院',44,3,'G'),(11524,'广州工商职业技术学院',44,3,'G'),(977375,'广州公用高级技工学校',44,3,'G'),(11626,'广州广播电视大学',44,3,'G'),(983563,'广州广播电视大学东方分校',44,3,'G'),(972157,'广州海校',44,3,'G'),(985592,'广州海员学校',44,3,'G'),(972208,'广州海运技工学校',44,3,'G'),(996522,'广州航道技工学校',44,3,'G'),(11531,'广州航海高等专科学校',44,3,'G'),(72841,'广州华成理工职业技术学校',44,3,'G'),(11516,'广州华立科技职业学院',44,3,'G'),(11515,'广州华南商贸职业学院',44,3,'G'),(990613,'广州华南文艺成人学院',44,3,'G'),(970534,'广州华南职业技术学院',44,3,'G'),(98683,'广州华商职业学院',44,3,'G'),(970064,'广州华艺学校',44,3,'G'),(977831,'广州惠华专修学院',44,3,'G'),(984658,'广州机电技工学校',44,3,'G'),(993062,'广州机电技师',44,3,'G'),(972211,'广州舰艇学院',44,3,'G'),(972573,'广州解放军体育学院',44,3,'G'),(11532,'广州金桥管理干部学院',44,3,'G'),(971065,'广州金融高等专科学校',44,3,'G'),(978988,'广州经济贸易学校',44,3,'G'),(975657,'广州军区卫生学校',44,3,'G'),(983642,'广州开发区技工学校',44,3,'G'),(995860,'广州科大外语商务电子学院',44,3,'G'),(11529,'广州科技贸易职业学院',44,3,'G'),(986676,'广州科凌新技术学院',44,3,'G'),(980512,'广州科学技术职业学院',44,3,'G'),(973420,'广州拉萨尔设计学院',44,3,'G'),(982454,'广州林业学校',44,3,'G'),(81182,'广州岭南工商专修学院',44,3,'G'),(987707,'广州岭南美术专修学院',44,3,'G'),(974017,'广州贸易职业技术学校',44,3,'G'),(11530,'广州美术学院',44,3,'G'),(970889,'广州民航学院',44,3,'G'),(980498,'广州民建学院',44,3,'G'),(970277,'广州民族学院',44,3,'G'),(979066,'广州南方模具工业技工学校',44,3,'G'),(987776,'广州南方模具工业学校',44,3,'G'),(975567,'广州南华工贸技工学校',44,3,'G'),(984227,'广州南洋科技专修学院',44,3,'G'),(11517,'广州南洋理工职业学院',44,3,'G'),(986226,'广州农校',44,3,'G'),(973677,'广州轻工技师学院',44,3,'G'),(978362,'广州轻工学院',44,3,'G'),(975608,'广州商学院',44,3,'G'),(11528,'广州涉外经济职业技术学院',44,3,'G'),(980736,'广州社科院',44,3,'G'),(978072,'广州省电子商务技师学院',44,3,'G'),(986307,'广州师范学院',44,3,'G'),(995681,'广州石油大学',44,3,'G'),(992102,'广州食品药品职业学校',44,3,'G'),(980061,'广州实用科技学校',44,3,'G'),(80567,'广州市白云技术学院',44,3,'G'),(995756,'广州市白云区职业技术学校',44,3,'G'),(996847,'广州市白云行知技术学院',44,3,'G'),(970275,'广州市白云学院',44,3,'G'),(993377,'广州市包装印刷技工学校',44,3,'G'),(989577,'广州市财贸管理干部学院',44,3,'G'),(982348,'广州市第二商业学校',44,3,'G'),(977506,'广州市电子商务技师学院',44,3,'G'),(98570,'广州市番禺区工贸职业技术学校（番禺农校）',44,3,'G'),(977166,'广州市房产管理学校',44,3,'G'),(980234,'广州市纺织大学',44,3,'G'),(982853,'广州市高级技工学院',44,3,'G'),(996556,'广州市工贸技师学院',44,3,'G'),(971794,'广州市公安管理干部学院',44,3,'G'),(982505,'广州市公用事业高级技工学校',44,3,'G'),(80549,'广州市广播电视大学',44,3,'G'),(991872,'广州市广播电视大学侨光分校',44,3,'G'),(986096,'广州市海洋工程职业技术学校',44,3,'G'),(972168,'广州市航空管理',44,3,'G'),(983963,'广州市花都区职业技术学校北校',44,3,'G'),(976449,'广州市环境保护工程职业学院',44,3,'G'),(77868,'广州市黄埔职业技术学院',44,3,'G'),(94878,'广州市机电技师学院',44,3,'G'),(971408,'广州市技师学院',44,3,'G'),(979151,'广州市建筑工程学院',44,3,'G'),(81178,'广州市交通高级技师学院',44,3,'G'),(980825,'广州市交通技师学院',44,3,'G'),(77869,'广州市经济管理干部学院',44,3,'G'),(989397,'广州市经济贸易学校',44,3,'G'),(982359,'广州市警校',44,3,'G'),(980172,'广州市开发区技工学校',44,3,'G'),(983131,'广州市南方模具工业学校',44,3,'G'),(976086,'广州市侨光财经技术学校',44,3,'G'),(94261,'广州市青年团学院',44,3,'G'),(993320,'广州市轻工高级技师学院',44,3,'G'),(978617,'广州市轻工技师学院',44,3,'G'),(977210,'广州市卧底技术训练学院',44,3,'G'),(976167,'广州市乡镇企业管理干部学院',44,3,'G'),(986115,'广州市信息工程技术学校',44,3,'G'),(80552,'广州市亚加达外语专修学院',44,3,'G'),(971045,'广州市业余大学',44,3,'G'),(978446,'广州市医药职业学校',44,3,'G'),(98487,'广州市幼儿师范学校',44,3,'G'),(977276,'广州市增城区华立学院',44,3,'G'),(979369,'广州市政职业学校',44,3,'G'),(971221,'广州市职工大学',44,3,'G'),(973020,'广州市中山大学',44,3,'G'),(94881,'广州市珠江管理学院',44,3,'G'),(990342,'广州市总工会外语职业学校',44,3,'G'),(80538,'广州私立华联学院',44,3,'G'),(972121,'广州司法学校',44,3,'G'),(77872,'广州松田职业学院',44,3,'G'),(11513,'广州体育学院',44,3,'G'),(973613,'广州体职技术学院',44,3,'G'),(978096,'广州天目通电信学校',44,3,'G'),(978858,'广州铁路机械学校',44,3,'G'),(993564,'广州通信学院',44,3,'G'),(987269,'广州土地房产管理职业学校',44,3,'G'),(974067,'广州外语外贸大学',44,3,'G'),(996301,'广州文冲船厂技工学校',44,3,'G'),(971214,'广州舞蹈学院',44,3,'G'),(72036,'广州现代信息工程职业技术学院',44,3,'G'),(979454,'广州现代信息学院',44,3,'G'),(987201,'广州乡镇企业管理干部学院',44,3,'G'),(988151,'广州橡胶技校',44,3,'G'),(983937,'广州信息工程职业技术学院',44,3,'G'),(81170,'广州星海音乐学院',44,3,'G'),(977935,'广州行政学院',44,3,'G'),(95379,'广州秀丽服装学院',44,3,'G'),(972576,'广州亚加达外语职业技术学校',44,3,'G'),(972851,'广州羊城学院',44,3,'G'),(989644,'广州阳光工贸专修学校',44,3,'G'),(11514,'广州医学院',44,3,'G'),(973508,'广州医学院从化学院',44,3,'G'),(978077,'广州医学院护理学院',44,3,'G'),(987296,'广州医学院护士学校',44,3,'G'),(972493,'广州医药职业学校',44,3,'G'),(80553,'广州应用科技专修学院',44,3,'G'),(996605,'广州有色金色工业学校',44,3,'G'),(986779,'广州幼儿师范学校',44,3,'G'),(80545,'广州远东外贸外贸专修学院',44,3,'G'),(990496,'广州造船厂技工学校',44,3,'G'),(986176,'广州增城华商学院',44,3,'G'),(971314,'广州振西科技技术学院',44,3,'G'),(986039,'广州职工大学',44,3,'G'),(979219,'广州职业技术师范学院',44,3,'G'),(970176,'广州指挥学校',44,3,'G'),(867484,'广州仲恺农业学院',44,3,'G'),(80557,'广州珠江职业技术学院',44,3,'G'),(80537,'国际技能外语学院',44,3,'G'),(94306,'哈尔滨工业大学深圳研究生院',44,3,'H'),(95304,'哈尔滨工业大学珠海校区',44,3,'H'),(11644,'海丰广播电视大学',44,3,'H'),(81177,'海军兵种指挥学院',44,3,'H'),(976028,'海军广州舰艇学院',44,3,'H'),(11566,'韩山师范学院',44,3,'H'),(80576,'韩山师范学院潮州师范分院',44,3,'H'),(989582,'汉田职业技术学院',44,3,'H'),(982648,'和平县师范技术学校',44,3,'H'),(977982,'河源广播电视大学',44,3,'H'),(990903,'河源技工学校',44,3,'H'),(980747,'河源理工',44,3,'H'),(984512,'河源理工学校',44,3,'H'),(980019,'河源理工职业学校',44,3,'H'),(971312,'河源市高级技工学校',44,3,'H'),(987223,'河源市高级技师校院',44,3,'H'),(992526,'河源市技工学校',44,3,'H'),(995628,'河源市技师学院',44,3,'H'),(11544,'河源职业技术学院',44,3,'H'),(987859,'鹤山广播电视大学',44,3,'H'),(98690,'虹桥职业技术学校',44,3,'H'),(94260,'湖南工业职业技术学院',44,3,'H'),(94266,'湖南工艺美术职业学院',44,3,'H'),(996352,'花都广播电视大学',44,3,'H'),(987712,'花都区广播电视大学',44,3,'H'),(971561,'花都师范学校',44,3,'H'),(867471,'华澳国际会计学院',44,3,'H'),(984182,'华东理工大学网络教育学院',44,3,'H'),(990836,'华峰职业工程学校',44,3,'H'),(81179,'华联大学',44,3,'H'),(979999,'华南工商管理学院',44,3,'H'),(983692,'华南工商学院',44,3,'H'),(990805,'华南机电工程学校',44,3,'H'),(980388,'华南建设学院西院',44,3,'H'),(971351,'华南科技干部管理学院',44,3,'H'),(95210,'华南理工大学北校区继续教育学院',44,3,'H'),(971485,'华南理工大学工商管理学院',44,3,'H'),(982886,'华南理工大学工商管理学院',44,3,'H'),(989484,'华南理工大学公开学院',44,3,'H'),(81171,'华南理工大学广汽车学院',44,3,'H'),(11462,'华南理工大学广州汽车学院',44,3,'H'),(970106,'华南理工大学广州学院',44,3,'H'),(995508,'华南理工大学汽车与机械工程学院',44,3,'H'),(982363,'华南理工大学网络教育学院',44,3,'H'),(98665,'华南理工广州大学广州汽车学院',44,3,'H'),(985212,'华南理工网络大学',44,3,'H'),(971209,'华南农学大学',44,3,'H'),(972362,'华南农业大学继续教育学院',44,3,'H'),(11457,'华南农业大学珠江学院',44,3,'H'),(11459,'华南师范大学南海校区',44,3,'H'),(80547,'华南师范大学南海学院',44,3,'H'),(11460,'华南师范大学增城学院',44,3,'H'),(984012,'华南师范网络教育学院',44,3,'H'),(979731,'华南师范网络学院',44,3,'H'),(976949,'华南外语学校',44,3,'H'),(972613,'华南文艺学院',44,3,'H'),(973625,'华南艺术大学',44,3,'H'),(977142,'华南政法大学',44,3,'H'),(80568,'华南职业技术学院',44,3,'H'),(973453,'华师清远校区继续教育学院',44,3,'H'),(979333,'华夏电信工程学院',44,3,'H'),(980196,'华粤工业学院',44,3,'H'),(80554,'华粤科技专修学院',44,3,'H'),(966225,'化州农民职业技术大学',44,3,'H'),(982884,'化州市职业技校',44,3,'H'),(975738,'怀集县广播电视大学',44,3,'H'),(989401,'怀集县职业技术学校',44,3,'H'),(77878,'惠东县广播电视大学',44,3,'H'),(993328,'惠阳广播电视大学',44,3,'H'),(984041,'惠阳理工职业技术学校',44,3,'H'),(987002,'惠阳区广播电视大学',44,3,'H'),(979163,'惠州东江职业技术学校',44,3,'H'),(995497,'惠州工业贸易学校',44,3,'H'),(976024,'惠州技师学院',44,3,'H'),(990874,'惠州教育学院',44,3,'H'),(11535,'惠州经济职业技术学院',44,3,'H'),(984906,'惠州农校',44,3,'H'),(972864,'惠州市成功职业技术学校',44,3,'H'),(978356,'惠州市高级技工学校',44,3,'H'),(77877,'惠州市广播电视大学',44,3,'H'),(978290,'惠州市技师学院',44,3,'H'),(984722,'惠州市建筑学校',44,3,'H'),(990568,'惠州市人民警察学校',44,3,'H'),(972584,'惠州市职业技术学校',44,3,'H'),(973390,'惠州武警指挥学院',44,3,'H'),(11534,'惠州学院',44,3,'H'),(977269,'惠州职业技术学校',44,3,'H'),(959156,'机械与电子工程学院',44,3,'J'),(80543,'吉利大学珠海学院',44,3,'J'),(80597,'吉林大学珠海分校区',44,3,'J'),(11466,'吉林大学珠海学院',44,3,'J'),(81190,'计算机函授学院粤东分院',44,3,'J'),(11467,'嘉应学院',44,3,'J'),(980056,'嘉应学院江南校区',44,3,'J'),(978497,'嘉应学院医学院',44,3,'J'),(973924,'江湖大学',44,3,'J'),(988376,'江门高级技工学校',44,3,'J'),(982891,'江门高级技师',44,3,'J'),(985103,'江门广播电视大学',44,3,'J'),(991001,'江门技师学院',44,3,'J'),(985282,'江门市第一职业技术学校',44,3,'J'),(11579,'江门市广播电视大学',44,3,'J'),(990902,'江门市技师学院',44,3,'J'),(867486,'江门艺华旅游职业学院',44,3,'J'),(11543,'江门职业技术学院',44,3,'J'),(972142,'蕉岭县广播大学',44,3,'J'),(977294,'揭东县职业技术学校',44,3,'J'),(980733,'揭阳技术学院',44,3,'J'),(990333,'揭阳理工大学',44,3,'J'),(972803,'揭阳市德桥技校',44,3,'J'),(11623,'揭阳市电视广播大学',44,3,'J'),(976900,'揭阳市广播电视大学',44,3,'J'),(972075,'揭阳卫生学校',44,3,'J'),(970996,'揭阳学院',44,3,'J'),(992359,'解放军广州医学高等专科学校',44,3,'J'),(985653,'解放军海军广州舰艇学院',44,3,'J'),(976260,'静灵廷中央学院',44,3,'J'),(77876,'开平广播电视大学',44,3,'K'),(877499,'开平市吴汉良理工学校',44,3,'K'),(973730,'科城幼师学院',44,3,'K'),(977824,'乐昌市工商技工学校',44,3,'L'),(973600,'立添大学',44,3,'L'),(980292,'联创汽车职业学校',44,3,'L'),(81185,'联合国际学院',44,3,'L'),(978473,'莲塘大学',44,3,'L'),(995815,'连州电大',44,3,'L'),(980113,'连州市广播电视大学',44,3,'L'),(81191,'领东职业技术学院',44,3,'L'),(978998,'龙城职业培训学校',44,3,'L'),(985954,'龙川技校',44,3,'L'),(81173,'龙岗电视广播大学',44,3,'L'),(979550,'龙门职业技术学校',44,3,'L'),(11645,'陆丰广播电视大学',44,3,'L'),(861072,'陆丰市第二职业技术学校',44,3,'L'),(980230,'陆河电视广播大学',44,3,'L'),(987261,'陆河广播电视大学',44,3,'L'),(68815,'罗定电大',44,3,'L'),(11557,'罗定职业技术学院',44,3,'L'),(971376,'漫龙动漫学院',44,3,'M'),(11562,'茂名广播电视大学',44,3,'M'),(996861,'茂名宏通科技学校',44,3,'M'),(993173,'茂名交通技工学校',44,3,'M'),(976783,'茂名教育学院',44,3,'M'),(973777,'茂名市第二高级技工学校',44,3,'M'),(996268,'茂名市第二技术学校',44,3,'M'),(983114,'茂名市电白县中南职业技术学院',44,3,'M'),(980087,'茂名市高州迪奥第一理工学校',44,3,'M'),(972340,'茂名市宏通科技学校',44,3,'M'),(971202,'茂名市华粤工业学校',44,3,'M'),(989624,'茂名市技工学校',44,3,'M'),(987997,'茂名市交通技工学校',44,3,'M'),(975620,'茂名市南海工业科技学校',44,3,'M'),(978476,'茂名市南粤科技学院',44,3,'M'),(978372,'茂名市石化工业学校',44,3,'M'),(980601,'茂名市新星职业技术学院',44,3,'M'),(986860,'茂名市珠江电子工业学校',44,3,'M'),(972523,'茂名卫生校',44,3,'M'),(867467,'茂名学院',44,3,'M'),(80577,'茂名学院高州师范分院',44,3,'M'),(11563,'茂名职业技术学院',44,3,'M'),(976984,'茂名职业学校',44,3,'M'),(970978,'梅江区广播电视大学',44,3,'M'),(991046,'梅县农业技术学校',44,3,'M'),(11622,'梅州市广播电视大学',44,3,'M'),(969934,'梅州市技师学院',44,3,'M'),(979150,'梅州市嘉应技术学校',44,3,'M'),(971757,'梅州市农业学校',44,3,'M'),(975920,'梅州市艺术学校',44,3,'M'),(979149,'梅州职业技术学校',44,3,'M'),(11617,'南方经贸学院',44,3,'N'),(970305,'南方理工技工学校',44,3,'N'),(992024,'南方理工科技学校',44,3,'N'),(984048,'南方模具学校',44,3,'N'),(995827,'南方现代科技学校',44,3,'N'),(11464,'南方医科大学',44,3,'N'),(867482,'南海成人学院',44,3,'N'),(867478,'南海东软信息技术职业学院',44,3,'N'),(11590,'南海广播电视大学',44,3,'N'),(11463,'南华工商学院',44,3,'N'),(988347,'南华职业技工学校',44,3,'N'),(867473,'南开大学深圳金融工程学院',44,3,'N'),(975697,'南雄广播电视大学',44,3,'N'),(980146,'南粤科技学校',44,3,'N'),(976961,'牛岗客大学',44,3,'N'),(972389,'农民技师学院',44,3,'N'),(975961,'农牧餐学校',44,3,'N'),(985702,'畔田大学',44,3,'P'),(970240,'平安大学',44,3,'P'),(976484,'平安金融学院',44,3,'P'),(11648,'普宁市师范学校',44,3,'P'),(970480,'乾案农业学院',44,3,'Q'),(973908,'轻工业部广州轻工业学校',44,3,'Q'),(989914,'清远技师学院',44,3,'Q'),(972698,'清远市广播电视大学',44,3,'Q'),(77880,'清远市技师学院',44,3,'Q'),(990624,'清远市卫生学院',44,3,'Q'),(11548,'清远职业技术学院',44,3,'Q'),(993063,'曲江广播电视大学',44,3,'Q'),(972459,'曲江职校',44,3,'Q'),(995543,'饶平广播电视大学',44,3,'R'),(970436,'人武学校',44,3,'R'),(982370,'三水技工学校',44,3,'S'),(984523,'沙角大学',44,3,'S'),(977980,'山卡拉大学',44,3,'S'),(11540,'汕头大学',44,3,'S'),(983948,'汕头大学长江艺术与设计学院',44,3,'S'),(992402,'汕头大学医学院',44,3,'S'),(81183,'汕头高级技工学院',44,3,'S'),(94268,'汕头广播电视大学',44,3,'S'),(977152,'汕头贸易学校',44,3,'S'),(984980,'汕头市澄海区中共党校',44,3,'S'),(980746,'汕头市经济管理学院',44,3,'S'),(993443,'汕头市外语外贸职业技术学校',44,3,'S'),(867481,'汕头市业余大学',44,3,'S'),(975758,'汕头市鮀滨职业技术学校',44,3,'S'),(979164,'汕头文化艺术学校',44,3,'S'),(80540,'汕头医学院',44,3,'S'),(980519,'汕尾广播电视大学',44,3,'S'),(11621,'汕尾广播电视大学',44,3,'S'),(11542,'汕尾职业技术学院',44,3,'S'),(989953,'韶关第一高级技工学校',44,3,'S'),(988145,'韶关高级技工学院',44,3,'S'),(996302,'韶关工商学院',44,3,'S'),(94265,'韶关广播电视大学',44,3,'S'),(978962,'韶关技师学院',44,3,'S'),(995763,'韶关经贸学校',44,3,'S'),(989490,'韶关科技理工学校',44,3,'S'),(984559,'韶关科技学校',44,3,'S'),(980709,'韶关市北江学院',44,3,'S'),(978959,'韶关市第一技工学校',44,3,'S'),(993019,'韶关市高级技工学校',44,3,'S'),(980634,'韶关市商业学校',44,3,'S'),(95270,'韶关市职工大学',44,3,'S'),(980816,'韶关市浈江区职业学院',44,3,'S'),(982708,'韶关司法干部学院',44,3,'S'),(11567,'韶关学院',44,3,'S'),(977867,'韶关学院韶州师范分院',44,3,'S'),(973892,'韶关学院医学院',44,3,'S'),(970556,'韶关职业技术学院',44,3,'S'),(11620,'韶州师范',44,3,'S'),(980103,'韶关学院',44,3,'S'),(972475,'社会百课大学',44,3,'S'),(970428,'社会大学',44,3,'S'),(986949,'深圳宝安广播电视大学',44,3,'S'),(77873,'深圳大学成人教育学院',44,3,'S'),(996718,'深圳大学管理学院',44,3,'S'),(996603,'深圳大学艺术与设计学院',44,3,'S'),(989638,'深圳电大沙头角分校',44,3,'S'),(81186,'深圳华联-北京服装学院',44,3,'S'),(975675,'深圳技师学院',44,3,'S'),(11603,'深圳教育学院',44,3,'S'),(975562,'深圳龙岗电大',44,3,'S'),(980864,'深圳曼顿管理学院',44,3,'S'),(11604,'深圳青年学院',44,3,'S'),(11605,'深圳商贸专修学院',44,3,'S'),(973838,'深圳市柏泰教育学院暨南大学',44,3,'S'),(98611,'深圳市宝安职业技术学校',44,3,'S'),(992200,'深圳市宝山技工学院',44,3,'S'),(972297,'深圳市枫雅美院',44,3,'S'),(993187,'深圳市福田区委党校',44,3,'S'),(990725,'深圳市高级职业技术学院',44,3,'S'),(992315,'深圳市工业学校',44,3,'S'),(81180,'深圳市广播电视大学',44,3,'S'),(988050,'深圳市会计进修学院',44,3,'S'),(983629,'深圳市计量研究学院',44,3,'S'),(11595,'深圳市龙岗电视大学',44,3,'S'),(985766,'深圳市坪山镇成人文化技术学校',44,3,'S'),(972097,'深圳市社会大学',44,3,'S'),(980635,'深圳市深德技工学校',44,3,'S'),(976192,'深圳市武警支队',44,3,'S'),(984505,'深圳新世纪技工学校',44,3,'S'),(867483,'深圳信息学院',44,3,'S'),(978337,'深圳信息职业学院',44,3,'S'),(990517,'深圳行知职业技术学校',44,3,'S'),(98309,'深圳游戏专科学校',44,3,'S'),(867472,'深圳振西科技学院',44,3,'S'),(11547,'深圳职业技术学院',44,3,'S'),(970385,'深圳职业继续教育学院',44,3,'S'),(982430,'省石化技校粤东分校',44,3,'S'),(973829,'顺德北滘美德工业学院',44,3,'S'),(982813,'顺德胡宝星职业技术学校',44,3,'S'),(987949,'顺德均安技术学校',44,3,'S'),(11556,'私立华联学院',44,3,'S'),(975543,'四会电视广播大学',44,3,'S'),(94270,'台山广播电视大学',44,3,'T'),(971423,'台山师范',44,3,'T'),(94271,'台山市盘石电视大学',44,3,'T'),(995379,'台山现代技术学校',44,3,'T'),(975913,'淘宝大学',44,3,'T'),(971263,'完美（中国）大学',44,3,'W'),(996504,'吴川广播电视大学',44,3,'W'),(971046,'武警广州指挥学院',44,3,'W'),(988297,'五华县广播电视大学',44,3,'W'),(11450,'五邑大学',44,3,'W'),(98034,'西安电子科技大学深圳研究院',44,3,'X'),(973381,'西江大学',44,3,'X'),(973506,'西胪职业技术学校',44,3,'X'),(979385,'香港服装艺术学院',44,3,'X'),(973629,'香港亚太服装学院虎门分院',44,3,'X'),(986030,'香山专修学院',44,3,'X'),(68910,'新会广播电视大学',44,3,'X'),(983041,'新会师范',44,3,'X'),(996716,'新兴县广播电视大学',44,3,'X'),(11537,'星海音乐学院',44,3,'X'),(11642,'兴宁广播电视大学',44,3,'X'),(972902,'兴宁技工学校',44,3,'X'),(985720,'兴宁师范',44,3,'X'),(985887,'兴宁市技工学校',44,3,'X'),(991918,'兴宁市师范',44,3,'X'),(977467,'徐闻县电视大学',44,3,'X'),(985083,'雅图仕职业技术学校',44,3,'Y'),(77870,'羊城科技专修学院',44,3,'Y'),(976220,'阳春石录技校',44,3,'Y'),(11631,'阳春市广播电视大学',44,3,'Y'),(973357,'阳江广播电视大学',44,3,'Y'),(980004,'阳江市第一职业技术学校',44,3,'Y'),(11630,'阳江市广播电视大学',44,3,'Y'),(11565,'阳江职业技术学院',44,3,'Y'),(970919,'阳山职业技术学校',44,3,'Y'),(995573,'宇航理工学校',44,3,'Y'),(984610,'育英科技学院',44,3,'Y'),(978358,'粤北电讯学校',44,3,'Y'),(993368,'粤北理工专修学院',44,3,'Y'),(11646,'云浮市广播电视大学',44,3,'Y'),(989979,'增城市广播电视大学',44,3,'Z'),(986643,'增城卫校',44,3,'Z'),(978415,'增城县师范学校',44,3,'Z'),(992008,'湛江广播电视大学',44,3,'Z'),(973497,'湛江海洋大学',44,3,'Z'),(94273,'湛江技师学院',44,3,'Z'),(11551,'湛江教育学院',44,3,'Z'),(988367,'湛江农工商职业技术学校',44,3,'Z'),(980776,'湛江农垦技校',44,3,'Z'),(11616,'湛江气象学校',44,3,'Z'),(995632,'湛江师范大学外国语学院',44,3,'Z'),(11550,'湛江师范学院',44,3,'Z'),(975711,'湛江市第二技工学校',44,3,'Z'),(11615,'湛江市广播电视大学',44,3,'Z'),(971084,'湛江市技师学院',44,3,'Z'),(966033,'湛江市人民警察学校',44,3,'Z'),(989973,'湛江水产学院',44,3,'Z'),(68893,'湛江现代科技职业学院',44,3,'Z'),(975555,'湛江幼儿师范学校',44,3,'Z'),(980134,'湛江幼儿师范学院',44,3,'Z'),(990309,'湛江智洋外语专修学院',44,3,'Z'),(11549,'湛师基础教育学院',44,3,'Z'),(978182,'肇慶工商職業技術技術學院',44,3,'Z'),(996389,'肇庆第二技工学校',44,3,'Z'),(979471,'肇庆科技学院',44,3,'Z'),(11560,'肇庆科技职业技术学院',44,3,'Z'),(973921,'肇庆蓝星学校',44,3,'Z'),(988138,'肇庆旅游学校',44,3,'Z'),(973482,'肇庆南国学院',44,3,'Z'),(976012,'肇庆商校',44,3,'Z'),(81187,'肇庆市高级技师学院',44,3,'Z'),(81184,'肇庆市技师学院',44,3,'Z'),(973389,'肇庆市交通技工学院',44,3,'Z'),(972477,'肇庆市商业技工学校',44,3,'Z'),(976336,'肇庆市四会中央广播电视大学',44,3,'Z'),(970351,'肇庆西江大学',44,3,'Z'),(982585,'肇庆信息学校',44,3,'Z'),(984693,'肇庆星湖职业学校',44,3,'Z'),(11558,'肇庆学院',44,3,'Z'),(70658,'肇庆医学高等专科学校',44,3,'Z'),(975775,'肇庆医专',44,3,'Z'),(11613,'镇江师范专科学校',44,3,'Z'),(11614,'镇江医学院',44,3,'Z'),(970414,'中共广东省委党校',44,3,'Z'),(982612,'中共曲江县委党校',44,3,'Z'),(978230,'中国电视广播大学深圳分校',44,3,'Z'),(978889,'中国高州际电子计算机职专',44,3,'Z'),(81172,'中国广东电视广播电视大学',44,3,'Z'),(976480,'中国鬼谷子大学',44,3,'Z'),(996486,'中国海关干部管理学院',44,3,'Z'),(986020,'中国海关管理干部学院',44,3,'Z'),(973315,'中国解放军参谋学院',44,3,'Z'),(992465,'中国科学院深圳先进技术研究院',44,3,'Z'),(973999,'中国平安金融学院',44,3,'Z'),(985921,'中国人民解放军第一军医大学',44,3,'Z'),(988075,'中国人民解放军广州通信学院',44,3,'Z'),(81169,'中国人民解放军海军兵种指挥学院',44,3,'Z'),(980197,'中国人民解放军陆军炮兵指挥学院',44,3,'Z'),(72850,'中国人民解放军体育学院',44,3,'Z'),(970830,'中国社大',44,3,'Z'),(970826,'中国社会职业技术大学',44,3,'Z'),(970123,'中国深圳平安大学',44,3,'Z'),(80578,'中国武汉地质大学广州分院',44,3,'Z'),(94837,'中山大学MBA管理学院',44,3,'Z'),(975853,'中山大学管理学院',44,3,'Z'),(970200,'中山大学护理学院',44,3,'Z'),(11447,'中山大学南方学院',44,3,'Z'),(989521,'中山大学孙文学院',44,3,'Z'),(979991,'中山大学网络教育学院',44,3,'Z'),(11448,'中山大学新华学院',44,3,'Z'),(970851,'中山大学星城服装设计学院',44,3,'Z'),(982380,'中山电大',44,3,'Z'),(986617,'中山高级技工学院',44,3,'Z'),(11449,'中山火炬职业技术学院',44,3,'Z'),(971465,'中山技师学院',44,3,'Z'),(988294,'中山市党校',44,3,'Z'),(77881,'中山市广播电视大学',44,3,'Z'),(980200,'中山市启航技工学校',44,3,'Z'),(982579,'中山市委党校',44,3,'Z'),(971093,'中山市小榄建斌职业学校',44,3,'Z'),(970243,'中山市育英学校',44,3,'Z');
/*!40000 ALTER TABLE `aim_windid_school` ENABLE KEYS */;
UNLOCK TABLES;

--
-- Table structure for table `aim_windid_user`
--

DROP TABLE IF EXISTS `aim_windid_user`;
/*!40101 SET @saved_cs_client     = @@character_set_client */;
/*!40101 SET character_set_client = utf8 */;
CREATE TABLE `aim_windid_user` (
  `uid` int(10) unsigned NOT NULL AUTO_INCREMENT COMMENT '用户ID',
  `username` varchar(15) NOT NULL DEFAULT '' COMMENT '用户名字',
  `email` varchar(80) NOT NULL DEFAULT '' COMMENT 'Email',
  `password` char(32) NOT NULL DEFAULT '' COMMENT '密码',
  `salt` char(6) NOT NULL DEFAULT '' COMMENT '盐值',
  `safecv` char(8) NOT NULL DEFAULT '' COMMENT '安全问题',
  `regdate` int(10) unsigned NOT NULL DEFAULT '0' COMMENT '注册时间',
  `regip` varchar(20) NOT NULL DEFAULT '' COMMENT '注册IP',
  PRIMARY KEY (`uid`),
  UNIQUE KEY `idx_username` (`username`),
  KEY `idx_email` (`email`)
) ENGINE=MyISAM AUTO_INCREMENT=22 DEFAULT CHARSET=utf8 COMMENT='windid用户基本信息表';
/*!40101 SET character_set_client = @saved_cs_client */;

--
-- Dumping data for table `aim_windid_user`
--

LOCK TABLES `aim_windid_user` WRITE;
/*!40000 ALTER TABLE `aim_windid_user` DISABLE KEYS */;
INSERT INTO `aim_windid_user` VALUES (1,'admin','admin@phpwind.com','abdfd84aae2b7587a46bc109dcb4e365','trWrKR','',1368070337,'127.0.0.1'),(11,'筱筱太子妃','xiao_9426@sina.com','26a5b2b7a5f53741c41ad5a09e505abc','9X0k5Y','',1372242928,'114.246.150.130'),(12,'xiao1437','64438626@qq.com','0e3333e5a3710188e5045f7e5618f05e','spqlyS','',1372310582,'114.246.150.130'),(13,'qweqwe2','qweqwe2@qq.com','0427f5825bd57a8477cfd90f942ed785','XzlEIs','',1372413346,'114.246.150.130'),(14,'test','gang_e2@yahoo.com','1cacb65cf9e21c56b67e1a757c230b82','wexh15','',1373240384,'117.10.154.80'),(15,'temp','gangz1998@gmail.com','e1c98c7da3cb61c27ffc0d6f34861b0d','CoIDC8','',1373261761,'202.99.112.62'),(16,'username','gangz1993@gmail.com','628344f3766d1cf1ff8f797644262ba8','DxmPRc','',1374550047,'180.212.42.150'),(17,'jianfeihit','jianfeihit@126.com','0af3316c3dcd448721ddc45ec10c9716','lJ4zoe','',1376981184,'114.242.178.222'),(18,'天意旋风腿','hork237@163.com','203c1a5e006c33ae969593999201f5ca','vs5qsW','',1376981353,'114.242.178.222'),(19,'goubao','goubao@163.com','d96ff3fe54e8236554a969581ef8db29','xBM6Wm','',1380345263,'118.247.97.67'),(20,'goubao.163','goubao.163@163.com','68f5344a137447fea5de1080f2abd9c7','6spyzy','',1380345748,'118.247.97.67'),(21,'saharra','saharra@126.com','45632d781ac0115f5e9f16dfa1b5d334','42K6kt','',1381059202,'1.202.63.80');
/*!40000 ALTER TABLE `aim_windid_user` ENABLE KEYS */;
UNLOCK TABLES;

--
-- Table structure for table `aim_windid_user_black`
--

DROP TABLE IF EXISTS `aim_windid_user_black`;
/*!40101 SET @saved_cs_client     = @@character_set_client */;
/*!40101 SET character_set_client = utf8 */;
CREATE TABLE `aim_windid_user_black` (
  `uid` int(10) unsigned NOT NULL DEFAULT '0' COMMENT '用户uid',
  `blacklist` text COMMENT '黑名单',
  PRIMARY KEY (`uid`)
) ENGINE=MyISAM DEFAULT CHARSET=utf8 COMMENT='用户黑名单';
/*!40101 SET character_set_client = @saved_cs_client */;

--
-- Dumping data for table `aim_windid_user_black`
--

LOCK TABLES `aim_windid_user_black` WRITE;
/*!40000 ALTER TABLE `aim_windid_user_black` DISABLE KEYS */;
/*!40000 ALTER TABLE `aim_windid_user_black` ENABLE KEYS */;
UNLOCK TABLES;

--
-- Table structure for table `aim_windid_user_data`
--

DROP TABLE IF EXISTS `aim_windid_user_data`;
/*!40101 SET @saved_cs_client     = @@character_set_client */;
/*!40101 SET character_set_client = utf8 */;
CREATE TABLE `aim_windid_user_data` (
  `uid` int(10) unsigned NOT NULL COMMENT '用户ID',
  `messages` smallint(6) unsigned NOT NULL DEFAULT '0' COMMENT '用户消息数',
  `credit1` int(10) NOT NULL DEFAULT '0' COMMENT '积分1',
  `credit2` int(10) NOT NULL DEFAULT '0' COMMENT '积分2',
  `credit3` int(10) NOT NULL DEFAULT '0' COMMENT '积分3',
  `credit4` int(10) NOT NULL DEFAULT '0' COMMENT '积分4',
  `credit5` int(10) NOT NULL DEFAULT '0',
  `credit6` int(10) NOT NULL DEFAULT '0',
  `credit7` int(10) NOT NULL DEFAULT '0',
  `credit8` int(10) NOT NULL DEFAULT '0',
  PRIMARY KEY (`uid`)
) ENGINE=MyISAM DEFAULT CHARSET=utf8 COMMENT='windid用户数据';
/*!40101 SET character_set_client = @saved_cs_client */;

--
-- Dumping data for table `aim_windid_user_data`
--

LOCK TABLES `aim_windid_user_data` WRITE;
/*!40000 ALTER TABLE `aim_windid_user_data` DISABLE KEYS */;
INSERT INTO `aim_windid_user_data` VALUES (1,1,0,117,100,0,0,0,0,0),(11,0,0,108,100,0,0,0,0,0),(12,0,0,116,100,0,0,0,0,0),(13,0,0,102,100,0,0,0,0,0),(14,0,0,126,100,0,0,0,0,0),(15,0,0,106,100,0,0,0,0,0),(16,0,0,102,100,0,0,0,0,0),(17,0,0,104,100,0,0,0,0,0),(18,0,0,130,100,0,0,0,0,0),(19,0,0,100,100,0,0,0,0,0),(20,0,0,102,100,0,0,0,0,0),(21,0,0,102,100,0,0,0,0,0);
/*!40000 ALTER TABLE `aim_windid_user_data` ENABLE KEYS */;
UNLOCK TABLES;

--
-- Table structure for table `aim_windid_user_info`
--

DROP TABLE IF EXISTS `aim_windid_user_info`;
/*!40101 SET @saved_cs_client     = @@character_set_client */;
/*!40101 SET character_set_client = utf8 */;
CREATE TABLE `aim_windid_user_info` (
  `uid` int(10) unsigned NOT NULL COMMENT '用户ID',
  `realname` varchar(20) NOT NULL DEFAULT '',
  `icon` varchar(100) NOT NULL DEFAULT '' COMMENT '头像---未用',
  `gender` tinyint(1) NOT NULL DEFAULT '0' COMMENT '性别',
  `byear` smallint(4) unsigned NOT NULL DEFAULT '0' COMMENT '出生年份',
  `bmonth` tinyint(2) unsigned NOT NULL DEFAULT '0' COMMENT '出生月份',
  `bday` tinyint(2) unsigned NOT NULL DEFAULT '0' COMMENT '出生日期',
  `hometown` int(10) NOT NULL DEFAULT '0' COMMENT '家庭地址ID',
  `location` int(10) NOT NULL DEFAULT '0' COMMENT '居住地ID',
  `homepage` varchar(128) NOT NULL DEFAULT '' COMMENT '主页',
  `qq` varchar(12) NOT NULL DEFAULT '' COMMENT 'QQ ',
  `aliww` varchar(30) NOT NULL DEFAULT '' COMMENT '阿里旺旺',
  `mobile` varchar(16) NOT NULL DEFAULT '' COMMENT '手机号码',
  `alipay` varchar(80) NOT NULL DEFAULT '' COMMENT '支付宝',
  `msn` varchar(80) NOT NULL DEFAULT '' COMMENT 'MSN',
  `profile` varchar(250) NOT NULL DEFAULT '',
  PRIMARY KEY (`uid`),
  KEY `idx_bday` (`bday`)
) ENGINE=MyISAM DEFAULT CHARSET=utf8 COMMENT='windid用户扩展基本信息表二';
/*!40101 SET character_set_client = @saved_cs_client */;

--
-- Dumping data for table `aim_windid_user_info`
--

LOCK TABLES `aim_windid_user_info` WRITE;
/*!40000 ALTER TABLE `aim_windid_user_info` DISABLE KEYS */;
INSERT INTO `aim_windid_user_info` VALUES (1,'哈哈','',1,1995,7,7,710401,430407,'','','','13838638932','','',''),(11,'','',0,0,0,0,0,110808,'','','','','','',''),(12,'','',0,0,0,0,0,110505,'','','','','','',''),(13,'','',0,0,0,0,0,110101,'','','','','','',''),(14,'','',0,0,0,0,0,120303,'','','','','','',''),(15,'','',0,0,0,0,0,110808,'','','','','','',''),(16,'','',0,0,0,0,0,120404,'','','','','','',''),(17,'','',0,0,0,0,0,110101,'','','','','','',''),(18,'','',0,0,0,0,0,112415,'','','','','','',''),(19,'','',0,0,0,0,0,112716,'','','','','','',''),(20,'','',0,0,0,0,0,110505,'','','','','','',''),(21,'','',0,0,0,0,0,110202,'','','','','','','');
/*!40000 ALTER TABLE `aim_windid_user_info` ENABLE KEYS */;
UNLOCK TABLES;

--
-- Table structure for table `aim_word`
--

DROP TABLE IF EXISTS `aim_word`;
/*!40101 SET @saved_cs_client     = @@character_set_client */;
/*!40101 SET character_set_client = utf8 */;
CREATE TABLE `aim_word` (
  `word_id` mediumint(8) unsigned NOT NULL AUTO_INCREMENT COMMENT '敏感词自增长ID',
  `word_type` tinyint(3) unsigned NOT NULL DEFAULT '0' COMMENT '敏感词类型',
  `word` varchar(100) NOT NULL DEFAULT '' COMMENT '敏感词',
  `word_replace` varchar(100) NOT NULL DEFAULT '' COMMENT '敏感词替换',
  `word_from` tinyint(3) unsigned NOT NULL DEFAULT '0' COMMENT '敏感词来源',
  `created_time` int(10) unsigned NOT NULL DEFAULT '0' COMMENT '敏感词创建时间',
  PRIMARY KEY (`word_id`)
) ENGINE=MyISAM DEFAULT CHARSET=utf8 COMMENT='敏感词表';
/*!40101 SET character_set_client = @saved_cs_client */;

--
-- Dumping data for table `aim_word`
--

LOCK TABLES `aim_word` WRITE;
/*!40000 ALTER TABLE `aim_word` DISABLE KEYS */;
/*!40000 ALTER TABLE `aim_word` ENABLE KEYS */;
UNLOCK TABLES;
/*!40103 SET TIME_ZONE=@OLD_TIME_ZONE */;

/*!40101 SET SQL_MODE=@OLD_SQL_MODE */;
/*!40014 SET FOREIGN_KEY_CHECKS=@OLD_FOREIGN_KEY_CHECKS */;
/*!40014 SET UNIQUE_CHECKS=@OLD_UNIQUE_CHECKS */;
/*!40101 SET CHARACTER_SET_CLIENT=@OLD_CHARACTER_SET_CLIENT */;
/*!40101 SET CHARACTER_SET_RESULTS=@OLD_CHARACTER_SET_RESULTS */;
/*!40101 SET COLLATION_CONNECTION=@OLD_COLLATION_CONNECTION */;
/*!40111 SET SQL_NOTES=@OLD_SQL_NOTES */;

-- Dump completed on 2013-10-11  9:40:52
